155659213|832921226909671424|1177622605513265154|हमारे देश की संस्कृति हजारों वर्ष पुरानी है, जिसकी अपनी जीवंत परंपराएं हैं, जो वैश्विक सपनों को अपने में समेटे हुए है। हमारे संस्कार, हमारी संस्कृति, जीव में शिव देखती है: पीएम श्री मोदी जी #PMModiAtUN https://t.co/fgVWNsLCaN|
155659213|832921226909671424|1177622505206493184|संयुक्त राष्ट्र की इमारत की दीवार पर आज मैंने पढ़ा- “नो मोर सिंगल यूज प्लास्टिक”।मुझे सभा को ये बताते हुए खुशी हो रही है कि आज जब मैं आपको संबोधित कर रहा हूं,उस वक्त हम पूरे भारत को सिंगल यूज प्लास्टिक से मुक्त करने के लिए एक बड़ा अभियान चला रहे हैं: पीएम श्री मोदी जी #PMModi https://t.co/Yh4gCohCxU|
155659213|832921226909671424|1177622220715282434|दुनिया के सबसे बड़े लोकतंत्र में, दुनिया में सबसे ज्यादा लोगों ने वोट देकर, मुझे और मेरी सरकार को पहले से ज्यादा मजबूत जनादेश दिया। इस जनादेश की वजह से ही आज फिर मैं यहां हूं: पीएम श्री मोदी जी #PMModiAtUN https://t.co/otcviSxbnp|
155659213|832921226909671424|1177622085285400576|अगले 5 वर्षों में हम जल संरक्षण को बढ़ावा देने के साथ ही 15 करोड़ घरों को पानी की सप्लाई से जोड़ने वाले हैं।2022 में जब भारत अपनी स्वतंत्रता के 75 वर्ष का पर्व मनाएगा, तब तक हम गरीबों के लिए 2 करोड़ और घरों का निर्माण करने वाले हैं: पीएम मोदी जी #PMModiAtUN https://t.co/5I2dsMY9Hr|
155659213|832921226909671424|1177621954003701763|Health Cover for 50 crore Indians!#PMModiAtUN https://t.co/oXVxzh98b5|
155659213|832921226909671424|1177621735170101250|While coming here, I read on the wall of the United Nations building - "No more single use plastic".I am happy to tell the gathering that while I am addressing you today, even at this time, we are running a big campaign to free India from single-use plastic: PM Modi ji #PMModi https://t.co/Agut3ENUPI|
155659213|832921226909671424|1177621614382505984|This year the whole world is celebrating the 150th birth anniversary of Mahatma Gandhi. His message of truth and non-violence is very relevant for us even today for peace, progress and development of the world: PM Modi ji #PMModiAtUN https://t.co/PeMSVGvkCi|
155659213|832921226909671424|1177621378658385921|PM Shri @narendramodi ji addressing the #UNGA2019. @UN  #pmmodiinUNGA#PMModiAtUNhttps://t.co/08Jvrb8Tx8|
155659213|832921226909671424|1177541121255174144|Enhancing ease of doing business:• Relief from enhanced surcharge on long-term/short-term capital gains.• Withdrawal of Angel Tax provisions for startups and their investors. #NaMoTakesIndiaAhead https://t.co/Rzy4DRCAyA|
155659213|832921226909671424|1177541009275682816|Watch PM @narendramodi ji’s address at the 9th Plenary meeting in the United Nations General Assembly, today at 7:30PM. #PMModiAtUN https://t.co/qbodmESUdv|
155659213|832921226909671424|1177510376637792257|Travel, to explore, to know, to learn! Happy World Tourism Day!!#WorldTourismDay2019 #WorldTourismDay #IncredibleIndia https://t.co/L8ho5smoiN|
155659213|832921226909671424|1177441181241757698|View: #AyushmanBharat , a change whose time has come -  https://t.co/oqpPoUXq9P|
155659213|832921226909671424|1177441016053293056|खुशहाल किसान-समृद्ध राष्ट्र• देश में अब तक 21.71 करोड़ से अधिक किसानों को सॉइल हेल्थ कार्ड वितरित• मोबाइल किसान (M-Kisan) पोर्टल में 5.05 करोड़ से अधिक किसानों ने कराया रजिस्ट्रेशन https://t.co/n702K6z6cf|
155659213|832921226909671424|1177440424102785024|प्रत्येक स्त्री को पुरूषों की तरह अधिकार प्राप्त हो, क्योंकि स्त्री ही पुरूष की जननी है।हमें हर हाल में स्त्री का सम्मान करना चाहिए:         राजा राम मोहन रायसती प्रथा,बाल विवाह उन्मूलक, महिला सशक्तिकरण के पुरोधा श्री राजा राम मोहन राय जी की पुण्यतिथि पर नमन। #rajarammohanroy https://t.co/BrlCINHDMs|
155659213|832921226909671424|1177234780913635328|मान. प्रधानमंत्री श्री @narendramodi जी की मंशा नुसार गांधी संकल्प पदयात्रा के जरिए भाजपा महात्मा गांधी जी के विचारों को जन जन के बीच लेकर जायेगी। प्रधानमंत्री जी 2 अक्टूबर को गांधी संकल्प यात्रा की शुरुआत करेंगे।2/2|
155659213|832921226909671424|1177234682083192833|2 अक्टूबर से महात्मा गांधी जी की 150वीं जयंती के उपलक्ष्य में शुरू होने वाले गांधी संकल्प यात्रा की पूर्व तैयारियों को लेकर आयोजित खंडवा लोकसभा की बैठक में सहभागी हुयी तथा अपने विचार रखें। 1/2 https://t.co/lbaBIhSZtL|
155659213|832921226909671424|1177080880164040704|देश के लिए सरदार पटेल के योगदान को मोदी सरकार ने दी सच्ची श्रद्धांजलि।भारत की एकता और अखंडता में योगदान के लिए ‘सरदार पटेल राष्ट्रीय एकता पुरस्कार’ की शुरुआत की।31 अक्टूबर को सरदार पटेल की जयंती पर की जाएगी पुरस्कार की घोषणा। https://t.co/bol8m4tKge|
155659213|832921226909671424|1177058756284145664|"एक मनुष्य का सबसे बङा कर्म दुसरो की भलाई, और सहयोग होना चाहिए; जो एक सम्पन्न राष्ट्र का निमार्ण करता है।" ईश्वर चन्द्र विद्यासागरनारी शिक्षा और विधवा विवाह के प्रणेता, प्रसिद्ध समाज सुधारक, ईश्वर चन्द्र विद्यासागर जी की जन्मजयंती पर शत शत नमन... https://t.co/n6QKI2WrML|
155659213|832921226909671424|1176909529918758912|भाजपा के राष्ट्रीय कार्यकारी अध्यक्ष श्री @JPNadda जी तालकटोरा स्टेडियम, नई दिल्ली में अनुच्छेद 370 पर जनसभा को सम्बोधित करते हुए। https://t.co/kBDSH2UMiL|
155659213|832921226909671424|1176909463556460544|PM Shri @narendramodi ji delivers keynote address at Bloomberg Global Business Forum https://t.co/rG4QHWJf8k|
155659213|832921226909671424|1176736778721456129|‘Women benefited the most’: PM Shri @narendramodi ji receives award for Swacch Bharat campaign | india news | Hindustan Times https://t.co/SzdDt53l63|
155659213|832921226909671424|1176736602724294656|एक महान चिन्तक और संगठनकर्ता तथा भारतीय जनसंघ के अध्यक्ष रूप में उन्होंने  भारत की सनातन विचारधारा को युगानुकूल रूप में प्रस्तुत करते हुए देश को एकात्म मानववाद जैसी प्रगतिशील विचारधारा दी जो आज हम सब के लिए मार्गदर्शक सिद्धांत है।#DeendayalUpadhyaya|
155659213|832921226909671424|1176736527553986560|देश लोगों का समूह है जो ‘एक लक्ष्य ’, ‘एक आदर्श ’,एक मिशन ‘के साथ जीते हैं, और धरती के एक टुकड़े को मात्रभूमि के रूप में देखते हैं.यदि आदर्श या मात्रभूमि–इन दोनों में से एक भी नहीं है तो देश का कोई अस्तित्व नहीं है: पं.दीनदयाल उपाध्‍याय जीदीनदयाल जी की जन्मजयंती पर उन्हें नमन। https://t.co/maFvbefdl8|
155659213|832921226909671424|1176556723768721413|The legend of Indian Cinema Shri @SrBachchan ji selected unanimously for #DadaSahebPhalkeAward.Heartiest Congratulations. 💐💐💐.|
155659213|832921226909671424|1176556337867587587|PM Shri @narendramodi ji announced a global Coalition for Disaster Resilient Infrastructure (CDRI), at the UN Climate Action Summit 2019  https://t.co/CUWzBx9bGX|
155659213|832921226909671424|1176553828193193985|Today, I witness the landmark publication ceremony of a report on 'Status of Women in India'  by Param Pujyaniya SarSanghChalak Mohan Bhagwat ji and Hon'ble FM Smt @nsitharaman ji. 3/3#DrishtiKaNariSurvey https://t.co/Ggt9xHnCHM|
155659213|832921226909671424|1176552826031312896|Pranam to Dr. Anjali Deshpande ji , Dr. Manisha Kothekar ji and entire team for #DrishtiKaNariSurvey .2/3 https://t.co/Wh6YYGcEyT|
155659213|832921226909671424|1176551570953007104|A first time ever extensive report on such a complex subject by non governmental voluntary women organization. Abhinandan to the entire team of Drishti Stree Adhyayan Prabndhan Kendra. 1/3 https://t.co/f5gZqUvAPA|
155659213|832921226909671424|1176367165672316928|47 lakh people got treatment in 1st year under #AyushmanBharat. https://t.co/BoMqUe0KCK|
155659213|832921226909671424|1176367073800249344|PM Shri @narendramodi ji addresses UN Summit on climate change. https://t.co/LsuoVRlbyL|
155659213|832921226909671424|1176035006285676549|विश्व की सबसे बड़ी स्वास्थ सेवा योजना भारत को देने के लिए आपका ह्रदय से धन्यवाद प्रधानमंत्री श्री @narendramodi जी। जन आरोग्य योजना: संकल्प भारत को 'आयुष्मान' बनाने का। #AyushmanBharat #SwasthaBharat #PMJAY#SaalEkAyushmanAnek https://t.co/G8HsKh9RLR|
155659213|832921226909671424|1176010882498715648|नमो स्वतंत्र भारत की ध्वजा, नमो, नमो!नमो नगाधिराज-शृंग की विहारिणी!नमो अनंत सौख्य-शक्ति-शील-धारिणी!प्रणय-प्रसारिणी, नमो अरिष्ट-वारिणी!नमो मनुष्य की शुभेषणा-प्रचारिणी!नवीन सूर्य की नई प्रभा, नमो, नमो!राष्ट्रकवि रामधारी सिंह दिनकर जी की जन्मजयंती पर उन्हें शत शत नमन। https://t.co/Rl4d23TpJO|
155659213|832921226909671424|1176002935785844737|"Attention To Small Things": PM Shri @narendramodi ji's Gesture At Houston Airport Wins Hearts -  https://t.co/ohVso3n4uS|
155659213|832921226909671424|1176002182329450496|यह तस्वीरें ही काफी है इस बात को समझने के लिए की भारत अब पुनः विश्व गुरु बनने जा रहा है। धन्यवाद प्रधानमंत्री जी हमे हमारा गौरव वापस दिलाने के लिए। आज आपने 130 करोड़ देशवासियों को खुद पर अभिमान करने का अवसर प्रदान किया है। #HowdyModi #ModiInUSA https://t.co/CUD4lw73LP|
155659213|832921226909671424|1175861981401767939|We honor the brave work of all American and Indian brave military servicemen who work together to safeguard our freedom. We stand proudly in defensive liberty and we are committed to protecting innocent civilians from radical Islamic terrorism: President Trump #HowdyModi|
155659213|832921226909671424|1175861716837687299|Low inflation, low fiscal deficit and high growth is present in the Indian economy for the first time. Today, India is one of the better FDI destinations in the world. From 2014-19, there has been a 100% jump in FDI: PM Modi #HowdyModi https://t.co/igiS8VLesJ|
155659213|832921226909671424|1175859332254187520|9/11 in the US or the Mumbai attacks of 26/11 in India, the brainchild is always found in the same place. It is high time we fight a decisive battle against the perpetrators and supporters of terrorism: PM Modi #HowdyModi https://t.co/qDjfzdpGXl|
155659213|832921226909671424|1175859158366740480|हम देश में एक Transparent इकोसिस्टम बना रहे हैं, जिससे विकास का लाभ हर भारतीय तक पहुंचे।70 वर्षों से चले आ रहे अनुच्छेद 370 को भी कुछ दिन पहले भारत ने फेयरवेल दे दिया है।जिसका लाभ आतंकवाद और अलगाववाद बढ़ाने वाली ताकतें उठा रहीं थी: पीएम मोदी #HowdyModi https://t.co/B7dQoPHvII|
155659213|832921226909671424|1175859039336636416|India wants to grow at a speed faster than ever before.In the last 5 years, 130 crore Indians have brought unprecedented results in different sectors. We are aiming high, we are achieving higher: PM Modi #HowdyModi https://t.co/RwqR3pTLug|
155659213|832921226909671424|1175858915512410113|वैसे तो President Trump मुझे Tuff nigotiator कहते हैं, लेकिन वो खुद भी The art of the deal में माहिर हैं और मैं उनसे बहुत कुछ सीख रहा हूं: पीएम मोदी #HowdyModi|
155659213|832921226909671424|1175858732879765504|विविधता में एकता ही हमारी धरोहर है और हमारी विशेषता भी।भारत की यही Diversity हमारी Vibrant Democracy का आधार है।यही हमारी शक्ति और प्रेरणा है: पीएम मोदी #HowdyModi https://t.co/kGSOKxQDMu|
155659213|832921226909671424|1175858619432296448|This is extraordinary, unprecedented. As I told you, we've met a few times, and he has always been friendly, energetic and accessible. I admire him for his sense of leadership, passion for America and a strong resolve to make America great again: PM Modi #HowdyModi|
155659213|832921226909671424|1175858412447522816|We are investing Rs 100 lakh crore on public infrastructure. In the last five years, the world, amidst all uncertainties, India's growth rate has been 7.5%. This is the best average of any govt in India's entire history: PM Modi #HowdyModi https://t.co/CS1IcMIVfP|
155659213|832921226909671424|1175858199922184194|India has started preparing and working to become a $5 Trillion economy. We are working on bettering infrastructure, investment &amp; export. We are building a people-friendly, development-friendly and investment-friendly atmosphere in India: PM Modi #HowdyModi|
155659213|832921226909671424|1175858014164836358|भारत में बहुत कुछ हो रहा है, बहुत कुछ बदल रहा है और बहुत कुछ करने के इरादे लेकर हम चल रहे हैं।हमने नए challenges तय करने की और उन्हें पूरा करने की एक जिद ठान रखी है: पीएम मोदी #HowdyModi https://t.co/LZ8m5wjJVu|
155659213|832921226909671424|1175857819544952834|अमेरिका में 9/11 हो या मुंबई में 26/11 हो, उसके साजिशकर्ता कहां पाए जाते हैं, ये सब जानते हैं: पीएम मोदी #HowdyModi|
155659213|832921226909671424|1175857652796145664|Millions are glued to their TVs, even though, it is rather late on a Sunday night in India.Millions around the world in different time zones are with us today.They are witnessing history in the making: PM Modi #HowdyModi https://t.co/XImzyteu3W|
155659213|832921226909671424|1175857491218968577|भारत के सामने 70 साल से एक और बड़ी चुनौती थी, जिसे कुछ दिन पहले देश ने फेयरवेल दे दिया है।अनुच्छेद 370 ने जम्मू-कश्मीर और लद्दाख के लोगों को विकासऔर समान अधिकारों से वंचित रखा था।इस स्थिति का लाभ आतंकवाद और अलगाववाद बढ़ाने वाली ताकतें उठा रहीं थीं: पीएम मोदी #HowdyModi|
155659213|832921226909671424|1175857312193548290|भारत के सामने 70 साल से एक और बड़ी चुनौती थी, जिसे कुछ दिन पहले देश ने फेयरवेल दे दिया है।अनुच्छेद 370 ने जम्मू-कश्मीर और लद्दाख के लोगों को विकासऔर समान अधिकारों से वंचित रखा था।इस स्थिति का लाभ आतंकवाद और अलगाववाद बढ़ाने वाली ताकतें उठा रहीं थीं: पीएम मोदी #HowdyModi|
155659213|832921226909671424|1175857011193458690|ये जो दृश्य है, ये जो माहौल है, ये अकल्पनीय है। जब टेक्सास की बात आती है तो हर बात भव्य होनी तय है। इस अपार जनसमूह की उपस्थिति केवल एरथमैटिक तक सीमित नहीं है। आज हम यहां एक नई हिस्ट्री और नई कैमिस्टी बनती देख रहे हैंः पीएम मोदी #HowdyModi https://t.co/F0b867q1YI|
155659213|832921226909671424|1175856764182564870|We have given equal priority to welfare and farewell. On the 150th birth anniversary of Mahatma Gandhi on this Oct 2, India will bade goodbye to open defecation: PM Modi #HowdyModi https://t.co/w4psWzSPXy|
155659213|832921226909671424|1175856448015872002|It is often said that data is the new oil. I would like to add that data is the new gold. Industry 4.0 focuses only on data. India provides data at the cheapest rate in the entire world: PM Modi|
155659213|832921226909671424|1175856200740741120|Ease of Doing Business and Ease of Living is equally important to us. Employment is key to this. The economic development will be swift if the country's youth has employment: PM Modi #HowdyModi|
155659213|832921226909671424|1175855975384961025|आज भारत पहले के मुकाबले और तेज गति से आगे बढ़ना चाहता है।भारत कुछ लोगों की इस सोच को चैलेंज कर रहा है, जिनकी सोच है कि कुछ बदल ही नहीं सकता।बीते 5 सालों में 130 करोड़ भारतीयों ने हर क्षेत्र में ऐसे नतीजे हासिल किए हैं जिनकी पहले कोई कल्पना भी नहीं कर सकता था: पीएम #HowdyModi|
155659213|832921226909671424|1175855743859396609|We have built 2 lakh km roads in rural India in just five years. In India, less than 50% people had bank accounts. Today, almost 100% Indians are associated to the banking sector.We have opened new bank accounts for 370 million people in just five year: PM Modi #HowdyModi|
155659213|832921226909671424|1175855573662937092|The 2019 LS elections waved the flag of Indian democracy throughout the world. 61 crore people participated in it. This is approximately double the total population of the US: PM Modi #HowdyModi|
155659213|832921226909671424|1175855313498587136|Our languages are a great representation of our liberal and democratic society. For centuries, thousands of languages have peacefully co-existed in India: PM Modi #HowdyModi|
155659213|832921226909671424|1175854318697811969|इस कार्यक्रम का नाम #HowdyModi है। लेकिन मोदी अकेले कुछ नहीं है। मैं 130 करोड़ भारतीयों के आदेश पर काम करने वाला साधारण व्यक्ति हूं।इसलिए जब आपने पूछा है कि #HowdyModi, तो उसका जवाब यही है कि भारत में सब अच्छा है: पीएम मोदी|
155659213|832921226909671424|1175854150548185089|आज भारत का सबसे चर्चित शब्द है- विकास, सबसे बड़ा मंत्र है- सबका साथ-सबका विकास, भारत की सबसे बड़ी नीति है- जन भागिदारी, भारत का सबसे प्रचलित नारा है- संकल्प से सिद्धि और भारत का सबसे बड़ा संकल्प है- न्यू इंडिया: पीएम मोदी #HowdyModi https://t.co/2r78jyRBUh|
155659213|832921226909671424|1175821649519812609|PM Shri @narendramodi ji and President Trump attend a historic community event in #Houston. #HowdyModi https://t.co/d9aUO78kDU|
155659213|832921226909671424|1175821469105958915|WHouston is all set to welcome PM Shri @narendramodi ji. Watch this moment of pride for every Indianमोदीमय हो रहा है अमेरिका का शहर ह्यूस्टन। हर हिंदुस्तानी के लिए गर्व का ये क्षण देखना ना भूलें। #HowdyModi #ModiInUSAhttps://t.co/tHZ73YrzPt|
155659213|832921226909671424|1175651678646915072|Are your ready for #HowdyModi! Prime Minister Shri @narendramodi ji will address a historic community summit at NRG Stadium in Houston, Texas, USA on 22nd September 2019 from 8.30 pm onwards.Stay tuned. https://t.co/yJluB6KSTJ https://t.co/nIYUOBCMOE|
155659213|832921226909671424|1175270282623426560|दुनिया का दूसरा सबसे बड़ा मछली उत्पादक देश बना भारतकेंद्र सरकार द्वारा हाल में जारी आंकड़ों के अनुसार देश में कुल मछली उत्पादन 1.25 करोड़ मीट्रिक टन रहा हैदेश से 45,106.90 करोड़ रुपये मूल्य के 13,77,243.70 टन मछली और मछली उत्पादों का निर्यात हुआ https://t.co/dOQ2k3xLXd|
155659213|832921226909671424|1175269980633477120|‘Will review bilateral relations in to bring more benefits to the nation and peoples: Full text of Prime Minister PM Shri @narendramodi ji's statement ahead of US visit India: https://t.co/ky1A3ZurXs|
155659213|832921226909671424|1175269901709250561|ह्यूस्टन में पूरी तरह से ‘मोदीमय’ हुआ वातावरण #HowdyModi । https://t.co/TXbFYd89TZ|
155659213|832921226909671424|1175089861684076546|मध्यप्रदेश के पूर्व मुख्यमंत्री श्री कैलाश जोशी जी की धर्मपत्नी एवं श्री दीपक जोशी जी की माताजी श्रीमती तारादेवी जी के निधन का दु:खद समाचार प्राप्त हुआ है, मैं अपनी भावभीनी श्रद्धांजली अर्पित करती हुँ। ईश्वर से प्रार्थना करती हूँ कि परिवारजनों को इस दुःख को सहने की शक्ति दे। https://t.co/AtPadS0mYb|
155659213|832921226909671424|1175051310388920320|Corporate tax rates slashed to 22% for domestic companies and 15% for new domestic manufacturing companies and other fiscal reliefs.#ModiHaiToMumkinHai  https://t.co/kq0aXKkQbC https://t.co/yU8cjoWA0p|
155659213|832921226909671424|1174952205117341696|सभी किसान भाइयों से आग्रह करती हूं कि @INCMP की सवंदेनाहीन @OfficeOfKNath सरकार के विरुद्ध @BJP4MP के संघर्ष में साथ जुड़िये। किसान भाइयों का हक उन्हें मिलना ही चाहिए। #कांग्रेस_से_पीड़ित_किसान https://t.co/GVDUFqs0Xr|
155659213|832921226909671424|1174941485692682241|@BJP4India के राष्ट्रिय उपाध्यक्ष श्री @jhaprabhatbjp जी की पूज्य माताजी श्रीमती लालमुखी देवी जी के निधन का दु:खद समाचार प्राप्त हुआ है, मैं अपनी भावभीनी श्रद्धांजली अर्पित करती हुँ। ईश्वर से प्रार्थना करती हूँ कि परिवारजनों को इस दुःख को सहने की शक्ति दे।🙏|
155659213|832921226909671424|1174752287727771650|#SwacchBharatAbhiyaan ने भारत के लोगों का स्वभाव बदल दिया हैं। समृद्ध दर्शन, पुरातन प्रेरणा, आधुनिक तकनीक और प्रभावी कार्यक्रमों के सहारे आज भारत के सतत विकास लक्ष्यों के लक्ष्यों को हासिल करने की तरफ भारत तेजी से बढ़ रहा है। 6/6|
155659213|832921226909671424|1174752173814628353|स्वच्छता का विषय संस्कार से जुड़ा है। ऐसे में सरकार एवं संस्कार मिल जाए तो चमत्कार हो सकता है। स्वच्छता में सामुहिकता का भाव जुड़ जाए तो ताकत बनकर उभरती है। इसे एक मिशन से जोड़ ले तों परिवर्तन आना शुरू हो जाता है। 5/6|
155659213|832921226909671424|1174752068164358146|इसमें कोई आश्चर्य की बात नहीं कि जिस देश में स्वच्छता है, वह विकास करता है और इसके विपरीत जो देश स्वच्छता को नजरअंदाज करता है, वह आगे नहीं बढ़ पाता।कुछ काम सरकार नहीं कर सकती और जो काम सरकार नहीं कर सकती, वह संस्कार कर सकते है। 4/6#सेवा_सप्ताह|
155659213|832921226909671424|1174751939034324992|आज पुरे विश्व में स्वच्छता के विषय में भारत लीडरशीप कर रहा है। जीवन के लिए स्वच्छता आवष्यक है। यह मूल रूप से मानव-स्वास्थ्य से जुड़ी हुई है। यह किसी भी समाज अथवा राष्ट्र का आधार है। 3/6#सेवा_सप्ताह https://t.co/vbQQGCy3TZ|
155659213|832921226909671424|1174751187561791488|उपस्थीतो द्वारा संकल्प लिया कि मा.प्रधानमंत्री जी द्वारा देश के उत्थान हेतु लिए गए संकल्पों की पूर्ति के लिए हम सब अपना योगदान देने का प्रण लें। सफाई अभियान के पश्चात लालबाग रोड डिवाइडर के बीच में वृक्षारोपण कर नागरिकों को पर्यावरण के प्रति जागरूक किया। 2/6 https://t.co/ipKlBuQKM6|
155659213|832921226909671424|1174750687458136064|आज बुरहानपुर में प्रधानमंत्री श्री @narendramodi जी जन्मदिवस के उपलक्ष पर मनाए जा रहे #SevaSaptah अन्तर्गतजनप्रतिनिधियों, पार्टी पदाधिकारियों एवं कार्यकर्ताओं के साथ बस स्टैंड पर सफाई अभियान चलाकर अपना योगदान दिया। इस दौरान झाड़ू लगाकर दीवारों और फर्श की पानी से सफाई की गई। 1/6 https://t.co/mUBElwm4w9|
155659213|832921226909671424|1174613574012067842|हमारे रक्षा मंत्री श्री @rajnathsingh जी की स्वदेशी लड़ाकू विमान तेजस की उड़ान हम सब के लिए प्रेरणादायी है । उनकी इस उड़ान ने सशस्त्र बलों के मनोबल को बढ़ाने तथा @DRDO_India और #HAL की कार्य क्षमता से विश्व को अवगत कराने का कार्य किया है।#Tejas_LCA #Tejas #RajnathSingh https://t.co/UMxJa3Auwh|
155659213|832921226909671424|1174584369874235392|अंतरिक्ष में भारत का नाम सुनहरे अक्षरों से लिखने वाली भारत की बेटी, पद्मभूषण से सम्मानित #सुनीता_विलियम्स  को जन्मदिवस की हार्दिक शुभकामनाएं...#betibachaobetipadhao https://t.co/cI6ZWRmGMM|
155659213|832921226909671424|1174572722489196545|प्रधानमंत्री मुद्रा योजना की ऐतिसाहिक उपलब्धि20 करोड़ से अधिक लाभार्थियों को मिला योजना के अंतर्गत ऋण।योजना के अंतर्गत अब तक 20.05 करोड़ लाभार्थियों को 9.87 लाख करोड़ रुपये की आर्थिक सहायता प्रदान की जा चुकी है। https://t.co/g5MhFaMjkp|
155659213|832921226909671424|1174572404535808005|प्रधानमंत्री  श्री @narendramodi जी 19 सितंबर 2019 को नासिक, महाराष्ट्र में 'महाजनादेश यात्रा समारोह' को संबोधित करेंगे।#mahajanadeshलाइव देखें • https://t.co/y68Gnu87uD• https://t.co/Bja0TpfTta• https://t.co/VubnnWuEsz• https://t.co/hchQIecIVr|
155659213|832921226909671424|1174565973619175428|Rs. 2024.40 crores allotted for bonus to 11.52 lakh Railway Employees for FY 2018-19. Bonus extended to the non-gazetted workforce for 6th consecutive year. https://t.co/yfrHuMASp2|
155659213|832921226909671424|1174310643517669376|भारत रत्न, पूर्व प्रधानमंत्री अटल बिहारी वाजपेयी जी द्वारा लोकसभा में अनुच्छेद 370 पर दिए गए वक्तव्य के अंश:हमारे संविधान का एक भाग अस्थायी तथा अन्तर्कालीन उपबंधों से संबंध रखता है और अनुच्छेद 370 उसी के अंतर्गत आता है। यह भारतीय संविधान का स्थाई अंग नहीं बन सकता। https://t.co/cvXdE5SkYW|
155659213|832921226909671424|1174310354672685058|भारत रत्न, पूर्व प्रधानमंत्री अटल बिहारी वाजपेयी जी द्वारा लोकसभा में अनुच्छेद 370 पर दिए गए वक्तव्य के अंश:जब सभी देशी रियासतों के झंडे अतीत के गर्भ में विलीन हो गए तो केवल जम्मू-कश्मीर का अलग झंडा रहे, इसका कोई कारण, कोई औचित्य दिखाई नहीं देता। https://t.co/f2LbBKnvQ2|
155659213|832921226909671424|1174307920365834240|@BJP4MP के प्रदेश उपाध्यक्ष श्री @rameshwar4111 जी के पूज्य पिताजी श्री परमानन्दजी शर्मा के निधन का दु:खद समाचार प्राप्त हुआ है, मैं अपनी भावभीनी श्रद्धांजली अर्पित करती हुँ। ईश्वर से प्रार्थना करती हूँ कि परिवारजनों को इस दुःख को सहने की शक्ति दे।🙏|
155659213|832921226909671424|1174306827535704064|आज ग्वालियर में केंद्रीय मंत्री श्री @nstomar जी के निवास पर पहुंचकर उनकी पूज्य माताजी स्व.श्रीमती शारदा देवी जी को श्रद्धांजलि अर्पित की तथा शोक संवेदना प्रकट करते हुए उनके परिजनों को सांत्वना दी। https://t.co/UisNX1xUEe|
155659213|832921226909671424|1173930798048661504|इसी तारतम्य में भाजपा द्वारा आयोजित रक्तदान शिविर में उपस्थित होकर रक्तदाताओं का आभार व्यक्त किया। साथ ही सिंधी बस्ती परिसर में पौधारोपण कार्यक्रम में सहभागी हुयी। पुरे देश में @BJP4India यह सप्ताह #SevaSaptah के रूप में मना रही है।#HappyBDayPMModiJi https://t.co/TlTtxYsPJq|
155659213|832921226909671424|1173929417174740993|आज बुरहानपुर में मान. प्रधानमंत्री श्री @narendramodi जी के जन्मदिवस- #सेवा_दिवस के तहत जिला चिकित्सालय में पार्टी कार्यकर्ताओं एवं जनप्रतिनिधियों के साथ मरीजों से मुलाकात कर उनके स्वास्थ्य लाभ की जानकारी ली और फल वितरित किए। #SevaSaptah #HappyBDayPMModiJi https://t.co/famplBGeFk|
155659213|832921226909671424|1173862037773930497|जन-अपेक्षाओं पर खरा नेतृत्व।माननीय प्रधानमंत्री श्री @narendramodi जी के जन्मदिवस पर आदरणीय गृहमंत्री श्री @AmitShah जी का हिंदुस्तान समाचार पत्र में सारगर्भित आलेख। #HappyBdayPMModi https://t.co/r7VPQs4dsz|
155659213|832921226909671424|1173861721733128192|PM Shri @narendramodi ji addresses a public meeting in Kevadia, Gujarat.#HappyBdayPMModi https://t.co/Rp9rlAGAbX|
155659213|832921226909671424|1173818537288142848|PM Shri @narendramodi ji will address a historic community event 'Howdy, Modi - Shared Dreams, Bright Futures’ in Houston, USA on 22nd September 2019.Share your views using #HowdyModi on social media. https://t.co/GrbzwbyrCP|
155659213|832921226909671424|1173817264761536512|PM Shri @narendramodi ji is a multi-faceted personality : Shri @AmitShah ji.#HappyBdayPMModi https://t.co/ergh0XaHrd|
155659213|832921226909671424|1173816836154019840|मां भारती के सच्चे सपूत और करोड़ों युवाओं के प्रेरणास्त्रोत प्रधानमंत्री श्री @narendramodi जी को भाजपा परिवार की तरफ से जन्मदिवस की कोटि-कोटि शुभकामनाएं। #HappyBdayPMModi https://t.co/Ld4nVHhlKk|
155659213|832921226909671424|1173816380505722880|मातृभूमि की सेवा के लिए जीवन समर्पित करने वाले,हम सब के प्रेरणा स्रोत, विश्व के सबसे लोकप्रिय नेता एवं भारत के यशश्वी प्रधानमंत्री, श्री @narendramodi जी को जन्मदिन की हार्दिक शुभकामनाये! ईश्वर से आपके उत्तम स्वास्थ एवं दीर्घायु जीवन की कामना करती हूं ! #HappyBdayPMModi https://t.co/CVR1ZTYr23|
155659213|832921226909671424|1173653839204909057|Schedule of PM Shri @narendramodi ji's public programs on 17 September 2019 in Gujarat. Watch at ∙ https://t.co/y68Gnu87uD  ∙ https://t.co/j9dyur4dBo∙ https://t.co/VubnnWuEsz ∙ https://t.co/hchQIecIVr https://t.co/4zJTUiWbbm|
155659213|832921226909671424|1173634011605823490|#WorldOzoneDay के अवसर पर आइए, जीवन रक्षक ओजोन परत के संरक्षण हेतु इस संकल्प के साझेदार बनें और देश, समाज एवं विश्व को जीवन के अनुकूल बनाने में योगदान दें।#OzoneDay https://t.co/pJWIcq2wzY|
155659213|832921226909671424|1173633749663109122|अपने कण्ठ से संगीत प्रेमियों को मंत्रमुग्ध कर देने वालीं सुप्रसिद्ध भजन गायिका ,भारत रत्न स्व. एम. एस.सुब्बुलक्ष्मी जी की जन्मजयंती पर शत शत नमन । https://t.co/LUWOSZ1q0v|
155659213|832921226909671424|1173624697432395777|पद्म विभूषण श्री अर्जन सिंह जी की पुण्यतिथि पर शत शत नमन। वे भारतीय वायु सेना के एकमात्र अधिकारी थे जिन्हें मार्शल ऑफ द एयर फोर्स (पांच सितारा रैंक) पर पदोन्नत किया गया था। 1965 के भारत-पाक युद्ध में अपने अदम्य साहस और पराक्रम हेतु वे सदैव याद किये जायेंगे। #ArjanSingh https://t.co/67XSLk3gZi|
155659213|832921226909671424|1173475276811956225|इस आपदा की घड़ी में @BJP4MP के सभी कार्यकर्ताओ से अनुरोध है कि वे अपने अपने स्तर पर बाढ़ प्रभावितों को मदत करे। हम सब इस संकट में मंदसौर नीमच की जनता के साथ है। मध्यप्रदेश सरकार से अनुरोध है कि आपदा प्रभावितों को जल्द से जल्द राहत मुहैया कराये। 2/2@PMOIndia @OfficeOfKNath|
155659213|832921226909671424|1173474863136137216|भारी बारिश से जलमग्न हुये मंदसौर-नीमच क्षेत्र में स्थिति चिंताजनक बनी हुई है। जनजीवन पुरी तरह से प्रभावित है, किसानों की फसलों का अत्याधिक नुकसान हुआ है, कई गांवों के डूब में होने की व लोगों के बाढ़ में फसे होने की सुचना है। 1/2|
155659213|832921226909671424|1173450244907913217|रेल यात्रियों को मोदी सरकार ने दी बड़ी राहतहमसफर ट्रेन से फ्लेक्सी फेयर किराये को हटाकर तय किराया प्रणाली हुई लागू  तत्काल टिकट का मूल्य मूल किराये का 1.5 से घटाकर 1.3 गुना किया हमसफर ट्रेनों में स्लीपर क्लास के कोच भी जोड़े जाएंगे, अब तक सिर्फ एसी टियर-3 कोच ही थे उपलब्ध । https://t.co/LjPNGi1746|
155659213|832921226909671424|1173449793881825281|आंध्रप्रदेश के ईस्ट गोदावरी में हुई नाव दुर्घटना के दुखद समाचार से मन बेहद व्यथित है। मृतकों को विनम्र श्रद्धांजलि! ईश्वर परिवाजनों को दुःख सहन करने की शक्ति दे।🙏|
155659213|832921226909671424|1173449663980032000|India's billiards ace @PankajAdvani247 has won his 22nd World Title, recording a fourth-straight victory at the #IBSF #WorldBilliardsChampionships.Congratulations.💐💐💐https://t.co/oGgtGj9C5P|
155659213|832921226909671424|1173121525475491845|'लोकतंत्र का अर्थ है, एक ऐसी जीवन पद्धति जिसमें स्वतंत्रता, समता और बंधुता समाज-जीवन के मूल सिद्धांत होते हैं।' -डॉ. बाबासाहब अंबेडकर जीआज वैश्विक लोकतंत्र दिवस पर हम सकंल्प ले कि,लोकतंत्र और उसके सिद्धांतों को बढ़ावा देने के लिए हम समर्पित रहेंगे। #InternationalDayofDemocracy https://t.co/d6Qh0tJfQs|
155659213|832921226909671424|1173116814127091714|Tribute to BharatRatna M #Visvesvaraya ji on his JanmaJayanti celebrated as#EngineersDay every year to mark the contribution of great visionary engineer.Greetings to all engineers on the occasion of #EngineersDay . https://t.co/3s2vQOohDf|
155659213|832921226909671424|1173115917644910592|@RSSorg के पांचवे सरसंघचालक पूज्यनीयके एस सुदर्शन जी की पुण्यतिथि पर उन्हें विनम्र श्रद्धांजलि।#KSsudarshan https://t.co/5PAWwKmSdR|
155659213|832921226909671424|1173090004417077248|In a major boost to the travel and tourism sector, India jumps 18 spots in four years in Tourism Index. https://t.co/xb5MrObubd|
155659213|832921226909671424|1172891167308111874|आमेर विधायक एवं वरिष्ठ भाजपा नेता श्री @SatishPooniaBJP जी को केंद्रीय भाजपा नेतृत्व द्वारा @BJP4Rajasthan का प्रदेश अध्यक्ष नियुक्त किये जाने पर हार्दिक शुभकामनाएं। निश्चित ही आपके कुशल नेतृत्व में प्रदेश भाजपा अपनी नई ऊंचाइयों को छुएगा!|
155659213|832921226909671424|1172891059732529152|पश्चिम चंपारण के सांसद एवं लोकसभा में @BJP4India के सचेतक श्री @sanjayjaiswalMP जी को केंद्रीय भाजपा नेतृत्व द्वारा @BJP4Bihar का प्रदेश अध्यक्ष नियुक्त किये जाने पर हार्दिक शुभकामनाएं। निश्चित ही आपके कुशल नेतृत्व में प्रदेश भाजपा अपनी नई ऊंचाइयों को छुएगा!|
155659213|832921226909671424|1172806429188771845|भाजपा राष्ट्रीय अध्यक्ष श्री @AmitShah जी व राष्ट्रीय कार्यकारी अध्यक्ष श्री @JPNadda जी आज शाम  भाजपा मुख्यालय में प्रधानमंत्री श्री @narendramodi जी के जीवन पर आधारित प्रदर्शनी का उद्घाटन करेंगे। #SevaSaptah https://t.co/bMiIG6Qc79|
155659213|832921226909671424|1172794871272366080|प्रधानमंत्री जन धन योजना बनी विश्व की सबसे बड़ी वित्तीय समायोजन योजना • कुल जन धन खाते 36.89 करोड़ • खातों में जमा कुल धनराशि 1,02,645.70 करोड़• महिला खाताधारकों की संख्या 19.62 करोड़ • RuPay डेबिट कार्ड जारी किए गए 29.21 करोड़ https://t.co/eqKIovm1eX|
155659213|832921226909671424|1172764474354229248|केंद्रीय गृह मंत्री एवं भाजपा राष्ट्रीय अध्यक्ष श्री @AmitShah जी व भाजपा राष्ट्रीय कार्यकारी अध्यक्ष श्री @JPNadda जी एम्स, नई दिल्ली से 'सेवा सप्ताह' अभियान का शुभारंभ करते हुए। #SevaSaptah https://t.co/4YFWyjMemF|
155659213|832921226909671424|1172764351989551104|हिंदी केवल भाषा नहीं है, यह भारतीयता की परिभाषा है।हिंदी सभ्यता को संस्कारित करने वाली वीणा एवं संस्कृति को शब्द देनेवाली वाणी है। अतः हम सब का यह दायित्व है कि हमारी आनेवाली पीढियो को संस्कृति से परिचित कराने हेतु हिंदी के उपयोग में संकोच ना करें।#हिंदी_दिवस की शुभकामनाये। https://t.co/991ADgSv1g|
155659213|832921226909671424|1172563676664143874|भारतीय जनता पार्टी द्वारा पीएम श्री @narendramodi जी का जन्मदिवस (17 सितंबर) 14 से 20 सितंबर 2019 तक 'सेवा सप्ताह' के रूप में मनाया जाएगा।आप सभी से आग्रह है कि इस अवसर पर 'स्वच्छता ही सेवा, सिंगल यूज प्लास्टिक से मुक्ति, जल संरक्षण और संवर्धन' के संकल्प को जन-जन तक पहुंचाएं। https://t.co/z4LJ83dcbV|
155659213|832921226909671424|1172481081360015362|#DUSUElections2019 में @ABVPVoice को शानदार जीत की हार्दिक शुभकामनाएं। #ABVPRocks https://t.co/NgC5kElNVX|
155659213|832921226909671424|1172379896921747456|100 days of Modi govt 2.0: This is just a trailer, wait for the whole picture, says PM Shri @narendramodi ji. https://t.co/sa9SJ76OzF|
155659213|832921226909671424|1172379664750272513|स्वच्छ भारत अभियान - एक कदम स्वच्छता की ओरस्वच्छ भारत अभियान (शहरी) के अंतर्गत -👉 घरेलू शौचालयों का निर्माण - 58.98 लाख👉 सार्वजनिक शौचालयों का निर्माण - 5.05 लाख👉 खुले में शौच से मुक्त शहर - 4,303#SwachhataHiSeva2019 https://t.co/HEc0Lg8nuI|
155659213|832921226909671424|1172373449165037568|भोपाल के छोटे तालाब में गणेश जी की प्रतिमा विसर्जन के दौरान नाव पलटने से 11 लोगों की मृत्यु के समाचार से मन बेहद व्यथित है। मृतकों को विनम्र श्रद्धांजलि! ईश्वर परिवाजनों को दुःख सहन करने की शक्ति दे।🙏|
155659213|832921226909671424|1172369949626494976|प्रधानमंत्री श्री @narendramodi जी #मन_की_बात कार्यक्रम के अंतर्गत इस महीने की 29 तारीख को 11 बजे आकाशवाणी से देशवासियों को संबोधित करेंगे। #MannKiBaat हेतु आप अपने सुझाव और विचार #NamoApp एवं @mygovindiaके माध्यम से दे सकते हैं। https://t.co/nx3biZknVi|
155659213|832921226909671424|1172369851794329600|संगठन को चलाने के लिए 5 क की जरूरत होती है -1. कार्यकर्ता2. कार्यकारिणी3. कार्यक्रम4. कोष5. कार्यालयहमारे यहां संगठन की गतिविधि किसी नेता के घर से नहीं बल्कि कार्यालय से चलती है: श्री @JPNadda जी https://t.co/4hszlIOJHf https://t.co/4aIMJ0qAIr|
155659213|832921226909671424|1172054731180662784|सभी को अनंत चतुर्दशी की हार्दिक शुभकामनाएं। विघ्नहर्ता भगवान श्रीगणेश जी हम सबके जीवन से परेशानियों को दूर कर  सुख और समृद्धि का संचार करें यही मंगलकामना।#anantchaturdashi https://t.co/9zCEBmRNyq|
155659213|832921226909671424|1172017053961580545|India takes a bold step for the planet by banning single-use plastics. #ModiHaiToMumkinHai#saynotosingleuseplastic#BanSingleUsePlastichttps://t.co/BoKzlPSNpc|
155659213|832921226909671424|1172017016632266753|कश्मीर की समृद्धि के लिए मोदी सरकार का बड़ा कदम। https://t.co/AQMGwllDk5|
155659213|832921226909671424|1171727815504519168|मंदसौर विधायक मान @ypssisodiya जी के साथ पार्टी पदाधिकारियों-कार्यकर्ताओं संग बुरहानपुर कलेक्ट्रेट के बाहर घंटे-घड़ियाल और ढोल-मंजीरों के साथ पहुंचकर प्रदर्शन किया। कमलनाथ सरकार कुंभकर्णी नींद में सो रही है। ऐसे में घंटे-मंजीरे बजाकर उसे जगाना ज़रूरी गया था।#घंटानाद_आंदोलन|
155659213|832921226909671424|1171715849897615363|@BJP4MP #घंटानाद_आंदोलन में किसान कर्जमाफी, युवा स्वाभिमान योजना, युवाओं को बेरोजगारी भत्ता, बिजली के बढ़े हुए बिल जैसे मुद्दों के साथ-साथ कांग्रेस नेताओं के बीच मचे घमासान को लेकर जनता के बीच उतरी है।|
155659213|832921226909671424|1171715696767774720|कांग्रेस सरकार 9 महीने के शासन में जनता को किये वायदों की अनदेखी कर रही हैं। किसान से लेकर युवा और महिलाओं से लेकर बच्चे इस सरकार में सभी परेशान हैं।#घंटानाद_आंदोलन|
155659213|832921226909671424|1171715254977474567|आज बुरहानपुर में कांग्रेस सरकार की दमनकारी नीतियों के विरुद्ध एवं जनता के हित की लड़ाई के लिए #घंटानाद_आंदोलन के तहत कुम्भकर्णी नींद में सो रही @INCMP सरकार को जगाने के लिए पार्टी पदाधिकारियों एवं कार्यकर्तागणों के साथ कलेक्टर कार्यालय का घेराव किया।#घंटानाद_आंदोलन https://t.co/n9cTKQNBxw|
155659213|832921226909671424|1171675010399948801|आप सभी को विश्व बंधुत्व दिवस की  शुभकामनाए।आज ही के दिन 11 सितंबर, 1893 को शिकागो में विश्व धर्म संसद में स्वामी विवेकानंद जी ने अपने ऐतिहासिक उद्धबोधन से संपूर्ण विश्व को भारत की महानता से परिचित कराया था। #SwamiVivekananda https://t.co/UmEkebff3P https://t.co/zHM2LyQEhx|
155659213|832921226909671424|1171674738722332673|If a man achieves victory over this body, who in the world can exercise power over him? He who rules himself rules over the whole world :Vinoba Bhave jiTributes to Acharya #VinobaBhave ji, father of Bhudan Movementon his JanmaJayanti. https://t.co/mPwLQadqOP|
155659213|832921226909671424|1171674446060544000|हम सब के मार्गदर्शक,परम पूज्यनीय सरसंघचालक डाॅ. मोहनराव भागवत जी को जन्मदिवस की हार्दिक शुभकामनाएं।'राष्ट्र सर्वोपरि' ध्येय एवं समाज की उन्नति हेतु आपका समर्पण हम सब को प्रेरणा देता है। मैं आपके स्वस्थ एवं दीर्घायु जीवन की कामना करती हूँ। @DrMohanBhagwat @RSSorg https://t.co/a2g5hUH7Bc|
155659213|832921226909671424|1171484615858511878|भारत 2.6 करोड़ हेक्टर बंजर जमीन उपजाऊ बनाएगा: प्रधानमंत्री श्री @narendramodi जी। #COP14 #UNCCDCOP14 #ModiHaiToMumkinHai #MODIfied100 https://t.co/01shzxCJmO|
155659213|832921226909671424|1171460250861391874|Condolence meet in remembrance of Shri Arun Jaitley ji in New Delhi. https://t.co/cWdKtm5JtE|
155659213|832921226909671424|1171428245188694018|कल 11 सितंबर को कांग्रेस सरकार की दमनकारी नीतियों के विरुद्ध एवं जनता के हित की लड़ाई के लिए #घंटानाद_आंदोलन के तहत मैं बुरहानपुर में उपस्थित रहूँगी। आप सभी से आग्रह है कि @INCMP सरकार को जगाने हेतु @BJP4MP के इस प्रदेशव्यापी #घंटानाद_आंदोलन में अधिक से अधिक संख्या में जुटें! https://t.co/VIQ61KAXwy|
155659213|832921226909671424|1171369937316864000|अदम्य साहस और वीरता का प्रदर्शन करते हुए देश के लिए शहीद होने वाले, परमवीर चक्र से सम्मानित वीर अब्दुल हमीद जी के पुण्यतिथि पर उन्हें शत्-शत् नमन। https://t.co/NIsd8tPnkf|
155659213|832921226909671424|1171362806676914176|महान भारतीय स्वतन्त्रता सेनानी, कुशल प्रशासक,उत्तर प्रदेश के प्रथम मुख्यमंत्री भारतरत्न पंडित गोविन्द वल्लभ पन्त जी की जन्मजयंती पर शत-शत नमन।  #GovindBallabhPant https://t.co/yMZL9teuXc|
155659213|832921226909671424|1171281795628711936|India Will Ban Single-Use Plastic, World Should Too: PM Shri @narendramodi ji At UN Meet - #SayNoToSingleUsePlastic#BanSingleUsePlastic https://t.co/FbHgcaXXjj|
155659213|832921226909671424|1171281662719610880|PM Shri @narendramodi ji, Third Most Followed World Leader, Crosses 50 Million Twitter Followers. https://t.co/inU0SGSGyp|
155659213|832921226909671424|1171044863703429120|My Government has announced that India will put an end to single use plastic in the coming years.I believe the time has come for even the world to say good-bye to single use plastic: PM Shri @narendramodi ji at 14th Conference of Parties to #UNCCD https://t.co/eUbl1QXmzl|
155659213|832921226909671424|1170945639041163264|Remembering Param Vir Chakra awardee Captain #VikramBatra Ji on his JanmaJayanti. We salute  to his exemplary valour in the Kargil War. #JaiHind https://t.co/SycSVhm3VR|
155659213|832921226909671424|1170945196718268416|Tributes to Dr #VergheseKurien Ji known as the 'Father of the White Revolution' in India and the man behind @Amul_Coop on his Punyatithi. #WhiteRevolution https://t.co/pfvynHQdlm|
155659213|832921226909671424|1170944114411655168|हिंदी पत्रकारिता, नाटक  व् काव्य के क्षेत्र में अमूल्य योगदान देने वाले,आधुनिक हिंदी साहित्य के पितामह श्री #भारतेंदु_हरिश्चन्द्र जी की जन्म जयंती पर सादर नमन। https://t.co/PbBaWDPwg8|
155659213|832921226909671424|1170938814690451457|PM Shri @narendramodi will attend the inaugural function of high level segment of UNCCD CoP-14 today at India Expo Mart, Greater Noida. Watch at • https://t.co/y68GntQwD5• https://t.co/j9dyuqMCJQ• https://t.co/VubnnWMfR9• https://t.co/hchQIdV83T https://t.co/lowBDdAmBt|
155659213|832921226909671424|1170907377601630209|हमारे वरिष्ठ नेता, केंद्रीय कृषि मंत्री श्री @nstomar जी की माताजी श्रीमती शारदा देवी जी के निधन का दु:खद समाचार प्राप्त हुआ है, मैं अपनी भावभीनी श्रद्धांजली अर्पित करती हुँ। ईश्वर से प्रार्थना करती हूँ कि परिवारजनों को इस दुःख को सहने की शक्ति दे।🙏 @BJP4MP|
155659213|832921226909671424|1170738104061136896|मान प्रधानमंत्री श्री @narendramodi जी के नेतृत्व वाली हमारी सरकार ने अपने 100 दिन पूरे कर लिए है। करोड़ों भारतीयों की ईच्छा एवं आकांक्षाओ की पूर्ति हेतु "सबका साथ सबका विकास सबका विश्वास" ध्येय के साथ निरंतर विकास कार्य जारी है। भारत सरकार को #MODIfied100 की हार्दिक शुभकामनाएँ।|
155659213|832921226909671424|1170717109929701376|आज #संगठनात्मक_चुनाव हेतु मंदसौर में आयोजित कार्यशाला में पार्टी पदाधिकारियों-कार्यकर्ताओं को संबोधित किया, इस अवसर पर पूर्व मंत्री एवं विधायक श्री जगदीश देवड़ा जी, भाजपा जिलाध्यक्ष श्री राजेन्द्र सुराना जी सहित जनप्रतिनिधिगण एवं समस्त जिले के पार्टी कार्यकर्तागण उपस्थित रहे। https://t.co/uWMbqGMJqZ|
155659213|832921226909671424|1170673748833423362|भारत रत्न श्री भुपेन हजारिका जी एक बहुमुखी प्रतिभा के गीतकार, संगीतकार और गायक थे। वे ‘एक रचनात्मक कलाकार थे जिनकी गहरी मध्यम आवाज पूरे देश में कविता और संगीत प्रेमियों को एक सुर में बांधती थी।आज उनकी जन्म जयंती पर महान संगीतकार को शत शत नमन।  #BhupenHazarika https://t.co/HnWJbL6ADU|
155659213|832921226909671424|1170663980500545536|हमारे वरिष्ठ नेता और केंद्रीय मंत्री श्री @girirajsinghbjp जी को जन्मदिवस की हार्दिक शुभकामनाएं। मैं ईश्वर से आपके उत्तम स्वास्थ्य एंव दीर्घायु की कामना करती हूँ। https://t.co/UEehzQNLtz|
155659213|832921226909671424|1170612122507710465|Swachh Bharat Mission receives global accolades. #MODIfied100• A UNICEF study revealed that Swachh Bharat Mission has led to reduction in contamination of groundwater.• ODF decreased by 3% per year between 2004-14 and by 12% per year from 2015-19. https://t.co/hLIvowbBbT|
155659213|832921226909671424|1170558992185118720|'साक्षरता' केवल एक शब्द नहीं पर्याय है अपने जीवन में सभी आयामो के ज्ञान का। पोषण साक्षरता( #NutritionLiteracy) ऐसा ही महत्वपूर्ण अंग है इसका।आइये हम पोषण और अक्षर ज्ञान के प्रति समाज में जागरूकता लाए और #InternationalLiteracyDay को सार्थक बनाएं। #PoshanMaah #POSHANAbhiyaan.|
155659213|832921226909671424|1170558961004634118|When we read we inform and transform ourselves. Literacy opens the doors to knowledge. On this #InternationalLiteracyDay let's take a pledge to teach those who have no teachers for achieving complete literacy for #NewIndia. https://t.co/qBcmyxlNOt|
155659213|832921226909671424|1170558430106374145|Govt to spend Rs 3.5 lakh cr on mega water scheme in 5 yrs: PM Shri @narendramodi ji. #jalshaktiabhiyan https://t.co/oxz9PAz4pG|
155659213|832921226909671424|1170558337580036097|Working To Ensure No Family Remains Without LPG Connection: PM Shri @narendramodi ji.https://t.co/7QFtUGoBLl|
155659213|832921226909671424|1170558162799333377|मोदी सरकार 2.0: नए भारत के निर्माण के पथ पर ऐतिहासिक 100 दिन • देश भर में खोले जाएंगे 75 मेडिकल कॉलेज, बढ़ेंगी MBBS की 15,700 सीटें• नाविकों के लिए बायोमैट्रिक नाविक पहचान दस्तावेज जारी करने वाला भारत पहला देश बना• सेना को मिल रही मजबूती, अमेरिका से आए 8 अपाचे हेलीकॉप्टर https://t.co/Aari4VmiI7|
155659213|832921226909671424|1170557740042702848|मोदी सरकार 2.0: नए भारत के निर्माण के पथ पर ऐतिहासिक 100 दिन • जलशक्ति मंत्रालय का गठन • किसान और व्यापारियों के लिए पेंशन • पीएम किसान सम्मान निधि योजना का दायरा बढ़ा, सभी किसानों को 6 हजार की सहायता राशि https://t.co/MCt73hq1Ew|
155659213|832921226909671424|1170557295538782210|नए भारत में हम महिला कल्याण से आगे निकलकर महिलाओं की अगुवाई में राष्ट्र कल्याण की सोच लेकर आगे बढ़ रहे हैं।महिला स्व-सहायता समूहों के लिए ब्याज पर जो सब्सिडी मिलती थी, उसको अब पूरे देश में लागू किया जा रहा है: प्रधानमंत्री श्री @narendramodi जी|
155659213|832921226909671424|1170557142761295872|हमें बेटियों के प्रति समाज की सोच में व्यापक परिवर्तन लाने की जरूरत है। इसमें बहनों-बेटियों की भूमिका भी अहम है।मुस्लिम बहनों को तीन तलाक की कुरीति से निजात दिलाने के लिए एक कड़ा कानून बनाया गया है। अब आपको समाज के भीतर इस कानून को लेकर जागरूकता फैलानी है: @narendramodi  जी https://t.co/fQ7GPAmoMi|
155659213|832921226909671424|1170556523455504384|Deeply saddened by the demise ofIndia’s veteran lawyer and former Union Minister Shri #RamJethmalani Ji. He will always be remembered as a great lawyer and appreciable parliamentarian . A huge loss to the legal fraternity.|
155659213|832921226909671424|1170408223049805824|प्रधानमंत्री उज्ज्वला योजना की ऐतिहासिक उपलब्धि• 8 करोड़ गरीब महिलाओं को मुफ्त एलपीजी कनेक्शन देने का लक्ष्य हुआ पूरा• पीएम श्री नरेन्द्र मोदी जी ने महाराष्ट्र के औरंगाबाद में लाभार्थी को सौंपा 8 करोड़वां कनेक्शन• तय समयसीमा (मार्च 2020) से 7 महीने पहले ही पूरा किया लक्ष्य https://t.co/kcNh2cdgDz|
155659213|832921226909671424|1170331503936409600|"ये हौसला बढ़ता रहेंगा, मुश्किलों से लड़ता रहेंगा"आज पूरा देश #ISRO के साथ खड़ा है।  वास्तव में आज हमारे वैज्ञानिकों ने सही मायने में भारत के विश्वगुरु होने का अहसास विश्व को करा दिया।भारत ऐसा पहला राष्ट्र है जिसने चांद के दक्षिणी ध्रुव पर उतरने का साहस किया।नमन... #ProudOfISRO https://t.co/Hqz2xvWlSp|
155659213|832921226909671424|1170202106881396738|This is how a true leader uplifts his team. Through unstinted support and warmth! #Chandrayaan2 https://t.co/j5pkUhGS3a|
155659213|832921226909671424|1170200467252473857|#Chandrayaan2 के लिए हमें अपने वैज्ञानिकों पर गर्व है।  भले ही #VikramLander के साथ हमारा संचार खो सकता है, लेकिन हमारा ऑर्बिटर सफलतापूर्वक चंद्रमा की परिक्रमा कर रहा है!अगली बार #SoftLanding देखने के लिए पूरा देश इसी तरह आप के साथ ख़ुशी से  जागते रहेंगा। #ISROMissions 🙏 https://t.co/9sNw7qirGb|
155659213|832921226909671424|1170182852362653696|#ISRO कंट्रोल सेंटर से प्रधानमंत्री श्री @narendramodi जी का राष्ट्र के नाम संबोधन । #चन्‍द्रयान_2 #Chandrayaan2 https://t.co/QnxMzoZNKq|
155659213|832921226909671424|1170009262304612352|#Chandrayaan2 को चंद्रमा की धरती पर उतरता हुआ देखने के लिए प्रधानमंत्री श्री @narendramodi जी @isro में मौजूद रहेंगे चंद्रयान-2 मिशन में अपनी व्‍यक्तिगत रूचि दिखाते हुए प्रधानमंत्री जी ने इस अभियान को भारतीय हृदय में भारतीय आत्‍मा की संज्ञा दी है। #Chandrayaan2Landing https://t.co/ZBRL9udaVJ|
155659213|832921226909671424|1170005147688112135|सिर्फ कहने को नहीं, कर्म और व्यवहार से सेवक है हमारे प्रधानमंत्री जी।प्रधानमंत्री श्री @narendramodi जी ने रूस के व्लादिवस्तोक से दिया VIP Culture के खिलाफ बड़ा सन्देश...सभी के लिए प्रेरणादायी और अनुकरणीय है । https://t.co/oNDs0YG79h|
155659213|832921226909671424|1169968335125209093|आज टीम @isro की वर्षों की मेहनत और अथक प्रयासों के परिणाम का प्रतीक #Chandrayaan2 चांद के दक्षिणी ध्रुव पर उतरेगा। यह हम सब भारतवासियों के लिए ऐतिहासिक एवं गौरवशाली क्षण है। आईये हम आज इस स्वर्णिम क्षण का साक्षी बने।  #Chandrayan2landing #ISROhttps://t.co/HEQiPzO9sj|
155659213|832921226909671424|1169872138959912960|Tributes to Lt Col Dhan Singh Thapa ji #ParamVirChakra awardee on his Punyatithi today.He was commanding a forward post in Ladakh, and gallantly led the fight against the Chinese in the Sino-Indian war 1962. 🙏 https://t.co/u0ekHzHP9c|
155659213|832921226909671424|1169839211370831872|मोदी सरकार की नीतियों से विश्व पर्यटन मानचित्र पर चमक रहा भारत।वैश्विक यात्रा और पर्यटन प्रतिस्पर्धा की रैंकिंग में भारत ने लगाई 6 स्थानों की छलांग। #IncredibleIndia https://t.co/54AYaXjuuz|
155659213|832921226909671424|1169838209670336517|स्वच्छ भारत अभियान :स्वच्छ भारत अभियान (ग्रामीण) के अंतर्गत 10 करोड़ से अधिक घरेलू शौचालयों का निर्माण पूर्ण स्वच्छ भारत अभियान (शहरी) के अंतर्गत 58.46 लाख घरेलू शौचालयों का निर्माण पूर्ण646 जिले, 33 राज्य और केंद्र शासित प्रदेश एवं 5.99 लाख गांव खुले में शौच से मुक्त घोषित https://t.co/jP99TyFqxO|
155659213|832921226909671424|1169596706670825472|भारत रत्न, नोबेल शांति पुरस्कार से सम्मानित, स्नेह, सेवा, त्याग एवं करुणा की प्रतीक मदर टेरेसा जी की पुण्यतिथि पर शत शत नमन। #MotherTeresa https://t.co/KCtf2DjAHC|
155659213|832921226909671424|1169539307213688832|Join campaign against single-use plastic, motivate students too: PM Shri @narendramodi Ji to say in mail to teachers. #TeachersDay2019  #saynotoplastic https://t.co/uEZog7yrri|
155659213|832921226909671424|1169491634242764800|अद्भुत साहस और वीरता का प्रतीक 23 वर्ष की आयु में की आतंकवादियों से लड़कर वीरगति को प्राप्त हुई,अशोक चक्र से सम्मानित भारत की बेटी नीरजा भनोट की पुण्यतिथी पर शत शत नमन! https://t.co/Xh7uI2CP5Z|
155659213|832921226909671424|1169482366961647618|On this #TeachersDay, let us all pay tribute to a great leader, Dr. Sarvepalli Radhakrishnan. Salute all teachers for their dedication and commitment to nurturing young minds and nation building.|
155659213|832921226909671424|1169482209360662528|"शिक्षा का अंतिम लक्ष्य ऐसे व्यक्तित्व का निर्माण होना चाहिए जो ऐतिहासिक कारणों से निर्मित परिस्थितियों और विपत्तियों से संघर्ष कर सकें" -डॉ.सर्वपल्ली राधाकृष्णन#शिक्षकदिवस#TeachersDay2019#HappyTeachersDay2019 https://t.co/bPWB07PjG1|
155659213|832921226909671424|1169464001534676994|भारत के सबसे स्वच्छ शहर हमारे अपने इंदौर के लिए एक और गर्व का क्षण।विश्व के 72 देशों ने इंदौर की "कचरे से ऊर्जा निर्मिति"  मॉडल को अपनाने का निर्णय लिया है। इस हेतु संयुक्त राष्ट्र संघ द्वारा प्रस्ताव पारित किया गया है। #Indore#SwachhBharat https://t.co/xr2CZp7WRg|
155659213|832921226909671424|1169192300536315905|@BJP4India के वरिष्ठ नेता, हमारे मार्गदर्शक, पूर्व मुख्यमंत्री श्री कैलाश जोशी जी से उनके आवास पर भेंट की एवं उनके स्वास्थ्य की जानकारी ली।ईश्वर से आपके शीघ्र स्वास्थ्य लाभ की कामना करती हूं। @BJP4MP #KailashJoshi https://t.co/sXIEJBT5yV|
155659213|832921226909671424|1168872772858040321|मोटे अनाज को पिछले वर्ष भारत सरकार ने ‘पोषक अनाज’(Nutricereals) नाम दिया है।यह हमारी परंपरागत खेती का हिस्सा हुआ करता था,साथ ही हमारी आहार संस्कृति में भी इसे महत्व था। आज समय की आवश्यकता है कि हमे #MilletsForHealth, #MilletsForIndia को जनआंदोलन बनाना होगा।https://t.co/hDyngGJSox|
155659213|832921226909671424|1168808700191993857|आज मध्यप्रदेश राजभवन में महामहिम राज्यपाल श्री लालजी टंडन जी से शिष्टाचार भेंट की। @GovernorMP https://t.co/nYGJ1sLc6g|
155659213|832921226909671424|1168755575406190597|#Patalkot – Village From Nature world – awaits your visit with its surprisingly beautiful terrains and breathtaking views.It is a valley that lies buried in the plush green covers of vegetation in Satpura range at an elevation of over 3000 feet. #BharatDekho#MPDekho https://t.co/bABfkNxwS6|
155659213|832921226909671424|1168363996644302848|विघ्नेश्वराय वरदाय सुरप्रियाय लम्बोदराय सकलाय जगद्धितायं। नागाननाय श्रुतियज्ञविभूषिताय गौरीसुताय गणनाथ नमो नमस्ते॥आप सभी को #गणेशचतुर्थी की हार्दिक शुभकामनाएँ! विघ्नहर्ता भगवान श्री गणेश हम सभी पर अपना आशीर्वाद बनाये रखें यही मंगलकामना। #GaneshChaturthi#GanpatiBappaMorya https://t.co/HYcd1ynfwU|
155659213|832921226909671424|1168081359497306112|तामिलनाडु की वरिष्ठ नेता श्री @DrTamilisaiBJP जी को तेलंगाना की राज्यपाल नियुक्त किए जाने पर हार्दिक शुभकामनाये ! निश्चित ही आपके कुशल मार्गदर्शन मे प्रदेश विकास की नई ऊंचाइयो को छुएगा!|
155659213|832921226909671424|1168081277632819200|वरिष्ठ नेता, पूर्व केंद्रीय मंत्री श्री @Dattatreya जी को हिमाचल प्रदेश के राज्यपाल नियुक्त किए जाने पर हार्दिक शुभकामनाये ! निश्चित ही आपके कुशल मार्गदर्शन मे प्रदेश विकास की नई ऊंचाइयो को छुएगा!|
155659213|832921226909671424|1168081129200480256|वरिष्ठ नेता एवं उत्तराखण्ड के पूर्व मुख्यमंत्री श्री @BSKoshyari जी को महाराष्ट्र के राज्यपाल नियुक्त किए जाने पर हार्दिक शुभकामनाये ! निश्चित ही आपके कुशल मार्गदर्शन मे प्रदेश विकास की नई ऊंचाइयो को छुएगा! https://t.co/vyyAY25Iy6|
155659213|832921226909671424|1168080495864877056|पूर्व केंद्रीय मंत्री श्री @arifmohammadk जी को केरल के राज्यपाल नियुक्त किए जाने पर हार्दिक शुभकामनाये ! निश्चित ही आपके कुशल मार्गदर्शन मे प्रदेश विकास की नई ऊंचाइयो को छुएगा! https://t.co/OTdMMDuvUn|
155659213|832921226909671424|1168079213573890049|वरिष्ठ नेता एवं हमारे मार्गदर्शक श्री @KalrajMishra जी को राजस्थान के राज्यपाल नियुक्त किए जाने पर हार्दिक शुभकामनाये ! निश्चित ही आपके कुशल मार्गदर्शन मे प्रदेश विकास की नई ऊंचाइयो को छुएगा! https://t.co/nDnqcB0Ztl|
155659213|832921226909671424|1168045789035323392|देश से कुपोषण को मिटाने के लिए आज से राष्ट्रीय #PoshanMaah शुरू हो रहा है,आइये हम सब मिलकर मान.प्रधानमंत्री श्री @narendramodi जी की परिकल्पना के अनुरूप एक मिशन के रूप में इस अभियान को आगे बढ़ाते हुए इसे सफल बनाये। #PoshanAbhiyan #SahiPoshanDeshRoshan #SaafNiyatSahiVikas https://t.co/KmH7MtvW8U|
155659213|832921226909671424|1168045401745711104|प्रधानमंत्री श्री @narendramodi जीके संकल्प के अनुसार #PoshanMaah अंतर्गत विभिन्न गतिविधियों का आयोजन किया जा रहा है।पोषण को जन-आंदोलन बनाना समय की मांग है तथा यह वास्तविकता है कि जिन मुद्दों को समाज स्वीकार करता है,वही जन-आंदोलन का रुप लेते हैं। सरकार केवल उत्प्रेरक हो सकती है। https://t.co/2wCe7rEo4T|
155659213|832921226909671424|1168022013731987458|आप सभी 'पोषण माह 2019' उत्सव के साथ जुड़कर भारत को कुपोषण मुक्त बनाने में योगदान दें: प्रधानमंत्री श्री @narendramodi जी।#PoshanMaah2019 #SahiPoshanDeshRoshan#ThankyouAnganwadiDidi #JanAndolan #POSHANAbhiyaan https://t.co/0eWN7KeS27|
155659213|832921226909671424|1168021998968041473|प्रधानमंत्री आवास योजना (शहरी) के द्वारा शहरी गरीबों को घर उपलब्ध करा सशक्त बनाने के लिए संकल्पित मोदी सरकार।शहरी क्षेत्रों में गरीबों के लिए 2.99 लाख किफायती घरों के निर्माण को मंजूरी।इस योजना के अंतर्गत मकानों की कुल संख्या‍ 88 लाख से अधिक हो जाएगी। https://t.co/AFVRCFCjRm|
155659213|832921226909671424|1167804667121717248|आज समय की भी यह आवश्यकता है कि हम सब मिलकर #JalJagranJanJagran को अपनी जीवनचर्या का हिस्सा बनाये एवं अपने अपने स्तर पर जल संचय -जल संवर्धन की दिशा में कार्य करे जिससे हम अपनी आनेवाली पीढयों को उज्ज्वल भविष्य दे सकें। 6/6 https://t.co/3f1cGhFdUp|
155659213|832921226909671424|1167804074747559937|हमारे प्रधानमंत्री श्री नरेंद्र मोदी जी भी सभी से #JalShaktiAbhiyan से जुड़कर जल संचय, जल संरक्षण और जल संवर्धन पर कार्य करने का आग्रह कर रहे हैं। 5/6 https://t.co/VXAQTbneBf|
155659213|832921226909671424|1167802362905317376|वास्तव में यह तालाब निर्माण अभियान इस बात का द्योतक है कि हम सब अगर चाहे तो 'जलशक्ति अभियान' को 'जनशक्ति अभियान'  बना सकते हैं, जरूरत है तो दृढ़ इच्छाशक्ति एवं सकंल्प की ।#JalShaktiAbhiyan 4/6 https://t.co/w6n4qHd8EN|
155659213|832921226909671424|1167801787329347584|अब इसमें पूरे वर्ष जल रहता है, तालाब हेतु डूब में आ रही स्वयं की जमीने किसानों ने  स्वेच्छा से दी ही। इस तालाब निर्माण से क्षेत्र में यह धारणा खत्म हो गई है कि सरकार ही तालाब का निर्माण कर सकती है।अब हम खुद भी तालाबों का निर्माण कर जल को संरक्षित कर सकते है#JalShaktiAbhiyan 3/6 https://t.co/wpKVCcCgcZ|
155659213|832921226909671424|1167800902842867713|इस तालाब निर्माण हेतु काली मिट्टी झाबुआ जिले के मेघनगर के फुटतलाव से लेकर आए और जमीन खोदकर इसमें बिछाई। 28 दिनों तक अलग-अलग पालियों में कम से कम 80 से100 और अधिक से अधिक 250 से 300 ग्रामीणों ने श्रमदान कर इस तालाब निर्माण के अभियान को सार्थक किया। #JalShaktiAbhiyan 2/6 https://t.co/ZyDDfQbEg6|
155659213|832921226909671424|1167800480719720449|आज झाबुआ जिले के ग्राम राखड़िया के  झाडाडाबर फालिया में पद्मश्री श्री महेश जी शर्मा जी के प्रेरणा से एवं उनके नेतृत्व में शिवगंगा ग्राम विकास समिति के सानिध्य सेपुनिया जी भूरिया पटेल ने 28 दिन में तालाब का निर्माण कर दिया।#JalShaktiAbhiyan 1/6 https://t.co/sfTf9A7BkF|
155659213|832921226909671424|1167794908456873985|@BJP4India के राष्ट्रिय मीडिया सह-प्रभारी, बिहार विधान परिषद के सदस्य श्री @drsanjaymayukh जी को जन्मदिवस की हार्दिक शुभकामनाएं। ईश्वर से आपके उत्तम स्वास्थ्य एंव दीर्घायु की कामना करती हूँ।|
155659213|832921226909671424|1167766471851700224|गुरुग्रंथ साहिब जी के प्रकाश पर्व की आप सभी को हार्दिक बधाई एवं शुभकामनायें l#GuruGranthSahib #PrakashParv https://t.co/QP5bF1szww|
155659213|832921226909671424|1167702695895085066|भाजपा राष्ट्रीय कार्यकारी अध्यक्ष श्री @JPNadda जी पलामू, झारखंड में 'उज्ज्वला दीदी सम्मेलन' को संबोधित करते हुए। https://t.co/15G1m30Bt1|
155659213|832921226909671424|1167427575880146948|वास्तव में यह हम सब के लिए ऐतिहासिक और सुखद क्षण है। आज हमारे भाजपा परिवार में #संगठन_पर्व_सदस्यता_अभियान के सफल क्रियान्वयन के साथ ही सात करोड़ नए सदस्य जोड़े लिए है। अब @BJP4India के सदस्यों की संख्या 18 करोड़ से ऊपर पहुँची। सभी को हार्दिक शुभकामनाएं। #BJPMembership https://t.co/kasC2L8HIP|
155659213|832921226909671424|1167340015447228417|The essence of New India is how the people of India have risen above self-interest to societal interest.There is a sincere desire not only to be a spectator of India’s transformation but also to play their part in it: PM Shri @narendramodi ji https://t.co/Gd3gQ1qLTF|
155659213|832921226909671424|1167339887449632768|आज हम देखते हैं कि जिस भोजन को हमने छोड़ दिया, उसको दुनिया ने अपनाना शुरु कर दिया है।जौ, ज्वार, रागी, कोदो, सामा, बाजरा, सांवा, ऐसे अनेक अनाज कभी हमारे खान-पान का हिस्सा हुआ करते थे।लेकिन अब ये सब चीजें हमारी थालियों से गायब हो गई हैं: प्रधानमंत्री श्री @narendramodi जी https://t.co/l4ZENBPtb1|
155659213|832921226909671424|1167327574143275009|हमारे वरिष्ठ नेता और केंद्रीय कानून मंत्री श्री @rsprasad जी को जन्मदिवस की हार्दिक शुभकामनाएं। मैं ईश्वर से आपके उत्तम स्वास्थ्य एंव दीर्घायु की कामना करती हूँ। https://t.co/ZydJ85tnUU|
155659213|832921226909671424|1167279829210656768|PM Shri @narendramodi ji will address Manorama News Conclave 2019 today at 10 am.Watch Live at • https://t.co/y68Gnu87uD • https://t.co/j9dyur4dBo • https://t.co/hchQIecIVr|
