155659213|1058415288|1177648943011782656|Brilliant Speech.. “भारत युद्ध का नहीं बुद्ध का देश है”PM Shri @narendramodi @UNGA#ModiAtUNGA #ModiUNGASpeech https://t.co/KANERi7Jce|
155659213|1058415288|1177453678711603201|American CEOs bullish on India after meeting with PM ⁦@narendramodi⁩ at Business Summit...Come to India  https://t.co/5JfXKyXv6n https://t.co/8CqrlVI7DK|
155659213|1058415288|1177444509845602306|#WorldTourismDay2019 https://t.co/vjPMwuiPzq|
155659213|1058415288|1177433322533769217|@saxenankur79 @narendramodi @CMOFFICEHP @hp_tourism @MinOfCultureGoI @tourismgoi @BJP4Himachal @prahladspatel @pspoffice Will request our @CMOFFICEHP that you get the product in your state MP..In fact it should be available in every state..|
155659213|1058415288|1177431217865576449|@dinesh_chawla 🙏🙏|
155659213|1058415288|1177424816892076032|Few sweet memories..!! #WorldTourismDay2019 https://t.co/XWz2kap1Zq|
155659213|1058415288|1177256283507810304|@vibhask1 Do pluck only one 😊|
155659213|1058415288|1177244117010538496|On the occasion of ‘World Tourism Day’Take a sweet bite of delicious Himachal Apple 🍏 🍎 Enticing taste of Himachal..!!27th -28th Sep 2019 At The Ridge, Shimla Do come to Himachal 😊 https://t.co/TcczglyrWa|
155659213|1058415288|1177189938032300033|Ayushman Bharat, a ‘Tectonic-Shift’ in healthcare..#AyushmanBharat ⁦@narendramodi⁩ ⁦⁩⁦@drharshvardhan⁩ @BJP4India  https://t.co/ggTkfD0LFi https://t.co/e9lwzRK7By|
155659213|1058415288|1176871959570731008|मोदी है तो मुमकिन है#ModiHaiNa https://t.co/1cdAaiGNEg|
155659213|1058415288|1176748034815709184|नमन 💐💐“हमारे राष्ट्रीयता का आधार भारत माता है सिर्फ भारत नहीं, माता शब्द हटा लीजिये तो भारत मात्र एक ज़मींन का टुकड़ा रह जायेगा” पंडित दीनदयाल उपाध्याय जी#DeenDayalUpadhyay https://t.co/XnyvZ5EcI6|
155659213|1058415288|1176723428633526272|PM ⁦@narendramodi⁩ Modi gave message on terror to Pak loud and clear: President ⁦@realDonaldTrump⁩Indeed #ModiHaiNa #ModiInUSA https://t.co/9ZvQ5OlxhB https://t.co/xFolEcDT1z|
155659213|1058415288|1176722494729752576|‘Women benefitted the most’PM ⁦@narendramodi⁩ receives award for Swacch Bharat campaign..#SwachhBharatAbhiyaan#GoalKeepersAward  https://t.co/wSl5Q7Rzua https://t.co/LQXbAM1WWM|
155659213|1058415288|1176721836312154112|PM ⁦@narendramodi⁩ inaugurates Gandhi Solar Park at @UN headquarters https://t.co/wMoJOJXb3X https://t.co/O0vUKWXyIU|
155659213|1058415288|1176721491766870016|Proud moment for IndiaPM Shri ⁦@narendramodi⁩   receives ‘Goalkeepers Award’ for Swachh Bharat Abhiyan#ModiHaiNa#SwachhBharat#GoalkeepersAward #ModiInUSA  https://t.co/LL7fGmUisO https://t.co/z8uC7xx1WU|
155659213|1058415288|1176404588968075264|Do send five non-Indian families to #India as tourists every year..PM ⁦@narendramodi⁩ #IncredibleIndia #HowdyModi #ModiInHouston ⁦⁦@tourismgoi⁩ ⁦@hp_tourism⁩ ⁦@CMOFFICEHP⁩ https://t.co/FFMOnbolFx|
155659213|1058415288|1176401394435182592|@UNIndia has taken historic steps to ensure universal healthcare affordable..PM ⁦@narendramodi⁩#UN #AyushmanBharat https://t.co/Qxq5Er2u4V https://t.co/XYAEzEeF0I|
155659213|1058415288|1176399572291084289|PM ⁦@narendramodi⁩ asks @UN member states to join coalition for disaster resilient infrastructure.. https://t.co/oSg58FL2qq https://t.co/3uALtm2QIc|
155659213|1058415288|1176399039094374400|India's experience in affordable healthcare is available for use to all developing nations: PM Shri ⁦@narendramodi⁩  ⁦#UN @UN⁩ @PMOIndia⁩https://t.co/J7aYgAwJxl https://t.co/06YNQhNTVe|
155659213|1058415288|1176058463908052994|वो जो मुश्किलों का अम्बार है, वही तो मेरे हौसलों की मीनार है ..#HowdyModi⁦@narendramodi⁩ ⁦@PMOIndia⁩ #ModiInHouston #ModiInUSAhttps://t.co/baQEtvfdne https://t.co/erT0LO6usU|
155659213|1058415288|1176016262310195200|#HowdyModi EventStanding ovation for MPs  who supported abrogation of #Article370, 35A in the Indian Parliament..!! #ModiInHouston #ModiInUSA https://t.co/zrP5mTauhW|
155659213|1058415288|1175639707868286978|#UN praises India for climate action, says ⁦@narendramodi⁩ govt making fantastic efforts.. https://t.co/17mhzTjGKj⁦@UN⁩ ⁦@PMOIndia⁩ ⁦@MEAIndia⁩ #HowdyModi https://t.co/yScOKHkBoK|
155659213|1058415288|1175638896752746496|‘Blockbuster Friday’ Announcements for India Inc will have ripple effect on real estate too: CREDAI #SundayMotivation⁦@narendramodi⁩ ⁦@FinMinIndia⁩ https://t.co/hilonVQG88 https://t.co/6X1ki7LEay|
155659213|1058415288|1175638000144801792|US Corporate Sector Hails India's Move to Slash Income Tax Rate for Companies..#HowdyModi#ModiInHouston ⁦@narendramodi⁩ ⁦@PMOIndia⁩⁦@MEAIndia⁩ https://t.co/ovFhsmHPvt https://t.co/QwcAPKWsNU|
155659213|1058415288|1175636574597304320|PM ⁦@narendramodi⁩ in the US: PM Modi had a ‘fruitful’ meeting with CEOs from energy sector..MEA#HowdyModi ⁦⁦@PMOIndia⁩ @MEAIndia⁩  https://t.co/hSO6bXnl47 https://t.co/0SDSjnaN3r|
155659213|1058415288|1175633921003814918|PM ⁦@narendramodi⁩ receives warm welcome by Indian community in #Houston  #HowdyModi https://t.co/kL1hR9b1xr https://t.co/qgVxmCsgxy|
155659213|1058415288|1175633418534522880|50,000 strong crowd to cheer PM Shri ⁦@narendramodi⁩ at ‘Howdy Modi’ in #Houston..#HowdyModi https://t.co/Up6tS2DcJP https://t.co/1V1ihugNOx|
155659213|1058415288|1174968375086239745|#AyushmanBharat https://t.co/DLo9eTDI4B|
155659213|1058415288|1174941850269937664|Either do write something worth reading or do something worth writing, Mr Gandhi..!!#HowdyModi A tight kick from his own party colleague, @ShashiTharoor ...👇 https://t.co/L5wDfiZBSd|
155659213|1058415288|1173900036440088578|PM Shri @narendramodi having lunch with Mother..!!With Lots of blessings &amp;Maa ke Haath ka khana..🙏#HappyBdayPMModi https://t.co/7WrpnZePFc|
155659213|1058415288|1173865528240168960|Delighted at President Trump's gesture: PM ⁦@narendramodi⁩ on US President attending 'Howdy, Modi'#HappyBdayPMModi#HowdyModi https://t.co/2VqVkUagKXvia NaMo App https://t.co/MUwbpbBZMl|
155659213|1058415288|1173865067852419072|Ahead of Houston eve, PM ⁦@narendramodi⁩ asks public for speech ideas.. #HowdyModi #HappyBdayPMModi https://t.co/DG5QlSx0nC https://t.co/r5rHe6Hxry|
155659213|1058415288|1173864629451157504|'Faster and Sleeker'#NaMoApp gets an update ahead of PM Shri ⁦@narendramodi⁩’s Birthday 🎁🎁💐💐#HappyBdayPMModi https://t.co/pNzkKh83Ck https://t.co/OHY0g2EVoW|
155659213|1058415288|1173778198661742592|तेज जगे तेजस्वी हों,मन खिल जाये मनस्वी हों!ओज बढ़ें ओजस्वी हों, जहाँ रहें वर्चस्वी हों..प्रधान मंत्री श्री नरेंद्र मोदी जी, जन्मदिवस की हार्दिक शुभकामनाएं..💐💐#HappyBdayPMModi https://t.co/wd0n4ba777|
155659213|1058415288|1173479515529437184|Indian Railways longest electrified tunnel helps save up to Rs 7.5 lakh per rake – a game-changing project.. https://t.co/GqbHgTkq8A https://t.co/IgZnWkaaZc|
155659213|1058415288|1173436730147393536|#HimachalPradeshअब एक फ़ोन कॉल पर हो सकेगा समस्या का समाधान..1100 (टोल फ्री नंबर )#मुख्यमंत्रीसेवासंकल्प #CMSevaSankalp https://t.co/lfI9UZt8jN|
155659213|1058415288|1173288271658418176|जागो ग्राहक जागोConsumers know your rights..!! https://t.co/IsqgfA44G8|
155659213|1058415288|1173140945723740160|India jumps 11 spots on Global Economic Freedom index  #MODIfied100https://t.co/VdOQXKCyIZ https://t.co/qyHivE6eob|
155659213|1058415288|1173140633113903105|Good Governance https://t.co/m7NxxVrDE8|
155659213|1058415288|1173140000352813057|Government unveils 3rd eco booster, focuses on housing, exports..#MODIfied100 https://t.co/uRwM4Lhx6k https://t.co/ZwBJgk9ZVl|
155659213|1058415288|1173139772023300096|#AyushmanBharat A boon for the poor..!!Greatest initiative till date #MODIfied100 https://t.co/s8jcZtEu0N https://t.co/7MTCkoHFjC|
155659213|1058415288|1173138440847626241|'Mood of the Nation' SurveyIndians 'highly positive' about country a decade from now.. #SundayMotivation #MODIfied100https://t.co/sAtHbrDNzPvia NaMo App https://t.co/ZEHi9vRHVV|
155659213|1058415288|1173137907042811904|Government announces ₹50,000 crore overhaul of export tax refund scheme..Super initiative #MODIfied100 https://t.co/wI7ECiBnf1 https://t.co/RUOzrRdh3w|
155659213|1058415288|1173137475381841920|Relief to homebuyers! Government to contribute Rs 10,000 crore to fund stalled projects..Great initiative #MODIfied100 https://t.co/mkyM20glp7 https://t.co/Tin66AIIyy|
155659213|1058415288|1172805548686761989|576 Shawls, 964 Angavastrams, 88 Turbans Among 2,700 Mementos that PM Shri ⁦@narendramodi⁩ Received Up for Auction..!!Indeed Commendable gesture 💐💐 https://t.co/QpJK9jq0eY https://t.co/uz1QgMV1hB|
155659213|1058415288|1172805126433562625|576 Shawls, 964 Angavastrams, 88 Turbans Among 2,700 Mementos that PM Modi Received Up for Auction..!!Commendable gesture 💐💐 https://t.co/QpJK9jq0eY https://t.co/yNe6agtDhz|
155659213|1058415288|1172804223961976832|Fight menace of single-use plastic, PM Shri ⁦@narendramodi⁩ writes to village heads..#SayNoToPlastic https://t.co/as2vIN41fk https://t.co/j7OrSBvyfQ|
155659213|1058415288|1172803370194624512|After the introduction of Pradhan Mantri Ujjwala Yojana cutting of trees for fuel reduced drastically.. #PMUY #UjjwalaYojana https://t.co/eV4mb0152X|
155659213|1058415288|1172798003356155904|Over 60 prominent US lawmakers to attend “Howdy Modi!” event https://t.co/WhloAjyEUNvia NaMo App https://t.co/uXModeuz8E|
155659213|1058415288|1172797122812379136|Cave bookings spike after PM Shri ⁦@narendramodi⁩’s17-hour meditation in Kedarnath.. https://t.co/NFsqKNm3l2 https://t.co/sji5PCQbmt|
155659213|1058415288|1172789266088226816|@AmRangra @ashok_jaswal @narendramodi @JPNadda @jairamthakurbjp @BJP4India @BJYM @BJPLive 👍|
155659213|1058415288|1172764592025399296|@AmRangra @ashok_jaswal @narendramodi @JPNadda @jairamthakurbjp @BJP4India @BJYM @BJPLive This Bilaspur is in Chhattisgarh, positive side is if successful, India can export it where it is viable..|
155659213|1058415288|1172762242586046464|@chandan7867 🙏🙏|
155659213|1058415288|1172761862259146752|Sacredly Magical, Beautiful Expressions..!!#SaturdayMotivation https://t.co/sqYcYnYMUl|
155659213|1058415288|1172439773132115969|Government is 'kaamdaar' and 'damdaar', says PM Shri ⁦@narendramodi⁩ #MODIfied100#NewIndiaNewMomentum https://t.co/cxrdUZzTUZ https://t.co/TNAF9JpCWo|
155659213|1058415288|1172439104300011520|PM Shri ⁦@narendramodi⁩ launches 'Pradhan Mantri Kisan Maan Dhan Yojana' from Ranchi..!! #MODIfied100#AnnDaataSukhiBhava#NewIndiaNewMomentum  https://t.co/VVW3TJiK37via NaMo App https://t.co/LSpY7c5ufU|
155659213|1058415288|1172438025478950918|In 4 years, India jumps 18 spots on ‘World Tourism Index’#IncredibleIndia #UnforgettableIndia ⁦@narendramodi⁩ ⁦@pspoffice⁩⁦@jairamthakurbjp⁩ ⁦@hp_tourism⁩ https://t.co/zYJsevohcP https://t.co/Wjb56ESHvk|
155659213|1058415288|1172436498664153089|#SaveEnvironment Say 'no' to plastic: PM ⁦@narendramodi⁩ lauds Fever FM for its campaign..!!#SayNoToPlastic#NewIndiaNewMomentum  https://t.co/vbUCrYGFRK https://t.co/oMXNutr0he|
155659213|1058415288|1172434383099195393|‘Those who thought they're above law are now approaching courts for bail’ PM Shri ⁦@narendramodi⁩#ModiInJharkhand Indeed 100 days trailerFull movie yet to come..!!#MODIfied100#SaafNiyatSahiVikas#NewIndiaNewMomentum https://t.co/syfMjI6Jzfvia NaMo App https://t.co/VAh36lxlxc|
155659213|1058415288|1172431961974947840|#TransformingIndiaNataraja idol, smuggled to Australia, brought back to India after 37 years..#NewIndia #NewIndiaNewMomentum  https://t.co/ZijF7lA97P https://t.co/AIDRQKPz86|
155659213|1058415288|1172430913721946112|#MakeInIndia#India exporting Bulletproof Jackets of International Standard to over 100 nations..Indeed Simply woww #NewIndia#NewIndiaNewMomentum⁦@narendramodi⁩ ⁦@JPNadda⁩ ⁦@jairamthakurbjp⁩ ⁦@BJP4India⁩ ⁦@BJYM⁩ ⁦@BJPLive⁩ https://t.co/vRJyOESqm6|
155659213|1058415288|1172421744872673280|#MakeInIndiaबिलासपुर में स्कूली विद्यार्थियों के आविष्कारों का हो सकेगा व्यावसायिक उपयोग, मिली नीति आयोग की मंजूरी..#NewIndiaNewMomentum#SaafNiyaSahiVikas#NewIndia @narendramodi @JPNadda @jairamthakurbjp @BJP4India @BJYM @BJPLive https://t.co/rfD86c92xe|
155659213|1058415288|1172419634265411585|Proud moment #MakeInIndia#TransformingRailwaysSri Lanka flags off Pulathisi Express, a ‘Make In India‘ train..!!#NewIndia #NewIndiaNewMomentum#SaafNiyatSahiVikas  @narendramodi @JPNadda @jairamthakurbjp @BJP4India  https://t.co/9oigFwlxDC|
155659213|1058415288|1171082776772149248|Indeed Very touching..!!All school going kids must read this.. An inspiration to many, #Kanyakumari is all cheers for hometown boy K Sivan - #ISRO India’s Pride#Chandrayaan2 https://t.co/DVqaHVXZIf|
155659213|1058415288|1170992699022856195|देश को आप पर गर्व हैकारगिल युद्ध के नायक परमवीर कैप्टन विक्रम बत्रा जी के जयंती पर उन्हेंनमन 💐💐Either I will come back after hoisting the Tricolour, or will come back wrapped in it, but I will be back for sure  🙏🙏@adgpi #JaiHind #VikramBatra https://t.co/kqqkFRoJEm|
155659213|1058415288|1170644269398249472|@drsarangbani @isro Must listen to the heart 😊|
155659213|1058415288|1170628088436150273|@drsarangbani Sir , I have reason to smile..!!Vikram Lander spotted on Lunar Surface by Orbiter ..@isro #Chandrayaan2|
155659213|1058415288|1170625303137288194|#NewProfilePic https://t.co/41pBSuVuoY|
155659213|1058415288|1170622140976005121|Great news..!! Vikram Lander spotted on Lunar Surface by Orbiter..#ISRO #Chandrayaan2 #ProudOfISRO https://t.co/2cnn5oTcHd|
155659213|1058415288|1170237323100876800|#ISROIndia is with you 💐💐#IndiaIsProudOfISRO#Chandrayaan2The best is yet to come #Chandrayaan3 https://t.co/7wIpokplkv|
155659213|1058415288|1170203432470237185|The greatest motivator..Our PM Shri ⁦⁦@narendramodi⁩ Ji 🙏🙏To ISRO Team-‘I’m with you , The Nation is with you’ #ISRO #Chandrayaan2  https://t.co/vtuwAb3PwH|
155659213|1058415288|1170057858785800192|चंदा मामा से मुलाकात आज Chandrayaan 2 landing on South Pole of the Moon: Praying Vikram lander will manage well -those"terrifying" 15 min...#ISRO #Chandrayaan2#Chandrayan2https://t.co/kXH4diXjFq|
155659213|1058415288|1169582764934348800|#ChidambaramInTihar P Chidambaram to go to Tihar Jail..#ChidambaramKingpinStays5%GDP ??|
155659213|1058415288|1169465913906565120|‘Reaching new heights of cooperation through trust &amp; partnership’ #India exchanges 15 MoUs with #Russia in sectors like defence, oil &amp; natural gas, coal, air &amp; maritime connectivity, trade and investments, space etc. #ModiInRussia #DruzbaDosti https://t.co/a81UyHJCwR|
155659213|1058415288|1168908134284443649|Another congress neta arrested ..!! #5PercentJibe 😊 https://t.co/a62Na5YolX|
155659213|1058415288|1168854029138448384|#GujaratStall where PM Shri @narendramodi sold tea to be converted into a tourist spot..@prahladspatel @pspoffice @GujaratTourism @hp_tourism  https://t.co/QwBOpNMhsw|
155659213|1058415288|1168569094288752640|@avichal_mishra 🙏|
155659213|1058415288|1168391493431640064|ॐ गं गणपतये नम:गणेश चतुर्थी की मंगलमय शुभकामनाएँ !!#GanpatiBappaMorya https://t.co/4M81n7qp33|
155659213|1058415288|1168006954091859968|बधाई हो कल से स्विस बैंक में किन-किन भारतीयों का काला धन है, उसकी आधिकारिक जानकारी मिलनी शुरू हो जाएगी..!!भ्रष्टाचारियों में आतंक यूँही नहीं फैला है https://t.co/7Eqctg7udn|
155659213|1058415288|1167483837430939649|@sekar_991 Precisely|
155659213|1058415288|1167481592912048134|Financial Emergency?In 2014 UPA government left economy at 4.8 and inflation at double digit..Congress and the opposition parties are routed out in last two general elections.. Still not learnt a lesson? #EconomyRumble? https://t.co/WQjpR9mjzy|
155659213|1058415288|1166628425580339200|Willing to invest in #KashmirBR Shetty -NMC promising 1billion Dollars investment Yusuf Ali - lulu mall owner investing in Kashmir Shamsher Vaylil - owner of VPS healthcare planning opening medical university in Kashmir Along with Azad Moopen onwer Of Aster DM healthcare|
155659213|1058415288|1166626682113056768|Indian businessmen in the UAE pledge to support PM @narendramodi’s cause,Adoption of #RuPay, investment in #Kashmir top agenda..!!#NewIndia None ofThese investment was possible with #Article370 #Article35A @PIB_India @CMOFFICEHP @MPLadakhhttps://t.co/OqDXDNhVx0|
155659213|1058415288|1166238142409531392|Let’s say no to plastic 🙏#PlasticBan  #SaveEnvironment https://t.co/DHb475UnmJ|
155659213|1058415288|1166048736960602120|Politely draws a firm line..PM Shri @narendramodi , during a bilateral meeting with US President @realDonaldTrump  at #G7Summit, Says , ‘All Issues’ between India and Pakistan are‘Bilateral’ no scope for Third Party.. Picture of the day..!! https://t.co/TXT7rbY8P6|
155659213|1058415288|1165687062743269377|#RuPay comes to UAE, PM ⁦@narendramodi⁩ makes 'special purchase'#NewIndiaNewMomentumhttps://t.co/pUmYVuxBmo https://t.co/6J7ARq8XyY|
155659213|1058415288|1165128789623394304|@saxenankur79 🙏🙏|
155659213|1058415288|1164936275108888576|@RajkumaarPandey 🙏|
155659213|1058415288|1164936208192921600|@avichal_mishra 🙏|
155659213|1058415288|1164936135883120642|@vijaykkakkar 🙏|
155659213|1058415288|1164841051447676928|@harakhpura 🙏🙏|
155659213|1058415288|1164794367460032512|तू करता वही है जो तू चाहता हैपर होता वही  है जो मैं चाहता हूँ , तू कर वही जो मैं चाहता हूँ ,फिर होगा वही जो तू चाहता है..🙏🙏आप सभी को श्री कृष्ण #जन्माष्टमी की हार्दिक शुभकामनाएं ..#KrishnaJanmashtami https://t.co/DV5Wb2oGGV|
155659213|1058415288|1164586538920861696|Legacy of congressधारा 370 के मामले में कांग्रेस अलग-थलग है लेकिन भ्रष्टाचार के विषय में कांग्रेस एकजुट है..!! #ChidambaramTimeUp|
155659213|1058415288|1164539838533525510|Legacy of congress#CONgress’ top legal team couldn’t save #PChidamabaram , from CBI Lockup #ChidambaramLockedUp|
155659213|1058415288|1164531944618463233|Custody* 😊|
155659213|1058415288|1164526369591590913|Legacy of #CongressCBI gets #PChidamabaram’s cutody.. !! #ChidambaramArrested &amp;#ChidambaramLockedUp|
155659213|1058415288|1164369931476934656|@KanchanGupta Precisely|
155659213|1058415288|1164227994279268352|Legacy of #Congress#ChidambaramArrested by CBI after hour-long drama, 27-hour search https://t.co/bPMpH4InLK|
155659213|1058415288|1164149838474145792|Look out notice for #PChidambaram, FIR against Pranoy Roy &amp; his wife Radhika Roy..!! In a corrupt environment an honest person has a tough time, WhereasIn an honest environment the corrupt ones have a tough time..!! #ChidambaramWanted https://t.co/ROzX3sO2dO|
155659213|1058415288|1163772421041582080|#BJPMembership drive Shimla..!!साथ आएं देश बनाएं ..💐💐 https://t.co/nMRkQYgfzm|
155659213|1058415288|1163769213028188161|#BJPMembership drive Shimla..!!साथ आएं देश बनाएं ..💐💐 https://t.co/M7xlEe1cbj|
155659213|1058415288|1162531962503909376|@avichal_mishra 🙏|
155659213|1058415288|1162317116009115648|@IndiaToday 200% @narendramodi|
155659213|1058415288|1162302359831105536|#TripleTalaq petitioner Ishrat Jahan ties rakhi to PM Shri ⁦@narendramodi⁩ #HappyRakshabandhan⁦@BJP4India ⁦@BJYM⁩ ⁦⁦@BJPMahilaMorcha⁩https://t.co/lQFe3yM5AS https://t.co/zoD5vWpiUv|
155659213|1058415288|1162237655968448517|ठन गईठन गई मौत से ठन गई,जूझने का मेरा इरादा न था,मोड पर मिलेंगे इसका वादा ना था,रास्ता रोक कर वह खड़ी हो गई, यों लगा ज़िन्दगी से बड़ी हो गई..!!RememberingBharat Ratna, Former Prime Minister Shradhey #AtalBihariVajpayee Ji on his Punya Tithi 💐💐विनम्र श्रद्धांजलि https://t.co/oCnGMK1Puz|
155659213|1058415288|1162200942525026305|@narendramodi Definitely Sir|
155659213|1058415288|1161884268261339136|रक्षा बंधन की आप सभी को हार्दिक बधाई एवं शुभकामनाएं 💐💐#HappyRakshabandhan https://t.co/lWtUGnrACq|
155659213|1058415288|1161819548636475392|चलो फिर से आज वो नज़ारा याद कर लें शहीदों के दिल में थी वो ज्वाला याद कर लें जिसमें बहकर आज़ादी पहुंची थी किनारे देश भक्तों के खून की वो धारा याद कर लें ..वन्दे मातरम् सभी भारतवासियों को #स्वतंत्रतादिवस की हार्दिक शुभकामनाएं..💐💐#IndependenceDayIndia https://t.co/Vxc6mTCiUR|
155659213|1058415288|1161656976012537857|@avichal_mishra It is 😊|
155659213|1058415288|1161633705955221504|Mesmerising natural beauty..!!#SangrahValkey #Sirmaur Unforgettable #HimachalPradesh #HimachalTourismOfficial #ChalHimachal https://t.co/FBjVvdXu4K|
155659213|1058415288|1161615283171155969|@harakhpura @narendramodi @AmitShah |🇮🇳 🙏🙏|
155659213|1058415288|1160969767521378304|#ManVSWildFeaturingPM of largest democracy, India, @narendramodi,  indeed Incredibly adventurous documentary..!!Mountains, rivers, handmade makeshift boat,tigers, elephants, rains and amazing adventures of #IncredibleIndia Definitely deserves an #AcademyAward..@BearGrylls https://t.co/zSoW8nog3G|
155659213|1058415288|1159716237636562945|NASA says Earth is Greener 2day than 20Years ago thanks to India, ChinaIndia continues to break world records in tree planting, with 800,000 Indians planting 50 million trees in just 24hours ⁦@India4Climate⁩ ⁦@ClimateReality⁩ ⁦@UNFCCC⁩  https://t.co/2DWPQR04Sf|
155659213|1058415288|1159377273763405824|While the young congress netas are supporting revoking #Article370, the congress Old Guards like Rahul Gandhi, P Chidambaram, Azad are opposing it..!!#KashmirWithModi|
155659213|1058415288|1159368022273884160|Good news for #Jammu&amp;Kashmir ..!!Amul, Lemon Tree confirm inten to invest in J&amp;K..!!This will create massive job opportunities for our #Kashimiri Youth..!!#KashmirWithModi ⁦@narendramodi⁩ ⁦@PMOIndia⁩ ⁦@MPLadakh⁩ ⁦@PIB_India⁩  https://t.co/d8toksX6MC|
155659213|1058415288|1159346731705753602|While the young congress netas are supporting #Article370, the congress Old Guards like Rahul Gandhi, P Chidambaram, Azad are opposing it..!!#KashmirWithModi @MPLadakh  @Tejasvi_Surya|
155659213|1058415288|1159338307257393157|Congress and other opposition parties routed out in recent general elections, still not learnt a lesson? Unfortunate #Article370 #KashmirWithModi|
155659213|1058415288|1159336527496826881|What Gulam Nabi Azad is trying to say that for the past 70 years The #congress, mufti’s, Abdullah’s are getting support of the #Kashmiris by paying money?Indeed very insulting statement from a congress neta..#Article370Truth is #KashmirWithModi 💐💐 https://t.co/GCwIB0KecC|
155659213|1058415288|1158946932498325504|Last tweet of Adarniye Sushma Swaraj Ji..!! Till the last breath, She was thinking about the Betterment of our Great Nation India..🙏विनम्र श्रद्धांजलि 🙏💐💐 https://t.co/NgzXANzedN|
155659213|1058415288|1158684129283600384|@DrPuneet_Nandan 🙏|
155659213|1058415288|1158683494844751873|@DrPuneet_Nandan आप भी डॉक्टर साहेब 😊|
155659213|1058415288|1158680264224079872|#NewProfilePic https://t.co/X1gem5zaYr|
155659213|1058415288|1158650851180683265|@AmazonHelp The help line number not working do DM CONTACT NUMBER|
155659213|1058415288|1158644482243305472|Ordered five items of Plants , Received the products rotten and dried up... Amazon India must maintain quality hope I get refund @AmazonNews_IN|
155659213|1058415288|1158630625395372032|@upma23 🙏🙏|
155659213|1058415288|1158617125977653248|Meditation pep up my soul 😊 https://t.co/ra0ySQsDIe|
155659213|1058415288|1158604796519038976|1) #OROP2) #Demonetisation- All corrupts were sent to the dump3) #GST One nation one tax4) #SurgicalStrike 5) #Balakot6) Second Term #LandSlideVictory7) #TripleTalaq 8) #Article370Scrapped #ModiIntegratesKashmir9 #Artical35A #AmitShahRocks What next ? 🙏 https://t.co/YOUgVVPmtU|
155659213|1058415288|1158439339203784707|Take care #HimachalPradesh https://t.co/NzaLXLQfqh|
155659213|1058415288|1158331398589018112||🇮🇳एक विधान, एक प्रधान, एक निशान ..!!लद्दाख, जम्मू कश्मीर से कन्या कुमारी तक भारत एक..!! |🇮🇳एक भारत श्रेस्ठ भारत..!! |🇮🇳सभी भारत वासियों को हार्दिक बधाई एवं शुभकामनाएं..!!💐💐#Article370 Revoked Vande Mataram#ModiIntegratesKashmir https://t.co/R186Ay0jcw|
155659213|1058415288|1156962932061700096|#UnforgettableHimachalThe one who follows the crowd will usually get no further than the crowd. The one who walks alone is likely to find himself in places no one has ever been..!!#HimachalTourismOfficial#IncredibleHimachal#ChalHimachal  Bravest Man😊 https://t.co/gY7D1oyWqr|
155659213|1058415288|1156941695633612800|#UnforgettableHimachalHeritage village Kalpa, Kinnaur, #HimachalPradesh #HimachalTourismOfficial Photo courtesy Phayul-K#IncredibleIndia Majestic..!! https://t.co/9UtaSqKoRZ|
155659213|1058415288|1156535928338309120|Forget abt rider they serve ‘Lipped Food’..!!#Zomato agent eating food meant for delivery, video goes viral ..!! https://t.co/qeNpGVMMkp @economictimes|
155659213|1058415288|1156511542633889792|Jammu &amp; KashmirCentre govt clears 10% Quota for economically weaker sections..!! Sabka Saath, Sabka Vikas, Sabka Vishwas https://t.co/x3OJjI8akx|
155659213|1058415288|1156208361668399106|Unprecedented victory for Muslim Women..!!Triple Victory for @narendramodi govt..!!1) #TripleTalaqOver2) 57 opposition MPs abstained3) 5 #CONgress MPs ignored whip and abstained from voting..!! #TripleTalaqScrapped https://t.co/4BM3urFqmN|
155659213|1058415288|1156059498382909440|@narendramodi @BearGrylls @DiscoveryIN #IncredibleHimachalhttps://t.co/doHcmTWq7B|
155659213|1058415288|1155792162597945345|Keep close to Nature’s Heart, break away once in a while, climb a mountain or spend a week in the woods. Wash your Soul Clean..😊 #BeautifulKinnaur #HimachalPradeshPhoto courtesy Phayul K#IncredibleHimachal #IncredibleIndia  #HimachalTourismOfficial Simply Majestic..!!👇 https://t.co/GPlnlmQSyH|
155659213|1058415288|1155754707760996352|@dinesh_chawla You are most welcome, but I’m in the capital 😊|
155659213|1058415288|1155392794023747584|https://t.co/DsyFyCBW7I|
155659213|1058415288|1155390366486425600|#BeautifulKinnaur #HimachalPradeshBeautiful Nako Lake#IncredibleHimachal #IncredibleIndia  #HimachalTourismOfficial https://t.co/jFxNA60b8G|
155659213|1058415288|1155388566383390720|#BeautifulKinnaur #HimachalPradeshSignature of ‘Innovative Engineering..!!#IncredibleHimachal #IncredibleIndia  #HimachalTourismOfficial https://t.co/uTttwiEsqn|
155659213|1058415288|1155088169601134594|Beautiful #HimachalPradesh#IncredibleHimachal#IncredibleIndia#HimachalTourismOfficial https://t.co/LiUTnU0j72|
155659213|1058415288|1154995471024193537|Railways earned ₹140 cr from sale of platform tickets in 2018-19 #TransformingRailways#TransformingIndia⁦@PiyushGoyal⁩ ⁦@BJP4India⁩⁦@BJYM⁩ ⁦@BJPLive⁩ ⁦@BJPMahilaMorcha⁩ ⁦@BJP4Himachal⁩https://t.co/mCGZyqiOjq https://t.co/bVqZxHFX3u|
155659213|1058415288|1154993341697626113|#PMAY Pradhan Mantri Awas Yojana: Govt approves construction of 1.4 lakh more houses..#TransformingIndia#NewIndiaNewMomentum⁦@BJP4India⁩ ⁦@BJPLive⁩ ⁦@BJYM⁩ ⁦@BJPMahilaMorcha⁩https://t.co/WL5pzhyMqX https://t.co/QHSnaeIUuy|
155659213|1058415288|1154590423848853506|@sekar_991 @colvks @benmoha @Ltd_To_Two @DaviesBooks @davidfrawleyved @MOutfield @GaryLoper @manoramash @Dr_M_Dutt @KEYESEN2000 @ksranaji Reciprocate the same 🙏|
155659213|1058415288|1154273893235871744|@Daringbaz07 @narendramodi @JPNadda @BJP4India @CMOFFICEHP @satpalsattibjp @BJP4Himachal @PavanRanaRSS @BJPLive 🙏🙏|
155659213|1058415288|1153704423752777728|@DrPuneet_Nandan @narendramodi @JPNadda @BJP4India @CMOFFICEHP @satpalsattibjp @BJP4Himachal @PavanRanaRSS @BJPLive 🙏🙏|
155659213|1058415288|1153703483192664064|@DrPuneet_Nandan @narendramodi @JPNadda @BJP4India @CMOFFICEHP @satpalsattibjp @BJP4Himachal @PavanRanaRSS @BJPLive 🙏 😊|
155659213|1058415288|1153702808366903296|#SadasytaParv2019 Fingask Estate, Shimla #HimachalPradesh..Sabka Sath, Sabka Vikas, Sabka Vishwas.. #NewIndia#BJPMembership https://t.co/04pMYQ3g1y|
155659213|1058415288|1153510597431926784|@harishchawla49 @narendramodi @JPNadda @CMOFFICEHP @BJP4India @BJP4Himachal @satpalsattibjp @PavanRanaRSS 🙏|
155659213|1058415288|1152998286824882177|@DrPuneet_Nandan @narendramodi @JPNadda @CMOFFICEHP @BJP4India @BJP4Himachal @satpalsattibjp @PavanRanaRSS 🙏🙏|
155659213|1058415288|1152966008782462976|#SadasytaParv2019 National Award Winner, renowned photographer Shri Rajeev Sikka with family members joined BJP today in Fingask Estate, Shimla #HimachalPradesh..Sabka Sath, Sabka Vikas, Sabka Vishwas.. #NewIndia#BJPMembership https://t.co/Jz3bV1ebTR|
155659213|1058415288|1152785774841958401|Suprabhat Do dial 8980808080You will receive your registration number via sms &amp; link, you can register and get your e-card (iCard) https://t.co/mWdKLrlXDg|
155659213|1058415288|1152527505242255361|संगठन पर्व सदस्यता  अभियान 2019Do register to become the world’s largest family, The Bharatiya Janata Party..Do dial 8980808080साथ आएं, देश बनाएं #BJPMembership  #BJPMembership2019 ￼#NewIndiaNewMomentum#SaafNiyatSahiVikas https://t.co/YOkL1zjXxL|
155659213|1058415288|1152469104772562944|Jai Hind 🙏 https://t.co/CRZNHnsxDu|
155659213|1058415288|1151312922204729345|ॐ नमः शिवाय 🙏Jatoli Shiv Temple #Solan #HimachalPradeshSignature of Sacredly Beautiful Architecture..!! Iconic @narendramodi @jairamthakurbjp @prahladspatel @MinOfCultureGoI @UNWTO @hp_tourism#HimachalTourismOfficial https://t.co/pGiaifIa8g|
155659213|1058415288|1151102838929424384|@sushilvashisth @VictoriousNamo @CMOFFICEHP @BJP4Himachal @HimachalW @hp_tourism @hptdc 😊|
155659213|1058415288|1151049727594680320|@SandiipBhatia @CMOFFICEHP @BJP4Himachal @HimachalW @hp_tourism @hptdc It is 🙏|
155659213|1058415288|1151048884476620800|Can you imagine..?? Indian Coffee House in Fingask Estate near the State Bank, Shimla...!! #HimachalPradesh https://t.co/LI6f6uAjVt|
155659213|1058415288|1151045568237645824|@harishchawla49 🙏🙏|
155659213|1058415288|1150639350301913088|@vijaykkakkar Thank you so much Vijay Ji 🙏🙏|
155659213|1058415288|1150414715044020225|बेहद दुखद, प्रार्थना करते हैं सभी लोगों को सकुशल बचा सकें..#HimachalPradesh https://t.co/XfdPi2LIUa|
155659213|1058415288|1150325599824572416|Women Lead Development..!!#TransformingIndia #Chandrayaan2 is unique because the bosses of the Planetary Mission are Two Super Women Scientists- a first for #ISRO..!! Indeed sky is the limit..!!#IndiaOnTheMoon |🇮🇳#ISROMissions #GSLVMkIII https://t.co/6JYqT42ykI|
155659213|1058415288|1150291395128643585|#TransformingIndia |🇮🇳India’s second Lunar Exploration Mission #Chandrayan2 ..!! Indeed sky is the limit..!!#IndiaOnTheMoon |🇮🇳#ISROMissions #GSLVMkIII @isro @narendramodi https://t.co/znRyG4iSVl|
155659213|1058415288|1150284398903717893|#CONgress is known for running the government or the party via Remote Control ..!! https://t.co/yF83FQg0tp|
155659213|1058415288|1150038932387594246|@B_K_AGARWAL Beautiful #HimachalPradesh has tremendous scope for High-End Tourism..!!|
155659213|1058415288|1150037294398599169|Go Green..!!Foreign investors pumped $1.02 bn equity in India’s clean energy space in FY19  #CleanEnergy #NewIndiaNewMomentum#SabkaSathSabkaVikasSabkaVishvashttps://t.co/8G3mlwTVo9via NaMo App https://t.co/QKM5CCRgqf|
155659213|1058415288|1148510163508191233|#Bharatmala Phase-1 to generate 14.2 crore man-days of employment..!!#SaafNiyatSahiVikas #TransformingIndia#NewIndiaNewMomentum#SabKaSathSabKaVikasSabKaVishvas https://t.co/owWhCwkhLXvia NaMo App https://t.co/tLssEMt0qj|
155659213|1058415288|1147733060697260033|I renewed my Membership..!! Via #NaMoApp https://t.co/kOMoiEoVFL|
155659213|1058415288|1145941581804916736|@JalShaktiAbhyan Sir, The Town and Country Planners, the Municipal Corporations must mandate Rain Water harvesting to Sanction Building Plans, The respective state governments should manage compliance under the supervision of a central governance committee.#JanShakti4JalShakti #JalShaktiAbhiyan|
155659213|1058415288|1145643886095634433|@jairamthakurbjp @dprhp @CMOFFICEHP @BJP4Himachal @B_K_AGARWAL @BJYMinHP @Vipinparmarbjp @mygovhimachal अति दुखद..!!इस  दुख की घड़ी में हम सब पीड़ितों  के साथ है और अपनी संवेदना व्यक्त करते है। दिवंगत आत्माओं को परमात्मा शान्ती प्रदान  करे 🙏🙏|
155659213|1058415288|1145398303288201216|@Saurabh_Bhakri Thank you so much..|
155659213|1058415288|1145253950855110656|AtBeautiful Anadale Helipad, Shimla..#HimachalPradesh https://t.co/uUWSgpLHqc|
155659213|1058415288|1145172065839747072|Aap dono bahut acche hain..!!#G20OsakaSummit https://t.co/Mktp5XdH4D|
155659213|1058415288|1143358261774581761|@Veena_Jpr 🙏🙏|
155659213|1058415288|1143188306856796162|These Uncultured Super Dolts will never learn..!!#CONgress and the entire opposition wiped out out in Lok Sabha Elections.. Still not learnt a lesson?#GandiNaaliAbuse  #GandiNaaliInsult ? Wait-These Dolts describe The President of India’s speech - Jaahil https://t.co/xedMrKQw66|
155659213|1058415288|1143090716580536320|#NewProfilePic https://t.co/Dd2uTFEz7C|
155659213|1058415288|1142951781841788928|Commendable Initiative..!! This will hugely boost horticulture sector in #HimachalPradesh specially Kinnaur Apples which is the best in taste and flavour..!!#SaafNiyatSahiVikas #TransformingHimachal@narendramodi @jairamthakurbjp https://t.co/YMxm3BgzJX|
155659213|1058415288|1142819404436004864|#NewIndiaKalka Shatabdi Express CCTV camera helps nab cell phone thieves..!!#TransformingIndianRailways@PiyushGoyal @PiyushGoyalOffc https://t.co/5gXpv2ydNW|
155659213|1058415288|1142716700170674178|#TransformingIndia Govt will bring bigger opportunities for transformation in next 5 years: PM Shri @narendramodi #SaafNiyatSahiVikas SabKa Saath, Sabka Vikas &amp; Sabka Vishwas in the true sense..!!https://t.co/XJtGaBMgo4|
155659213|1058415288|1142062004238049282|Proud moment for India |🇮🇳PM Shri @narendramodi wins British Herald reader`s poll for world`s most powerful person 2019 ..!!Heartiest Congratulations..!!#NarendraModi #NewIndiaNewMomentumhttps://t.co/i6bQDBVSdv|
155659213|1058415288|1141920919079677952|Yoga for peace and harmony 💐अन्तर्राष्ट्रीय योग दिवस पर शिमला के रिज मैदान पर आयोजित एक भव्य समारोह ..!! आप  सभी को अंतर्राट्रीय #योगदिवस की हार्दिक शुभकामनाएं ..!! #YogaDay2019 https://t.co/n1v60Y6QKG|
155659213|1058415288|1140805285688119296|@Gravim71 🙏🙏|
155659213|1058415288|1140642632894255105|Heartiest Congratulations to Shri @JPNadda Ji for becoming Interim National President of The @BJP4India .. 💐💐 https://t.co/kerSidbiwJ|
155659213|1058415288|1140526303264698368|Yeah it was a stunning Victory 💥💥|
155659213|1058415288|1140524994398580736|@harishchawla49 @imVkohli @msdhoni 🙏🙏😊|
155659213|1058415288|1140175244499419137|Team India |🇮🇳Wishing a stunning victory..!!💐💐Dho Dalo 🙏🙏#IndiaVsPakistan @imVkohli @msdhoni|
155659213|1058415288|1140084659704872961|@harakhpura हार्दिक स्वागत 🙏|
155659213|1058415288|1140082867407486976|Majestically Incredible Himachal..!! https://t.co/HhbwxUn8q3|
155659213|1058415288|1139875583263817729||🇮🇳‘The goal to make #India a 5 trillion dollar economy by 2024, is challenging, but can surely be achieved’: PM Shri @narendramodi  delivering the opening remarks at  #NITIAayog #FifthGCM IndeedNational Institution for #TransformingIndia #NITI https://t.co/Ql036nvNqw|
155659213|1058415288|1139850945729220610||🇮🇳Forex reserves nearing lifetime high; up $1.7 billion to $423.5 billion#NewIndiaNewMomentum https://t.co/5oJFv3zn2cvia NaMo App|
155659213|1058415288|1139848777336934402|WPI inflation slips to near 2-year low in May, declines to 2.45%Good Governance, Accountable Government..!!#ModiSarkar2 #NewIndiaNewMomentum https://t.co/KgUdONcSa8via NaMo App|
155659213|1058415288|1139125268197494784|🙏🙏 https://t.co/44woxyKWlT|
155659213|1058415288|1137945545341788160|@harishchawla49 @Sanju_Verma_ @PuriVirender @mvnair212 @vijaykkakkar 🙏|
155659213|1058415288|1137294807028576256|Learn Vrikshasana with PM Shri ⁦@narendramodi⁩.. #YogaDay2019https://t.co/FAmCjDy4QRvia NaMo App https://t.co/oj12L4bJRu|
155659213|1058415288|1136665245760417792|@Gravim71 Reciprocate the same , Thank you 🙏|
155659213|1058415288|1136653343923695617|मुंगेरी लाल के हसीन सपने साबित हुई 😊😊😊#Results2019 #ModiPhirSe 💐💐@BJP4UP https://t.co/WjoaHvXLgA|
155659213|1058415288|1136522267737726976|#MakeInIndia boost! Govt recognises one start-up per hour in May..#ModiSarkar2#NewIndiaNewMomentum https://t.co/AVFpeLD9bS https://t.co/QklbAyAt2s|
155659213|1058415288|1135893658434015233|Every twelve seconds, #AyushmanBharat is providing free treatment..!! #ModiSarkar2#TransformingHealthSystem  https://t.co/bA9GTH5bad https://t.co/2eE0rPIJy3|
155659213|1058415288|1135485843026538497|Dedicating this photograph on #WorldBicycleDay 💐💐This is truly #NewIndia #NewIndiaNewMomentum #ModiSarkar2 https://t.co/ssMfmu4aDy|
155659213|1058415288|1135455927014871040|Without Wasting Time, Modi Government 2.0Sets the Tone for #NewIndia &amp; Marches Towards Greater Goals..!!#TransformingIndia #NewIndiaNewMomentum@narendramodi @PMOIndia @TimesNow @timesofindia @republic https://t.co/qN5LUrq3tx @the_truepicture|
