155659213|2574232910|1188845145887662080|नमस्कार | வணக்கம் | ਸਤ ਸ੍ਰੀ ਅਕਾਲ | ಹಲೋWatch students of each state speaking and writing 100 sentences in the language of their paired states at KVS "Ek Bharat Shreshtha Bharat Parv!" from 31st Oct- 3rd Nov at India Gate Lawn No.6!Stay tuned for more details... #EBSB2019 https://t.co/RFUOeYIBdS|
155659213|2574232910|1188829863525765120|Watch a Marathi dancing on an Odiya song or Punjabis performing Kuchipudi - All under the same roof at KVS "Ek Bharat Shreshtha Bharat Parv!" from 31st Oct- 3rd Nov at India Gate Lawn No.6!Stay tuned for more details... #EBSB2019 #EkBharatShreshthaBharat https://t.co/EbXtdqATQC https://t.co/PvzaY186Ox|
155659213|2574232910|1188363623556534272|जहाँ मन में हो खुशहाली और घरों में दीवाली, उस उत्सव का नाम है एक भारत श्रेष्ठ भारत |#HappyDiwali2019 #Diwali #HappyDeepawali https://t.co/xQLsCg0eep|
155659213|2574232910|1188312546643595264|We wish you and your family a very Happy Diwali! This Diwali, let us all come together and pledge against the use of single-use plastic. #BanSingleUsePlastic The next generation deserves a planet fit for a living, not just surviving!#Diwali #HappyDeepavali #HappyDiwali2019 https://t.co/Hst2Etcxcq|
155659213|2574232910|1188058651992346624|UAY:Promoting industry-specific need-based research to keep up the competitiveness in regards to the global market. IITs have been encouraged to work with the industry to identify areas where innovation is required &amp; build solutions to be brought up to the commercialization level https://t.co/nLmOymMsvH|
155659213|2574232910|1188036802218614785|The Midday Meal scheme aims to enhance enrollment, retention, attendance among the children studying in classes I-VIII of Govt., and Govt. - aided schools while simultaneously improving their nutritional levels. #InitiativesofMHRD https://t.co/BgINVh7OWc|
155659213|2574232910|1188003514825363458|Nutrition Kitchen Gardens in Schools: Aiming to teach students the lifelong skill of plantation while educating them to be environment-friendly.This will also provide students with the first-hand experience with nature &amp; gardening. #InitiativesofMHRDMore: https://t.co/MNR5MaRXpa https://t.co/S4GDZC057p|
155659213|2574232910|1187954106830221313|It is estimated that up to 13 MN metric tons of plastic ends up in the ocean each year. This is disrupting the marine ecosystem severely. Let us all make the #BanSingleUsePlastic initiative a priority and be the voice of those who can't stand for themselves. https://t.co/CiwW3Lyvsn|
155659213|2574232910|1187941103099510785|Dr. A. P. J. Abdul Kalam, the recipient of the Bharat Ratna, for his contribution in scientific research &amp; modernization of defence tech, once said, "Learning gives creativity which leads to thinking; thinking provides knowledge &amp; knowledge makes you great. #ShikshaseSafalta https://t.co/jQgPYC0T5J|
155659213|2574232910|1187632361527107584|Swami Vivekananda Ji, a prolific thinker, great orator &amp; one of the most celebrated spiritual leaders of #India. According to him, #education must provide "life-building, man-making, and character-building" ideas to transform learners into intellectual beings. #ShikshaseSafalta https://t.co/QYdxca23cP|
155659213|2574232910|1187615200712642561|Single-use plastic is the root cause of many of the environmental problems. Students, let us all come together to tackle the issue of plastic waste by making better choices &amp; contribute towards the solution. #BanSingleUsePlastic https://t.co/cC9FLCi9BM|
155659213|2574232910|1187597141637648389|Introduction of Sports &amp; Physical education in school will help in engaging and energizing students to get active today &amp; sustain a healthy lifestyle tomorrow. This initiative will also help to nurture kid’s health &amp; confidence, as well as collaboration and teamwork efforts. https://t.co/PxX2mLclZl|
155659213|2574232910|1187346588768722944|PMRF: Tapping the talent pool of the country to doctoral (Ph.D.) programmes of IISc, IISERs, IITs &amp; Central Universities for carry out research in cutting edge science and technology domains, with focus on national priorities. #InitiativesofMHRD Know more: https://t.co/XEIPJcwjmn https://t.co/F29FobzZi0|
155659213|2574232910|1187335940005494786|Your laziness can cost you your fitness!Take out some time out of your busy schedule &amp; exercise daily; this will give you confidence and an extra boost to begin your day on the right track. Make your physical fitness a priority. #FitIndiaMovement https://t.co/gQxITLKF6v|
155659213|2574232910|1187306939165769729|The 60 selected #DHRUV students together, celebrated the integrity of our nation through diverse forms in performing arts &amp; learned the in &amp; outs of the ever advancing field of science. #MHRDDHRUV #ReachingfortheSky https://t.co/Zqk1hYugQx|
155659213|2574232910|1187301312490164224|The journey of the 60 talented #DHRUV students begun at ISRO's HQ in Bengaluru &amp; moved towards Delhi. The students got acquainted with many cultures of India &amp; explored the beautiful traditions, customs, cuisines, etc. Glimpse of their journey: https://t.co/4Sihwmh9KN https://t.co/wDNVqsVS9J|
155659213|2574232910|1187273943888973824|Follow this link to get a glimpse of the incredible journey of the science students of the Pradhan Mantri Innovative Learning Programme: #DHRUV. The students got the opportunity to be mentored by the excellent professor of IIT, Delhi. https://t.co/vduiHbNqWC#MHRDDHRUV https://t.co/VOeGLcqu1Y|
155659213|2574232910|1187027044648898564|All 60 #DHRUV children came together to perform on "Maa Tujhe Salam" as a tribute to the nation.#DHRUV served as the ideal platform to nurture, guide and mentor these outstanding students from across India. https://t.co/9Tjhmfn0rE|
155659213|2574232910|1187020914975576064|The performances by kids showcased the unique cultural identity of each form &amp; how our diversity enables us to be united while continuously evolving towards a seamless culture. It is rightly said, our nation's strength is in our diversity and simplicity. #EkBharatShresthaBharat|
155659213|2574232910|1187020911087476736|The #DHRUV students presented a classical piece - Samanvay, a creation of Hindustani &amp; Carnatic traditional styles composed in Khyal, Kriti, Swaram, Tarana &amp; Tillana. They also performed Dr Bhupen Hazarika's (Bharat Ratna) song, Bistirno Parore &amp; a Tamil song named "Balleilakka" https://t.co/w8l3JUPHmf|
155659213|2574232910|1187009174695100417|The overall idea behind these projects was to find sustainable solutions to major environmental problems like climate change, air pollution, global warming, CO2 sequestration, nanofabrication for nano-scale devices, etc. #MHRDDHRUV https://t.co/hlgGnkzFPr|
155659213|2574232910|1187009152645623808|30 selected #DHRUV students from Science demonstrated the projects they created at IIT Delhi under the excellent mentorship of various professors. https://t.co/qKkdaM99E4|
155659213|2574232910|1187006725875847169|Honoured to have Hon'ble Vice President, Shri M.Venkaiah Naidu as Chief Guest &amp; Hon'ble Union HRD Minister, Shri @DrRPNishank &amp; Prof. K VijayRaghavan, Principal Scientific Advisor as guests of honour at valedictory function of Pradhan Mantri Innovative Learning Programme: #DHRUV https://t.co/mqipy0ufEl|
155659213|2574232910|1186956027968679936|Union Minister of HRD, Shri @DrRPNishank, interacted with the 60 #DHRUV students at his residence yesterday in New Delhi. He encouraged the students to be efficient &amp; heard about their experiences throughout the journey.MoS for HRD, Shri @SanjayDhotreMP, also graced the occasion https://t.co/RgPISOkdp8|
155659213|2574232910|1186677993772441601|Honoured to have respected Vice President of India, Shri M.Venkaiah Naidu, as the Chief Guest at the valedictory function of Pradhan Mantri Innovative Learning Programme- DHRUV tomorrow at Siri Fort Auditorium, New Delhi. Stay Tuned.. #MHRDDHUV @MVenkaiahNaidu https://t.co/WsxSKgrNem|
155659213|2574232910|1186622294241595393|The students also shared their experiences throughout their journey &amp; promised to keep up the hard work in the future to take our nation to greater heights. MoS for HRD, Shri @SanjayDhotreMP also graced the occasion and addressed the #DHRUV students. https://t.co/tn3VioYvs7|
155659213|2574232910|1186622282833129472|Union Minister of HRD, Shri @DrRPNishank interacted with the 60 #DHRUV students at his residence today in New Delhi. He spoke to the students about the importance of time management &amp; urged them to face the challenges in life confidently and courageously. #MHRDDHRUV https://t.co/bCuysHAkaR|
155659213|2574232910|1186576302314115073|He added that this incredible initiative is providing students with the support required for their personal development &amp; helping them follow their true passion. #MHRDDHRUV #ReachfortheSky|
155659213|2574232910|1186576297956265984|Mohit Chauhan, the renowned playback singer met the #DHRUV students at National Bal Bhavan. He appreciated the Pradhan Mantri Innovative Learning Programme: #DHRUV &amp; congratulated all talented kids for being selected. @nbbdelhi https://t.co/47EQrelQrU|
155659213|2574232910|1186558318698881024|Shri Manish Jain, Associate Teaching Professor at IIT Gandhinagar interacted with #DHRUV students at National Bal Bhavan. He spoke about creative learning &amp; emphasized the importance of hands-on learning to make education engaging, effective and easier for students to understand. https://t.co/ZMBRLgBztR|
155659213|2574232910|1186530725085859840|With IMPRINT, we aim to solve major engineering &amp; technology challenges in selected domains needed by the country. The goal of this initiative is to enable, empower &amp; encourage the nation for inclusive growth and self-reliance. #InitiativesofMHRD #HigherEducation #IMPRINT https://t.co/nAbZc9zgNJ|
155659213|2574232910|1186498388214181888|Education in Human Values aims at incorporating human &amp; cultural value components in the curriculum at all levels of the education system. Teaching our students to be better humans by strengthening of culture and values in education. #InitiativesofMHRD https://t.co/QReP7qM8hJ|
155659213|2574232910|1186330692814131200|Mr. Brett Barvivast Director of Auckland University, Dr. Rajkumar, Vice Chancellor of Jindal University, Prof. Aditya Shastri Vice Chancellor Vanasthali University, and other Vice Chancellor Director were also present at the Summit. #QSindiasummit2019 https://t.co/k37FFWEoVi|
155659213|2574232910|1186330675407798273|Union HRD Minister, Shri @DrRPNishank participated in the QS India Summit 2019 in Goa today. Mr. Jason Newman, Vice President of QS. Mr. Ashwin Fernandes, Director of South Asia, https://t.co/5MeDDrvltV|
155659213|2574232910|1186290090005254144|Hon'ble Union HRD Minister, Shri @DrRPNishank will be interacting with the #DHRUV students at his residence tomorrow at 10:00 am. #MHRDDHRUV https://t.co/0v3KSbUaa8|
155659213|2574232910|1186269197925437440|The Minister also addressed the concerns of the officials of these institutions.|
155659213|2574232910|1186269194150543365|Union HRD Minister, Shri @DrRPNishank chaired the meeting of officials of NIT, IIT and KV No. 1 in Goa today. He urged to create an innovative and research environment in these institutions to enhance quality of education. https://t.co/z4viGTrY7B|
155659213|2574232910|1186210630367211520|Shri Sivamani (Padma Shri), commonly known by his stage name Drums Sivamani, an Indian percussionist will be at National Bal Bhavan tonight to interact with the 60 selected #DHRUV students. https://t.co/MqJg90QZGJ|
155659213|2574232910|1186191166049415169|Shri Hans Raj Hans (Padma Shri), a name synonymous with Punjabi folklore and Sufi songs is coming to interact with the 60 selected #DHRUV kids today at National Bal Bhavan. #MHRDDHRUV https://t.co/l70yOzmP6l|
155659213|2574232910|1186168693220208641|He shared the milestones of his journey with the kids and urged them never to lose the spark. #MHRDDHRUV|
155659213|2574232910|1186168689894182913|"Stick to your roots of Lok Sangeet; the music that comes from your heart will inspire you." The #DHRUV students had the honour to interact with the legendary singer, Mohit Chauhan at National Bal Bhavan, New Delhi. https://t.co/gCz0FjmNkG|
155659213|2574232910|1185874113564250112|SWAYAM - Aims to make available the best teaching-learning resources every student irrespective of his/her background. Reaching students who have previously remained untouched by the digital revolution &amp; have not been able to join the mainstream education platform. https://t.co/LXiuoqj6tf|
155659213|2574232910|1185800069984862210|New era jobs for Indian graduates will be unfolded with such effort. Chairman of MESC, Shri @SubhashGhai1 and Industry experts in Gaming, ARVR, Graphics etc. delivered sessions to all colleges present at the event.|
155659213|2574232910|1185800065996058625|MHRD &amp; Media &amp; Entertainment Sector Skill Council held a Manthan on 19th Oct 2019 at Film City Mumbai on 5 new high skill degree courses in animation, Film making graphics VFX etc. More than 400 colleges registered &amp; participated. https://t.co/oTIcYbPwli|
155659213|2574232910|1185763635030675456|The 60 selected #DHRUV students will meet the very talented singer, Mohit Chauhan today at National Bal Bhavan, New Delhi. #MHRDDHRUV https://t.co/wLLCwhHGnF|
155659213|2574232910|1185525482365706240|NIT, Uttarakhand is all set to play an important role in 'Unnat Bharat Abhiyan' as it will adopt nearby villages to ensure their overall development while aiming to be amongst the top technical institutions of the world.|
155659213|2574232910|1185525480394350592|The institute aims to add new dimensions to technical education &amp; will provide much needed employment to the youth. The institution will usher in a new era of social &amp; economic development in the Srinagar region.|
155659213|2574232910|1185525477445783552|The program was graced by the Hon'ble Union Minister of HRD, Shri @DrRPNishank Ji, Hon'ble CM of Uttarakhand Shri @tsrawatbjp Ji &amp; several other ministers of the Uttarakhand govt. The institute will stand tall in a 300-acre complex &amp; will be built at the cost of ₹ 640.94 crore. https://t.co/l0ZQRSkU9T|
155659213|2574232910|1185525454012157952|Hon'ble Governor of Uttarakhand Smt. @babyranimaurya Ji laid the foundation stone of the permanent campus of National Institute of Technology in Sumari, Uttarakhand. https://t.co/ibvW8iu3rY|
155659213|2574232910|1185421761258459136|Under her mentorship, 3 students from Tamil Nadu designed &amp; built a Nano-Satellite, launched by ISRO in January, 2019.|
155659213|2574232910|1185421756732821504|Dr. Srimathi Kesan Ji - Space Kids India talks about how the Pradhan Mantri Innovative Learning Programme #DHRUV will be instrumental in nurturing &amp; polishing the creativity of students. https://t.co/6tIsUFHarT|
155659213|2574232910|1185192171147710464|Ustad Faiyaz Wasifuddin Dagar (Padma Sri) met the 60 students of the Pradhan Mantri Innovative Learning Programme: #DHRUV yesterday at National Bal Bhavan, New Delhi. He mentored and nurtured the students by enlightening them about the intricacies of Dhrupad singing. #MHRDDHRUV https://t.co/t01r5y9NTi|
155659213|2574232910|1185167474582405120|Hon'ble Union Minister of HRD, Shri @DrRPNishank will be laying the foundation stone of NIT Sumari, tomorrow. The institute aims to impart technical education of international standards to meet the current &amp; anticipated challenges in the field of technological development. https://t.co/glqzNaGkBj|
155659213|2574232910|1185155507465658371|Performance Grading Index: Providing insights on the status of school education in States and UTs, structured in 2 categories (Outcomes &amp; Governance &amp; Management). This will focus on school performance &amp; identify areas for improvement. #InitiativesofMHRD https://t.co/GFkuV3wDqC|
155659213|2574232910|1185139954919165954|VIDWAN: Access the profiles of scientists/researchers and other faculty members working at leading academic institutions and other R&amp;D organizations involved in teaching and research in India via a single platform. Know more: https://t.co/pJqawkCVRe https://t.co/xMPW1ootZk|
155659213|2574232910|1185101718763102208|Wg. Cdr. Rakesh Sharma, AC (Retd.), talks about how Pradhan Mantri Innovative Learning Programme: #DHRUV is the perfect platform for students to be creative. He adds the importance of providing students with an ecosystem that is favorable for growth &amp; innovation. #MHRDDHRUV https://t.co/c7QCIzdde4|
155659213|2574232910|1185080270690512896|With NIDI, we aim to foster a culture of innovation and creative problem solving within #highereducation institutions. This #InitiativeofMHRD will enable students and faculty to take their innovative ideas from classrooms to the real world. https://t.co/gsmk6RB40K https://t.co/o4mhGkJGTH|
155659213|2574232910|1185061608050937857|Are you keeping up with your fitness routine? Tag a friend in the comments below &amp; remind them to exercise today. #FitIndiaMovement|
155659213|2574232910|1184823155505823749|This is helping them reach for the sky. Take a look at this video from the launch of the initiative #DHRUV at @ISRO, Bengaluru. #MHRDDHRUV https://t.co/nl3KgovY2i|
155659213|2574232910|1184823020788912128|Children are the future of our country - it is they who can go ahead and make tomorrow a better place. With the Pradhan Mantri Innovative Learning Programme: #DHRUV, we aim to provide these students with the best possible guidance and opportunities in their respective fields.|
155659213|2574232910|1184815306360754176|Ustad Faiyaz Wasifuddin Dagar (Padma Sri), Indian classical singer of the dhrupad genre, will have an interactive session with the 60 selected #DHRUV students today at @nbbdelhi. Ustad Ji represents the 20th generation of an unbroken chain of dhrupad singers &amp; veena players. https://t.co/8lE6COlx6w|
155659213|2574232910|1184770925872340992|Union HRD Minister, Shri @DrRPNishank Ji chaired the 37th meeting of the Executive Committee of Navodaya Vidyalaya Samiti today.Navodaya Vidyalayas are playing an important role in providing quality education to the students across the country. https://t.co/C3rGZkmrBv|
155659213|2574232910|1184733907771510784|Uttarakhand's only National Institute of Technology (NIT) is all set to get its own building! Hon'ble Union Minister of HRD, Shri @DrRPNishank Ji will be laying the foundation stone of NIT campus in Sumari, Uttarakhand on 19th October, 2019. https://t.co/2oSoiDBk7I|
155659213|2574232910|1184701976245747713|MHRD &amp; Media and Entertainment Skills Council  is launching Degree Courses in Graphics, VFx, Gaming, Film Making and Animation on 19th October, 2019 at Whistling Woods International, Film City, Goregaon (E) Mumbai from 10:30 AM - 4:00 PM. Register at https://t.co/AJsczaNCFl https://t.co/UYP8OJaRWD|
155659213|2574232910|1184454742375727104|Detailed discussions were held on how these institutions can help make India an "IT" superpower. https://t.co/wsufBCWc0J|
155659213|2574232910|1184454731734761477|Hon'ble Union Minister of HRD, Shri @Drrpnishank Ji chaired the 2nd meeting of the Coordination Committee of IIIT-PPP (Public-Private Partnership). These institutions were suggested to conduct researches in collaboration with IITs &amp; NITs. https://t.co/WT0zHMlSNi|
155659213|2574232910|1184447592396050432|MHRD has launched its new Internship Scheme for 2019 for UG &amp; PG students. The internship will be of 2-6 months, a stipend of 10K/month &amp; a certification will be provided to the interns after the completion. For more details, visit: https://t.co/KqFbQSYLOs #InitiativesofMHRD https://t.co/MGWVVHtdtR|
155659213|2574232910|1184413740709531648|A teacher, philosopher, statesman, India's 1st Vice-President &amp; 2nd President, Dr. Sarvepalli Radhakrishnan is the man to whom Teacher's Day is dedicated. He once said: "A life of joy &amp; happiness is possible only on the basis of knowledge &amp; science."#ShikshaseSafalta https://t.co/SvuAxhbgRq|
155659213|2574232910|1184401017057624064|Emphasis was laid on developing courses, based on the current industry needs, by mutual collaboration among the IIIT institutions. https://t.co/kcwZT8pxYz|
155659213|2574232910|1184401001903558656|Hon'ble Union Minister of HRD, Shri @DrRPNishank  Ji chaired the 4th Council meeting of IIITs today. Discussions were held on preparing these institutions for international competition through advance research and  innovation. https://t.co/q55Pu55yNK|
155659213|2574232910|1184353781942640640|Training of State Nodal officers has started on 14th Oct 2019. #InitiativesofMHRD|
155659213|2574232910|1184353779195400192|Shagunotsav-A ground-level census-based audit of all government &amp; government-aided schools across India to ascertain the adequacy &amp; functional status of infrastructure &amp; other facilities and to identify gaps for planning &amp; evidence-based decision making. https://t.co/KDoqKcNQDx|
155659213|2574232910|1184075656738398208|#DHRUV: Top 30 science students are now being mentored at @iitdelhi. An orientation was conducted at the campus yesterday with the Dean of Academics &amp; Deputy Directors of IIT Delhi, followed by educational lectures on climate change, solar power &amp; renewable energy. #MHRDDHRUV https://t.co/5WcSbkp1iy|
155659213|2574232910|1184075205779419136|Students are divided into small groups &amp; have started working on projects with their mentors from IIT on themes like CO2 sequestration, nanofabrication for nano-scale devices &amp; climate change. Prototypes of the projects will be showcased in the exhibition on 23rd Oct. #MHRDDHRUV https://t.co/RxUX75SK55|
155659213|2574232910|1184044326965264384|Students &amp; teachers, wouldn't it be great if you had all your educational resources in one place? Check out E-pathshala; it has all the learning material you need! https://t.co/z1FnlCJwJh #InitiativesofMHRD https://t.co/WkH2ltR7Te|
155659213|2574232910|1184023998893445120|This programme aims to build a generation of motivated, engaged &amp; independent learners. https://t.co/eo3vKXFbFw #InitiativesofMHRD|
155659213|2574232910|1184023996011933696|We understand the importance of a strong foundation for better learning outcomes! #PadheBharatBadheBharat provides children with quality education in their foundational yrs (classes I &amp; II) with emphasis on reading with comprehension, writing &amp; mathematics/problem-solving skills. https://t.co/e2PCRoysb2|
155659213|2574232910|1183766133049937920|He walked down the memory lane, recalling the struggles in his career. He told students how blessed they are to have an opportunity &amp; support system like DHRUV, realizing their full potential, which will help them achieve excellence in their respective fields. #MHRDDHRUV|
155659213|2574232910|1183766129816162305|Renowned filmmaker Shri @SubhashGhai1 Ji applauded the Pradhan Mantri Innovative Learning Programme: #DHRUV to recognize &amp; nurture talented students. https://t.co/zsuRNN5I7u|
155659213|2574232910|1183736872616386560|He shared his life experiences with children and motivated them to pursue their passion will full heart and remain students of art throughout their life. #MHRDDHRUV #ReachingfortheSky https://t.co/AMsk30eJ1S|
155659213|2574232910|1183736857915359234|DHRUV: Renowned Filmmaker and Chairman of Media and Entertainment Skills Council, Shri @SubhashGhai1 Ji interacted with the selected 30 students of Performing Arts at National Bal Bhawan today. #MHRDDHRUV #ReachingfortheSky https://t.co/Zbh2tjkAss|
155659213|2574232910|1183722917340663813|#India building a better tomorrow!Unnat Bharat Abhiyan: Enabling #highereducational institutions to work with the people of rural India in identifying development challenges &amp; evolving appropriate solutions for accelerating sustainable growth. https://t.co/jayRLQ9yBB https://t.co/xBz4cYdCTb|
155659213|2574232910|1183431123231109120|Students, its time to leverage e-resources for the ease of usability, readability, affordability &amp; accessibility!e-ShodhSindu: Providing access to e-resources to universities, colleges &amp; centrally funded technical institutions in India. https://t.co/Kszfp0qFNc #InitiativesofMHRD https://t.co/kYM9a7ZKch|
155659213|2574232910|1183412747893035009|IDMI: Strengthening school infrastructure and physical facilities in Private Aided/Unaided Minority Schools/Institutions to expand facilities for formal education to children of minority communities.#InitiativesofMHRDhttps://t.co/Et8D9kR4xC https://t.co/WaLWQYbLel|
155659213|2574232910|1183288925109932032|Learners, looking to continue your education or update your skills but do not have the option of attending a college full-time? Don't worry, open &amp; Distance Learning system is here to your rescue! #InitiativesofMHRDKnow more: https://t.co/uw7j3T6CFw@DrRPNishank @PMOIndia https://t.co/VN20MtFoUj|
155659213|2574232910|1183247412090949633|Have you participated in the #FitIndiaMovement yet? We have got the 3 pillars of fitness for you - Discipline, exercise &amp; a healthy diet!  Commit to fitness &amp; experience a boost in your mood, health &amp; productivity. #fitness #fitnessmotivation https://t.co/lJ8rSc59i5|
155659213|2574232910|1182949152906346498|Single-use plastic is the root cause of many of the environmental problems. Students let us all come together to tackle the issue of plastic waste by making better choices. #BanSingleUsePlastic #PlasticFreeIndia  #PlasticBharatChodo https://t.co/CSSTvje4S8|
155659213|2574232910|1182907126475177984|Students, learning made easy through e-Acharya! Get your hands on more than 70 projects on e-content under various subject disciplines (Science, Arts, Engineering, Social Sciences, etc.) through various Indian institutes/universities/colleges. #InitiativesofMHRD @DrRPNishank https://t.co/UXPfLK47yx|
155659213|2574232910|1182664804823121922|Hon'ble Union Minister of HRD, Shri @DrRPNishank  Ji today laid the foundation stone of the integrated office complex of the Central Board of Secondary Education. CBSE provides quality education to more than 2 crore students through 22,500 schools. https://t.co/FmztYjYjgz|
155659213|2574232910|1182651937340059648|Hon'ble Union Minister of HRD, Shri @DrRPNishank Ji inaugurated 5 new Jawahar Navodaya Vidyalayas and a new building in the permanent campus of the National Leadership Institute.Along with this, he also laid the foundation stone of 9 new JNV schools. Here's to the new beginnings! https://t.co/0Vyr3mv4hT|
155659213|2574232910|1182605882917392384|These Kendriya Vidyalayas are located in 12 states and UTs across the country. This was the first time that such a large number of new buildings were inaugurated or laid a foundation for. https://t.co/5Fl53h6k6o|
155659213|2574232910|1182605868400959489|Union Minister for HRD, Shri @DrRPNishank Ji inaugurated 13 newly constructed buildings of KVs and laid foundation stone of 6 new buildings through video conferencing. @KVS_HQ https://t.co/E6KfaEtX33|
155659213|2574232910|1182574536895545344|Swachh Vidyalaya: We are on a mission to provide facilities of clean drinking water, sanitation &amp; hygiene in schools across the country. An #InitiativeofMHRD aiming to implement a healthy school environment for students &amp; teachers for enhanced learning. https://t.co/zGUtMEwW8H|
155659213|2574232910|1182547183192567808|Union Minister of HRD, Shri @DrRPNishank inaugurated the new building of the Department of Chemistry in the campus of the prestigious Indian Institute of Science (IISc), Bangalore. https://t.co/Ja7j0zQFY3|
155659213|2574232910|1182330855626199040|Their journey begins today with a tour of @isro, followed by a stay in Delhi, where they will be mentored by renowned experts and work on projects/programmes in groups.|
155659213|2574232910|1182330852962783234|#DHRUV: #Reachingforthesky! 60 outstanding students selected from Science &amp; Performing Arts from all across the country will be a part of a 15-day program. https://t.co/91itbkEPVT|
155659213|2574232910|1182327679892123648|Here is a glimpse of Dr. K. Sivan, Chairman of ISRO interacting with the students at the launch function. #DHRUV #Reachingforthesky https://t.co/jbonz0MWP4|
155659213|2574232910|1182319663251746824|Here is a glimpse of Wg. Cdr. Rakesh Sharma, AC (Retd.) interacting with the kids at the function. #DHRUV #ReachingfortheSky https://t.co/R68kEtlsn5|
155659213|2574232910|1182310861509021696|Rakesh Sharma, Indian military pilot and cosmonaut, the first Indian citizen to enter space, the man who created history for his nation and enjoys the distinction of having been awarded India's highest peacetime military decoration, Ashok Chakra.|
155659213|2574232910|1182310858401075202|We were honoured to have Wg. Cdr. Rakesh Sharma, AC (Retd.) today at the launch of #DHRUV at ISRO, Bengaluru. #Reachingforthesky https://t.co/uJnIM5vGPN|
155659213|2574232910|1182284539189579778|"What will ISRO do if they find aliens in space?"This and many more interesting questions were asked by the students from Dr. K. Sivan, Chairman at ISRO, today at the launch of Pradhan Mantri Innovative Learning Programme: #DHRUV in Bengaluru. #Reachingforthesky https://t.co/2NxWSb1TwI|
155659213|2574232910|1182260247341043712|Hon'ble Union Minister of HRD, Shri @DrRPNishank Ji, congratulated the students at the launch of #DHRUV at @isro, #Bengaluru. He spoke to the students about the significance of hard work, wished them lots of luck and success in their future.  #Reachingforthesky https://t.co/QF6TwBB19j|
155659213|2574232910|1182244612858998787|Guest of Honour, Dr. K. Sivan Ji - Chairman of @isro addressed the students at the launch of #DHRUV in #Bengaluru today. #Reachingforthesky https://t.co/1TowHxsvK4|
155659213|2574232910|1182224381600096257|Wg. Cdr. Rakesh Sharma Ji, AC (Retd.) took the stage at #DHRUV's launch at @isro, #Bengaluru. During his speech, he urged the students to work hard &amp; grab this unique opportunity provided by Pradhan Mantri Innovative Learning Programme: #DHRUV &amp; become the innovators of tomorrow. https://t.co/QytOADKYsI|
155659213|2574232910|1182217093929811968|3 budding scientists from Tamil Nadu, Rifat Sharook,Yagna Sai &amp; Vijay Lakshminarayan who designed &amp; built a Nano-Satellite "Kalam-Sat-V2" (launched by ISRO on 24th Jan, 2019) presented at the event. These students are mentored by Dr. Srimathi Kesan from Space Kids India. #DHRUV https://t.co/NVPaFZ8HKZ|
155659213|2574232910|1182201577903230976|Hon'ble Union Minister of HRD, @DrRPNishank Ji, Wg. Cdr. Shri Rakesh Sharma Ji, AC (Retd.), ISRO's Chairman Dr. K. Sivan Ji &amp; Shri R. Ramanan Ji, Mission Director-AIM launched the Pradhan Mantri Innovative Learning Programme - #DHRUV with the ceremony of lighting the lamps! https://t.co/rTek9ucoCh|
155659213|2574232910|1182192596539465728|Smt. Rina Ray Ji - Secretary, Department of School Education &amp; Literacy, MHRD welcomed the guests of honour and the students at the launch of #DHRUV in ISRO, #Bengaluru. #Reachingforthesky https://t.co/O3ctfrHBMJ|
155659213|2574232910|1182147942167134208|Pradhan Mantri Innovative Learning Programme #DHRUV: Reaching for the sky! Follow this link to view the entire broadcast of DHRUV's launch at @isro, #Bengaluru live. https://t.co/EydS0OuGm6 https://t.co/Vv5QrPo4k2|
155659213|2574232910|1181954234159267840|The 60 selected students will get an opportunity to have interactive sessions with them at the launch. #DHRUV|
155659213|2574232910|1181954231370051585|The launch will take place in the presence of Hon'ble Union Minister of HRD, Shri @DrRPNishank Ji, Chairman of @isro, Dr. K. Sivan Ji, Wg. Cdr. Rakesh Sharma, AC (Retd.) &amp; Prof. Shri K VijayRaghavan Ji.|
155659213|2574232910|1181954227758698497|Tomorrow is the day!  #Reachingforthesky#DHRUV - A unique opportunity for students to learn from the experts, is all set to launch tomorrow at @isro, #Bengaluru. #Nurturingthetalent https://t.co/Uysf7yX9jM|
155659213|2574232910|1181823503374249984|#DHRUV: #Reachingforthesky! 60 selected students in Science &amp; Performing Arts from all States across the country will be a part of a 15-day program. Their journey begins with a tour of @isro, followed by a stay in Delhi, where they will be mentored by renowned experts. https://t.co/gj9Co6rnH2|
155659213|2574232910|1181620191328817153|60 students (30-Science, 30-Performing Arts) are selected from all states across India to be a part of #DHRUV. They will visit @isro during the launch &amp; have interactive sessions with the Chairman of @isro, Dr. K. Sivan Ji, Wg. Cdr. Rakesh Sharma, AC (Retd.) &amp; other Scientists. https://t.co/yZWA8mE6kw|
155659213|2574232910|1181575850694561792|We are all geared up for the launch of #DHRUV at @isro, #Bangalore on 10th Oct 2019. This program would allow students to be guided by the finest minds in the respective industry to reach their maximum potential &amp; contribute to society with their unique talents. #ReachfortheSky https://t.co/tPHVltmEja|
155659213|2574232910|1181519738184196096|In line with Prime Minister Shri @narendramodi Ji's vision of #DigitalIndia &amp; #MakeInIndia, MHRD's initiative, RAA engages students (6-18 yrs) in Science, Maths &amp; Technology by observation, experimentation, model building, etc. both inside &amp; outside classrooms.#InitiativesofMHRD https://t.co/NiyCHlHPMF|
155659213|2574232910|1181472221744680965|GIAN: Tapping the reputed international academic pool to attract their engagement with the institutes of #HigherEducation in India. An opportunity for our faculty to learn, share knowledge &amp; to collaborate on research. #InitiativesofMHRD https://t.co/duNtjoaz6F|
155659213|2574232910|1181396722062225408|This Dussehra, let Education be the weapon you use to destroy the Evil. Happy Dussehra.#Dussehra #Dussehra2019 @DrRPNishank https://t.co/JMSGrdvGr0|
155659213|2574232910|1181232548661170177|Higher Education Minister of Punjab Shri Trupt Rajendra Singh Bajwa ji, Chairman of Governing Board Mr. Sanjay Gupta, and Director Mr. Nagraj Ramamurthy were also present on the occasion. https://t.co/R2KcrkP0gv|
155659213|2574232910|1181232537097494529|Union HRD Minister, Shri @DrRPNishank ji attended the Bhoomi Poojan program for permanent campus of IIM Amritsar today. https://t.co/dB1e8JFLwu|
155659213|2574232910|1181202444077846533|Samagra Shiksha: Youth &amp; Eco Clubs in schools aiming at providing students with life skills to help them know their rights, articulate their concerns, build self-esteem, develop confidence, encourage participation in environmental activities &amp; projects etc. #InitiativesofMHRD https://t.co/tRTX8jRUZb|
155659213|2574232910|1181196972293623808|Pradhan Mantri Innovative Learning Programme #Dhruv: An initiative by Hon'ble Prime Minister Shri @narendramodi Ji, helping students #reachforthesky.Talented children will be mentored &amp; nurtured by renowned experts in different areas to help them reach their full potential. https://t.co/O0pRYGwYrn|
155659213|2574232910|1181170318188019718|Students, what sort of water bottles are you taking to your schools and colleges with you? Tell us what initiatives are you taking to #BanSingleUsePlastic in the comments below!|
155659213|2574232910|1181146887044206592|NMEICT Programme: Introducing digital education solutions in various institutions for #highereducation to improve access to quality content, learning outcomes of the students. #InitiativesofMHRD @DrRPNishank @PMOIndia @PIB_India https://t.co/8yaBMRhhVZ|
155659213|2574232910|1180800397419528192|FOSSEE: Promoting the use of FLOSS tools to improve the quality of education by reducing dependency on proprietary software in educational institutions. In order to meet the requirements in academia &amp; research, new FLOSS tools are being developed.https://t.co/mV6WyRNgEs https://t.co/He7wWSj8zC|
155659213|2574232910|1180756594100801537|Plastic bags are indisputably bad for the environment. The average bag you pick up at the grocery store, or carry your takeout in, has a lifespan of more than a 1000 years. Do your bit, pledge against Single Use plastic! #BanSingleUsePlastic #PlasticFreeIndia  #PlasticBharatChodo https://t.co/ivTEAXvJDR|
155659213|2574232910|1180464703266381824|Virtual Labs: Providing remote access to labs in various disciplines of Science &amp; Engineering. The simulations based experiments can be accessed remotely via the internet. There are in total 12 participating institutes with @IITDelhi being the coordinator. #InitiativesofMHRD https://t.co/huWGuQHYLg|
155659213|2574232910|1180442279758061568|These Operation Manuals for water conservation measures to be implemented in educational institutions and villages were prepared by Mahatma Gandhi National Council for Rural Education under MHRD.@JalShaktiAbhyan #SaveWater #TogetherWeCan|
155659213|2574232910|1180442275563704320|On the occasion of 150th birth anniversary of Mahatma Gandhi, Jal Shakti Manuals for Colleges and Jal Shakti Gram Manuals were simultaneously released in 23 States &amp; 8 UTs from 2nd to 5th Oct by respective Governors/Chief Ministers &amp; Administrators.#SaveWater @JalShaktiAbhyan https://t.co/LPzchi5DvR|
155659213|2574232910|1180366884224372736|NISHTHA: Teachers may browse through the content available online in the form of training activities, online tutorials, etc. and give their teaching a unique touch. #InitiativesofMHRD #Nishtha #SchoolEducationhttps://t.co/9KaXAQ2lH7 https://t.co/5bfgJZxMVw|
155659213|2574232910|1180336451994574848|#PloggingRun, what a great way to connect with nature while trying to restore its balance! Aligned with our Hon'ble Prime Minister Shri @narendramodi Ji's vision of #SwachhBharat 5 Cr+ students from over 7 lakh schools came together for a cleaning drive to collect plastic waste. https://t.co/DGvYfVtXUP|
155659213|2574232910|1180122489088663553|Hon'ble President, Shri Ram Nath Kovind Ji and Hon'ble Minister of HRD, Shri @DrRPNishank Ji attended the convocation ceremony of IIT Roorkee today. CM of Uttrakhand, @tsrawatbjp and Governor of Uttarakhand, Smt @babyranimaurya were also present at the event. https://t.co/kIFvg61HS2|
155659213|2574232910|1180097006951251968|Stay committed to your fitness goals like Bhai! #FitIndiaMovement Integrate exercise into your daily life and make it something you do by default like brushing your teeth in the morning. @BeingSalmanKhan https://t.co/GQ3Iq0Bc9O|
155659213|2574232910|1180063618735329280|NDL: Integrating existing digital content across educational &amp; cultural institutions, publishers, etc. &amp; providing single window access to all users. The Library provides interface support for 70 Indian languages. https://t.co/T1SRPkBa5F  #InitiativesofMHRD@DrRPNishank https://t.co/cqGXtSFor0|
155659213|2574232910|1180023637425844224|e-Yantra- Enabling effective education across engineering colleges in India on embedded systems &amp; robotics. The training of teachers &amp; students is imparted through workshops where participants are taught the basics of embedded systems &amp; programming. #InitiativesofMHRD https://t.co/SDzRUrKh1R|
155659213|2574232910|1179996094970748929|@iitroorkee is one of the oldest Technical Institution of Asia. The institution is on its way to attain excellence at global level in education &amp; is striving to create a sustainable &amp; equitable society through innovative research in science &amp; technology.#HigherEducation https://t.co/lNfHNfHPPr|
155659213|2574232910|1179785197983653889|NMMSS: Awarding scholarships to meritorious students of economically weaker sections (classes IX) to prevent their drop out at class VIII &amp; encouraging them to continue their study &amp; complete secondary education. https://t.co/vkNJbiJg54#InitiativesofMHRD https://t.co/OEIQFxS12y|
155659213|2574232910|1179732884887719936|CBSE in collaboration with @adobe is organizing a competition for students from class VI-XII. Participate in the creativity challenge themed 'sustainability goals &amp; life of Bapu' and get a chance to visit Adobe HQs, USA. Kids, let your imaginations flow!https://t.co/09LeiBIo37 https://t.co/oRrpmnYZZi|
155659213|2574232910|1179672646406963200|SPQEM: Encouraging traditional institutions like #Madrasas to introduce Science, Maths, Social Studies, Hindi &amp; English in their curriculum so that academic proficiency for classes I-XII is attainable for children studying in these institutions. #SamagraShiksha #InitiativesofMHRD https://t.co/uy1FBmN7qz|
155659213|2574232910|1179632335915905024|Students, a #scholarship can make a huge difference in your education. Don't let this opportunity go away! Head over to this link and register for 2020 Commonwealth Scholarship now: https://t.co/r9szX8BF06#InitiativesofMHRD@DrRPNishank @PMOIndia @PIB_India @mygovindia https://t.co/rAgGwUcwQH|
155659213|2574232910|1179415018590425092|Students, we understand how difficult it is to look and apply for scholarships. There are an incredible number of opportunities available for you to explore. Check your eligibility for available scholarships now. Visit: https://t.co/GHmo0cPipb#InitiativesofMHRD@DrRPNishank https://t.co/GZdNcxuNkg|
155659213|2574232910|1179379763489759232|The plastic you use once tortures oceans forever. Don't let the marine life be replaced by trash. Students, let's pledge to save our planet. #BanSingleUsePlastic #PlasticBharatChodo #PlasticFreeIndia https://t.co/Rd8O1fmgeV|
155659213|2574232910|1179006691506978817|They shared their thoughts and activities on the values of #MahatmaGandhi such as self-reliance, girls education, moral education, non-violence and environment protection. He answered all the question of the students &amp; wished them lots of luck for their future endeavor. https://t.co/Ty6aCmFDkI|
155659213|2574232910|1179006673437880323|Hon'ble Union HRD Minister Shri @DrRPNishank Ji also interacted with the students from Assam, Karnataka, Uttarakhand &amp; Rajasthan through Video Conference.#MahatmaGandhi #GandhiAt150 https://t.co/21sDL0yFyx|
155659213|2574232910|1179005211307700225|An Expression Series was organized by the CBSE on #MahatmaGandhi from August 19 to September 3, 2019. Approx 4.5 lakh students participated in the series. Hon’ble Union HRD Minister Shri @DrRPNishank ji felicitated the winners of Expression Series at the function.#GandhiAt150 https://t.co/d2cs8UZ96W|
155659213|2574232910|1179003994795954176|A Skit on Mahatma Gandhi titled “Bapu Yahan Hain” based on the values and ideals of Mahatma Gandhi ji and their relevance today was also performed by the students of DPS R. K. Puram, New Delhi. https://t.co/w0f1WIB0Wi|
155659213|2574232910|1179002671715405824|During the event, to symbolize 150th birth anniversary of Gandhiji, 150 KV students performed "Sarva Dharma Prarthna" showcasing the diverse cultures &amp; communities present in India. The performance painted a perfect picture of #EkBharatShresthaBharat.#MahatmaGandhi#GandhiAt150 https://t.co/1Mk3Y0KeEU|
155659213|2574232910|1179001153851289608|He interacted with the 150 kids who came dressed as “Bapu” to symbolize 150th birth anniversary of Gandhi ji &amp; encouraged them to follow Gandhi ji’s Principles of ‘Satya, Ahimsa and Prem’ and use #KHADI items in their daily life.#MahatmaGandhi #GandhiAt150 https://t.co/aWR01K8LRi|
155659213|2574232910|1179001135580893184|Hon’ble Union HRD Minister Shri @DrPRNishank ji celebrated Gandhi Ji’s 150th birth anniversary with the young minds of India at DAIC, Delhi today. #MahatmaGandhi #GandhiAt150 https://t.co/pgyd1XkChT|
155659213|2574232910|1178951027887755264|#StudyInIndia is facilitating the student fraternity from all across the globe to come &amp; experience the best of academic learning from the top institutions in #India. This initiative would help accommodate the growing quality educational needs of students across the world. https://t.co/XmFZ1YZl2b|
155659213|2574232910|1178697047609765890|Union HRD Minister, Shri @DrRPNishank Ji participated in a discussion for up-gradation of technical teaching education at National Institute of Technical Teachers Training &amp; Research (NITTTR), Chennai. On this occasion, the foundation stone of the proposed open gym was also laid. https://t.co/cFHRbjNcDZ|
155659213|2574232910|1178695522141360129|Hon'ble Prime Minister Shri @NarendraModi Ji attended the 56th Convocation of IIT Madras today and wished students lots of luck &amp; success for their future endeavors.Union Minister of HRD Shri @DrRPNishank Ji also accompanied him for the event. https://t.co/Xypj0CCqjO|
155659213|2574232910|1178693909599309824|He also praised the teams for moving forward from competition to collaboration this time. #TNWelcomesModi|
155659213|2574232910|1178693903739830272|He took this opportunity to propose a similar Hackathon competition involving ASEAN countries with support from NTU, Govt. of Singapore &amp; Govt of India. He suggested the students construct innovative solutions for reducing global warming &amp; climate change #TNWelcomesModi https://t.co/ECZDkdeQUB|
155659213|2574232910|1178693884584448000|He had suggested the idea of a joint hackathon during his visit to Singapore. Last year, the event was organized in Nanyan Technological University, Singapore, with a focus on competition. This year, it was organised at IIT Madras. #TNWelcomesModi https://t.co/ZElnH5qxmy|
155659213|2574232910|1178693866985152512|Hon'ble Prime Minister Shri @narendramodi Ji visited exhibition at #SingaporeIndiaHackathon at IIT Madras today. #TNWelcomesModi https://t.co/1gg3u0ibiZ|
155659213|2574232910|1178659348735614978|School Education #Shagun simplifies the process of information gathering of all Schools &amp; synergises value addition from the information.You can now access information on more than 15 Lakh schools, 25 Crore students &amp; 90 Lakh teachers across the country.https://t.co/z4BfzhhX80|
155659213|2574232910|1178610118939705345|Do you wish to pursue your Master's Degree in the UK?Registrations are opening for the 2020 Commonwealth Masters Scholarships from 1st October 2019. Check your eligibility here: https://t.co/tcMue9WFgB#InitiativesofMHRD @DrRPNishank @PMOIndia @PIB_India @mygovindia https://t.co/MkAGgXV2VW|
155659213|2574232910|1178590772502745088|Every day Counts! Students, make it a habit to take out at least 20 minutes out of your busy schedule to exercise DAILY to experience a boost in your memory &amp; thinking skills. #FitIndiaMovement #FitIndia #fitindiacampaign https://t.co/gAVjJxj7ju|
155659213|2574232910|1178514841557798912|5 problem statements, 3 themes &amp; 20 teams!The non-stop,fast-paced 36 hours #SingaporeIndiaHackathon is in full swing at @iitmadras. The winners will be awarded by the Hon'ble Prime Minister, Shri @narendramodi Ji. Stay Tuned.@DrRPNishank @PMOIndia @SanjayDhotreMP#Hackathon2019 https://t.co/vxJiFJGFDH|
155659213|2574232910|1178345027845574656|No student who will come to study at IITs will be deprived of opportunity for education because of weak financial condition.Here is all you need to know about the reforms in the MTech programmes in IITs :https://t.co/9HOvV1rPAq@DrRPNishank @subrahyd @PMOIndia @SanjayDhotreMP|
155659213|2574232910|1178258613896220678|Shri @ramgopal_rao, director at IIT Delhi shares nine reasons why he supports the IIT Council decision on fee hike for IIT-MTech programmes. Read here: https://t.co/qurxJ2SX76|
155659213|2574232910|1177996464787640320|Only 3 days left to apply for the DUO-India Fellowship Programme 2020! Head over to this link and check your eligibility now: https://t.co/t8UT476ZQy@DrRPNishank @PIB_India @PMOIndia @mygovindia https://t.co/4c5mGvvsTV|
155659213|2574232910|1177939906754052096|Digital Repository: Showcasing good practices, developments &amp; innovations in States &amp; UTs, resulting in improved performance in the area of #SchoolEducation. Integration of this portal in #Shagun Online Junction will help in relating efforts made by them with their achievement. https://t.co/Yo8hGoh2OX|
155659213|2574232910|1177919712279158784|A fundamental understanding of this mechanics could be important to address issues such as drug resistance.|
155659213|2574232910|1177919709724868608|Dr Saikrishnan Kayarat of @IISERPune is among the 12 winners of @CSIR_IND's Shanti Swarup Bhatnagar Prize awardees for 2019. Through studying the structure of enzymes that can cut DNA, his group addresses the mechanism of action of complex proteins. https://t.co/5UKHx0pW3K|
155659213|2574232910|1177902323101622273|An MoU has been signed between @IITGuwahati and  @AICTE_INDIA on 27th September, 2019 in the presence of Union HRD Minister, Shri @DrRPNishank and MoS, Shri @SanjayDhotreMP to train 100 J&amp;K students for various research internship programs at @IITGuwahati from May 2020. https://t.co/Pev4c4IFvE|
155659213|2574232910|1177831356010655744|#Margadarshan Scheme: Mentor institutions to provide training to mentee institutions on best practices in teaching-learning processes via conferences, workshops, etc. to help them reach their best potential. Funding of up to ₹ 50 Lakhs per institution will be provided too. https://t.co/63AfQxlQPn|
155659213|2574232910|1177799878522499073|Plastic is a substance that Earth cannot digest! Students, it is time to be responsible and spread awareness against #BanSingleUsePlastic. Let's join our Hon'ble PM @narendramodi Ji in the #PlasticBharatChodo movement &amp; refuse the use of single-use plastic.@DrRPNishank https://t.co/dHDfMBg7Uw|
155659213|2574232910|1177579730205151237|#SingaporeIndiaHackathon2 days dedicated to developing creative &amp; innovative solutions! 20 teams at @iitmadras will come up with the most innovative solutions focused on 3 themes:-Good Health &amp; Well-being-Quality Education-Affordable &amp; Clean Energy. https://t.co/4LTntwmQqw https://t.co/F3i9baNUfc|
155659213|2574232910|1177569575031820288|NIRF outlines a methodology to rank institutions across the country on certain parameters, including:-Teaching, Learning &amp; Resources-Research &amp; Professional Practices-Graduation Outcomes-Outreach &amp; Inclusivity-Perception3 Days left! Register Now: https://t.co/mjRMHI2m2a https://t.co/gIW760xp2I|
155659213|2574232910|1177548558557335552|Union HRD Minister, Shri @DrRPNishank Ji, in the presence of MoS, Shri @SanjayDhotreMP Ji chaired the 53rd Meeting of the Council of #IITs in New Delhi today.#HigherEducation https://t.co/1LdRLW7hvG|
155659213|2574232910|1177515108500557826|ARIIA: Ranking major Indian #highereducational institutions &amp; universities on “Innovation &amp; Entrepreneurship Development” indicators amongst students &amp; faculties. Aim is to inspire institutions to reorient &amp; build ecosystems on research &amp; entrepreneurship. https://t.co/IxFtdLw4lZ https://t.co/oAEhA5q6Lz|
155659213|2574232910|1177465383969681408|#100DaysofMHRDस्टडी इन इंडिया कार्यक्रम के तहत भारत आने वाले विदेशी विद्यार्थियों की संख्या दोगुनी हो गई है। इस साल भारत में लगभग 3000 विदेशी विद्यार्थियों ने प्रवेश लिया। #100Days #MODIfied100 #HigherEducationhttps://t.co/0kVFcdEkWc https://t.co/S8rrZuF7mf|
155659213|2574232910|1177428013299798016|HRD Ministry directs the National Institutes of Technology (NITs) to launch a recruitment drive to fill up approx. 2,200 faculty positions by December in response to the issue of faculty shortage raised earlier. https://t.co/M44vKd6vMV https://t.co/DJ8k4cc7ec|
155659213|2574232910|1177267602051059714|NTA: Autonomous &amp; self-sustained premier testing organization to conduct all entrance exams for admission/fellowship in #highereducational institutions. Aim is to improve equity &amp; quality in education by administering research-based transparent &amp; international level assessments. https://t.co/XC7KCOVt0L|
155659213|2574232910|1177238092995911680|#100DaysofMHRD#StudyinIndia program has more than doubled the number of foreign students visiting India. This year around 3000 foreign students have been admitted to Indian Institutions.#100Days #MODIfied100 #HigherEducationhttps://t.co/BwnEg9fVbR https://t.co/FQwvlwpg48|
155659213|2574232910|1177186919232360449|Proud to announce that for the first time, Haryana has more women students pursuing #highereducation than men. This reflects the developments in higher education &amp; indicates the closing gender gap in this field. Kudos!https://t.co/VsJouTbJXq#BetiBachaoBetiPadhao https://t.co/ew12DCj2r8|
155659213|2574232910|1177136601215819777|2nd edition of the Singapore-India Hackathon 2019 (initiative of Hon'ble Prime Minister Shri @narendramodi Ji) is coming to India this time! The event will take place at @iitmadras from 28th-29th Sept. Stay tuned for more details on the non-stop, fast-paced 36 hours #Hackathon. https://t.co/sYx2KE0Qny|
155659213|2574232910|1177091320755548160|#100DaysofMHRDविज्ञान (STARS) और मानविकी (STRIDE: अंतरविषयी शोध) अनुसंधान योजनाओं का शुभारंभ किया।#100Days #MODIfied100 #HigherEducationhttps://t.co/0kVFcdEkWc https://t.co/JxLUUFofEb|
155659213|2574232910|1177065989784997888|#100DaysofMHRDLaunched Science (STARS) and Humanities (STRIDE -  Transdisciplinary Research) Research Schemes.#100Days #MODIfied100 #HigherEducationhttps://t.co/BwnEg9fVbR https://t.co/QzgATLU6Rt|
155659213|2574232910|1176906481158909952|Union HRD Minister @DrRPNishank conferred with SKOCH Challenger Award for E-Governance initiatives to transform the education sector of the country. These initiatives includes UDISE+, Shagun portal, online Teacher pupil registration, etc. #InitiativesofMHRD https://t.co/kfQfhbpGUg|
155659213|2574232910|1176850884489183233|School GIS: Enables you to provide practical feedback on any school’s functioning, processes &amp; operations. We welcome all suggestions &amp; comments that would help us in improving the quality of education offered to all students. https://t.co/uGy000GY65 #InitiativesofMHRD https://t.co/iSWee7jOjd|
155659213|2574232910|1176802187634020352|Calling all in-service untrained teachers working in primary/upper schools, tune in to channel 32 (#SwayamPrabha) on DD Free Dish, Zee Dish TV or Jio Mobile TV App to develop skills &amp; competencies required to master the art of teaching. https://t.co/0frCuSNc9d #InitiativesofMHRD https://t.co/e9ZPBRnGHx|
155659213|2574232910|1176752151298621440|Union Minister of Human Resource Development, Shri @DrRPNishank chairs the 12th Meeting of Council of National Institutes of Technology, Science Education and Research (NITSER) in New Delhi today. https://t.co/0Nkr6Lcx1R|
155659213|2574232910|1176699362480742408|#100DaysofMHRD10 लाख शिक्षकों के वार्षिक प्रशिक्षण के लिए ARPIT ऑनलाइन पोर्टल लॉन्च किया।#100Days #MODIfied100 #HigherEducationhttps://t.co/0kVFcdmK4E https://t.co/0ey8nui8WY|
155659213|2574232910|1176517293901115392|Union Minister for Human Resource Development, @DrRPNishank chaired a high-level review meeting with the officials of the Department of School Education and Literacy regarding the 100 days achievements of the Ministry of HRD. https://t.co/QoZcFyrM7k|
155659213|2574232910|1176506049211203585|Don't let your skipping rope feel left out!A call to all students, get in the habit of exercising 3-4 times a week &amp; improve your energy levels. This will help you stay awake and alert in class. #FitIndiaMovement #fitness #fitnessmotivation https://t.co/65VzGDYtFZ|
155659213|2574232910|1176486067039457280|#100DaysofMHRDLaunched ARPIT Online Portal for annual training of 10 lakh teachers.#100Days #MODIfied100 #HigherEducationhttps://t.co/BwnEg9fVbR https://t.co/OSX6WxDk2O|
155659213|2574232910|1176473034372210688|School Education Shagun: Data Analytics Portal displaying several aggregated information of all schools across India. Access all the information you may need, here: https://t.co/dO2w8BM8JF#InitiativesofMHRD @DrRPNishank @PIB_India @MIB_India @mygovindia https://t.co/jW5S7KHzwt|
155659213|2574232910|1176435290983919616|1 Day to go!MHRD invites teachers to participate in LEAP. A 3-week leadership development training programme (2-weeks domestic &amp; 1-week foreign training) for second-level academics in 15 premier #highereducation institutions. Hurry! Register now: https://t.co/BjRDG1jBi5 https://t.co/3zjrRAjsc8|
155659213|2574232910|1176417941002186752|Chairman of Media and Entertainment Skills Council (MESC) and Renowned filmmaker, Shri @SubhashGhai1 was the Chief Guest. These courses will enable students to acquire industry demanded skills in the entertainment industry and secure jobs.#InitiativesofMHRD #Media #Entertainment https://t.co/ZWafJjbg8L|
155659213|2574232910|1176417930927435776|MHRD and Media &amp; Entertainment Skill Council launched 5 BSc courses in Film Making, Graphic Designing, Performing Arts, Gaming, and VFX on 23rd Sept 2019 at Hyderabad. 350+ colleges from across the country participated in the event.#InitiativesofMHRD #Media #Entertainment https://t.co/A6xG8DR728|
155659213|2574232910|1176407155483664384|#100DaysofMHRDपरामर्श: NAAC रैंकिंग के इच्छुक संस्थानों की मदद। इस योजना के अंतर्गत प्रतिष्ठित संस्थान अपने आस-पास के उन संस्थानों का मार्गदर्शन और मदद करेंगे जो NAAC रैंकिंग में हिस्सा लेकर उत्कृष्ट बनना चाहते हैं।#100Days #MODIfied100https://t.co/0kVFcdEkWc https://t.co/ZC055relcH|
155659213|2574232910|1176377700967014400|Paramarsh: Scheme for Mentoring NAAC Accreditation Aspirant Institutions. Hand-holding of NAAC accreditation aspiring institutions by institutions of repute to help them attain higher standards of higher education.#100Days #MODIfied100https://t.co/BwnEg9fVbR https://t.co/l1qKDPGqzh|
155659213|2574232910|1176179074575683590|#100DaysofMHRD30,000 इंजीनियरिंग शिक्षकों को प्रशिक्षित करने के लिए AICTE द्वारा शिक्षक प्रशिक्षण मॉड्यूल शुरू किया गया।#MODIfied100 #100Dayshttps://t.co/0kVFcdEkWc https://t.co/so9Roulb0K|
155659213|2574232910|1176156357004652545|#100DaysofMHRDA teacher training module was introduced by AICTE to train 30,000 engineering teachers.#MODIfied100 #100Dayshttps://t.co/BwnEg9fVbR https://t.co/DCaNlHNKHy|
155659213|2574232910|1176155471717097474|Single-use plastic is a ticking time bomb for the environment. We urge all students to come together to beat plastic pollution &amp; make this planet a better place to live. #BanSingleUsePlastic #PlasticBharatChodo https://t.co/aG3EKEYquC|
155659213|2574232910|1175974978128236550|#100DaysofMHRDयूजीसी और एआईसीटीई की जगह, एकल नियामक के रुप में भारतीय उच्च शिक्षा आयोग विधेयक को राज्यों के साथ परामर्श के बाद मंत्रिमंडल की सहमति के लिए तैयार किया गया।#MODIfied100 #100Dayshttps://t.co/0kVFcdEkWc https://t.co/XYG9DiZ7wX|
155659213|2574232910|1175769297152434182|#100DaysofMHRDThe Higher Education Commission of India Bill to replace the UGC and AICTE with a single regulator prepared after consultation with states. Ready to take to the Cabinet in October 2019.#MODIfied100 #100Dayshttps://t.co/BwnEg9fVbR https://t.co/9ZaAUBDL8k|
155659213|2574232910|1175752072903315456|The winning video from the competition 'My India Story' organised by MHRD.Syrian Student, Moustafa Najm experiencing #IncredibleIndia while studying at @IITGuwahati. It gives us immense pleasure to be a part of his journey towards success. #StudyInIndiahttps://t.co/xPrFzaudxN|
