155659213|168000112|1183026485059174402|@pdinakar @j_deepakj @KamalPremi2 😆😂😂😂|
155659213|168000112|1183026240090861569|@NeecheSeTopper Superb 😃|
155659213|168000112|1182971033248100354|India becomes seventh most valuable nation brand; sees 19% growth to 2562 Billion USD.  https://t.co/6eciq3An9y|
155659213|168000112|1182916698610917376|@Biorahul Not all half moons are eid ka Chand 🙄|
155659213|168000112|1182906139412848642|Divine 🙏 https://t.co/7VytzMSB6L|
155659213|168000112|1182865677297676288|These pictures are so surreal 😍 https://t.co/DPJ0QaZnO3|
155659213|168000112|1182717179944300544|@naalaYUCK @Being_Humor Lol.. ek Baar listing compliances karke bol 😂|
155659213|168000112|1182714335518265344|@naalaYUCK @Being_Humor In twitter? Doesn't matter for us. 😂|
155659213|168000112|1182712474816016384|@naalaYUCK @Being_Humor Hum toh Bach Gaye 😁|
155659213|168000112|1182707457300107264|No one can be a better brand ambassador of #IncredibleIndia than PM Modi. He proves it time and again. 👍🙌 https://t.co/fCnh3YV1wD|
155659213|168000112|1182623507827445760|🤩🔥🔥 https://t.co/CMwaIpYP69|
155659213|168000112|1182322890563145728|Suji is middle classSemolina is high class https://t.co/mKn7dvjCgv|
155659213|168000112|1182321782356729858|@biharigurl True. I some how managed for 2 years but couldn't anymore and changed timings to early morning.|
155659213|168000112|1182319687448723456|🥶 https://t.co/6f8PDnlj6g|
155659213|168000112|1182155329699606528|Law student. 🙄 https://t.co/AvVdTKlEYA|
155659213|168000112|1182133846357110784|Bauhat Garv ka kaam hai 😂😂😂 https://t.co/PHFhiLCR4L|
155659213|168000112|1182133500708671489|@sanghaviharsh Congratulations sir !|
155659213|168000112|1181974623346282497|@GadhviLaxman ❤️ for this 😅😂|
155659213|168000112|1181973572132098048|Princess Diana 😹😹😹 https://t.co/DrYZIJNBJM|
155659213|168000112|1181912470333480960|They're Scum 🤮🤮🤮 https://t.co/QOBa2FTe2G|
155659213|168000112|1181857975004102656|@nvsavan Pani di emunda... me daka vaste Ila, Mari nannu enduku Pani cheskomani uchita salahalu.. Block chesi unda Leda ani profile lo ki vellakkarle. Unblock chesi na tweets ki reply iste telvada enti. Inka Pani gurinchi meere cheppali Naku , thokkalodi. Baga kastapaddaru. Inka vellandi.|
155659213|168000112|1181854331710033920|@nvsavan Indulo tamariki em elevations kanipinchindo asalu. Akkada atani chanchala swabhavam kanipistunte. Ilanti valla meeda interested ani tamari  thokkalo point. Na Pani nenu chuskuntunna..me gurinchi kani vishayam lo vachi Maree Velu pedtunarante meeku Pani ledani Naku ardamaindi. 🤣|
155659213|168000112|1181760367275327489|@Seems3r I will convey this to him next time when he unblock me 😀|
155659213|168000112|1181757868032184321|Block- unblock-block-unblock-block. Idi oka mahaanubhavudi varasa. If you want to block me do it forever. 😅|
155659213|168000112|1181756995394650112|How many liberals are boycotting his bank? https://t.co/Ho7WGwNfZA|
155659213|168000112|1181651629671469057|@Shivam_h9 @sailorsmoon Hey.. Happy Birthday 😀|
155659213|168000112|1181607713513463808|@MoiSherni ❤️|
155659213|168000112|1181595782622826496|@utkarshp7 @vsurywanshi87 @liberal_slayerr @Sohni_Bose Pyar Diwana hota hai Mastana hota hai|
155659213|168000112|1181593906032414720|_ @AMIT_GUJJU , love you mere bhai 🤗|
155659213|168000112|1181589409654693888|@Fussy_Ca .., ❤️ are not there .|
155659213|168000112|1181575208441958400|This is awesome. And never forget the ruckus created by Rahul Gandhi and lies peddled by him and some media houses. Modi government stood firm on the deal and here we go ✌️ https://t.co/0knijxITb1|
155659213|168000112|1181568980760309762|@imeerage 😊🤗|
155659213|168000112|1181568426940211200|@imeerage Ye kab hua 😅|
155659213|168000112|1181566731237478401|😆😂😂😂 https://t.co/iyvP3Kt4T5|
155659213|168000112|1181566523921616897|Ivekkadi vaanalu ra babu ⛈️|
155659213|168000112|1181561545781760000|@Fussy_Ca @Spoof_Junkey Background dialogue bhi likho 😄|
155659213|168000112|1181561315992600577|@curlykrazy07 Congratulations @Mysterious_Leo5 😊|
155659213|168000112|1181559739060117504|@Spoof_Junkey 😝|
155659213|168000112|1181558490151546882|@Spoof_Junkey Close enough? 🤣 https://t.co/I0v1RyGnOT|
155659213|168000112|1181557743859036161|Aayudha PoojaKids - bikesAdults - Cars, SUVsLegends - Rafale, that too in France 😍🤩 https://t.co/XceFcxlaSj|
155659213|168000112|1181551844322992130|@srikanthbjp_ YesHappy Dasara :)|
155659213|168000112|1181551689217658880|@curlykrazy07 Thanks 😀|
155659213|168000112|1181545405001039872|😂😂😂😂😂 https://t.co/4lFz0Qj3DT|
155659213|168000112|1181543150399025154|@KDRtweets Dayachesi next time emaina post cheste comment cheyakandi|
155659213|168000112|1181532714618384386|@KDRtweets Mood kharab chestaru aa section of people 👎|
155659213|168000112|1181498014847782917|@dhaval241086 @sailorsmoon @Fussy_Ca You're now verified Aisa bolega toh alt news ek article chap dega aapke Naam pe. 😄|
155659213|168000112|1181496812286300160|@sailorsmoon @Fussy_Ca @dhaval241086 Ye photo twitter mein itni baar dekh chuki hu ki asli photo mein Kaun tha ye bhool gayi 😁|
155659213|168000112|1181495512425549825|@Fussy_Ca @dhaval241086 Why everyone is using @sailorsmoon 's photo?|
155659213|168000112|1181495277913399303|@biharigurl :)|
155659213|168000112|1181494708251455488|@Veera_Pa1 @MiskiFans @IndiGo6E Vallu delay cheyaru.. unless there is air traffic. Okavela take off delay Aina cover chestadu.|
155659213|168000112|1181488947026776065|@Vishu_CS I think you need not worry about my weight since it is fine and I'm absolutely happy with how I am. Thanks.|
155659213|168000112|1181488382188216320|@prayag_sonar Thank you. Happy Dusshera to you too :)|
155659213|168000112|1181486850638172160|@priyamucharla 😊❤️|
155659213|168000112|1181486730362310657|@MKNagavarapu Please 🙏|
155659213|168000112|1181486654541856768|@Vishu_CS As if you have seen me since my childhood 🤷|
155659213|168000112|1181480941056692224|@just_kashyap 😹|
155659213|168000112|1181480868361039872|@zLaTanIkPiKaChU No it doesn't.|
155659213|168000112|1181480244416405504|@Mysterious_Leo5 Tareef karo toh kheer denge troll karo toh cheer denge 😂|
155659213|168000112|1181480121913397248|@zLaTanIkPiKaChU #NotMyMP|
155659213|168000112|1181479812495372289|@zLaTanIkPiKaChU Who is Owaisi?|
155659213|168000112|1181479655406063616|#NewProfilePic#FestiveMood ❤️ https://t.co/CB1himwwyr|
155659213|168000112|1181464500064509952|@a_muglikar Me and my aunt 😀|
155659213|168000112|1181455639597314049|@andhroindian 🙄|
155659213|168000112|1181455082027511808|Athadu BGM 🙌Mani Sharma mass 🔥|
155659213|168000112|1181454432388562944|@andhroindian Recipe Naku telvakapote kada. Almost Anni pindivantalu cheyadam vachu sir. :)|
155659213|168000112|1181452803660636166|@andhroindian I stay with my family and cooked by me :)|
155659213|168000112|1181448704940597248|@ArpitRohitVira That is not medu vada. Aapko pata nahi ye kya hota hai..forget about ingredients.|
155659213|168000112|1181446828014727169|@MiskiFans :)|
155659213|168000112|1181446608656818176|@Biorahul Yes :)|
155659213|168000112|1181445185084907520|Pulihora, Gaarelu. Mandatory prasadam on Dasara. (Calorie police and perfectionists, please stay away 🙏) https://t.co/GWXmeDeZlH|
155659213|168000112|1181437734252007425|@mcdowellmurthy Na. Ma families lo ledu that tradition.|
155659213|168000112|1181436683276783627|@Peacef_Warrior Thank you :)|
155659213|168000112|1181436527739469824|@DarshanaJardosh Happy Vijaya Dashami ma'am. 🙏|
155659213|168000112|1181435568699400192|@ivak99 @devduttmyth 😂😂😂|
155659213|168000112|1181435266797584389|@andhroindian Over action 😂|
155659213|168000112|1181434504457674753|@mcdowellmurthy Madi Nalgonda ne 🙄|
155659213|168000112|1181432169287356417|Happy Vijaya Dashami :) https://t.co/EM8N23mMOy|
155659213|168000112|1181427063338745857|@andhroindian @KumbalaBabu @mcdowellmurthy @NarensTweetz 😁😁|
155659213|168000112|1181411227454410752|@pokershash @LOLiyapa @artwhoring 👏👏👏👏👏🙌|
155659213|168000112|1181410432176705541|@MiskiFans @IndiGo6E Free ga ticket ichara?|
155659213|168000112|1181409444669751296|@KumbalaBabu @mcdowellmurthy @NarensTweetz Ikkada asalu Andhra vallu evaru unnaru antha chinchukuni matladtunnav?|
155659213|168000112|1181408961288790016|@LOLiyapa @pokershash 😂😂😂😂|
155659213|168000112|1181406626181287937|@mcdowellmurthy @KumbalaBabu @NarensTweetz Same here..till 2014. Eeyana ki against ga matladite Andhra ani stamp estaru 😹|
155659213|168000112|1181403257672855552|@mcdowellmurthy Sorry kaleswaram. Mistakenly mentioned. :)|
155659213|168000112|1181402309844037632|@mcdowellmurthy @NarensTweetz Yeah. Liking the replies which are with his govt. JP di highlight asalu. Polavaram ki RTC ki aa Colour change edaite undo 😹|
155659213|168000112|1181400820870307840|@kishanreddybjp Vijaya dashami greetings to you sir. 🙏|
155659213|168000112|1181399376276516869|@DrSJaishankar Happy Vijaya Dashami sir. 🙏|
155659213|168000112|1181395572470816769|Ravana with ten hands??? Two minutes silence for those who followed his books and speeches. Absolute junk 😹😹😹 https://t.co/Ev0VHCeA0I|
155659213|168000112|1181389316376784897|@NarensTweetz Ktr retweet kuda chesadu same tweet by another one.|
155659213|168000112|1181226278680059905|@imeerage Aajao 😀|
155659213|168000112|1181211816870834176|- For Tax evasion prosecution will be initiated where the amount of tax sought to be evaded is 25lakhs or more.-For failure to file ITR - prosecution can be launched only if the amount of tax which would have evaded is Rs. 25 lakhs or more. Relief for tax payers.|
155659213|168000112|1181211814987628545|CBDT has issued guidelines on initiating prosecution for financial offences.- Threshold limit for initiating prosecution for non-payment of TDS/TCS is 25lakhs or more and delay in deposit is 60days or more.|
155659213|168000112|1181208282595119107|@biharigurl Biscuits mein bhi calorie policing kar rahe hai log. 😡|
155659213|168000112|1181207496913911810|@biharigurl Beware of calorie police . Mood kharab kar dete aise log 🤮|
155659213|168000112|1181207285856534535|@Prashanthiitg Tell me when I ask. Till then keep your facts to yourself.|
155659213|168000112|1181191804214902785|🙄🤷 https://t.co/dXMPmqhwgr|
155659213|168000112|1181189338098356227|@mita_anilkumar Sorry if you find it arrogant. I was just sharing my thought in a casual way :)|
155659213|168000112|1181187902903971840|@mita_anilkumar Not necessarily everyone feels the same like you do. Good for you if you prefer the local bakery. 👍|
155659213|168000112|1181185098349047809|@uvkarthik 👎|
155659213|168000112|1181182528482230273|@muglikar_ @a_muglikar @dhaval241086 @TheSignOfFive Hogaya na.. Abhi annual filings and MGT-14 ka bhaad aayi hai 😁|
155659213|168000112|1181182036754624512|@a_muglikar @dhaval241086 @muglikar_ @TheSignOfFive https://t.co/BUMp9OJnBn|
155659213|168000112|1181179452828479490|@a_muglikar @dhaval241086 @muglikar_ @TheSignOfFive Wow sir.. autograph please 🙌|
155659213|168000112|1181179204211097600|People who do calorie policing on every damn food item/eatable just spoil others' wish to eat. Stay away from them. 😖|
155659213|168000112|1181177353822560257|@Peacef_Warrior Name and address please 😁|
155659213|168000112|1181174985441693696|@Prashanthiitg To hell with your calorie policing. If you don't like them restrict yourself. Others are not having any obligations to tie their mouth.|
155659213|168000112|1181172943696478210|@kachra_peti 😀|
155659213|168000112|1181172431936876549|@bhav2406 That heavenly smell of baking these biscuits just tempts us to check in 😃|
155659213|168000112|1181171522985029633|These biscuits are ❤️ https://t.co/yWxt50Jm0E|
155659213|168000112|1181165565294964737|Biggest push for fight against black money. India gets first tranche of Swiss bank account details. Actions speak louder than words. 👍 https://t.co/mGtpWiq8Xe|
155659213|168000112|1181162422830108680|@GadhviLaxman 🔥🔥🔥|
155659213|168000112|1181151683578974208|@sailorsmoon @Law1Leo 😐|
155659213|168000112|1181149388661329920|@sailorsmoon @Law1Leo Wow you're truly a celeb. Got wishes from adv leo 😃😁|
155659213|168000112|1181148658017792001|Controlling sleep post lunch https://t.co/yhpcHQoHrU|
155659213|168000112|1181145434397405184|@vsurywanshi87 But it has beard... I think it's not you 😀|
155659213|168000112|1181095944403599362|Pelli aipoindi..Inka baajaalenduku 😅 https://t.co/PvkW0WGNPA|
155659213|168000112|1181095316134580225|@mcdowellmurthy Comparing ysr with vallabhai Patel 🙄|
155659213|168000112|1181088911289749504|Imagine the outrage by her and her bestie Chinmayi, if it was"No.1 wife" written over there. https://t.co/TP07FHQulP|
155659213|168000112|1181081288200994821|😂😂😂😂 https://t.co/ptZMeK6td6|
155659213|168000112|1181070570466594816|TRS 🐑 don't know how Telangana people and  khalistanis look like.  🤭 https://t.co/FOIAzm1HTP|
155659213|168000112|1181067020277669889|From enjoying 10 days Dasara vacation after quarterly examinations to waiting for that one day festival holiday we all grown up 😔|
155659213|168000112|1181066386958737409|What's the scoop in this? Do you expect Congress leaders to lead BJP campaign? Anything to make it sound sensational? 🤷 https://t.co/INEUcSqlT1|
155659213|168000112|1181059182264373248|@desimojito ♥️|
155659213|168000112|1181058581971365888|@WithBJPAndhra Not copy..it's dubbed|
155659213|168000112|1181048736954208256|@MoiSherni 😹|
155659213|168000112|1181041202826633219|@sailorsmoon @MihirkJha 😄|
155659213|168000112|1181038234110791680|@sailorsmoon @MihirkJha Happy Birthday @sailorsmoon 😀|
155659213|168000112|1181023123006640128|@desimojito Happy Birthday :)|
155659213|168000112|1181002042900238337|786% . Good pick of number 😹😹😹 https://t.co/kojRkHredr|
155659213|168000112|1180898210560110592|@iAnkurSingh @priyankagandhi *fun :)|
155659213|168000112|1180897722494119936|@sailorsmoon Aur unse bauhat achhe log March mein paida hote hai 😄|
155659213|168000112|1180895250547560449|@Peacef_Warrior I know. I never did that feat 😄|
155659213|168000112|1180894956161908736|@Peacef_Warrior 🙄|
155659213|168000112|1180885439776821248|@ivak99 Ade kada.. vepa pullalu, nulaka manchaalu ivanni Manam eppatinundo vaadutunnam. Ippudu Edo kothaga innovate chesinattu build up istadu 😄|
155659213|168000112|1180883297452212224|@Biorahul It's available only on YouTube.|
155659213|168000112|1180882607686344704|@Biorahul This movie.. Neevalle Neevalle in Telugu, Unnale Unnale in Tamil. Old one but awesome movie 😍|
155659213|168000112|1180882045947371520|Still one of my favourite movies ♥️ https://t.co/STSLOHIteb|
155659213|168000112|1180881323184885761|Idi maku eppudo telusu.. meeru school mooseyandi. https://t.co/yoEL2MJvgO|
155659213|168000112|1180826052299382785|Hoyna Hoyna and samajavaragamana https://t.co/CxXALJznz1|
155659213|168000112|1180792931088625664|2012 https://t.co/yksUItTbrV|
155659213|168000112|1180792677635260416|Cooking and chai ♥️ https://t.co/IhqPHPl5rp|
155659213|168000112|1180768073004961793|@biharigurl 😄|
155659213|168000112|1180766044689842177|Lovely ambience #SahibSindhSultan https://t.co/c4AQT8aIJa|
155659213|168000112|1180757115490553856|@andhroindian @mcdowellmurthy Chakkati cover drive 😏|
155659213|168000112|1180755932680048643|Same here in Hyderabad 😭 https://t.co/aqRw7LnMba|
155659213|168000112|1180746975571922944|@bhav2406 😀|
155659213|168000112|1180746250007629824|In first year of Ayushman Bharat, 90,000 cancer patients were treated. Tamil Nadu topped the list and they trend Go back Modi 🤷 https://t.co/6uJ2ojhxrh via @IndianExpress|
155659213|168000112|1180743900262068226|@NarensTweetz That escalated very fast 😄|
155659213|168000112|1180743350611140610|@muglikar_ 😀|
155659213|168000112|1180735275837714432|Private companies with debts may soon have to undergo mandatory secretarial audit. More work for company secretaries. 😀 https://t.co/sLBE7yVNfr|
155659213|168000112|1180731393795489793|@sailorsmoon Ne talkai 😂|
155659213|168000112|1180728886637686785|Vanakkam!Vanakkapote maaneyandi..nakenduku cheptunnaru 😁😄|
155659213|168000112|1180727040858714112|😍😍😍😍😍 https://t.co/C3ZIvGsLpF|
155659213|168000112|1180720236846288902|@mcdowellmurthy 😁|
155659213|168000112|1180708115483742208|@KDRtweets Aite ooriki velle plan cancel cheskovali 😬Inka start kale ani chusa|
155659213|168000112|1180705801666609152|Is RTC strike starting from today? I'm reading different updates from different sources.|
155659213|168000112|1180703880364998656|@andhroindian @mcdowellmurthy 🙄|
155659213|168000112|1180696703852171265|@brokesilver @VishakhaJ18 FYIhttps://t.co/qM7CZFksxl|
155659213|168000112|1180693868104179713|@PehliBaarish I have given my opinion with my minimum movie knowledge. Kindly don't get into detailed analysis. 🙏|
155659213|168000112|1180688603589926913|@bansal023 She gets free publicity and becomes liberal hero and what not. All they need is that..they don't think like what you say.|
155659213|168000112|1180687052225929216|Arey why do people give over coverage to that IIT professor. No one knows about her few days before. 🤦🏻‍♀️|
155659213|168000112|1180686395020439552|@NarensTweetz nen kshanam chudale.. Idi kuda prime lo vachinapudu chusa. 😄|
155659213|168000112|1180685018617634817|@NarensTweetz Manchigane untundi ga 🙄|
155659213|168000112|1180684184982966272|I pray that Tiger Shroff won't do remake of Adivi Shesh's Gudachari movie. It is a classic piece.|
155659213|168000112|1180681939868499968|That man has been awarded champion of Earth award by UN Environment Program. His govt alsoReplaced LED bulbs which reduced 4.63 Mn tons of Co2 emissions.Gave biggest push for solar power which is cheaper todayLaid 21000 miles of roads using plastic. M0ron like u never know https://t.co/4dn4Hqs6H7|
155659213|168000112|1180671320737976320|@Isoumyas 😭🤦🏻‍♀️|
155659213|168000112|1180519378845982720|One thing is sure. He is never going to emerge as a leader. Media houses may write elevations for 10 more years with same headline, but they're never going to be a reality. https://t.co/x6vxgQcKVZ|
155659213|168000112|1180513785020207105|https://t.co/clZ6xqwf2w https://t.co/Hq5p9yInaO|
155659213|168000112|1180507687966011396|@ivak99 😹|
155659213|168000112|1180507096342646786|@KDRtweets Time ki Idi gurtochindi 😅|
155659213|168000112|1180506205476642818|@biharigurl Utna scene nahi hai.. pagal jaisa harkate karta hai. 😹|
155659213|168000112|1180504914180497408|@biharigurl Seriously? 🙄|
155659213|168000112|1180503840086343680|270 former army men are brought guards in JNU campus. This is going to rattle the commie snakes in JNU. నీ కంపే గిట్టదంటే వన్నె చీర కట్టుకుని వస్తానందట 😅  https://t.co/vB4H9PZgZg|
155659213|168000112|1180384972894420992|@SmokingSkills_ Nice DP|
155659213|168000112|1180381577198522370|Nostalgic! 90s kids childhood is the best. Those memories we always cherish 😍 https://t.co/YqthSVn3lw|
155659213|168000112|1180369126797103104|@FCSJigarShah Absolutely 😀|
155659213|168000112|1180353797983367168|Sometimes I should remember these golden words. https://t.co/DqJu0pn6NB|
155659213|168000112|1180352245042311168|@tejasarcasm @pokershash @RitikRai619 Yeah|
155659213|168000112|1180351972097921025|@tejasarcasm @pokershash @RitikRai619 This is beautiful 😍|
155659213|168000112|1180349448599130113|@WirelessQuint @_1Man_Army Ignore. Don't waste your time on these *******|
155659213|168000112|1180348493627453440|@_1Man_Army @WirelessQuint Mind your language. You were no way concerned about what I do.|
155659213|168000112|1180347996229124096|@schinchela I am aware of what I have to do. Thanks.|
155659213|168000112|1180346456084889601|Neeku nachinattu movie gurinchi cheppadaniki nenemaina puppet ankunnava.. and when I say no you use F word and talk about my level. This douchebag should first get a life. You're not even worth of my block.|
155659213|168000112|1180343317306859520|@sumanth_sayz @srini48 I already did. #Peace|
155659213|168000112|1180342021686353920|@srini48 Dude.. unfollow Kodta annav..do it and get lost from here. I can use more abusive words than you, but I don't wish to stoop to your level. I don't want to wrestle with you on dirt. You may enjoy it but I will get dirt. Now buzz off..|
155659213|168000112|1180340495311966208|@Mysterious_Leo5 @srini48 😹😹😹|
155659213|168000112|1180339970025775105|@srini48 Grow up! Just bcz I didn't tweet about a movie you get offended and wanted to unfollow me. Your stupid logic deserves that reply. Now leave.|
155659213|168000112|1180339245812080642|Movie gurinchi nenu tweet cheyaledani chala feel ayyi unfollow chestadanta. Ila kuda untara janaalu 😁😂|
155659213|168000112|1180338296418779137|@srini48 My pleasure. Please do that. 🙏|
155659213|168000112|1180337168905994240|@srini48 So? It's my wish to post or not to post. Is that a mandatory requirement to tweet?|
155659213|168000112|1180336515731185664|@mbyechuri @varanasi_manoj Inka nayam.|
155659213|168000112|1180335211529195522|Why should I? 🤷 https://t.co/0btqsKfPk1|
155659213|168000112|1180334144099733504|@mbyechuri @varanasi_manoj Is that barred? He does everyday 🤷|
155659213|168000112|1180332425873784832|@AshuMittal @Shakti_Shetty Ok|
155659213|168000112|1180329781126000641|Saturday week off. Poddunne 7 ki lechi 8 Kalla ready ayyi, Pooja cheskuni, velladu. Idantha deniki ani adigite.. cinema ki ani annadu. Ne dedication ki 🙏 @varanasi_manoj|
155659213|168000112|1180328522742562816|Stop this nonsense lady! Accept the decree of court with grace, if you have. Your fake propaganda is not going to work. https://t.co/goEtEk4CdQ|
155659213|168000112|1180319622542680064|@WesternBhagwa @moronhumor Absolutely! When people get facilities, it is their responsibility to keep them clean. Government may bring number of schemes on cleanliness unless people realise their civil responsibility nothing changes.|
155659213|168000112|1180319001957634048|🤭🤭🤭 https://t.co/V50TQBMFyb|
155659213|168000112|1180316557945081862|@chintan20 Yes 😏|
155659213|168000112|1180313635484160000|@chintan20 MalayalamAnd it's Telugu..not Telegu 😬|
155659213|168000112|1180313466990579712|Indian Railways installs bio-toilets in 95% train coaches. 100% target to be achieved in 3 months. 👍https://t.co/XhiYr1K6gX|
