155659213|333982951|1188112547909533697|Just got these fotos of the get together that I had hosted. Everyone was happy &amp; enjoyed it very much as it was the festive season &amp; Diwali was round the corner https://t.co/LwfvCGKm0q|
155659213|333982951|1188103327990472704|Wish u all a Wonderful &amp; Prosperous Diwali - the festival of lights &amp; plenty! May Lakshmi ji bless u &amp; ur families with all prosperity &amp; good health always🙏Happy Diwali dear friends! https://t.co/pMV40D6JVl|
155659213|333982951|1187950607979577344|At the pre Diwali get together in Mathura. Had invited BJP netas, all the local party office bearers, party members &amp; personally welcomed all of them https://t.co/Jd1mgZF5RA|
155659213|333982951|1187601202860589056|Happy Dhanteras to all of you! I pray that you be blessed even beyond your expectations on this day🙏 Happiness &amp; Love to you on this auspicious day! God bless https://t.co/KYFLi0zGvZ|
155659213|333982951|1185791511478145024|For the campaign in Haryana, I stayed overnight in Mandawa in Rajasthan. Memories of 15 years back came flooding into my mind. Yes! This was the place where Esha’s first film was shot &amp; I was staying in the same hotel room as I did then. It was indeed a lovely feeling😊 https://t.co/1dTul1f4yL|
155659213|333982951|1184859337828618241|It is Karwa Chauth today - a day of fasting &amp; prayers for the welfare of those special men who are part &amp; parcel of us - &amp; for many years for some of us too. We seek the almighty’s blessings to keep us always happy, supporting each other for the rest of our lives🙏 https://t.co/zARWawPCYx|
155659213|333982951|1184852607057022976|Had a wonderful evening with my family and friends, who came together to celebrate my birthday! I would also like to thank millions of my fans who have been sending their wonderful wishes! This birthday was special as I have celebrated it keeping all of them in my mind. Thank you https://t.co/lUgjAC4TmF|
155659213|333982951|1184731100750344193|Had a wonderful time celebrating my birthday with my dance troupe, Natyavihar Kalakendra and everyone else who came to wish me in the afternoon.Thank you for all the wonderful gestures and wishes! 🙏🏼 https://t.co/tyIkFzsy6w|
155659213|333982951|1184718020385501184|I had celebrations for my birthday going on the whole day! Family &amp; friends made it happen with Esha taking the lead &amp; looking aftet all arrangements. I only had to go along with whatever had been planned which I did happily! Starting with the religious function in the morning... https://t.co/xk8tetvPc7|
155659213|333982951|1184478959049687040|https://t.co/9TrENZVndB|
155659213|333982951|1183766223588184064|At the Rangji mandir, the most beautiful S Ind temple in Vrindavan, for Sharad Poornima. Had a wonderful darshan of the Lord as he was brought out in the moonlight. There was also a cultural prog of B Natyam by a Delhi artiste. A wonderful experience indeed! Loved it🙏 https://t.co/mDHrrbAPl4|
155659213|333982951|1183229806898380805|'Proper hygiene for a healthy future'- This applies to all but we should focus on children esp. in schools  to always wash their hands with soap. For this we must ensure tht  facilities for the same are made available to them. #CleanHandsForAll#OperationKayakalpUP https://t.co/AHvNuNPTCp|
155659213|333982951|1181401978833780739|Participated in a traditional Durga Puja at the Ramakrishna Mission last night.Truly an exhilarating experience in a perfect ambience🙏 https://t.co/BPfzNqKjCC|
155659213|333982951|1181369741220335616|https://t.co/1nYldRMRfF|
155659213|333982951|1181362650359332864|Today is Vijaydashami which celebrates the triumph of good over evil after 9 days of war.The goddess Durga is celebrated for her victory over Mahishasur.Another celebration is frm the Ramayan where Lord Ram kills Ravan after a fierce battle-triumph of truth over lies &amp; immorality https://t.co/eFdXW2GvXt|
155659213|333982951|1181032579274641408|Maha Navami is believed to be the day when Durga Maa defeated the evil Mahishasura. Also known as Durga Navami ths day is celebrated on the ninth day of Navratri and the fourth day of Durga Puja. It is also celebrated as Ayudha puja or Saraswathi puja in the south. https://t.co/ONZzDtkH42|
155659213|333982951|1180690968707600384|Eighth day of Navratri - Ashtami - when Durga Maa is worshipped as Maha Gauri the beautiful manifestation of the Mother. May we all be showered with her blessings🙏 https://t.co/QDsbAy40pe|
155659213|333982951|1180369555039739904|The 9 days of Navratri celebrate the Goddess Durga in 9 forms. Today is the 7th day or Maha Saptami. Ma Kaalratri or  Shubhankari as she is called on ths day, helps to destroy all ignorance &amp; brings light into the darkness providing auspicious results to all devotees https://t.co/fOlgtpC6CR|
155659213|333982951|1179429755512377348|https://t.co/FwUss3RD19|
155659213|333982951|1179429416994103296|https://t.co/QLuUz5ABq6|
155659213|333982951|1179428711923240960|Modi ji has declared India an Open Defecation Free (ODF) country from Oct 2. From this day single use plastics are totally banned in the country. To this effect, padyatras have  been undertaken all over India. We observed this in Mathura &amp; Vrindavan today. Here are the photos. https://t.co/9R9w0byoWD|
155659213|333982951|1178156154859352064|It is festival time all over our country. Beginning with Navratri. Happy blessed Navratri to all of u on Twitter🙏 https://t.co/ljxXS1upBP|
155659213|333982951|1177816947376803840|Lata didi’s bday!God bless her with many more healthy years! @mangeshkarlata has brot me much joy &amp; is an inspiration for me as she is for millions. My spl equation with her spans many yrs. It is an honour to be associated with u Didi &amp; i treasure your love &amp; good wishes always.|
155659213|333982951|1176908475688837120|I can’t think of a more appropriate person to be nominated for the prestigious Phalke award thn our multi faceted,multitalented actor par excellence-Shri Amitabh Bachchan. He is a whole institution by himself given the multiple roles he has played with gt ease. Congrats Amitji https://t.co/VJeDEH6sYV|
155659213|333982951|1176173273660313602|Some fotos from the ballet Ganga. Swachch Ganga as she was when she first descended to earth followed by Maile Ganga which she becomes because of public misuse &amp; apathy https://t.co/ei8BcYIxFt|
155659213|333982951|1174165932098195456|Ind women are becomg a real force to reckon with!Yes! IAF Wing Commr Anjali Singh becomes India’s 1st female military diplomat.She is frm the aeronautical engg branch of the IAF havg 17 yrs of service to her credit &amp; is also trained in flying the MIG 29 aircraft.Well done Anjali!|
155659213|333982951|1173949977652936705|He is not just the leader of our country, but a man who has a great vision and is always on a mission for great achievements! He is an inspiration to millions in India and around the world.Wishing @narendramodi ji a Happy Birthday and a prosperous year ahead! #HBDNarendraModi https://t.co/rgJVNqw3Wc|
155659213|333982951|1171815511555919872|It is festival time in Kerala &amp; for Keralites all over the world! Wish all of you a wonderful, blessed Onam🙏 https://t.co/ErsC3vy4QC|
155659213|333982951|1170777633639952384|Update on Chandrayaan 2 https://t.co/3wXlxv3hj3|
155659213|333982951|1170753915723210752|I’m in Pune today to perform at the prestigious Ganesh festival. Performing for this festival has become a ritual for me &amp; I try to present somethg new every year. So ths year it is going to be Ganga- my latest ballet inaugurated earlier this year https://t.co/1TSJU7y80m|
155659213|333982951|1170751085406871552|Chandrayaan’s Vikram lander lost contact whn it was just 2.1 km frm its target, even as we all waited with bated breath. The desired result was not fully achieved but it is still a victory bec of the tremendous hard work put in by ISRO. India stands by your great team. Congrats! https://t.co/85vAcmeHMy|
155659213|333982951|1168395196918198272|Happy Ganesh Chaturthi! See the 108 Ganeshas in the main figure of Ganesh ji in the picture below &amp; be blessed https://t.co/hjL20zdEZr|
155659213|333982951|1165817113807708160|Superb Sindhu has done wht no Indian has ever done! In an absolutely sensational performance, she has simply blown the opposition into oblivion in the World Championships final in only 38 mins. Congratulations young achiever &amp; may you win many more laurels in the coming years👍✌️|
155659213|333982951|1165286695186485248|Arun ji  is no more. A party stalwart, pillar of the BJP, intelligent politician, excellent orator &amp; my wonderful friend &amp; mentor. He always encouraged me &amp; was the reason behind my joining politics.He was a bollywood film buff &amp; had watched my movies avidly. Will really miss him|
155659213|333982951|1164767630864994306|https://t.co/XSOy67Li5S|
155659213|333982951|1164767466855129088|It is tht time of the year that we wait for eagerly. Yes! It is Janmashtami -celebrating the birth of Krishna who lives in the hearts of the people! Triumph of good over evil is the reason for this avataar as he demolishes the demons&amp; leaves for us the Bhagvad Gita as life truths https://t.co/Uo2hiITuvE|
155659213|333982951|1161591166954954753|British colonial rule ended on Aug 15  exactly 73 years ago thanks to the sacrifices of known &amp; unknown heroes. We celebrate this day as our Independence Day, a day of unity &amp; integrity &amp; recall with pride the bitter struggles of the past &amp; the sweet success that followed🙏 https://t.co/RS4m6FS9Fy|
155659213|333982951|1160055086992637952|Happy memories with a dear friend &amp; mentor. Your ever smiling face &amp; remembrance of the time we spent together are forever etched in my mind dear Sushma ji🙏 https://t.co/MorMr8w9kM|
155659213|333982951|1159852366935412738|Best wishes to @ZARjewels https://t.co/0dsKa0DVqd|
155659213|333982951|1158948235655778304|Sushma ji always appreciated my dance &amp;in particular my presentation of “Ganga”over which she went into raptures in public.She was a lovely person with an aura of her own &amp; she held her head high as a senior minister in the cabinet where she was surrounded by men.Miss u Sushma ji https://t.co/UQ62gWZHhr|
155659213|333982951|1158923239017443330|Sushma Swaraj ji is no more.A big loss to our nation. Personally,she was always a good friend, philosopher &amp; guide throughout my years in Parliament.Soft spoken yet firm, always empathetic to people’s problems, she was unique in many ways &amp;endeared herself to the public always🙏 https://t.co/fbB806MBeR|
155659213|333982951|1158021065911619584|🙏 I thank you all for the wonderful tweets appreciating the photos &amp; video clips of my performance before the Lord at the pracheen Radharaman temple in Vrindavan. For me, it was truly a divine experience &amp; I was in a different world altogether for that stretch of time. https://t.co/h9oIpZHE0F|
155659213|333982951|1157861245791326208|Today is Friendship Day! Let us renew our ties that have been built up over the years, some forgotten, some missed out, some in the distant past, some in the present - but all playing a part in our lives. Time to be thankful for all our dear friends 🙏 https://t.co/mdOYBshftD|
155659213|333982951|1157668377709563904|https://t.co/yh5iYFeKRi|
155659213|333982951|1157666590000734209|And now a bit of the video https://t.co/8z7rO9Iel1|
155659213|333982951|1157664455867564032|Presenting here photos of my dance performane at the Radharaman temple last night. Loved dancing for the Lord - such a heavenly, divine experience🙏 https://t.co/gezWWDzLdy|
155659213|333982951|1156587139884310529|I am honoured to have been asked to give an exclusive performance for the Lord at the Radha Raman temple in Vrindavan on Aug 2🙏 https://t.co/klo0W9zZt0|
155659213|333982951|1153631392393125888|Two wonderful events have happened which have placed our country right on top! First the launch of Chandrayaan 2. What a remarkable feat by the ISRO team!Hats off to their hard work. Next we have young Hima Das who’s won her 5th gold medal at Prague. Congrats Hima! Gt achievement https://t.co/TJdXP8rikK|
155659213|333982951|1152609375590072320|Sheila Dikshit, distinguished politician, longest serving Congress CM of Delhi, the person behind the changed  &amp; transformed face of Delhi is no more. Much respected beyond party lines, Sheila ji will surely be missed by everyone🙏|
155659213|333982951|1152234606269095937|Had another fruitful meeting - this time with Hon'ble Union Minister  for Youth Affairs and Sports Shri Kiren Rijiju on the 18th. Asked for Central  assistance for creating Sports Insfrastructure in my constituency,  Mathura. https://t.co/m6wx45lAK0|
155659213|333982951|1152107144927297536|Met Nitin Gadkari ji with my requests for Mathura vikas. Always sympathetic to improving Mathura - in fact, he had gone out of his way to attend to the deteriorating conditions of the NH 2 - he listened carefully to what I had to say &amp; promised all help🙏 https://t.co/0n0rzx0Qo3|
155659213|333982951|1151344078979604480|For me,one of the most impt guiding lights in my life was Ma Indira Devi of Hari Krishna mandir,Pune.She was a spl caring person &amp;always there for me. There are other gurus  who hav since entered my life at various times. To thm I am always grateful for their spiritual guidance🙏 https://t.co/2qZepc26Wz|
155659213|333982951|1151340193477062657|Yday was Guru Purnima - a day to pay homage to all the gurus who have guided us in our lives. Right from teachers who hav playd an impt part in shaping us, to the spiritual gurus who are always there for us. 🙏 (contd) https://t.co/qduk3rndVz|
155659213|333982951|1149916470547079168|Participated in the cleanliness drive organised by the Lok Sabha Speaker https://t.co/GuIulQ274K|
155659213|333982951|1149534243032145922|My Punjabi film ‘Mitti - Virasat Babbaran Di’ to release on 23rd Aug worldwide. “Produced by Hema Malini and B. Venkatesh Rao Direction Hriday Sheetty, the film stars Rabbi Kandola, Jagjeet Sandhu, Kuljinder Sidhu, Japji Khaira &amp; Aakanksha Sareen.”Rel by WhiteLion Entertainment https://t.co/zuVxcdS29V|
155659213|333982951|1147035379251339266|Met with Hon'ble HRD Minister Shri Ramesh Pokhriyal Nishank to submit the request letter for opening new KV School in Mathura and provide admission for the children in the KV School. https://t.co/UPmYP9DUsP|
155659213|333982951|1146678468257574912|Met PM Modiji to discuss development programmes for Mathura.Specially discussed about the prevailing drinking water problem .He said many  new projects for drinking water are in the pipeline as also awareness creation for public understanding of how to conserve water. https://t.co/6XMG33j7aD|
155659213|333982951|1141922663134162944|Yoga is a part of my daily morning routine! The benefits I derive are immense - I request all of u to make it an integral part of ur daily activities too🙏 https://t.co/P1xP3DZMuT|
155659213|333982951|1141890047790075904|Thanks to @narendramodi  ji popularising yoga all over the world, the UN has declared June 21 as the International Yoga Day. Let us celebrate this important awareness day with the rest of the world!🙏 https://t.co/0DXg4yqptR|
155659213|333982951|1141371842638123008|A video grab of my swearing in as MP from Mathura, UP. https://t.co/NSJHzs82Jj|
155659213|333982951|1138685097442328577|It is with great pleasure &amp; joy that I announce the birth of my second grand daughter Miraya - a beautiful gift from Esha!😘 https://t.co/I2dAyi9KM7|
155659213|333982951|1138627642754646017|Jnanpith &amp; Padma awardee Shri Girish Karnad ji is no more. He acted in a couple of my mother’s productions “Swami” for which he won laurels &amp; “Ratnadeep”. RIP Girish ji🙏|
155659213|333982951|1136625668479832064|I have given The RCA Degree College for Science Labs in Mathura ₹50 lakhs (given on my request during my previous tenure by my dear friend &amp; Rajya Sabha member Rekha from her MP funds).This money is to improve the infrastructure of the college. https://t.co/Y4xJaMGfOa|
155659213|333982951|1136474838732759040|Celebrated World Environment Day in Mathura with a small tree planting ceremony in Devkinandan ji’s temple https://t.co/LzFltCRo85|
155659213|333982951|1136106932366745601|Reaching out to all our Muslim brethren on this their special day! https://t.co/O8VTaxbQYQ|
155659213|333982951|1132234204161249280|Modiji @narendramodi under your brilliant leadership and the wonderful example set by you of tireless hard work &amp; dedicated effort to reach your goal, we, the party candidates have marched forward successfully in your mould. May the party go on to win fresh laurels this term🙏|
155659213|333982951|1132210744261455872|In the midst of all the victiry celebrations, a terrible tragedy - my heart goes out to the Surat victims. So many young lives simply snuffed out in their prime. May God be with all their families &amp; give them solace in their moment of grief🙏|
155659213|333982951|1131760831157293056|I thank all the wonderful Mathuravasis who have re-elected me as their MP. They have showered their love on me &amp; appreciated my work as their rep for these past 5 yrs. I pray for your contd support. To all the govt officials &amp; police personnel who always support me -a spl Thank u https://t.co/eHNgbFRjru|
155659213|333982951|1131512813875150849|Modi ji &amp; Amit Shah ji are the architects of this stupendous win &amp; it is the committed, tireless hard work of the wonderful Karyakartas that has made all this possible.I personally thank all the BJP cadre &amp; all the netas of Mathura, UP who have worked so hard with me for my win🙏|
155659213|333982951|1131489097057333251|What a clean sweep!The opposition &amp; the Congress silenced totally!Modiji, after having suffered so many insults,many personal, stands totally vindicated as a true nationalist in whom the masses have reposed complete faith &amp; view as a leader who can make India excel in all spheres|
155659213|333982951|1130440502954717184|Here are 2 photos that take me back in time! https://t.co/Gk4rTj5rao|
155659213|333982951|1129690732174778368|Gopal Bhat Goswami, a disciple of Chaitanya Mahaprabhu had a Shaligram of the Lord.He wanted to be able to dress Him up as Krishna &amp; prayed for a miracle. After his dip in the Yamuna one morn, he was amazed to see his deity in the form of a swayambu laadla Krishna all dressed up! https://t.co/CC1Pxiz7ay|
155659213|333982951|1129688398849961984|Pranam🙏Today is the janam din of Shri Radha Raman ji, the deity of a v pracheen mandir in Vrindavan.I never fail to visit this temple whnever I am there.The story-Gopal Bhat Goswami, one of the 6 disciples of Chaitanya Mahaprabhu had with him a Shaligram form of the Lord (cont) https://t.co/Y73RmD0TYC|
155659213|333982951|1129212435590574080|Here are some more from Bhatinda https://t.co/WCpTaCUCqD|
155659213|333982951|1129036613118496769|Campaigning for Harsimrat Kaur Badal in Bhatinda, Punjab https://t.co/TIo6cYZHs3|
155659213|333982951|1127499116047523841|I am told that the count of personal abuses against Modi ji which range from attacks on caste, creed, gaalis abt his family,his humble beginnings as a chaiwala have so far totalled 65😳If this figure reaches 100 by May23, those familiar with the epic Mahabharat know the outcome😊|
155659213|333982951|1127491909180485632|In the war of words that is gng on now, the Opposition has but one agenda-to denigrate Modi ji &amp;create hatred in the minds of the gullible public.The personal abuses hurled against him have  reached abysmal depths.Let us pray that May 23 sets to rest all these Modi haters forever|
155659213|333982951|1127483649253756928|To all the 24/7 Mothers who work day &amp; night for the welfare of their families, I extend my warm wishes for  happiness &amp; fulfilment in their lives. Happy Mother’s Day! https://t.co/6h8FdkFKzv|
155659213|333982951|1126437088470036480|Today campaigning in Jind, Haryana https://t.co/XiV9vhczni|
155659213|333982951|1126054739538354177|Now in Khushinagar, UP https://t.co/nlogrHvStR|
155659213|333982951|1126032863466381312|Campaigning today at Basti near Gorakhpur, UP https://t.co/WsAkgy7yf3|
155659213|333982951|1124232779602915329|Campaigning now in Purvi Champaran, Bihar https://t.co/vXFDWu0vSB|
155659213|333982951|1124187604021157889|On my way to Patna for campaigning. Refuelling in Nagpur https://t.co/SsbM9d9rr7|
155659213|333982951|1123527074986115073|Campaigning in Jharkhand - Karsawan constituency for Arjun Munda https://t.co/TwDJqYaPfH|
155659213|333982951|1122874095102595072|Filmfare has published some lovely pictures of all the Award winners. I thought I should put them here for all those who haven’t seen the latest magazine https://t.co/pXq7DwsUVJ|
155659213|333982951|1122379723781185536|With Mr PP Chaudhury, the BJP candidate from Pali, Jodhpur https://t.co/wnmg0JIL9e|
155659213|333982951|1122351924928339968|Was campaigning in Pali,Jodhpur for the BJP candidate Mr PP Chaudhury. A glimpse of the rally &amp; the massive response to the campaign. Thank you Jodhpur!🙏 https://t.co/cF0TeTizlC|
155659213|333982951|1121099397255684096|Relaxing at home in Mumbai for a few days after hectic campaigning for about 3 weeks. Should begin to be part of the party campaigns soon in other places which are lined up for elections https://t.co/C8o8iR0b4b|
155659213|333982951|1120383181574692864|#Cakewalk has also been selected at #BollywoodFilmFestival in #Norway for #BestShortFilm and #KalaSamruddhiInternational Film Festival in #Mumbai for #Bestposter  #PublicChoiceAward. Congrats to Esha, Ramkamal &amp; their team. All the hard work has paid off!|
155659213|333982951|1120382168780300288|It is with pride that I announce here the awards &amp; recognition given to Esha’s short film #Cakewalk. It has been nominated at the prestigious #NewVisionInternationalFilmFestival at #Amsterdam for #BestShortFilm #EshaDeolTakhtani nominated for #BestActor.  -Contd- https://t.co/cNkbqgTZPV|
155659213|333982951|1119514920972800000|After a hectic day on 18th, I headed to Dwarkadish temple yday with bhaiya &amp; bhabhi to offer thanks for the peaceful polling in Mathura. It was also Hanuman Jayanti &amp; we offered prayers at Neeb Karori Baba’s beautiful Hanuman mandir n Vrindavan. In all, a blissful experience!🙏 https://t.co/uPNiNKKa4H|
155659213|333982951|1118187490655916032|Today’s roadshow was for about 7 kns &amp; took place in Chatta bazaar, Chowk, Holigate etc. Was welcomed so warmly by all the ppl along the route. A near clash with the Cong candidate’s procession was successfully avoided in the narrow bazaar lanes https://t.co/agvAEUQHnC|
155659213|333982951|1117973394471784448|More photos from the Vrindavan road show https://t.co/YRiNyKu1ja|
155659213|333982951|1117971871083819008|Wonderful road show in Vrindavan last eve. Excellent response &amp; people showered me with love &amp; flowers🙏 Here are a few glimpses from the campaign where I was gifted a turban, a tiara &amp; even a sword! https://t.co/tVXOl52inO|
155659213|333982951|1117778360963178496|Shri Rajnath ji came in from Delhi for a campaign meeting with me this morning. In a well received speech, he appealed for votes for BJP, spoke highly about my work in Mathura &amp; said that people had to vote Modiji back to power if they wanted stability for  the country. https://t.co/guSuKtg6KX|
155659213|333982951|1117386667386658817|At the meeting in Sonkh this morning https://t.co/zGSnz3FL8W|
155659213|333982951|1117384713424056320|Some glimpses from our campaign this morn https://t.co/MuuBG4TAMg|
155659213|333982951|1117289918194229248|Today is also a special day for me! 😊 Dharamji is here in Mathura to campaign for a whole day on my behalf. The public is waiting eagerly to get a glimpse of him &amp; listen to what he has to say! A photo taken in my house in Mathura just now before we leave for campaigning... https://t.co/JBhklXDp0v|
155659213|333982951|1117240666852143104|Greetings! Another important day to be celebrated with joy and thankfulness. We observe today the birth of Lord Ram, one of the avatars of Vishnu, and celebrate this day as Ram Navami🙏 https://t.co/Yx84Jt9JDS|
155659213|333982951|1117129404491214848|Tomorrow is the beginning of the Tamil New Year ‘Vihari’. I wish all those celebrating this important day a very Happy, peaceful &amp; Joyous year ahead. https://t.co/a6XIXcczsF|
155659213|333982951|1117056790204751877|Another beautiful baby - this was yday’s special treat! And what do u think?  A BJP supporter too😘😊They do start young these days! https://t.co/3LsvJWmure|
155659213|333982951|1115617500870221825|I wld like to put to rest all doubts about my work so far in Mathura. The details are here for all to see &amp; judge for urselves. This will give u an idea of the time I’ve spent here every month. Without my personal involvement none of ths cld have happened. Everythg takes time! https://t.co/ZYQEoBAcFs|
155659213|333982951|1115480922545987584|Apr 8 from 3:30 PM I was with Sushma Swaraj ji at the Shri ji Baba School, Govardhan Rd, Mathura. We were at an IT Sammelan and a Mahila Sammelan.Sushma ji has always been my well wisher. I look up to her as an exemplary human being &amp; I am proud to be associated with her🙏 https://t.co/DxUxkuEvb5|
155659213|333982951|1114741462220988416|I love babies &amp; never miss an opportunity to hold one in my arms. My campaigning in different states for the party gives me the chance to enjoy my indulgence &amp; here is one such moment in Mathura https://t.co/OGlslRIARu|
155659213|333982951|1114376127261241344|https://t.co/QlbpIhoYLv|
155659213|333982951|1113627983099465731|For all my followers out there on Twitter who are interested in my political journey &amp; who have always wished the best for me, I have another Twitter handle dedicated to all my political activity. Please follow me also on  @HemaMaliniMP &amp; do leave ur constructive comments there🙏|
155659213|333982951|1112361545407692805|Began my Lok Sabha campaign today with the Govardhan Kshetra where I had the opportunity to interact with women working in the fields. A few fotos  for u of my first day of campaign https://t.co/EH7vYm8Peu|
155659213|333982951|1109732949480464384|https://t.co/gn6oAGleGA|
155659213|333982951|1109732506339663872|At the 64th Filmfare awards  held at Jio Garden, Mumbai.  Received the award for 50 years of contribution to Hindi Cinema from Gulzar ji🙏 https://t.co/bT3xNUv3vy|
155659213|333982951|1108972150201843713|With all your good wishes&amp; the desire of the Mathuravasis, I will be contesting the LS seat frm Mathura once again.I hope this will give me the opportunity to complete all the ongoing projects initiated these 5 yrs &amp;transform Mathura into a dream destination for religious tourism https://t.co/cyKMqISUOj|
155659213|333982951|1108939894552854530|https://t.co/MejkkYKQ6c|
155659213|333982951|1108939092962639872|Holi in Mathura https://t.co/yC0rXwUwF4|
155659213|333982951|1108578096070836225|Happy Holi to all of you! https://t.co/anrF4n77IW|
155659213|333982951|1108220724085321728|Holi Hai! This colourful festival signifies the end of bleak winters &amp; heralds the joy of spring. The discarding of negative thoughts &amp; getting empowered with fresh, positive healthy thoughts &amp; actions - the Holika Dahan is behind this philosophy. Come! Let us celebrate Holi! https://t.co/zKRboQMNFK|
155659213|333982951|1107308665025888259|The extremely popular, conscientious, efficient CM of Goa is no more. Manohar Parrikarji will be mourned by all, way beyond party lines - such was his charisma &amp; appeal. With a heavy heart the country says RIP Manoharji🙏|
155659213|333982951|1106240384135356417|Tragedy- this time in the heart of Mumbai! The foot overbridge at the CST suddenly collapsed killing 5 people &amp; injuring at least 36. I pray for those who have lost their lives &amp; for those now in hospital for treatment🙏|
155659213|333982951|1103863600613998592|To all the women in the world - understand &amp; appreciate your own worth, only then will others appreciate you! Live life the way it is meant to be lived, with your head held high - you are blessed to be born a woman. Never underestimate yourself! https://t.co/xW7NkF9KhR|
155659213|333982951|1102601705391185920|Friends, I would like to share this interview by Neo News   In which I have detailed all the projects I have undertaken &amp; completed during my 5 year term in Mathura.                                Shakhsiyat with MP Hema Malini Episode 08 https://t.co/Lgue43oJD2  Do take a look!|
155659213|333982951|1102408212513320961|Greetings for a blessed Mahashivratri 🙏 https://t.co/ZEjykKl7K9|
155659213|333982951|1101090616853716992|🙏🇮🇳🇮🇳🇮🇳🇮🇳🇮🇳🇮🇳🙏.                        Happy to hear our pilot is going to be released tomorrow🙏 God bless!|
155659213|333982951|1100674396304269312|Addressing a meeting for “NAMAMI GANGE” - An event on the Clean Ganga Movement today, Feb 27, at the DRDO Auditorium, New Delhi. https://t.co/Fh5OIZhw0X|
155659213|333982951|1100310351835353089|What a fantastic &amp; befitting reply to Pak’s atrocities in Pulwama! Hats off to our marvelous IAF boys &amp; our Air Chief who have retaliated with precision after meticulous planning with the PM, the NSA, Army Chief &amp; senior ministers. Our martyrs have been avenged! Jai Hind! https://t.co/iSAmlpOhgh|
155659213|333982951|1099633399155679233|Esha’s short film Cakewalk has got excellent reviews for showcasing her talent. Proud to share with you the link to watch this sweet film on the importance of encouraging girls to pursue their dreams post marriage &amp; not to stifle them. https://t.co/xb7tgKWQ8C|
155659213|333982951|1096076396068143105|Wht a dastardly,cowardly attack on our CRPF convoy! It is only savage beasts who have no respect for human lives who can kill so mercilessly!My heart goes out to those martyrs who’ve lost their lives-those young men who’ve been so thoughtlessly massacred! RIP dear sons of India🙏|
155659213|333982951|1095940693955031040|Bhoomi Pooja at adarsh village Petha, Govardhan constituency for water tank costing ₹ 3.5 Cr. Also inauguration of Kisan mela at Petha village https://t.co/RnlubhLZWd|
155659213|333982951|1095939979757248513|In Mathura attending to Sansad duties https://t.co/g1l8Rvtucx|
155659213|333982951|1095917899800170496|While rifling thro an old album I came across this foto! https://t.co/fNnJaBlZTV|
155659213|333982951|1094562378635603968|https://t.co/9AfzwtuNtd|
155659213|333982951|1093046996699500545|Someone sent me a wonderful video of Amitabh ji interpreting our National Anthem through sign language along with children with disabilities. How well he goes thro the movements ! Like the true professional that he is! Admirable🙏A few screen shots from the video for you https://t.co/c6k16KTsS2|
155659213|333982951|1092660062613471232|Looking forward with pride to Esha’s short, sweet movie ‘Cakewalk’ (Director @Ram Kamal) which has received good reviews. The film will be released on @rishteycineplex@justvoot@viacom18on Feb 17. Do save the date &amp; log on to watch! https://t.co/qWMiVQDJE4|
155659213|333982951|1091754422764429312|Photo taken a few days back https://t.co/3L2zfYSPYt|
155659213|333982951|1090610192654290944|In view of all this rich produce in &amp;around Chaata, the NMFP aims to provide state of the art infrastructure&amp;all facilities under one roof.I take pride in the fact that I have been fully involved in implementing this impt project which will give relief &amp;employment to the farmers.|
155659213|333982951|1090608620683747329|Spread over 57 acres in village Chaata,the Food Park when fully commissioned will benefit 25000 farmers under the Pradhan Mantri Kisan Sampada Yojana. There is a rich availability of a huge variety of vegs, fruits, cereals &amp; oil seeds plus groundnuts &amp; milk in the area...contd..|
155659213|333982951|1090606695758192641|Abt the Nandvan Mega Food Park- It is being set up to tackle the problem of post harvest issues  faced by farmers. It is an inclusive concept to link farms to processing &amp;thn to consumer https://t.co/bZAfH1zv2U aims to generate 5000 direct/indirect employment...contd..|
155659213|333982951|1090603631231942657|.. I have also got the Railway ministry at the Centre to beautify the railway station in Mathura with lovely paintings on the walls. It looks quite spruced up &amp; charming now. The 3rd &amp; most impt move was to establish a mega food park in the well connected Chaata dist. ..contd..|
155659213|333982951|1090601685985062913|After 5 yrs I can proudly look back on 3 impt things I have completed in addition to roads, electricity &amp; water connections &amp; toilets in Mathura. I have procured funds for a Facilitation Centre- a huge bus terminus which can hold 50 buses at a time plus rooms for yatris ...contd|
155659213|333982951|1090214098137042949|Now in Mathura attending meetings with all the officials of various depts as a follow up to chk if evrythg is going as per schedule.Whether allotted funds are being used for the right purpose,work has been completed or pending-I’ve come here to chk every single mth for past 5 yrs|
155659213|333982951|1088992827596451840|https://t.co/GaCTfFGtSF|
155659213|333982951|1088992740963045377|Wish everyone a very Happy Republic Day! https://t.co/SXCiGHifPL|
155659213|333982951|1087939860013420547|The grand finale, the final bow which had dignitaries like Sushma Swaraj ji, the UP gov Shri Ram Naik ji, the UP CM Shri Yogi Adityanath ji &amp; the Min of State for External Affairs Gen VK Singh ji https://t.co/J4MYayWuRj|
155659213|333982951|1087937624789188609|Want to share with all of u a few gimpses of my inaugural show of ‘Ganga’ in Varanasi last night. It was appreciated by the Pravasis who stayed till the end &amp; applauded loudly https://t.co/GPKjwJDndK|
155659213|333982951|1087286833099108352|My dream project “Ganga” is at last ready for release! Yes! I have got my beautiful dance ballet on Ma Ganga to be performed at the Pravasi Bharatiya Divas tomorrow in Varanasi. Giving a glimpse of my look as Ganga maiya here for all my Twitter friends. https://t.co/0ZVRCXVM7Z|
155659213|333982951|1084643784040755200|🙏 Prayers for a blessed Makar Sankranti, Pongal &amp; for celebrations all over our beautiful country https://t.co/CyP2RQQR06|
155659213|333982951|1084317082437574656|Wish you all a Happy Lohri &amp; a Happy Bhogi🙏 https://t.co/hl0Plcap9Y|
155659213|333982951|1083616930836054016|Want to share with all of you this photo created by a fan who sent it to me for the new year https://t.co/4mZGuNzWGT|
155659213|333982951|1079918846474039296|Friends! Wish you all a Happy, Healthy, Prosperous &amp; Peaceful New Year! God bless!🙏 https://t.co/T8Q0gJ8vsD|
155659213|333982951|1079430079577387008|Iconic Bengali director Mrinalda is no more. National award winning film maker, a visionary who touched so many hearts with his movies that he made with so much passion on a variety of social issues, his passing is an irreparable loss to the nation|
155659213|333982951|1078527579110367232|Merry Xmas has just gone by.The bells have begun tolling again,signaling the  end of 2018.We will soon welcome the New Year with hope&amp;great anticipation.What does it have in store for us?Time alone will tell!But our quest for world peace,prosperity&amp;happiness continues unabated🙏 https://t.co/9DDWHyicXt|
155659213|333982951|1077205901046571010|Wish all of you a Merry Christmas ! It is holiday time all over the world! Have a wonderful year end https://t.co/MBpHcqViy9|
155659213|333982951|1076778537963610112|Visiting Banaras after many years, I find visible &amp; remarkable changes everywhere. The whole place is definitely cleaner &amp; one can see the fruits of the efforts put in to restore the undeniable glory of this holy land. https://t.co/UlQKCCX58I|
155659213|333982951|1076777108133695488|Just back after a satisfying performance of the ballet ‘Durga’, near the Markandeya Mahadev temple in Chandoli,near Varanasi. Mahendranath Pandeyji, BJP adhyaksh of Chandoli organized this successful show. https://t.co/N7zFp5YLUk|
155659213|333982951|1075258964902797313|I wholeheartedly &amp; humbly thank all of you for ur many compliments,lovely comments &amp; genuine praise! It truly makes me feel good to look back with pride on the years that I have spent in the film industry which has given me a platform that has made me a recognized face everywhere https://t.co/GUIJVtJMgC|
155659213|333982951|1074142216203845632|Two weddings - Deepika’s &amp; Isha Ambani’s - &amp; my 2 photographs just before the events. For all my fans https://t.co/2PlODD3Kkp|
155659213|333982951|1072047534498082816|Attended the Fifth Session of INDIA-RUSSIA Federation Inter-Parliamentary Commission at Parliament House this morn. Came from Mathura for this event at the behest of Sumitra Mahajan ji. Have to get bk to Mathura  this eve. https://t.co/LMQJde7YjK|
155659213|333982951|1071457348349177856|Celebrating Dharamji’s birthday today. https://t.co/mcx1FknguZ|
155659213|333982951|1071252427641282560|Happy Birthday to my everlasting love, the dearest father to my darling girls &amp; proud grandfather to Darien &amp; Radhya.I thank all the numerous fans who are sending their greetings to me on Dharamji’s birthday &amp; I will definitely convey their wishes to him🙏 https://t.co/hIbFDf2MQt|
155659213|333982951|1070362293345472512|I am extremely sorry about the mistake I’ve made in the attached foto.The lady with me is the very efficient &amp; lovely Capt Anita Apte pilot of the jet which took me to Rajasthan.I must put it on record that I felt v safe &amp; secure when she was flying the aircraft. Thank u Capt🙏 https://t.co/3b9ixCTKJr|
155659213|333982951|1069878420601888768|Fotos of the campaign in Rajasthan today https://t.co/tk4p81ReeB|
155659213|333982951|1069822027903655936|Campaigned extensively in Chattisgarh &amp; Madhya Pradesh for my party. On my way now to campaign in Rajasthan. Foto is taken inside the jet with the air hostess.                  Wishing BJP all success in the coming Assembly elections in all these states. https://t.co/XrziEjJbGi|
155659213|333982951|1065821423657082881|Wish you all a very Happy &amp; Blessed Gurpurab - Guru Nanak Jayanti🙏 https://t.co/Ot4npAxgsx|
155659213|333982951|1064884381632745472|It was the  “Lux Golden Rose Award for Iconic Beauty” &amp; the function was held at the NSCI Dome, Worli. A couple of fotos more of the event.. https://t.co/5Wgirj1GCe|
155659213|333982951|1064864058757668864|Saturday Nov 18 was a very special day. I was honoured with an award &amp; hailed as an Iconic Beauty by the makers of the equally iconic Lux! A special moment for me indeed! Thank you Lux!🙏 https://t.co/4khJRsd4CD|
155659213|333982951|1059699647902441472|https://t.co/1d1VEVXMMI|
155659213|333982951|1059290928437841921|Five days of Diwali festivities begin today with the auspicious Dhanteras! May prosperity &amp; joy abound in your homes and families🙏 https://t.co/zPeNsLbnkV|
155659213|333982951|1056752531865460739|** That should read “colleague” &amp; not ‘colleage’ - typo! Sorry|
155659213|333982951|1056750578502533120|At the grand book launch function of my colleage Sanjay Khan’s  ‘The Best Mistakes of My Life’. On the dais with        Dr Farooq Abdullah and Shatrughan Sinha. Endearing to see all the family members of Sanjay Khan present for the occasion https://t.co/sApaccHscr|
155659213|333982951|1055641784649306113|Wanted to share this foto with all of u. Taken a couple of days back. Do u like it? https://t.co/dDMpcqtF45|
155659213|333982951|1054251375595409408|Many Happy Returns @AmitShah ji on your Birthday today!💐|
155659213|333982951|1052619977113522176|https://t.co/hhXKJWieRC|
155659213|333982951|1052526699781521409|At my birthday get together in the evening - with the special cake &amp; with dear friend &amp; close colleague Rekha https://t.co/y8TPHkzoGk|
155659213|333982951|1052513530883108864|The Best Mistakes Of My Life is the fascinating story of good friend Sanjay Khan, once hailed by the Press &amp; public as the most handsome actor of Indian Film Industry. He has acted in many  blockbusters remembered to this day. Do watch this Trailer: https://t.co/tJEQTKEIgo|
155659213|333982951|1052157256467386368|Thank you all for ur good wishes on my birthday today - Had a lovely, peaceful darshan of the lord at Iskcon in Mumbai this morning, with my brothers and bhabhis 🙏 https://t.co/MusG154Wdb|
155659213|333982951|1051877063458729984|A lovely rangoli done by an artist at the venue of my ballet “Durga” in Thane. I was really touched🙏 https://t.co/pEmeSYAx1a|
155659213|333982951|1049887927944269830|Nine days of pooja seeking the blessings of Ma Durga, Lakshmi &amp; Saraswati. For those celebrating this wonderful festival &amp;for those fasting this Navratri, I send my greetings &amp; best wishes. Let us also join hands in seeking the blessings of Ma for the prosperity of our country 🙏 https://t.co/qcggmRVsRA|
155659213|333982951|1046790741115064322|Tomorrow is Gandhi Jayanti - time to reflect on what the Mahatma stood for- his values, his ideals &amp; what he achieved for us with single mindedness of purpose. Time for us also to carry forward those values &amp; dedicate ourselves to serve our country to the best of our ability🙏 https://t.co/qjpIdwQcCG|
155659213|333982951|1046360449829105664|https://t.co/XLmRJkqp4u|
155659213|333982951|1046360081317527553|So happy that Ramayan with Esha as Sita was a great success &amp; v well attended. Here are a few fotos of the show ...&amp; also taken behind the scenes. Like them? https://t.co/pSAcCZbGtQ|
155659213|333982951|1045128708716093440|I take immense pleasure in inviting u all to this beautiful ballet ‘Ramayan’ based on the much loved great epic. I am so happy that Esha will be performing as Sita &amp; I hope we have ur blessings &amp; good wishes for her stage presentation.Thank u all for ur support🙏 https://t.co/j4K5ryPg2t|
155659213|333982951|1044491276098273280|Esha is performing the role of Sita in the dance ballet Ramayan at Shanmukhananda Hall. The programme details are given below. If any of u are interested, pls do attend &amp; encourage her🙏 https://t.co/R6ZCoIh4n8|
155659213|333982951|1042603712789786624|Family &amp; friends made the Ganesh pooja in my house a lovely experience! I thank all who attended in response to my invitation. And Ganeshji for blessing us all🙏 https://t.co/JAhy49zmye|
155659213|333982951|1041725603680944133|Wish you a wonderful, healthy &amp; productive Birthday, Modiji! May you be always blessed in your service to the nation🙏#HappyBirthdayPMModi,@narendramodi|
155659213|333982951|1041707819911659520|Wish you a wonderful, healthy &amp; productive Birthday, Modiji! May you be always blessed in your service to the nation🙏#HappyBirthdayPMModi|
155659213|333982951|1041350466582409216|Pune Ganesh festival- even after 30 yrs, I can look back with fond memories of my long association. Pure nostalgia! Totally appreciate the grand platform given by Mr Suresh Kalmadi &amp; his team to the performing artistes from all over the country🙏Wonderful arrangements|
155659213|333982951|1041171266068131841|https://t.co/95a0xGeFZe|
155659213|333982951|1041171152763142144|Attended the Pune Ganesh festival - this year being the 30th in a row! Was the Chief guest this year https://t.co/3RlUcXQkrY|
155659213|333982951|1039729095381155840|It is that time of the year when we welcome Ganapati Bappa into our homes &amp; seek his blessings. Ganapati Bappa Moreya!🙏 https://t.co/oSvN99SwQy|
155659213|333982951|1039008028547153920|With Guruji’s daughter in law Sujata &amp; his grand daughter Preetisha Mohapatra https://t.co/4nZjzeOvvd|
155659213|333982951|1039006968105459712|https://t.co/A8NwbILiIf|
155659213|333982951|1039006678383874048|My unforgettable memories with Guru Kelucharan Mohapatra . Fotos of our performing the ballet Geet Govind in Mumbai in 2004. Other fotos of us rehearsing at home. Precious memories indeed!🙏 https://t.co/EBvsx4JF3f|
155659213|333982951|1038969621196333056|At the Kelucharan Mohapatra Awards in Bhubaneshwar.  Closing day on 9th Sept. I distributed awards to young artistes and special awards to few senior artistes. I also released a pictorial book on the legendary Guru Kelucharan Mohapatra. https://t.co/dcdlfgTOhr|
155659213|333982951|1036115382686244864|It is Festival time all over India. Celebrations are on for Krishna Janmashtami. Wish all of you a very Happy &amp; Blessed Janmashtami! https://t.co/holBqcNY4G|
155659213|333982951|1033722067961761792|Wishing my brothers &amp; sisters all over the world a very happy Rakshabandhan. Happy bonding! https://t.co/0P5PvvPnWc|
155659213|333982951|1033371010869985281|In Mathura. Had the privilege of meeting Shri Dwarka Sharda Peethadhishwar Jagadguru Shankaracharya Swami Swaroopanand Ji Maharaj.... https://t.co/mAXjjw3nya|
155659213|333982951|1033215865771175937|Wishing you all a very Happy Onam https://t.co/zvi6YUlmV4|
155659213|333982951|1032303043029520384|Wishing all those who are celebrating Eid Al Adha https://t.co/SX5gysIW8z|
155659213|333982951|1031196775070105600|Kerala slowly limping back from the disaster of floods that have hit them hard. The Centre, states &amp; the public have all done their bit to help Kerala recover from the aftermath of nature’s fury. The fotos we see on the net are so scary! God give them the strength &amp; resilience 🙏|
155659213|333982951|1030669628995821568|Paid my respects to Atal ji with a heavy heart thinking of how the country has lost a gem of a man, one who so selflessly worked for the people of India &amp; whose personality simply drew thousands to his funeral. Such was his greatness. RIP Atalji https://t.co/fS6kD77Fiu|
155659213|333982951|1030327445952458753|It is Parsi New Year today! I wish all friends celebrating today a very Happy New Year! https://t.co/OpUOyI6qrd|
155659213|333982951|1030115567028465664|My assocn with Atalji began whn Vinod Khanna introduced me to him.He ws so easy to talk to &amp; his goodness shone in his eyes. Later, I was told tht he was v fond of movies &amp; had even seen Seeta aur Geeta 25 times! I can proudly say tht I joined BJP bec I was drawn to ths great man https://t.co/Pdnzf0cHJ5|
155659213|333982951|1030114264789348352|A very sad day for India - we have lost a towering leader, a great human being who was admired by the whole nation. A wonderful patriot, a perfect politician, his appeal went beyond parties &amp; petty politics. Yes! Sadly, Atal Behari Vajpayee ji is no more https://t.co/Vg1geEGF8b|
