155659213|256360738|1177674631723016193|Under Justin Trudeau, critical infrastructure projects just aren’t getting built. He’s made billions in promises to make your commute easier but hasn’t delivered. Justin Trudeau is #NotaAsAdvertised. https://t.co/zBdAcsMsz2|
155659213|256360738|1177674614887079939|Sous Justin Trudeau, des projets d’infrastructure essentiels ne sont pas réalisés. Malgré des promesses de dépenses de milliards de dollars, il échoue à produire des résultats. Justin Trudeau n’est #PasCeluiQuIlPrétendaitÊtre. https://t.co/3liNJgkw9p|
155659213|256360738|1177669797120806913|A new Conservative government will prioritize projects like the George Massey tunnel replacement and the Ontario Line that shorten your commute times so you can spend more time at home with your loved ones. https://t.co/NjCMs39RHP|
155659213|256360738|1177669783996784643|Un nouveau gouvernement conservateur va traiter en priorité les projets comme le troisième lien à Québec afin de réduire les temps de déplacement pour que vous passiez plus de temps chez vous avec vos proches. https://t.co/aPTnAYhrfP|
155659213|256360738|1177660959525089281|I’m in the Lower Mainland today to talk about critical infrastructure projects a new Conservative government will support to reduce your commute time. It’s time for you to get ahead. WATCH LIVE: https://t.co/hSufwRMBQ3|
155659213|256360738|1177660949026738177|Je suis dans le Lower Mainland aujourd’hui pour parler des projets d’infrastructure essentiels qu’un nouveau gouvernement conservateur va soutenir pour réduire les temps de déplacement. Plus. Pour vous. Dès maintenant! EN DIRECT: https://t.co/hSufwRMBQ3|
155659213|256360738|1177626193090228225|Shana Tovah U’Metukah from Montreal yesterday, to all those celebrating Rosh Hashanah this weekend! https://t.co/VKAIkdC4UA|
155659213|256360738|1177626178842169345|À tous ceux qui célèbrent Rosh ha-Shana cette fin de semaine, Shana Tovah U'Metukah! J’ai célébré à Montréal hier. https://t.co/ro612ptCc5|
155659213|256360738|1177620841988808704|The only thing better than a good slice of pizza is my plan to help you get ahead. That's what I'll deliver – more money in your pockets. https://t.co/aMJrKzpcmd|
155659213|256360738|1177620784224837632|La seule chose qui soit meilleure qu’une bonne pointe de pizza, c’est mon plan pour améliorer votre quotidien. Le menu conservateur mettra plus d’argent dans vos poches. https://t.co/AbcTPuQfyJ|
155659213|256360738|1177615761935863808|Vous devriez profiter de votre retraite, pas vous soucier des factures. Les conservateurs aideront les ainés en bonifiant le Crédit en raison de l’âge, en réduisant l’impôt sur les pensions, et en abolissant la TPS sur le chauffage résidentiel. Plus. Pour vous. Dès maintenant! https://t.co/cW5kIBbpV6|
155659213|256360738|1177614990225891328|You should be free to enjoy your retirement, not stuck worrying about bills. A Conservative government will help our seniors by boosting the seniors’ Age Credit, lowering income taxes on pensions, and scrapping the tax from home energy bills. It’s time for you to get ahead! https://t.co/rU5nB5oM3Z|
155659213|256360738|1177587434890104833|A Conservative government will launch a judicial inquiry into Justin Trudeau’s role in the SNC-Lavalin corruption scandal. We will also introduce the No More Cover-ups Act to ensure no other corrupt politicians can stonewall police investigations, because no one is above the law. https://t.co/ibme1YFpuV|
155659213|256360738|1177587391642722304|Un gouvernement conservateur lancera une enquête judiciaire sur le rôle de Justin Trudeau dans le scandale SNC-Lavalin. Nous allons présenter la Loi anti-obstruction afin d'assurer qu'aucun autre politicien bloque une enquête, parce que personne n'est au-dessus de la loi. https://t.co/PPdgmcyYMO|
155659213|256360738|1177576557671591936|I will work to protect Canadians from abuses of power. Yesterday, in Justin Trudeau’s riding, I talked about how a new Conservative government will launch an inquiry into the SNC-Lavalin corruption scandal and introduce the No More Cover-Ups Act. https://t.co/E1NFAbcKyM|
155659213|256360738|1177576546426642432|Je travaillerai pour protéger les Canadiens contre l’abus de pouvoir. Hier, dans la circonscription de Justin Trudeau, j’ai expliqué qu’un nouveau gouvernement conservateur lancera une enquête dans le scandale SNC-Lavalin et déposera un projet de loi anti-obstruction. https://t.co/9Z1vT8oTkg|
155659213|256360738|1177343188350246912|I hear it from parents everywhere I go: We all want what’s best for our kids. But it’s becoming more and more expensive, and parents are falling further behind. I have a plan to help your family get ahead. https://t.co/k5eHdHicsv|
155659213|256360738|1177343130913398784|J’entends ça de parents partout où je vais : Nous voulons tous ce qu’il y a de mieux pour nos enfants. Mais ça coûte de plus en plus cher, et les parents ne cessent de perdre du terrain. J’ai un plan pour aider votre famille à améliorer son quotidien. https://t.co/TZ0EOUwcgV|
155659213|256360738|1177304624543535107|Trudeau has been found guilty of violating the Conflict of Interest Act, he lied to Canadians, and he abused the power of his office to avoid telling the truth. Justin Trudeau is not as advertised.As Prime Minister, I will restore accountability and trust to government. https://t.co/hJVCLaLUir|
155659213|256360738|1177304610782044165|Trudeau a été reconnu coupable d’infraction à la Loi sur les conflits d’intérêts, il a menti et abusé de son pouvoir pour cacher la vérité aux Canadiens. Il n’est pas celui qu’il prétendait être. Comme premier ministre, je vais rétablir l'imputabilité et la transparence au gouv. https://t.co/CO4j6pFmE3|
155659213|256360738|1177237542728544258|Good food and great people! Thanks for having us, Bar-Restaurant Chez Mario Tremblay in Alma! Conservatives know that it’s small businesses like this one that support communities, are the backbone of our economy, and help everyone get ahead. https://t.co/ADdNRoqby0|
155659213|256360738|1177237526672793600|Bons plats et gens formidables! Merci de nous avoir reçus au Bar-Restaurant Chez Mario Tremblay à Alma. Les conservateurs savent que les petits commerces comme celui-ci soutiennent les collectivités, sont le pilier de l’économie et aident les gens à améliorer leur quotidien. https://t.co/tD00iTlpAJ|
155659213|256360738|1177224900945358848|NEW inquiry into SNC-Lavalin Corruption Scandal. Today, I am in Papineau to reveal how a new Conservative government will hold Justin Trudeau accountable. WATCH LIVE: https://t.co/f21JITp9xk|
155659213|256360738|1177224890254073856|NOUVELLE enquête sur le scandale de corruption SNC-Lavalin. Je suis dans Papineau aujourd’hui pour dire comment un nouveau gouvernement conservateur va tenir Justin Trudeau responsable. EN DIRECT: https://t.co/f21JITp9xk|
155659213|256360738|1177061483097788416|With strong candidates like @richardmartelpc, @PhilippeGagnon_, and Jocelyn Fradette, Quebec is ready to get ahead! https://t.co/xN26wR0cH8|
155659213|256360738|1177061422041305094|Avec des candidats solides comme @richardmartelpc, @PhilippeGagnon_ et Jocelyn Fradette, le Québec est prêt à améliorer son quotidien! https://t.co/8JfQB9MPmj|
155659213|256360738|1177058169882730496|If you haven’t heard, it’s @rugbyworldcup time! I’m rooting for the maple leaf as our men’s @rugbycanada team head into their first match! #RWC2019 #RugbyCA|
155659213|256360738|1177058125834334208|Au cas où vous ne le sauriez pas, c’est le temps de la @rugbyworldcup. Je prends pour la feuille d’érable et l’équipe masculine @rugbycanada qui se prépare à son premier match.#RWC2019 #RugbyCA|
155659213|256360738|1177053550079283200|Adding a little blue to the fall colours. This country is so beautiful. https://t.co/we2AUewVmU|
155659213|256360738|1177053538440155136|Ajouter une touche de bleu aux couleurs d’automne. Ce pays est tellement beau! https://t.co/B5kGnRSEg7|
155659213|256360738|1177048941260660736|Under Trudeau, life has gotten more expensive and Canadians are falling further behind. I'm putting Canadians first. We’re going to eliminate the carbon tax, take the GST off of home heating and put more money back in your pockets to help you get ahead. https://t.co/4nLwbgiWvc|
155659213|256360738|1177048914987507714|Sous Trudeau, la vie est devenue plus chère et les Canadiens n’arrivent plus. Je priorise les Canadiens. Nous abolirons la taxe sur le carbone et la TPS des factures de chauffage résidentiel et mettrons plus d’argent dans vos poches pour vous aider à améliorer votre quotidien. https://t.co/aAFeRxPqGR|
155659213|256360738|1177044952804745217|I have a plan to help you keep more money in your pockets. With a Universal Tax Cut, scrapping the tax from home energy bills, and tax credits for home renovations and transit, it’s time for you to have the opportunities you need to get ahead. https://t.co/FITukVDOoM|
155659213|256360738|1177044897242726400|J’ai un plan pour vous aider à garder plus d’argent dans vos poches. Baisse d’impôt pour tous, abolition de la TPS pour le chauffage résidentiel et crédits d’impôt pour la rénovation domiciliaire et le transport en commun. Enfin, des possibilités d’améliorer votre quotidien. https://t.co/96WyaOyjG9|
155659213|256360738|1177021089643413504|Under a new Conservative government, you will save on green home improvements to lower emissions – so you can get ahead. That’s up to $3,800 back in your pockets with the Green Home Renovation Tax Credit. https://t.co/nAMFy38BQr|
155659213|256360738|1177021068785213442|Sous un nouveau gouvernement conservateur, vous allez épargner sur vos rénovations écoresponsables qui réduisent l’empreinte écologique pour améliorer votre quotidien. Jusqu’à 3 800 $ dans vos poches grâce au Crédit d’impôt pour les rénovations écoresponsables. https://t.co/goG25AmaTG|
155659213|256360738|1176968879811256320|Our small business tax cuts were a real home run with @kr3bats #DadJokes https://t.co/k4ZFyQGu2l|
155659213|256360738|1176968858000867329|Grâce à nos réductions d’impôt pour les petites entreprises, @kr3bats frappera des coups de circuit. #Blaguedepapa https://t.co/zN6mwb2eco|
155659213|256360738|1176934846175809536|The Green Home Renovation Tax Credit means up to $3,800 back in your family’s pockets. It’s time for you to get ahead. https://t.co/ioghCmOD7T|
155659213|256360738|1176934816568217601|Le Crédit d’impôt pour les rénovations écoresponsables permet à votre famille de récupérer jusqu'à 3 800 $. Plus. Pour vous. Dès maintenant. https://t.co/BemK8HgJVJ|
155659213|256360738|1176924390501605377|Conservatives across the country are working tirelessly to help you get ahead. @LizSnelgroveCPC and her great team are no exception! I joined her last night to talk about our plan to put more money in your pockets. https://t.co/TxZ2t4x9A4|
155659213|256360738|1176924330665697282|Les conservateurs d’un bout à l’autre du pays travaillent sans relâche pour améliorer votre quotidien. @LizSnelgroveCPC et sa formidable équipe ne font pas exception! Je me suis joint à elle hier soir pour parler de notre plan pour mettre plus d’argent dans vos poches. https://t.co/ClQ4FZp0wE|
155659213|256360738|1176920043302596608|Growing up in Ottawa, I always admired the loyalty of the Franco-Ontarian community to their values and their traditions. Celebrating Franco-Ontarian day, my statement: https://t.co/TnEnRMXpln|
155659213|256360738|1176919928236101634|Ayant grandi à Ottawa, j’ai toujours admiré la loyauté de la communauté franco-ontarienne envers ses valeurs et ses traditions. Célébrons la journée des Franco-Ontariens. Ma déclaration: https://t.co/YKZhHVEzLB|
155659213|256360738|1176862904966111235|Up to $3,800 back in your pocket. Today, I’m talking about how the Green Homes Tax Credit will save you money on green home improvements to lower emissions so you can get ahead. WATCH LIVE: https://t.co/ev0VVho5LF|
155659213|256360738|1176862894711103488|Jusqu’à 3 800$ dans vos poches. Aujourd’hui, j’annonce comment le Crédit d’impôt pour les habitations écoresponsables vous fera économiser sur des rénovations qui réduisent votre empreinte écologique. Plus. Pour vous. Dès maintenant. REGARDEZ EN DIRECT: https://t.co/ev0VVho5LF|
155659213|256360738|1176847603985764358|Ça, c’est mon « bâton magique » ⚡ https://t.co/n5PFvJI9Gm|
155659213|256360738|1176814811650375681|On this Franco-Ontarian Day, I wholeheartedly congratulate the French language communities, families and individuals of Ontario who demonstrate to all Canadians an example of pride and solidarity. My statement: https://t.co/9RXg97fWrw https://t.co/JMmnxltY3F|
155659213|256360738|1176814789290541056|En cette journée des Franco-Ontariens, je félicite de tout mon coeur les communautés, les familles et tous ceux qui parlent français en Ontario pour leur fierté et leur solidarité. Vous êtes un exemple pour tous les Canadiens. Ma déclaration: https://t.co/c9vAYX56n7 https://t.co/qn4XYz3Ct4|
155659213|256360738|1176691670215200769|Jill: Are you following us? L.A. Franks in Cambridge: Lady, he’s putting my kids through college. https://t.co/rcw9eAdp4Z|
155659213|256360738|1176691635243102208|Jill: Est-ce que vous nous suivez?L.A. Franks à Cambridge: Madame, grâce à lui, mes enfants font des études universitaires. https://t.co/AquD50J08M|
155659213|256360738|1176687376606879744|I will call it "Wonderbat" ⚡ https://t.co/oiw0EQgopi|
155659213|256360738|1176680154388684801|Trudeau raised taxes on small business owners and called them “tax cheats.” Today, I announced that I‘ll repeal his tax hikes. Had the pleasure of visiting Cracker Jack's Bar &amp; Grill in Thorold to talk about how a new Conservative gov’t will help people who create jobs get ahead! https://t.co/pVvL7r4tk8|
155659213|256360738|1176680142711771136|Trudeau a haussé les impôts des petites entreprises les accusant de « frauder l’impôt ». J’ai annoncé que j’annulerai ces hausses. Lors de ma visite au Cracker Jack's Bar &amp; Grill à Thorold, j’ai expliqué comment nous aiderons les créateurs d’emplois à améliorer leur quotidien. https://t.co/s2w8uoZCco|
155659213|256360738|1176609551682027527|Unfortunately, we didn’t have enough hands for “Plus. Pour vous. Dès maintenant.” #GetAhead #ItsTimeForYouToGetAhead https://t.co/r2RjbZx03J|
155659213|256360738|1176609537647927297|Malheureusement, nous n’avions pas assez de mains pour épeler notre slogan en français « Plus. Pour vous. Dès maintenant. » Nous avons donc choisi notre deuxième mission : améliorer votre quotidien. #GetAhead https://t.co/BV5jHhxT41|
155659213|256360738|1176596035331862529|Small businesses create jobs and help support communities. Conservatives will always be committed to supporting local, Canadian small businesses and creating opportunities for *all* Canadians to get ahead. https://t.co/9cgTe1SyGG|
155659213|256360738|1176596008437997568|Les petites entreprises créent des emplois et participent au développement de leur collectivité. Les conservateurs ne cesseront jamais de soutenir les petites entreprises et de créer des débouchés pour permettre à TOUS les Canadiens d’améliorer leur quotidien. https://t.co/bgEjZZZBHj|
155659213|256360738|1176580058112253952|Les petites entreprises sont le pilier de l’économie canadienne. Comme premier ministre, je vais faire plus, pour elles, dès maintenant!Je vais annuler les hausses d’impôt de Justin Trudeau, réduire la paperasserie de 25 % et éliminer ou réduire les chevauchements provinciaux. https://t.co/EC6lUDQ0Xf|
155659213|256360738|1176580057948704771|Small businesses are the backbone of Canada’s economy. As Prime Minister, I will help them get ahead!I’ll reverse Justin Trudeau’s tax hikes on small business owners, cut red tape by 25%, and reduce or eliminate provincial duplication. https://t.co/RphDzsPdHI|
155659213|256360738|1176569721413672961|I was in St. Catharines last night with Conservative candidate @KrystinaWaler. Incredible to meet so many enthusiastic supporters. They know it’s time for them, and you, to get ahead! https://t.co/vWlQAyoVA5|
155659213|256360738|1176569066007474176|J’étais à St. Catharines hier soir avec la candidate conservatrice @KrystinaWaler. C’était incroyable de rencontrer autant de partisans enthousiastes! Ils savent qu’il est temps pour tout le monde d’améliorer leur quotidien! https://t.co/xBpCbM7v3B|
155659213|256360738|1176549406008590337|A new Conservative government will live within its means to put more money in your pockets. By boosting the RESP, adding tax credits for childrens’ activities, and making EI maternity benefits tax-free, we will help Canadian families get ahead. https://t.co/5aS6LUNAWu|
155659213|256360738|1176549376996626432|Un nouveau gouvernement conservateur vivra selon ses moyens afin de mettre plus d’argent dans vos poches. La bonification des REEE, les crédits d’impôts pour les activités des enfants et les prestations de maternité libres d’impôt aideront les familles à améliorer leur quotidien. https://t.co/o2PZ1Bd1gC|
155659213|256360738|1176543627062972416|Under Justin Trudeau, the dream of homeownership is getting further and further out of reach. A Conservative government will take real steps to make owning a home an affordable reality. It’s time for you to get ahead! https://t.co/pb9ouVatcO|
155659213|256360738|1176543616728219649|Sous le gouvernement Trudeau, l’accès à la propriété est devenu un rêve hors de portée. Un gouvernement conservateur va prendre des mesures concrètes pour faire de la propriété d’une maison une réalité abordable. Plus. Pour vous. Dès maintenant! https://t.co/YPtaIlpdil|
155659213|256360738|1176514708498767873|It’s time for seniors to get ahead! Yesterday, I joined our Conservative candidate @AlexyuanCPC to visit the Markham Mon Sheong Court Seniors Home. We talked about our plan to help our seniors keep more money in their pockets. https://t.co/ps5z1fDRAz|
155659213|256360738|1176514482316685317|Il est temps que les ainés améliorent leur quotidien! Hier, notre candidat conservateur @AlexyuanCPC et moi avons visité la résidence pour personnes âgées Markham Mon Sheong Court. Nous avons parlé de notre plan pour aider nos ainés à garder plus d’argent dans leurs poches. https://t.co/5pfl58FB0M|
155659213|256360738|1176500812383756288|Canada’s Conservatives support Canadian small business owners to help them get ahead. Today, I will detail how we will make it easier for them to create good jobs for others by getting government out of the way. WATCH NOW: https://t.co/IUHrfyLxeA|
155659213|256360738|1176500801973510149|Les conservateurs soutiennent les propriétaires de petites entreprises pour les aider à améliorer leur quotidien. J’annonce comment nous allons les aider à créer de bons emplois pour tous : en enlevant le gouvernement de leur chemin. EN DIRECT: https://t.co/IUHrfyLxeA|
155659213|256360738|1176293106209214469|I announced my 4-point plan to make it easier for first-time homebuyers to afford a home. Unlike Trudeau, who has made life more expensive, I know that the gov't has an important role to play in putting homeownership in reach for more Canadians. It's time for you to get ahead. https://t.co/xNNBn59f9d|
155659213|256360738|1176293053658783745|J’ai présenté mon plan pour permettre d’acheter une première maison. Contrairement à Trudeau, je sais que le gouv. a un rôle important à jouer pour permettre à plus de Canadiens de devenir propriétaires. Il est temps d’améliorer votre quotidien. Plus. Pour vous. Dès maintenant! https://t.co/DBEqSx1oSn|
155659213|256360738|1176285852873478145|Under Justin Trudeau, too many hardworking Canadians have been priced out of the housing market. I will fix Trudeau’s mortgage stress test &amp; bring in 30-year amortization periods for first-time homebuyers to lower monthly mortgage payments. Because it’s time for you to get ahead! https://t.co/oWcGJfR4oi|
155659213|256360738|1176285823492415488|Sous Trudeau, des Canadiens qui travaillent fort sont exclus du marché immobilier. Je vais modifier le test de résistance hypothécaire de Trudeau et augmenter la période d’amortissement max à 30 ans pour les acheteurs d’une première maison pour réduire les paiements mensuels. https://t.co/PZOYfIUqrn|
155659213|256360738|1176204044794310657|Under Justin Trudeau, too many hardworking Canadians have been priced out of the housing market. As Prime Minister, I will introduce a four-point plan to make owning a home more affordable so that you can get ahead! Check out my plan here: https://t.co/aNn1ovadf6 https://t.co/DCjLzP0ntW|
155659213|256360738|1176203992403234816|Sous Trudeau, trop de Canadiens qui travaillent fort sont exclus du marché immobilier en raison des prix. Comme premier ministre, je vais rendre les habitations plus abordables grâce à un plan en 4 points pour améliorer votre quotidien. Mon plan: https://t.co/HHsEwFspN9 https://t.co/YVNMMtAVjW|
155659213|256360738|1176137036350283776|There’s no place like home. Today I’m talking about how a new Conservative government will make it easier to buy a home so you can get ahead. WATCH NOW: https://t.co/TQ9oaTMlEi|
155659213|256360738|1176137023721267200|Rien de mieux que d’être chez soi. Aujourd’hui, j’annonce qu’un nouveau gouvernement conservateur facilitera l’achat d’une maison. Plus. Pour vous. Dès maintenant. REGARDEZ EN DIRECT: https://t.co/TQ9oaTMlEi|
155659213|256360738|1176118094823153665|Justin Trudeau claims veterans are “asking for more than we can give.” That couldn’t be further from the truth.Yesterday I met with veterans on Prince Edward Island and shared the steps a new Conservative government will take to help them get ahead. https://t.co/JtTCk1jXDb|
155659213|256360738|1176118075957096450|Trudeau prétend que les vétérans « en demandent plus que ce que nous pouvons leur donner ». C’est faux.Hier, j’ai rencontré des vétérans à l’Î.-P.-É. Je leur ai présenté les mesures que prendra un nouveau gouv. conservateur pour les aider à améliorer leur quotidien. https://t.co/n6OihZWjKh|
155659213|256360738|1175937729030500352|Learned how to shuck oysters – and thanks to @ChefMichaelSmth, I came out with all my fingers intact. Jill and I had a blast at @PEI_Shellfish in Charlottetown. https://t.co/5IT6XPHwgM|
155659213|256360738|1175937717303226368|J’ai appris à ouvrir des huîtres. Merci, @ChefMichaelSmith, je m’en suis sorti avec tous mes doigts. Jill et moi avons eu beaucoup de plaisir. @PEI_Shellfish à Charlottetown. https://t.co/9EGruUGPKr|
155659213|256360738|1175925325458530305|Thanks for the hospitality! It was great to be in Charlottetown to talk about our plan to help Canadians get ahead. Be back soon! https://t.co/eVU0JLTEvW|
155659213|256360738|1175925311852224513|Merci de votre hospitalité! C’était un plaisir d’être à Charlottetown pour parler de notre plan pour aider les Canadiens à améliorer leur quotidien. Je serai de retour bientôt! https://t.co/eVU0JLTEvW|
155659213|256360738|1175920099481530369|Justin Trudeau has failed Canada’s veterans. It’s time veterans had a government that stopped fighting against them and started fighting for them.That’s exactly what a new Conservative government will do to support Canada’s heroes. https://t.co/46yXNjRlJ4|
155659213|256360738|1175920082649829376|Justin Trudeau a trahi les vétérans canadiens. Il est temps qu'ils aient un gouvernement qui se bat pour eux et non contre eux.C’est exactement ce que fera un nouveau gouvernement conservateur pour appuyer les héros canadiens. https://t.co/46yXNjRlJ4|
155659213|256360738|1175774106018603009|Canada’s Veterans are heroes. They dedicated their lives to protecting us. Today I’m talking about how a new Conservative government can help them get ahead. WATCH NOW: https://t.co/WX7HLXZyzA|
155659213|256360738|1175774095553847301|Les vétérans canadiens sont des héros. Ils ont dédié leur vie à la défense du Canada. Aujourd’hui, j’annonce comment un nouveau gouvernement conservateur les aidera à améliorer leur quotidien. REGARDEZ: https://t.co/WX7HLXZyzA|
155659213|256360738|1175582973715976192|It’s time for seniors to get ahead! The latest part of my plan to leave more money in your pockets is a $1,000 increase to the Age Credit. That works out to $300 more per senior couple. https://t.co/yHPp5lheFi|
155659213|256360738|1175582946285277184|Le temps est venu pour nos ainés d’améliorer leur quotidien. Le volet le plus récent de mon plan pour laisser plus d’argent dans vos poches est une hausse de 1 000 $ au Crédit en raison de l’âge, ce qui donne 300 $ de plus pour un couple de personnes âgées. https://t.co/nn80J4sIAK|
155659213|256360738|1175578304042156033|Today, we recognize the important contributions hunting, trapping, and fishing have made to Canada's identity, culture, and economy. My statement: https://t.co/1tpPKqOlV2 https://t.co/XTQiISsqbH|
155659213|256360738|1175578292793094144|Aujourd'hui, nous reconnaissons la contribution considérable de la chasse, du piégeage et de la pêche à l'identité, la culture et l'économie du Canada. Ma déclaration: https://t.co/27o12yJxB4 https://t.co/2FWz4Nj2K1|
155659213|256360738|1175574083578281984|.@WayfarersAle was the place to be in #KingsHants last night with their next Member of Parliament, @Martha4KH. We’re working to help you to get ahead! https://t.co/BUL2rjIyV7|
155659213|256360738|1175574043724001281|Hier soir dans #KingsHants, c’est au @WayfarersAle qu’il fallait être. J’étais en compagnie de la future députée, @Martha4KH. Nous faisons tout pour améliorer votre quotidien! https://t.co/2gfHE2MpO8|
155659213|256360738|1175458232548175874|La Journée mondiale du don de moelle osseuse célèbre ceux qui se sont portés volontaires pour sauver la vie de personnes comme mon neveu Lincoln, qui a reçu une greffe de cellules souches en 2016. Pour vous inscrire: https://t.co/obHJUKBYUzMa déclaration: https://t.co/E5npM3PWNR https://t.co/oY62ya7o9g|
155659213|256360738|1175458194380021763|World Marrow Donor Day celebrates the millions who have volunteered to save the lives of people like my nephew Lincoln, who received a stem cell transplant in 2016. Consider registering: https://t.co/jDWFXq9SV2My statement: https://t.co/WpWiR9REVA https://t.co/K3KmCnFHI7|
155659213|256360738|1175254086054285312|Took the Fundy Rose to the Annapolis Valley today. Riding the #BlueWave to support our great Nova Scotia candidates. East Coast hospitality IS as advertised! https://t.co/nAKNWWCnkT|
155659213|256360738|1175254056098586625|J’étais à bord du Fundy Rose aujourd’hui, direction vallée de l’Annapolis, surfant sur la #vaguebleue pour soutenir nos excellents candidats et candidates de Nouvelle-Écosse. L’hospitalité de la côte est EST celle qu’elle prétend être ! https://t.co/4Az4DgCcW6|
155659213|256360738|1175249944736870402|The most valuable resource the Canadian Armed Forces has are its people. This includes their families, who serve Canada right alongside our CAF members. On Military Family Appreciation Day, thank you for everything. #MFAD @TWSFoundationCA|
155659213|256360738|1175249924038025216|La ressource la plus précieuse des Forces armées canadiennes, ce sont ses membres et leurs familles qui sont toujours à leur côté au service du Canada. En ce jour de reconnaissance des familles militaires, merci pour tout ce que vous faites. #MFAD @TWSFoundationCA|
155659213|256360738|1175245071450554369|What a night! Chris d’Entremont and I put some signs in Annapolis Royal. Chris is going to paint West Nova Blue! @ChrisMLA https://t.co/Nn6txjtC4m|
155659213|256360738|1175244773105516550|Quelle soirée! Chris D’Entremont et moi avons posé des pancartes dans Annapolis Royal. Avec Chris, West Nova va tourner au bleu! @ChrisMLA https://t.co/pWuaredyS7|
155659213|256360738|1175237152017453057|I will shorten wait times for you and your loved ones. A Conservative government will fund new MRI and CT machines to shorten wait lists. https://t.co/x7Tp5fQBhr|
155659213|256360738|1175237123160596480|Je vais réduire les temps d’attente pour vous et ceux que vous aimez. Un gouvernement conservateur financera l’achat de nouveaux appareils d’IRM et de TDM pour réduire les listes d’attente. https://t.co/zbY4Bneaoc|
155659213|256360738|1175168758635274242|Un nouveau gouvernement conservateur investira dans de nouveaux appareils d’IRM et de TDM pour remplacer l’équipement désuet partout au Canada. Je ne veux pas que vos parents âgés, vos enfants ou vous soyez inquiets à cause des listes d’attente pour recevoir des soins médicaux. https://t.co/qKkF56mYeT|
155659213|256360738|1175168758517817346|A new Conservative government will invest in new MRI and CT machines to replace aging equipment across the country. I don’t want you, your elderly parents, or your children to worry about wait lists for medical services. https://t.co/qKkF56mYeT|
155659213|256360738|1175153170563129346|As Prime Minister, I will reduce wait times by funding new MRI and CT machines across Canada. Less time waiting for medical services means treatment can start sooner. https://t.co/doNcCuzv2A|
155659213|256360738|1175153156889690113|Comme premier ministre, je vais réduire les temps d’attente en finançant l’achat de nouveaux appareils d’IRM et de TDM partout au pays. Moins de temps d’attente signifie que les traitements commencent plus tôt. https://t.co/PKlAoyrnvU|
155659213|256360738|1175022420996087808|More help for your health. Today, I announced that a new Conservative government would replace and increase the number of MRI and CT machines. WATCH LIVE: https://t.co/HCn9UsFqjG|
155659213|256360738|1175022409386201088|Plus d’aide pour votre santé. Aujourd’hui, j’ai annoncé qu’un nouveau gouvernement conservateur remplacerait et augmenterait le nombre d’appareils d’IRM et de TDM. REGARDEZ EN DIRECT: https://t.co/HCn9UsFqjG|
155659213|256360738|1174701976891928577|More money for your retirement. Today, I’m talking about how a new Conservative government will help put more money back in your pocket so you can get ahead. WATCH LIVE: https://t.co/Y2A9QCaD1n|
155659213|256360738|1174701964787179522|Plus d’argent pour votre retraite. Aujourd’hui, je parle de la façon dont un nouveau gouvernement conservateur aidera à remettre plus d’argent dans vos poches pour améliorer votre quotidien. REGARDEZ EN DIRECT: https://t.co/Y2A9QCaD1n|
155659213|256360738|1174512495601623040|My response to the Time Magazine story about Justin Trudeau: https://t.co/nIfukTRiev|
155659213|256360738|1174512482389581830|Ma réaction à l’article du magazine Time à propos de Justin Trudeau : https://t.co/ZG2hHcHEgV|
155659213|256360738|1174438426923425792|It’s time for you to get ahead, Etobicoke! We’re about to hit the doors here. Tune in LIVE: https://t.co/kZzR2DILjM#VictoryisKnocking|
155659213|256360738|1174438416219607041|Plus. Pour vous. Dès maintenant! Nous allons bientôt frapper aux portes d’Etobicoke. REGARDEZ EN DIRECT: https://t.co/kZzR2DILjM#lavictoireànosportes|
155659213|256360738|1174386093866856453|As Prime Minister, I will cancel $1.5B in corporate handouts to highly profitable companies and corporate executives, and put that back in your pockets.Less money for Canada’s most wealthy and well-connected. And more money for you.Because it’s time for you to get ahead. https://t.co/JHozQ0OSos|
155659213|256360738|1174386006264569862|Comme PM, je vais éliminer 1,5 milliard $ en subventions aux grandes entreprises et remettre cet argent aux Canadiens.Moins d’argent pour les riches et les bien connectés. Plus d’argent dans vos poches.Plus. Pour vous. Dès maintenant. https://t.co/RAX2RLK73s|
155659213|256360738|1174377044806967296|I will eliminate $1.5 billion in corporate handouts to highly profitable companies and corporate executives, and return that money to YOU. It’s time for you and your family to get ahead, not the wealthy and well-connected. https://t.co/Hp7ygoI0gH|
155659213|256360738|1174377009037873153|Je vais éliminer 1,5 milliard $ en subventions aux grandes entreprises rentables et à leurs dirigeants, et je VOUS rendrai cet argent. Il est temps pour votre famille et vous d’améliorer votre quotidien, pas aux riches et aux bien connectés. Plus. Pour vous. Dès maintenant. https://t.co/zJhEKEBtnq|
155659213|256360738|1174318809618014208|$1.5 billion more for YOU and your family. That money belongs in your pockets, not the pockets of the wealthy and well-connected — so you can get ahead. WATCH LIVE: https://t.co/347y7vqTw7|
155659213|256360738|1174318797999808515|1,5 milliard $ de plus pour vous et votre famille. Cet argent retourne là où est sa place : dans vos poches, et non celles des plus riches et bien connectés. Plus. Pour vous. Dès maintenant. REGARDEZ EN DIRECT: https://t.co/347y7vqTw7|
155659213|256360738|1174127135146905600|Kicked off @rejeanne2019 campaign in Winnipeg this afternoon! She’s a dedicated member of her community and a strong voice for women and girls. Proud to have her as our candidate for Saint Boniface—Saint Vital. We’re working together to help all Canadians get ahead! https://t.co/lqzDB9DTnE|
155659213|256360738|1174127116260171776|La campagne de @rejeanne2019 a été lancée cet après-midi à Winnipeg! Elle est impliquée dans sa communauté et une voix forte pour les femmes. Fier qu’elle soit notre candidate dans Saint-Boniface—Saint Vital. Plus. Pour Vous. Dès maintenant. https://t.co/Es3DyB8vhJ|
155659213|256360738|1174113052083376128|Élever des enfants en santé et actifs coûte cher. Je mettrai de l’argent dans vos poches grâce à deux crédits d’impôt pour les activités de vos enfants. Le temps est venu pour vous et votre famille d’améliorer votre quotidien. Plus. Pour vous. Dès maintenant. https://t.co/MpjBXQP0ET|
155659213|256360738|1174113052041474048|Raising healthy and active kids is expensive. I want to put money in your pockets with two tax credits for kids’ activities. It’s time for you and your family to get ahead. https://t.co/fiBqoSTcA0|
155659213|256360738|1174054502644760578|Spoke to women business leaders in Calgary yesterday about my commitment to help all Canadians get ahead. A new Conservative government will live within its means to put more money in your pockets! https://t.co/VLw0HYCMXC|
155659213|256360738|1174054483489382401|Hier, j’ai parlé à des femmes d’affaires de Calgary de mon engagement à aider les Canadiens et les Canadiennes à améliorer leur quotidien. Un nouveau gouvernement conservateur vivra selon ses moyens pour mettre plus d’argent dans vos poches! https://t.co/beUU2Zec3L|
155659213|256360738|1174043747920863232|You deserve a government that makes it easier to save for your kids’ post-secondary education. That’s why, as Prime Minister, I will boost RESP grants for parents saving for their child’s education to help your family get ahead. https://t.co/RdlcAqbgRN|
155659213|256360738|1174043728807436289|Vous méritez un gouvernement qui vous aide à épargner pour les études de vos enfants. Comme premier ministre, je vais bonifier la subvention des REEE pour aider les parents qui épargnent pour les études de leurs enfants à améliorer leur quotidien et celui de leur famille. https://t.co/LVZZI8hK6y|
155659213|256360738|1174026148440940545|Saving for your child’s education can be a huge burden. That's why a new Conservative government will boost RESP grants, making it easier to save for post-secondary education. That’s more money for your kids to get ahead. https://t.co/QIS5SfKGac #elxn43 https://t.co/tjaykogVIy|
155659213|256360738|1174026133622464512|Épargner pour les études de vos enfants peut être un lourd fardeau. Un nouveau gouvernement conservateur va bonifier les REEE, facilitant l’épargne pour les études postsecondaires. C’est plus d’argent pour vos enfants pour améliorer leur quotidien! https://t.co/gpJaduXs5Y #elxn43 https://t.co/bGvZlcT9gv|
155659213|256360738|1174016755230027776|It’s time for Manitobans to get ahead! Join us as we kick off @rejeanne2019 campaign in Winnipeg. WATCH LIVE: https://t.co/nPRV9kVxAi|
155659213|256360738|1174016741732753411|Le temps est venu pour les Manitobains d’améliorer leur quotidien. Joignez-vous à nous pour le lancement de la campagne de @rejeanne2019 à Winnipeg. REGARDEZ EN DIRECT: https://t.co/nPRV9kVxAi|
155659213|256360738|1174008624785580032|“I am looking straight at Canadians and being honest the way I always have. We’ve said we are committed to balanced budgets and we are. We will balance that budget in 2019.”- Justin Trudeau#NotAsAdvertised https://t.co/cgeDNbbJCZ|
155659213|256360738|1174008601003925505|« Je regarde les Canadiens droit dans les yeux et je suis honnête avec eux comme je l'ai toujours été. Nous avons dit que nous sommes déterminés à avoir des budgets équilibrés et nous le sommes. Nous rétablirons l'équilibre budgétaire en 2019. »- Justin Trudeau https://t.co/cgeDNbbJCZ|
155659213|256360738|1173984238976360451|Keep wearing those I ❤️ 🍁 Oil &amp; Gas shirts with pride, Alberta! While Justin Trudeau talks down our energy sector, Conservatives will champion Canadian energy workers! It was a great night in Calgary. It’s time for you to get ahead! https://t.co/mVIFuE69lX|
155659213|256360738|1173984068138143745|Alberta, continuez à porter ces chandails « I ❤️ 🍁 Oil &amp; Gas » avec fierté! Pendant que Trudeau parle en mal de notre secteur énergétique, les conservateurs défendent les travailleurs canadiens de l’énergie! Merci Calgary pour cet accueil. Plus. Pour vous. Dès maintenant! https://t.co/OD4k20lGGA|
155659213|256360738|1173972553678970882|Jill and I are sending our best wishes to Quebec Minister Nadine Girault in her fight against cancer. https://t.co/wxqL7bgBTz|
155659213|256360738|1173972535899242498|Jill et moi souhaitons bon courage à la ministre québécoise Nadine Girault dans son combat contre le cancer. https://t.co/wxqL7bgBTz|
155659213|256360738|1173964998042882048|Boosting the RESP. Today, I’m in Winnipeg to talk about how a new Conservative government will make it easier to save for post-secondary education so you can get ahead. WATCH LIVE: https://t.co/KXVGXANO4W|
155659213|256360738|1173964983161503744|Bonifier les REEE. Aujourd’hui, je suis à Winnipeg pour annoncer comment un nouveau gouvernement conservateur rendra plus facile d’épargner pour les études post-secondaires. Plus. Pour vous. Dès maintenant! REGARDEZ EN DIRECT: https://t.co/KXVGXANO4W|
155659213|256360738|1173960073045053441|Great coverage of our tax credits announcement yesterday in Kelowna! Raising kids is expensive enough as it is. As Prime Minister, I’ll make it a little easier and more affordable. This election is all about making life more affordable for you so that you can finally get ahead. https://t.co/lFC1PkjRRI|
155659213|256360738|1173960060474732544|Excellente couverture de l’annonce de nos crédits d’impôt hier à Kelowna! Élever des enfants coûte déjà assez cher. Comme premier ministre, je vais rendre les choses plus faciles et abordables pour vous aider à améliorer votre quotidien. Plus. Pour Vous. Dès maintenant. https://t.co/lFC1PkjRRI|
155659213|256360738|1173784506001776646|More positive reviews for our Universal Tax Cut. It’s time for you to get ahead! https://t.co/7JFpPKcZpB|
155659213|256360738|1173784490541498370|Plus de réactions positives à notre Baisse d’Impôt Pour Tous. Plus. Pour Vous. Dès Maintenant ! https://t.co/7JFpPKcZpB|
155659213|256360738|1173764254102642688|Notre Baisse d’Impôt Pour Tous réduira l’impôt sur le revenu pour TOUS les Canadiens. Apprenez-en plus ici:https://t.co/BVr68EQN38 https://t.co/g6oJgoLvdt|
155659213|256360738|1173764253808877568|Our Universal Tax Cut will cut income taxes for *every* Canadian. Learn more here:https://t.co/hqkYqsnqPI https://t.co/IaStQOORzQ|
155659213|256360738|1173744612642557952|We are LIVE in Calgary! Conservatives have a plan to help Albertans and all Canadians get ahead. We’re championing energy sector workers and our Universal Tax Cut will leave more money in your and your family’s pockets. Tune in: https://t.co/4ESgaeehff|
155659213|256360738|1173744599409594368|Nous sommes EN DIRECT de Calgary ! Les conservateurs ont un plan pour aider les Canadiens à améliorer leur quotidien. Nous sommes les défenseurs de l’énergie canadienne. Notre Baisse d’Impôt Pour Tous laissera plus d’argent dans vos poches. Regardez : https://t.co/4ESgaeehff|
155659213|256360738|1173727233141301248|Find out more here: https://t.co/P5efbKgVjr 2/2|
155659213|256360738|1173727150190616579|Soccer, karate, music lessons, math tutoring – they all cost money. It’s getting more and more expensive to raise healthy and active kids. As Prime Minister, I’ll put more money in your pocket with two tax credits for kids’ activities. It’s time for you can get ahead. 1/2 https://t.co/swsZ9FAJYW|
155659213|256360738|1173727028710916103|Il est temps pour vous d’améliorer votre quotidien. Plus. Pour vous. Dès maintenant! Pour en savoir davantage : https://t.co/WTko3SuUso 2/2|
155659213|256360738|1173726923517812741|Le soccer, les leçons de musique, le tutorat en math, tout cela coûte de l’argent. Ça coûte de plus en plus cher d’élever des enfants actifs et en santé. En tant que PM, je mettrai plus d’argent dans vos poches avec deux crédits d’impôt pour les activités des enfants. 1/2 https://t.co/JIIb1tfiwf|
155659213|256360738|1173713567096463366|Absolutely ridiculous. There’s nothing “political” about supporting Canada’s energy sector. Oil and gas fuels our country and our economy. And this sector provides jobs and supports our communities. We should all support these workers. Full stop. https://t.co/yiAKZS0vPP|
155659213|256360738|1173712060070420481|Ridicule! Il n’y a rien de « politique » dans le fait de soutenir le secteur canadien de l’énergie. Le pétrole et le gaz alimentent notre pays et notre économie. Ce secteur crée des emplois et soutient nos collectivités.  Nous devrions tous les appuyer. Un point c’est tout. https://t.co/yiAKZS0vPP|
155659213|256360738|1173667416028647427|Raising children is more expensive than ever. On top of our Universal Tax Cut, a new Conservative government will help you and your family get ahead with tax credits for costly sports fees and equipment, music lessons and other learning: https://t.co/P5efbKgVjr #elxn43 https://t.co/9NOijTUr7r|
155659213|256360738|1173667403366043648|Élever des enfants coûte plus cher que jamais. En plus de notre Baisse d’Impôt Pour Tous, un nouveau gouvernement conservateur vous aidera avec des crédits d’impôt pour les activités sportives, artistiques, et d’apprentissage de vos enfants: https://t.co/WTko3SuUso #elxn43 https://t.co/pO1eRR4kgH|
155659213|256360738|1173661039608717312|Stopped by the Aberdeen Mall with @AliceWongCanada yesterday. We sampled some amazing mooncakes and spoke to people about my plan for them to get ahead. https://t.co/UEGLgnSfRS|
155659213|256360738|1173661022680506371|.@AliceWongCanada et moi avons visité le Aberdeen Mall hier. Nous avons goûté des gâteaux « mooncake » incroyables et parlé aux gens de notre plan pour améliorer leur quotidien. https://t.co/eKI9OR6iLv|
155659213|256360738|1173654235810062338|Thankful to have my wife Jill on this journey with me as we travel across the country on our campaign to help Canadians get ahead. We were in beautiful Comox, BC yesterday talking about our plan for a Universal Tax Cut for everyone. https://t.co/EgLAnl1md9|
155659213|256360738|1173654223898251264|Merci à mon épouse Jill de m’accompagner dans ce périple à travers le pays. Nous faisons campagne pour vous aider à améliorer votre quotidien. Hier, nous étions dans la belle ville de Comox, en C.-B., pour parler de notre plan de Baisse d’Impôt Pour Tous. https://t.co/bIb8rDJD14|
155659213|256360738|1173648509658181633|A tax cut for *everyone.* It’s time for you to get ahead. https://t.co/6Z8eSKRxRn|
155659213|256360738|1173648499235336194|Une baisse d’impôt pour tout le monde. Plus. Pour vous. Dès maintenant. https://t.co/6Z8eSKRxRn|
155659213|256360738|1173630675947311104|I’m in Kelowna today to announce two new tax measures that will make it more affordable to raise your kids – the Children’s Arts and Learning Tax Credit and the Children’s Fitness Tax Credit. WATCH LIVE: https://t.co/fSsj4dxTIT|
155659213|256360738|1173630665243467779|Je suis à Kelowna pour annoncer deux mesures qui rendront le fait d’élever vos enfants plus abordable : le Crédit d’impôt pour les activités d’art et d’apprentissage des enfants et le Crédit d’impôt pour les activités sportives des enfants. EN DIRECT : https://t.co/fSsj4dxTIT|
155659213|256360738|1173609373689667585|What a night in Parksville, BC! Hundreds of people were there to hear about our Universal Tax Cut. A tax cut for everyone - $850 in the pockets of a hardworking couple. Thanks @Byron4CA for a warm welcome!Stay tuned for more on how a Conservative gov’t will help you get ahead. https://t.co/vA1uTeoOT1|
155659213|256360738|1173609355897450497|Quelle soirée à Parksville, C.-B.! Des centaines de gens y étaient pour entendre parler de notre Baisse d’Impôt Pour Tous qui laissera 850 $ de plus à un couple qui travaille fort. Merci @Byron4CA pour l’accueil! Avec les conservateurs c’est plus, pour vous, dès maintenant! https://t.co/YLZNzpnEaS|
155659213|256360738|1173603919731265536|Thanks for the warm welcome to Vancouver Island, Comox! Met with Conservative candidate Shelley Downey and members of this vibrant community to discuss how a Conservative government will put more money in your pockets with our Universal Tax Cut. https://t.co/vTWEq3aYBC|
155659213|256360738|1173603907370651649|Merci pour le bel accueil à Comox sur l’île de Vancouver! J’ai rencontré la candidate Shelley Downey et des membres de cette communauté dynamique pour discuter de comment un gouvernement conservateur mettra plus d’argent dans vos poches grâce à la Baisse d’Impôt Pour Tous. https://t.co/yfe626qDAj|
155659213|256360738|1173410108979720192|Finally met a childhood hero, Mr. Mugs. https://t.co/i9LIwciio7|
155659213|256360738|1173410084434698242|J’ai enfin rencontré un héros d’enfance: M. Mugs. https://t.co/E1uWD5rDl5|
155659213|256360738|1173406567993159680|Did you hear about the Universal Tax Cut I announced today? Tonight I’m with our Conservative candidate @Byron4CA in Parksville talking about our plan to put more money in your pocket. Watch LIVE: https://t.co/XMHrc39tY1|
155659213|256360738|1173406554244165634|Avez-vous entendu parler de la Baisse d’Impôt Pour Tous que j’ai annoncée aujourd’hui? Ce soir, @Byron4CA et moi sommes à Parksville pour parler de notre plan pour laisser plus d’argent dans vos poches. Regardez EN DIRECT: https://t.co/XMHrc39tY1|
155659213|256360738|1173359846021877760|This is a tax cut for *everyone.* A couple earning an average salary will save over $850 every year. That’s more money in your pocket. Because it's time for you to get ahead! https://t.co/rm0PKFCKyZ|
155659213|256360738|1173348494297489410|Life is getting more expensive for people like Reed and Gretchen, who I met with this morning in Surrey. That’s why I was so proud to announce our Universal Tax Cut that will leave hundreds of dollars more in your pockets.Because it’s time for you to get ahead! https://t.co/ti0Z907b8J|
155659213|256360738|1173348476672978944|La vie coûte de plus en plus cher pour les gens comme Reed et Gretchen, que j’ai rencontrés ce matin à Surrey. C’est pourquoi j’étais fier d’annoncer notre Baisse d’Impôt Pour Tous, qui laissera des centaines de dollars de plus dans vos poches.Plus. Pour vous. Dès maintenant! https://t.co/yTIr8wGT5A|
155659213|256360738|1173341158061301763|C’est une baisse d’impôt pour *tous*. Un couple gagnant un salaire moyen épargnera plus de 850 $ par an. C’est plus d’argent dans vos poches. Il est temps pour vous d’améliorer votre quotidien. Plus. Pour vous. Dès maintenant! https://t.co/T9FJ0zYHBI|
155659213|256360738|1173300540320690176|It’s about time Canadians saw a tax cut that is focused on you! Our Universal Tax Cut is targeted at the lowest income-tax bracket. This means hundreds of dollars per year back in the pockets of lower and middle-class families. It’s time for you to get ahead. https://t.co/vG6cA1y3g8|
155659213|256360738|1173300528824102912|Les Canadiens méritent une baisse d’impôt! Notre Baisse d’Impôt Pour Tous vise la tranche des revenus les plus faibles. Ce sont des centaines de dollars par année dans les poches des familles à faible et moyen revenu. Plus. Pour Vous. Dès Maintenant. https://t.co/oCDJ6b3mOT|
155659213|256360738|1173288529692188678|The Universal Tax Cut. More money for every Canadian. Today, I am in Surrey announcing our tax cut that will benefit all Canadians so you can keep more of your hard earned dollars. WATCH LIVE: https://t.co/mEesedWgli|
155659213|256360738|1173288519114080256|Une baisse d'impôt pour tous! Je suis à Surrey pour annoncer notre baisse d'impôt qui profitera à tous les Canadiens. Vous garderez ainsi plus de votre argent durement gagné dans vos poches. REGARDEZ EN DIRECT: https://t.co/mEesedWgli|
155659213|256360738|1173238236422053888|This is exactly what I’ve been hearing from Canadians for months. Life just keeps getting more expensive. People are working harder than ever but they’re just not getting ahead. That’s what my campaign is all about: Putting more money in your pockets so you can get ahead! https://t.co/qnbQ5ekRqk|
155659213|256360738|1173238220047507457|C’est exactement ce que les Canadiens me disent depuis des mois. La vie devient de plus en plus chère. Les gens travaillent plus fort que jamais, sans améliorer leur sort. C’est le but de ma campagne : mettre plus d’argent dans vos poches pour améliorer votre quotidien! https://t.co/qnbQ5ekRqk|
155659213|256360738|1173220616134111232|“It’s time for you to get ahead.” Here’s why these words are so important to me. https://t.co/l7ZMorYmvu|
155659213|256360738|1173220565987004417|Plus. Pour vous. Dès maintenant.Voici pourquoi ces mots sont si importants pour moi. https://t.co/LasWL1fa9d|
155659213|256360738|1173031097153851393|Les gens de Kanata-Carleton sont prêts à améliorer leur quotidien ! @JustinaCPC et son équipe ont frappé à plus de portes que n’importe quelle campagne conservatrice au pays cette semaine. Excellente visite en ce samedi de campagne électorale ! https://t.co/oLzWXz4sef|
155659213|256360738|1173031076287123461|Kanata-Carleton is ready to get ahead! @JustinaCPC and her team knocked on the most doors of any Conservative campaign in the country this week. Great Saturday stop on the campaign trail today! https://t.co/qYVr5I3alV|
155659213|256360738|1173025945835454464|Canadians can't afford to have Trudeau at the negotiating table anymore. He will once again allow whoever is across from him to walk all over him - and Canadians will pay for it. You just can't trust Justin Trudeau. He's not as advertised. (4/4)|
155659213|256360738|1173025897219330048|Remember, Trudeau promised Canadians a *better* deal.Instead, he took us to the brink of disaster with our largest trading partner and had to sign whatever Trump wanted him to, with major concessions on autos, dairy market access, and prescription drugs. (3/4)|
155659213|256360738|1173025836410253312|What's so shocking is that Trudeau’s weak leadership and inept negotiating brought Canada to its knees, to the point of having Trump’s terms forced on him by an American billionaire. I'm disgusted Canada was ever in such a weak, terrible position. (2/4)|
155659213|256360738|1173025778625384454|Canadians already know Justin Trudeau backed down to Donald Trump on NAFTA. Now we know that Trudeau sold them out at the express wishes of Donald Trump’s billionaire friends. (1/4) https://t.co/TDJBNlynRP|
155659213|256360738|1173025620231692288|Les Canadiens ne peuvent plus se permettre Trudeau à la table de négociations.Il va encore se laisser dicter les conditions et les Canadiens vont en payer le prix.On ne peut tout simplement pas faire confiance à Trudeau. Il n’est pas celui qu’il prétendait être. (4/4)|
155659213|256360738|1173025538165936134|N’oubliez pas que Trudeau avait promis un *meilleur* accord. Mais il a presque causé une catastrophe avec notre principal partenaire et a dû signer ce que Trump voulait, avec des concessions majeures sur l’automobile, le marché laitier et les médicaments d’ordonnance. (3/4)|
155659213|256360738|1173025390958403585|Le plus choquant est que la faiblesse de leadership de Trudeau dans ces négociations maladroites ont mis le Canada à genoux, au point où Trump lui a dicté ses conditions. Le Canada n’a jamais été dans une position aussi mauvaise et faible. (2/4)|
155659213|256360738|1173025324415819776|Les Canadiens savaient déjà que Justin Trudeau a capitulé devant Donald Trump sur l’ALENA.Nous savons maintenant que Trudeau les a vendus pour faire plaisir aux amis milliardaires de Donald Trump. (1/4) https://t.co/TDJBNlynRP|
155659213|256360738|1173004219995045888|As Prime Minister, I will scrap the carbon tax and leave more money in you and your family’s pockets. https://t.co/gNaeQLk5Q1|
155659213|256360738|1173004193294147584|En tant que premier ministre, je vais abolir la taxe sur le carbone et je vais laisser plus d’argent dans vos poches et celles de votre famille. https://t.co/yG3mGlWvEj|
155659213|256360738|1172983222680113152|Family time looks a little different for us these days. After a great few days launching our campaign to help Canadians get ahead, the kids were able to join Jill and me on the trail today! https://t.co/6j9VVXadMq|
155659213|256360738|1172983209400897537|Le temps passé en famille est légèrement différent pour nous ces jours-ci. Après quelques magnifiques journées consacrées au lancement de notre campagne pour aider les Canadiens à améliorer leur quotidien, aujourd’hui, les enfants ont pu se joindre à Jill et moi. https://t.co/3BsOuDAnPb|
