155659213|942156122|1188609848759476224|Did they have tickets or did they just storm the stadium? #WeShallOvercomb https://t.co/Ib4fKkamPJ|
155659213|942156122|1188565833108328450|My heart is with all of those in Greenville today. Every single day we don’t act, we lose more lives. This has to end. #EnoughIsEnough https://t.co/G31Ec1Yxn5|
155659213|942156122|1188531848483364864|Today marks one year since a gunman killed 11 people at the Tree of Life Synagogue in Pittsburgh. We cannot let this kind of hatred become normal in America. It is on us to confront antisemitism head-on and fight for common-sense gun laws. #ShowUpForShabbat #EnoughIsEnough https://t.co/bfORGUddHl|
155659213|942156122|1188450887880138752|Today is a good, just day for America and every country terrorized by ISIS. Thank you to the brave men and women who were a part of such a dangerous operation.|
155659213|942156122|1188425107783454721|Happy #Diwali to all of those celebrating. May this festival of lights bring you peace and prosperity and may we all find solace in the message of light triumphing over darkness https://t.co/tqMlc5S7v4|
155659213|942156122|1188275131799474176|Not a @Nationals fan (go @Athletics) — I’m just here for the #babyshark fan takes. #WorldSeries|
155659213|942156122|1187784499746279424|I am deeply saddened by the loss of Pleasanton PD Officer Kyle Henrickson. Kyle represented the very best in law enforcement &amp; we are extremely grateful for his decade of service to our community. My heart is with his family during this difficult time. https://t.co/IWizd5WNQt|
155659213|942156122|1187763847236595713|Last month, 145 CEOs from some of America's most influential companies sent an open letter to the Senate calling on them to pass common-sense, bipartisan gun laws. Here's my way of saying thank you for being in this fight: https://t.co/z7uzQrYZaW|
155659213|942156122|1187721775846744065|Speaking of math, you know what is polling above 50% these days? #Impeachment https://t.co/J8LHftSLs4|
155659213|942156122|1187572132680736775|*Takes out calculator* By my math, and this is just back of the envelope, but a majority of the Senate DOES NOT support you, Senator. https://t.co/v0E0Uu5MS8|
155659213|942156122|1187554713174196226|@djrothkopf @realDonaldTrump Agreed!|
155659213|942156122|1187550004929617920|Yes, Barr must be disBarred. But let’s stay focused: all evidence suggests @realDonaldTrump used your money to extort Ukraine. Nothing matters more than holding him — and him first — accountable. Stunts like this are Trump-directed distraction devices. https://t.co/UOMcBzaaf3|
155659213|942156122|1187533435553927168|Thank you for your service to our community, Technician Melanson. Rest In Peace. https://t.co/E7NctBoo44|
155659213|942156122|1187441210786492418|Just because we haven't been gripped by a mass shooting in recent days, doesn't mean the Senate is off the hook. People are dying every day in communities across the country because of our lax gun laws. Don't let @senatemajldr get away with doing nothing. #EndGunViolence|
155659213|942156122|1187434225936535555|We are holding these depositions behind closed doors to ensure that witnesses don’t coordinate their testimony, which we have reason to believe some have tried to do. We won't allow the @HouseGOP antics to prevent justice from being served. https://t.co/DlU4HIMGK2|
155659213|942156122|1187201572197023744|I’ve always thought telling my children I served with civil rights icons like John Lewis &amp; Elijah Cummings would be the highlight of my time in Congress. But now, I can share the time Matt Gaetz, Louie Gohhmert, &amp; Steve King sat in an air-conditioned SCIF and ate pizza for 5 hrs. https://t.co/be8VFclpWR|
155659213|942156122|1187154208786698241|Today @HouseDemocrats passed the #SHIELDAct, which included my amendment to require any family members of candidates to report offers of illegal campaign assistance. American elections must be decided by Americans. https://t.co/pxbYbvRwfl|
155659213|942156122|1187151493381722113|Have you met @realDonaldTrump before? Seen him on TV? Well you’re in luck. You get executive privilege! https://t.co/cTsTB94VeB https://t.co/QKbqglmrIJ|
155659213|942156122|1187147322033164289|Tune in now! https://t.co/aHRuITMapA|
155659213|942156122|1187078699570663426|This president put our national security and the lives of thousands of Ukrainians on the line. Every American, Democrat and Republican alike, should be deeply disturbed by this self-serving, dangerous behavior. https://t.co/cdN3PgvyoJ|
155659213|942156122|1187055539429220352|The @housegop are now physically obstructing the impeachment inquiry. Their stunt today will not deter us from holding @realDonaldTrump accountable. And it won’t stop the witnesses they’re seeking to intimidate. We will move on and justice will roll down like waters.|
155659213|942156122|1187032645147992071|We won’t allow this @HouseGOP political stunt to stand. They would much rather attack process than answer one simple question: is it acceptable for the president to pressure a foreign leader to open an investigation and manufacture dirt on a political opponent? https://t.co/U0ggDmDcbI|
155659213|942156122|1186990656956198914|“The Ukraine shakedown is not just some aberrational act by the president. This is what he did in the 2016 election, and that will be very, very relevant as the Senate considers the urgency to act to protect the 2020 election.” https://t.co/tmvmCyzB0N|
155659213|942156122|1186770247354847234|“Anonymous” could learn a thing or two about courage from Ambassador Bill Taylor.|
155659213|942156122|1186662782520975361|I did not run for Congress to be part of an impeachment inquiry. I ran to ensure affordable healthcare for all, to end gun violence &amp; to create an economy that works for everyone. However, when my constituents see lawlessness, the constitution demands we act. #NoOneIsAboveTheLaw https://t.co/AQ4NGrYdQA|
155659213|942156122|1186615955050373120|Reality check: The Ambassador called you and asked broadly, “what do you want from Ukraine?” With a guilty conscience, you repeated, “no quid pro quo.” Problem: He didn’t ask you if there was a quid pro quo. You just happened to know there was one. https://t.co/Tf9WWjS3JL|
155659213|942156122|1186335255168466949|No. Your turn, @HouseGOP. https://t.co/KwokSgH4Rt|
155659213|942156122|1186333706304266241|It is literally in the Constitution. https://t.co/FbbVhBh2XI|
155659213|942156122|1186110559118413825|Here’s the deal: @GOPLeader has been right about one thing. Putin pays Trump. https://t.co/8e16WFUT7E https://t.co/GAMpYhVu3l|
155659213|942156122|1185686191808696321|But you’re right about one thing, Jim. If @realDonaldTrump had not committed his crimes in front of — oh, I don’t know, nearly every one who works on Ukraine at the State Department — we probably wouldn’t have to consider two-a-days. #GetOverIt|
155659213|942156122|1185679910423220224|I’m old enough to remember when @DevinNunes scheduled House Intel multiple Russia Investigation depositions simultaneously. Or when Nunes scheduled the deposition of Felix Sater in New York at the same time we were voting in DC on the GOP tax bill. Stop whining and get serious. https://t.co/aauXuaD6Ya|
155659213|942156122|1185566454269251584|@crampell Is Kramer saying, “as long as @realDonaldTrump says the quiet, corrupt parts out loud, I’m cool with that?”|
155659213|942156122|1185336283192856576|We’re fighting https://t.co/kE3lp2P0dq|
155659213|942156122|1185301741815959553|Does it come in stripes? https://t.co/hcEU3qApc9|
155659213|942156122|1185291444682199041|Oh God. I’m sending stuff to a historical library? Cue mid-life crisis. https://t.co/9q06uWz6Ei|
155659213|942156122|1185281842393632769|🗣One more time for the people in the back🗣Rudy Guiliani is Donald Trump and Donald Trump is Rudy Guiliani.Anytime a witness talks about Rudy Guiliani’s lawlessness, it is important to remember who is giving orders. https://t.co/AFkLWw8ciE|
155659213|942156122|1185230757888974849|.@realDonaldTrump hosting the G7 Summit at his own hotel is something a Russian president would do. Wait...*checks Google* Nope, the last time Putin hosted this summit it was held at a state palace.|
155659213|942156122|1185190251502931968|My law school professors used to say, “When the facts are against you, argue the law. When the law is against you, argue the facts. And when both are against you, just pound your fists on the table &amp; shout really loud.” That’s what my Republican colleagues are doing now. https://t.co/7Ru419IneK|
155659213|942156122|1185002550380171264|I am fortunate to not only have served with #ElijahCummings but to also have been represented by him when I attended law school in Baltimore. He is, and always will be, the best representative I could have had.|
155659213|942156122|1184937006301958159|I know you can’t read (you were too embarrassed to try when I asked you to in @HouseJudiciary). I didn’t know you can’t write. https://t.co/SlDn8TnTe1|
155659213|942156122|1184906028418244609|Mick Mulvaney has co-signed @realDonaldTrump’s confession to the crime. https://t.co/VAx4ySv8sh|
155659213|942156122|1184896901021392897|The @VP and @RTErdogan aren’t heroes – they’ve just temporarily ended the violence that @realDonaldTrump allowed by throwing our Kurdish allies under the bus. Erdogan, Assad, Putin &amp; ISIS all still get what they want.|
155659213|942156122|1184887191027277828|They're not even trying to hide the corruption anymore... https://t.co/0PGsC8AApl|
155659213|942156122|1184866030688059392|We have made significant progress in our investigation. A stream of witnesses have come forward, and their testimonies are laying out who was in on this shakedown scheme. We are working hard to get all of the facts and will continue to conduct our work swiftly — not hurriedly. https://t.co/ff25KXJMF5|
155659213|942156122|1184808709752537088|In Congress and his community, #ElijahCummings was a thunderous force for equality, accountability, and moral clarity. And because he knew the importance of working with people from all backgrounds and parties, he got things done. America has lost a leader. RIP, Chairman.|
155659213|942156122|1184624448823058432|Tonight @marthamaccallum thought she was insulting me by pointing out I’ve previously called @realDonaldTrump an agent for Russia. Please tell me, who benefits greatly from us benefiting the Kurds? All roads lead to Putin with this guy.|
155659213|942156122|1184608273619660800|Thanks for sharing! Definitely in the running for her Speaker portrait. https://t.co/4yWdiTgjwU|
155659213|942156122|1184572436190285827|“I will call you later” is code for “don’t actually concern yourself with this letter, I’ll give you more green lights over the phone.” And what poor staffer had to take dictation for such an idiotic letter? @realDonaldTrump is not just corrupt &amp; cruel. He’s a child. https://t.co/JbasbTmd9X|
155659213|942156122|1184510442670034945|I cosponsored the #CollegeAffordabilityAct to immediately lower the cost of college, hold schools accountable for their student’s success &amp; provide relief to the 44 million Americans who are unduly burdened by student loan debt. It’s time for students to spend less &amp; earn more. https://t.co/TreKIPtcLW|
155659213|942156122|1184485447545819138|Students shouldn’t have to fight for their lives while @senatemajldr twiddles his thumbs on #gunviolence legislation.https://t.co/Po5UWGojyL|
155659213|942156122|1184449085291585537|Don’t worry, Mr. President, as you stew in your pajamas all day at the White House residence, your minions fully have your back at our hearings. Although your crimes are indefensible, your team is twisting themselves like pretzels to try to defend them. https://t.co/Cj5XsyZuUp|
155659213|942156122|1184261960092782592|Today, and every day, I stand with freedom and democracy. #HongKong https://t.co/1SwKG179p5|
155659213|942156122|1184204825816424448|Attention #CA15: Open enrollment begins today! In 2020, more Californians than ever before will be eligible for financial assistance to enroll in a health plan through #CoveredCA. For more information, contact my office or visit: https://t.co/uAtWzB5UH0 https://t.co/7m8gPhSZGD|
155659213|942156122|1183931265315151872|I wish I could say they the #TrumpShootingVideo is *going* to get someone killed. But @realDonaldTrump’s words have *already* gotten people killed. More people are vulnerable today because our President has expanded the target set.|
155659213|942156122|1183895119327645696|A good question just thrown at me: so will @RudyGiuliani take the fall for all of this? Nope. He’s @realDonaldTrump’s personal lawyer. Lawyers don’t do things their clients don’t want. The client takes the fall.|
155659213|942156122|1183847228907106313|You can’t kick someone out who was never invited in. Rep. @mattgaetz is not on any of the committees and your side’s stunt wasted an hour of time. It’s time to get serious. @realDonaldTrump confessed to a crime and we have a country to protect. https://t.co/TG6gyZsQ2h|
155659213|942156122|1183820298182897665|America was built on stolen land &amp; on the backs of many indigenous communities. Today, on #IndigenousPeoplesDay, we must honor their sacrifices with action &amp; guarantee all native people equal rights under the law.|
155659213|942156122|1183415632211005441|Sunday greetings from the Bay Area where it’s #FleetWeek. It’s my favorite weekend of the year, as where we honor our military servicemembers and watch in awe as the Blue Angels rip across the SF skyline. Thank you to all who served or have served. https://t.co/35lzH0xgSW|
155659213|942156122|1183081625254387712|You should worry more about “felon in possession” laws. https://t.co/y5X7IH9KeO|
155659213|942156122|1182810984408387586|Please tell me this lunatic does not own a gun. Reason 1,578 America needs red flag laws. https://t.co/NA9IPs0CDV|
155659213|942156122|1182676032580661248|In the fight for true equality under the law, the ability to be seen, to be heard and to be true to yourself is a powerful act. Today, on #ComingOutDay, please know that I see you, I’m with you and I will always stand by you. https://t.co/R7HtCxUolT|
155659213|942156122|1182659271533707264|Just a class act. A must watch on the high dignity of the White House and how much it has sunken. https://t.co/OijfxMki7P|
155659213|942156122|1182505113933344768|Explain to me under what legal theory does @realDonaldTrump not have an indictment waiting for him when he leaves office?|
155659213|942156122|1182357625142423553|Attention Contra Costa Country Residents: If you rely on durable medical equipment, Contra Costa Health Services has several locations available for charging your medical devices. Check out the detailed location information and hours here: https://t.co/qe11giwIKU https://t.co/aYqpBwo5vx|
155659213|942156122|1182305596499996674|Mental illness doesn't discriminate. People of every age, race, gender &amp; socioeconomic status are affected by mental health challenges. Today, on #WorldMentalHealthDay, it's time we end the stigma and increase awareness and acceptance for those living with mental illness.|
155659213|942156122|1182262940512276480|Let’s all say this slowly for @GOPLeader McCarthy so maybe he can understand it: @realDonaldTrump 👏🏻 confessed 👏🏻 to 👏🏻 the 👏🏻 crime 👏🏻. *Confess= (verb) admit or state that one has committed a crime or is at fault in some way. https://t.co/c6f2V8QoyF|
155659213|942156122|1181988357003517954|x2 https://t.co/Gv8msjaiwo|
155659213|942156122|1181977604578041856|“Men &amp; women” #WhereAreTheWomen https://t.co/7S2Ssw1bet|
155659213|942156122|1181967195427033088|See Hong Kong. https://t.co/SCuyXKf6ld|
155659213|942156122|1181966141100572678|Here’s why #Turkey matters: we’re safer at home b/c the Kurds helped us fight ISIS. @realDonaldTrump just gave a green light to Turkey — where he has millions of $ in business — to slaughter the Kurds. This only benefits Trump, not you, &amp; Kurds will die. Who will help us again?|
155659213|942156122|1181955995779645440|A wave of power outages are expected to hit the Bay Area today &amp; an estimated 141,000 residents will be impacted. Residents in Alameda &amp; Contra Costa County are expected to be affected, and Hayward residents are expected to experience complete black-outs. #PGEShutoff https://t.co/4ejFYV4fki|
155659213|942156122|1181933222646730754|Here’s @GOPLeader whining more about process because he can’t accept @realDonaldTrump confessed to extortion using your taxpayer dollars.  *He’s lucky you don’t have to take a civics test to go to Congress, but the trial is in the Senate. https://t.co/rZvlbFqsEB|
155659213|942156122|1181926297364258817|Scene: Tipster says suspect committed crime. Suspect confesses to crime. Suspect then trashes tipster. Once @realDonaldTrump confessed, does it matter if tipster is the Pope or a felon? Here, #Ukraine tipster was actually found to be credible. Time to end this nonsense.|
155659213|942156122|1181750924710219776|@CharlesPPierce @neeratanden The fifth amendment is for criminal trials. This is for impeachment. Don’t conflate the two.|
155659213|942156122|1181688894817030144|I want you to imagine what would happen if while driving you saw police lights behind you and instead of pulling over, you sped away. If you think you can’t do that, then it’s clear why @realDonaldTrump can’t do that. But he is. And it’s because he has a guilty conscience.|
155659213|942156122|1181681909841182725|And he publicly pleaded guilty to it https://t.co/o2JjutkFJO|
155659213|942156122|1181650983497207816|G'mar Chatima Tova to our Jewish friends and neighbors, and to all of those observing #YomKippur. May your fast be meaningful and your year filled with prosperity and peace. https://t.co/Ck0BSrUmEX|
155659213|942156122|1181607791196348416|When I came to Congress I took an oath to defend &amp; uphold the Constitution. While we’re still working to pass commonsense gun reform &amp; lower healthcare costs, we must also hold this president accountable. We can’t think politically about this decision. No one is above the law. https://t.co/HVC4AwTWKL|
155659213|942156122|1181550812113317889|An innocent president allows his team to be interviewed. But a guilty one blocks testimony. Stack this obstructive act on top of the growing “consciousness of guilt” pile. https://t.co/Xy6y2iIZZt|
155659213|942156122|1181240436389793793|.@JohnWDean's message to those who have witnessed inappropriate, unethical and lawless behavior in the White House?"They ought to be telling this president that this behavior is not proper, it cannot continue, and if it does, they will have to resign." https://t.co/PgRkFhj72u|
155659213|942156122|1181220593204649987|Still confused as to what an impeachment inquiry really means or how it affects you? This might help 👇🏻👇🏻👇🏻 https://t.co/WRiS5h9C1F|
155659213|942156122|1181017487091085313|@Magamilitia2 @dmorey Actually, my Bell’s Palsy is on my left side. And I dare you to try and throw that hook.|
155659213|942156122|1181017058810777600|@jayreeder15 @dmorey I think you mean you’re.|
155659213|942156122|1181016452511473664|Listen....some things are more important than money. Like doing the right thing. @dmorey tweeted about human rights and supporting #HongKongProtests. How ironic that you’re siding with communism to advance your greed. https://t.co/RoyJ3o3bbY|
155659213|942156122|1181014675389071360|If you read one thread today, read this. And RT. https://t.co/54akWDNO9F|
155659213|942156122|1181007924669407238|With the Trumps it’s always about the money. https://t.co/RjFGamtEZR|
155659213|942156122|1180845977139372032|“Why should I care at all” will be a sentiment that will haunt the @GOP for decades. Isn’t this country worth saving? Before saving anyone else? https://t.co/aOhEDTmifx|
155659213|942156122|1180628913862696961|You confessed to the crime. https://t.co/48uo1KdjRg|
155659213|942156122|1180206695445929984|@jason_howerton I pray for my kids, will talk to them about God when they’re older, and think a drag queen gender reveal is pretty freaking cool.|
155659213|942156122|1180204874270756866|Thank you, Governor. https://t.co/iK0sjfit5E|
155659213|942156122|1180204783199805441|Thank you, Senator. https://t.co/17FiG92b4r|
155659213|942156122|1180163720233783296|The president already confessed to an impeachable crime. @realDonaldTrump used your hard-earned taxpayer dollars to exhort a foreign leader to pursue an already-debunked investigation in order to help secure his own re-election. https://t.co/iMRlPK9zX9|
155659213|942156122|1180150998410711040|Even if the Russia investigation had never occurred or if the Emoluments Clause had never been repeatedly violated, the president's July phone call to Zelensky would be enough to warrant an impeachment inquiry. Let me lay out what's at stake ⬇️ ⬇️ ⬇️ https://t.co/fwlhq61YVK|
155659213|942156122|1179922977346990080|This is an absolute lie. It was made explicitly clear that they were all allowed to ask questions.So, @RepMarkMeadows, because I actually told this to you in the hearing and *it’s in the transcript* I’m sure you’ll have no problem confirming this. *And, they asked questions! https://t.co/T4Ie30dD0Q|
155659213|942156122|1179872320908939265|On Tuesday, John Dean &amp; I took questions from my constituents in #CA15 about impeachment, obstruction and the future of democracy. Over the next few days, I'll be posting their questions here to help shed light on what's at stake for our country. #NoOneIsAboveTheLaw https://t.co/HYSs83fCXe|
155659213|942156122|1179517843152556033|@RubenGallego He’s still learning English|
155659213|942156122|1179513952344117248|As @realDonaldTrump continues to attack @RepAdamSchiff and the process, remember this. Trump confessed to the crime. We have his confession. He copped to it. Process attacks only help if you didn’t already plead guilty. It’s not whether you did it. It’s what is your sentence.|
155659213|942156122|1179512260320010246|@HaleighHoffman Maybe keep Nickleback and ditch Trump? That’s a win, right?|
155659213|942156122|1179492019611193345|Get well soon, @BernieSanders — wishing you all the best in your recovery!|
155659213|942156122|1179483335552204801|All you need to know about @GOPLeader’s credibility on @realDonaldTrump is that he was caught on a tape saying that Putin pays Trump. Hard stop.|
155659213|942156122|1179481373393817600|History has never been kind to the minion enablers of criminal leaders. https://t.co/tNLrbjqwAO|
155659213|942156122|1179237841236299777|What an honor it was to have former White House Counsel, John Dean, join me at my town hall on impeachment tonight. #CA15 came prepared with excellent questions! https://t.co/ztTs40nyzw|
155659213|942156122|1179168360015122432|You can put almost everything @realDonaldTrump does into one of three buckets: cruel, childish, or corrupt. https://t.co/0WnEVaRQxZ|
155659213|942156122|1179156840896061440|This is something my 2-year-old son would suggest to keep his little sister out of his room. Snakes and alligators! https://t.co/lTmEMtV5PU|
155659213|942156122|1179075349503791104|2 years ago today our nation was rocked when a gunman in Las Vegas murdered 58 people—the deadliest shooting in modern US history. It is unfathomable that there are people waking up today who have survived more than one mass shooting. For them, we must do better. #VegasStronger|
155659213|942156122|1179072253348077568|UPDATE: The @USGAO has agreed to conduct this important investigation. https://t.co/b3hnKBb7Af|
155659213|942156122|1178940282596814849|@apfrankel @BrennanCenter She’s second in line to presidency. You wrote she’s third.|
155659213|942156122|1178815988520902657|“You only have a phone conversation” https://t.co/u5mseAP39J https://t.co/rza2wLDR2I|
155659213|942156122|1178788803676377090|Don’t lose focus over bad actors like Barr, Pompeo, etc. @realDonaldTrump extorted another country using YOUR tax dollars to help himself. And he’s actively covering it up. President Trump would love to distract us with the lawlessness of others. Stay focused.|
155659213|942156122|1178704237490032640|I sat for this @ActMeasuresDoc interview about @realDonaldTrump &amp; Ukraine two years ago. A leopard doesn’t change its spots. https://t.co/En4r7U2ccM|
155659213|942156122|1178681669672456193|Intimidating witnesses and threatening investigators is what most innocent people do when facing charges. https://t.co/hjFU2RRPsz|
155659213|942156122|1178479793995730944|Just started #ThePolitician and I have a lot of thoughts. But here’s the predominating one: my children are not going to high school.|
155659213|942156122|1178443660251340802|Which accuser? https://t.co/N0o06jkbGt|
155659213|942156122|1178368110606331905|Wishing a very happy New Year to all of those celebrating #RoshHashanah in #CA15. May your year be filled with prosperity and peace. L’Shana Tovah! https://t.co/zuYGmGunsi|
155659213|942156122|1178300006094249985|The inventor of kids’ “super washable markers” does not have kids. That’s all.|
155659213|942156122|1178145152818388992|Very excited for this. Join me and @JohnWDean to discuss impeachment THIS Tuesday at 6:30pm at James Logan High School. https://t.co/NAeQOmiJbA|
155659213|942156122|1178120895073701888|Beautiful weather and scenery &amp; great conversations at our #HikeWithYourRep today in @EBRPD’s Garin Regional Park. Next up, our Town Hall on impeachment Tuesday night in Union City w/ special guest @JohnWDean. https://t.co/16fSfudFoB https://t.co/2Q9iqIg2YC|
155659213|942156122|1177975386031841281|You’ve been out of practice for too long, Senator. It’s not hearsay. It’s a presidential confession to the crime. https://t.co/DDqg3FVK4I|
155659213|942156122|1177930962027442183|#ICYMI: @realDonaldTrump sought to use taxpayer money to extort a foreign government. We don't do that in America and there's going to have to be a consequence for it. #CoverUp #CultureOfCorruption https://t.co/nu0a09xkGQ|
155659213|942156122|1177726011787624448|It’s never true until the @nra denies it. #Bribery https://t.co/mDIEcuTdWY|
155659213|942156122|1177709527938015237|We can only end this national nightmare with Democrats and Republicans linking arms and saying this is not America. This is a big step toward that moment. https://t.co/Xy2YCiUqEt|
155659213|942156122|1177690789037711360|So @realdonaldtrump found gun control he could support. Smoking gun control. https://t.co/y3hMWIuAO9|
155659213|942156122|1177672784329224192|Probably more like soon YOU can never again speak to another foreign leader. https://t.co/zLFbNQkC3V|
155659213|942156122|1177656705846562816|The president's comments about the whistleblower are comments intended to intimidate future witnesses. They fit his mob-like pattern of behavior and show a consciousness of guilt.This is simply not how an innocent person behaves. #CoverUp https://t.co/VHjkaxXX7c|
155659213|942156122|1177618528788254721|#ICYMI: Last night I joined @AC360 to discuss @realDonaldTrump seeking to use taxpayer dollars to extort a foreign leader for his personal gain. Every day Trump is in office, our democracy is less safe. We can’t wait to act. https://t.co/CCcyQwhQYw|
155659213|942156122|1177588840170741761|@JohnBerman They don’t sell American beer? 🇺🇸|
155659213|942156122|1177367839877062656|In 2016, @realDonaldTrump boasted he could shoot someone on 5th Avenue and get away with it. He’s done that and has been caught holding the weapon. Now, we will find out if he was right about who we are as Americans.|
155659213|942156122|1177357981350027265|Here comes the jury tampering. https://t.co/JHh7r4hH7S|
155659213|942156122|1177297957252718592|Acting-DNI Director Maguire received an urgent and credible whistleblower complaint that alleged abuse of office by the president and misconduct by White House staff.So where did he take it first? To the White House... https://t.co/z4iJk45CuU|
155659213|942156122|1177296349198348288|@jason_howerton If you combine both the Admiral’s and Lewandowski’s characterizations of me, I’m the Republican Party’s greatest fear: America’s first woman president!|
155659213|942156122|1177267130204471296|@GOPChairwoman @realDonaldTrump Call your uncle|
155659213|942156122|1177260345787727874|The ONLY reason we know of @realDonaldTrump’s Ukraine corruption is b/c a brave whistleblower came forward. A single tip unlocked a den of thieves. If you’ve seen illegal acts in the intel community, you can help America root out corruption. Report here: https://t.co/s5OrSRj03A|
155659213|942156122|1177257393174040577|Go on... https://t.co/3ATfk761GU|
155659213|942156122|1177236707386826757|Despite what this president says, the whistleblower is a true patriot for coming forward. Tune in now to watch me and my @HouseIntel colleagues question acting-DNI Director Joseph Maguire:https://t.co/tX0Qln9aKT|
155659213|942156122|1177233851166408710|@RudyGiuliani @realDonaldTrump Read it for yourself here: https://t.co/qugFLnivN1|
155659213|942156122|1177207578000052224|3 takeaways from #WhistleblowerComplaint: 1) there was an ongoing WH scheme w/ @RudyGiuliani to get Ukraine to “play ball” w/ @realDonaldTrump’s shakedown; 2) On multiple occasions, Trump transcripts hidden to protect “politically sensitive” info; &amp; 3) massive cover-up efforts.|
155659213|942156122|1176959397802774528|The memo that was released this morning is utterly damning. There is no way around the fact that the president sought to use the powers of the United States government to investigate a political opponent. This is a gross abuse of office and threat to national security—full stop. https://t.co/we59kETlFZ|
155659213|942156122|1176933964981760000|It was a pleasure to meet with @KaitlynDever and advocates from @RAINN to talk about renewing the #DebbieSmithAct. It’s critically important that we do all we can to provide survivors of sexual assault the justice they deserve. https://t.co/d99Ks0OjPo|
155659213|942156122|1176883031707127809|Assault weapons serve no other purpose than to kill as many as possible, as quickly as possible. It's no coincidence that 7 of the deadliest mass shootings in the last decade have used an assault weapon. We don’t have to live like this. #EnoughIsEnough #BanAssaultWeapons|
155659213|942156122|1176879837098778625|Imagine what the calls with Putin sound like.|
155659213|942156122|1176872274252709888|Thank you for being here, Fred. Sadly, I see you in a sea of other parents who lost their children to assault weapons. We are having this hearing today — and closer to a ban — because you all have picked yourselves up from grief and are voices for safe communities. https://t.co/ftFQ9ahjgm|
155659213|942156122|1176869030956806148|“I would like you to do us a favor”...”whatever you can do with [Barr] would be great.” This #UkraineTranscript is @realDonaldTrump’s version and he admitted to betrayal. America is too great of a country to be led by such a cheat. #ImpeachTrump|
155659213|942156122|1176862523334828033|Call your office, Senator. The transcript is out. @realDonaldTrump betrayed America for his own interest. https://t.co/RRcZIXGG4R|
155659213|942156122|1176668592915582976|You don't need explicit quid pro quo to betray our country. We will get to the bottom of the president's conduct. https://t.co/oQKYrJRSXM|
155659213|942156122|1176667264034267137|Please tell me when @realDonaldTrump has ever, EVER cared about rooting out corruption? Not here at home and not with the leaders he calls friends...Putin, Kim, Duterte, Erdogan. But in this case he was concerned about a corruption-free Ukraine? #ImpeachTrump https://t.co/dEn8KwnbGh|
155659213|942156122|1176654994201817088|Don’t let a @WhiteHouse “transcript” edit history. @realDonaldTrump ADMITTED to asking a foreign government for help in his election. We. Don’t. Need. More.|
155659213|942156122|1176628697765486592|No. Betrayal? Yes. https://t.co/qdn0GZNGaM|
155659213|942156122|1176586749587402752|If you ask a foreign country to help with your election, you owe them, which means you will have to act in their interest at some point, not America’s. @realDonaldTrump betrayed America. #ImpeachTrump|
155659213|942156122|1176539061290446850|Nothing triggers @realDonaldTrump’s apologists more than sharing the stories of law-abiding Americans. https://t.co/JOe6EYjswn|
155659213|942156122|1176537047047258115|From cell phones to solar panels—energy critical elements are crucial for manufacturing many of our most advanced technologies. Today, I introduced legislation to help secure our global competitiveness and national security. https://t.co/VnQovgf5d3 https://t.co/QLc9Y2Vul9|
155659213|942156122|1176339745120632839|I bet those were the best 2,473 days of your life (or anyone’s who was blessed to know your beautiful son). We will never forget the Dylan you’ve shared with us or the courage you show every single day to make sure one day, no mother will ever have to experience this. https://t.co/5xyXCShNuO|
155659213|942156122|1176216558777131008|Happy #BiVisibilityDay! In addition to biphobia, bisexual people are often excluded or made to feel invisible. Today we recommit ourselves to making sure everyone feels seen and heard, regardless of who they love. https://t.co/e5zNq7WBUD|
155659213|942156122|1176008704967106560|@JoeySalads @united Don’t you have a Nazi rally to attend?|
155659213|942156122|1176002120442449922|Dear @realDonaldTrump, you don’t have to go home. But you can’t stay here. *Message I’ve received from my constituents in last 48 hours.|
155659213|942156122|1176000270062374912|A passenger boarding the @United plane I’m on just stopped in front of me, punched my shoulder, and said “you all better get your act together and impeach him.”|
155659213|942156122|1175996546418016256|@MarkHertling @sapienist What? No he doesn’t. That’s why he was picked.|
155659213|942156122|1175990205536358401|Going through @TSA pre-check at @flySFO and pulled out of the line for a “random pat down.” Happens every 3 flights. It always makes me think: some guy tries to light his shoe on fire &amp; airport security is forever changed. YET kids keep getting shot at school &amp; nothing changes.|
155659213|942156122|1175917296486715392|It’s never too late to do the right thing. cc: @GOP|
155659213|942156122|1175850635117285378|Ummm, @realDonaldTrump, you just liked my #gunsafety tweet. I do not think it means what you think it means. https://t.co/nLNZyQvPCq|
155659213|942156122|1175844809753288704|We need you, Senator. Now, find friends to co-sign this. https://t.co/FLZBjoAvao|
155659213|942156122|1175753175502073858|What! You can’t talk about gun safety in Iowa! *Says every pundit working off a 1980s playbook. https://t.co/vqWQfNq2w0|
155659213|942156122|1175747058055208966|Is anyone intimidated by this? Sorry @AmandaChaseVA, no one is scared of you and we’re not going to back down to let more kids die. But you should be scared of the influence of @MomsDemand @AMarch4OurLives @GiffordsCourage @Everytown @sandyhook @bradybuzz #EnoughIsEnough https://t.co/iU2Hn9bDMJ|
155659213|942156122|1175554381367926784|This thread! I’m with @MMFlint &amp; @BetoORourke — get EVERY weapon of war off our streets. https://t.co/XRoVNEenCL|
155659213|942156122|1175546075236753409|You should check out this advice:https://t.co/bPC7DKZaK2 https://t.co/e4l75dkRjR|
155659213|942156122|1175543542506303492|Then prove it. #ReleaseTheTapes #TRE45ON https://t.co/Ggbm6S10LO|
155659213|942156122|1175458145935605762|There’s nothing American about seeking help from a foreign government to win an election. #TRE45ON|
155659213|942156122|1175418281446039560|Please follow Brian’s story. He is an inspiration for all. #IAmALS https://t.co/NB5eymlG71|
155659213|942156122|1175183868045008896|Commander-in-Cheat|
155659213|942156122|1175159458328133634|Here’s the deal: don’t fall for the “if there was quid pro quo” trap. If @realDonaldTrump told a foreign government to investigate his opponent that’s it. Game. Set. Match. He has committed a crime. If he’s innocent, he’ll release the tapes. #ReleaseTheTapes|
155659213|942156122|1175104249979645952|@MeredthSalenger @hitRECordJoe Here’s the WiFi password|
155659213|942156122|1175097117112786949|@mkraju “I’ve heard rumors” is not what responsible leaders say. But who ever accused @GOPLeader of being responsible. See, e.g., https://t.co/KPPr0hp29h|
155659213|942156122|1175096385160568833|@MiekeEoyang @RebeccaShabad @GOPLeader @RepMikeRogers What whistleblower would come forward if the DNI says their testimony would be unauthorized? This reasoning shifts the blame to the whistleblower when it should squarely be on the DNI/DOJ.|
155659213|942156122|1175094244790427648|@RubenGallego @realDonaldTrump Please. @realDonaldTrump was cozying up to people like Roy Cohn at that age. https://t.co/K1lny0g1KT|
155659213|942156122|1175090762133979136|@RubenGallego What? @realDonaldTrump wouldn’t lie to us. He almost went to Vietnam. What have you ever done?|
155659213|942156122|1175087763110203392|@nedprice Nailed it|
155659213|942156122|1175084381620322305|@MiekeEoyang @RebeccaShabad @GOPLeader @RepMikeRogers The goal is to protect the whistleblower. If the DNI interpretation is such (it is) then you are putting the whistleblower at risk of losing livelihood and being charged with a crime. Which defeats purpose of whistleblower. The law doesn’t need to be changed. Needs to be followed|
155659213|942156122|1175082435513593856|@petersterne Maybe the DNI should follow the law 🤷‍♂️|
155659213|942156122|1175082353514950656|@RebeccaShabad @GOPLeader I assumed you were quoting McCarthy, who said whistleblower can come to Congress.  He cannot without DNI authorization.|
155659213|942156122|1175081859727921152|@wasoncelou @MeganKelleyHall @GOPLeader DNI has said it’s classified as one justification to block the path.|
155659213|942156122|1175081650482536448|@RebeccaShabad @GOPLeader @RepMikeRogers Rogers may have said that. But the statute is very clear that the whistleblower cannot do that. He must work with DNI/IG to coordinate testimony to Congress. He is not cleared by DNI to do that. DNI is blocking his path.|
155659213|942156122|1175079888619024384|@RebeccaShabad No. @GOPLeader is wrong. This is a tactic. Blame the victim essentially.|
155659213|942156122|1175079762626326529|This is classic “blame the victim” (or whistleblower). The law does not need to be changed. The whistleblower doesn’t need to do anything different. People need to follow the damn law. Acting-DNI must tel Congress. There’s zero wiggle room.|
155659213|942156122|1175079403128311809|@MeganKelleyHall @GOPLeader No|
155659213|942156122|1175078922276548608|False. The whistleblower would not have aurhorization to share classified information. If he did, he’d lose his clearance and be charged with a crime. Not shocked that @GOPLeader is spreading misinformation. It’s what he does. https://t.co/bJjRxKT0Yp|
155659213|942156122|1175065457692479498|Hardworking Americans deserve the opportunity to choose how they seek justice against big corporations and banks. That's why, today, we passed the #FAIRAct to #EndForcedArbitration. Our vibrant democracy depends on transparency and accountability. https://t.co/7DemwuHjRr|
155659213|942156122|1174861396129001474|@yashar No you don’t|
155659213|942156122|1174804003663831040|#ICYMI: Destini Pilpot, a student activist with Baltimore Students Demand Action, testified in front of the Gun Violence Prevention Task Force that she has attended 13 funerals for her friends in the last four years. We don't have to live like this. #EnoughIsEnough https://t.co/QTgtLAJhMT|
155659213|942156122|1174776153585963009|This! #EnoughIsEnough https://t.co/gt8DvJHEBH|
155659213|942156122|1174735090049568768|NOTE: He’s not saying “I wouldn’t do something illicit,” he’s saying he wouldn’t do it in a way that he would get caught. https://t.co/hMUw4uRQv0|
155659213|942156122|1174718974694744068|Extremely saddened to hear about the passing of Dr. Emily England Clyburn. She was an unrelenting champion for civil rights and leaves behind an extraordinary legacy. My thoughts are with @WhipClyburn and his family.|
155659213|942156122|1174403249073532929|My alma mater, Dublin High School, just unveiled a new Wellness Center to support the mental well-being of students. Their leadership on mental health makes #CA15Proud. Go Gaels! https://t.co/pvIGdjRoDE|
155659213|942156122|1174369993007534081|Watch this video and tell me you’d trade unrestricted access to weaponry for our kids to live like this. #EnoughIsEnough https://t.co/ewKeNoaSNR|
155659213|942156122|1174329430099075072|Innovation in #genomics has presented new opportunities to diagnose and treat genetic disorders like some cancers and many rare diseases. That’s why, today, I re-introduced the Advancing Access to Precision Medicine Act to improve health management and save lives. https://t.co/xYBG9NkvJA|
155659213|942156122|1174325852605165569|Let’s not fall for this nonsense. @realDonaldTrump will never make a deal on guns because he’s already made a deal with the @NRA. #EnoughIsEnough https://t.co/pRVq4iY4Ic|
155659213|942156122|1174116907219333121|Truth https://t.co/wTYfkwmM20|
155659213|942156122|1174106301267398657|“It’s a big safe. Lots of guns in there.”Cool story, bro. https://t.co/ZDrXW0njql|
155659213|942156122|1174095059173683201|Consciousness of Guilt, nounkän(t)-shəs-nəs | əv | giltA legal concept that refers to powerful circumstantial evidence that shows the defendant, through his actions, knew he was guilty of something. EX: 👇👇👇👇 https://t.co/Lg0eOiNqpA|
155659213|942156122|1173992704910536707|The @WhiteHouse is blocking Rob Porter &amp; Rick Dearborn from testifying to @HouseJudiciary. And @CLewandowski_, who never worked at the WH, can’t testify to any “executive privilege.” Why don’t these witnesses defy these lawless BS claims &amp; if they have nothing to hide, speak.|
155659213|942156122|1173988961095692294|@jonallendc @morningmoneyben Go Terps? 🐢|
155659213|942156122|1173969333267193859|I’m sorry, Zach, that you and your family are subjected to this. God bless you and your family. And please stay loud on this issue. We need your voice. #EnoughIsEnough https://t.co/Gzjf424KRW|
