155659213|24900072|1188899986634952713|Esta mañana recibí en la Casa Rosada al presidente electo, Alberto Fernández. Mi equipo y yo estamos a disposición para trabajar juntos y lograr una transición democrática que beneficie a todos los argentinos https://t.co/3lOTlNufdG|
155659213|24900072|1188638885557035008|GRACIAS 🇦🇷Esto recién empieza. Ahora más juntos que nunca para defender los valores en los que creemos. https://t.co/a9VDaifJEm|
155659213|24900072|1188627024820264960|https://t.co/XuI0w6o3JK|
155659213|24900072|1188622724266106881|En vivo desde Costa Salguero https://t.co/tK874Gx7An|
155659213|24900072|1188608939895771136|En vivo desde Costa Salguero https://t.co/oYP7ntVplF|
155659213|24900072|1188570161986621441|Felicitaciones a todos los argentinos que fueron a votar y se expresaron en paz. Ahora paciencia y tranquilidad mientras se cuentan los votos. Más que nunca fuerza a los fiscales responsables de cuidar la voluntad de la gente y gracias por su compromiso!!!|
155659213|24900072|1188498615637069824|Alegría 🇦🇷 https://t.co/gIUW2ehbZm|
155659213|24900072|1188482745703587842|Ya voté! 🇦🇷 https://t.co/fQ1CDhiK0T|
155659213|24900072|1187563825819725824|La verdadera fuerza está en nosotros. https://t.co/3eCQo0THZq|
155659213|24900072|1187553151139926017|#SíSePuede https://t.co/1QEh90rJMD|
155659213|24900072|1187534935747366913|En estas semanas dos millones de argentinos nos movilizamos en más de 30 ciudades. Nunca un incidente, siempre en familia, en paz, sin destrozar nada. Me llena de orgullo. Vamos Argentina!!!! #SíSePuede|
155659213|24900072|1187527797092290560|https://t.co/9CUhNMCCh6|
155659213|24900072|1187503180478930946|Impresionante Córdoba! Nos vemos en minutos. #SíSePuede https://t.co/60FHLOCC21|
155659213|24900072|1187502952346521606|En vivo: cierre de campaña en Córdoba https://t.co/DHpZnDaNtB|
155659213|24900072|1187473921336958977|Vamos Argentina!! #SíSePuede https://t.co/SPcZEuQfu8|
155659213|24900072|1187458793933811713|En una hora cerramos juntos la campaña! A las 18:00 en punto publicamos todos juntos esta foto en las redes con el hashtag #SíSePuede. Para descargarla: https://t.co/751pCUTxVj https://t.co/L37cykAK0Z|
155659213|24900072|1187444201644089344|Faltan dos horas! A las 18:00 hacemos el cierre de campaña digital publicando esta foto en todas las redes, con el hashtag #SíSePuede. Para descargarla: https://t.co/751pCUTxVj https://t.co/rclz0E1XZm|
155659213|24900072|1187431677901053953|Este domingo vamos todos a votar. https://t.co/xzwV6GHJJY|
155659213|24900072|1187395081478819841|En https://t.co/ltU4Dd24j4 podés consultar en qué escuela votás. Donde dice “tipo de documento”, hay una letra que identifica el ejemplar, podés votar con ese o con cualquier ejemplar posterior.|
155659213|24900072|1187395078756753408|6. Recordá que tenés que llevar el último documento que hayas obtenido. Si en el padrón figurás con un documento y llevás un ejemplar anterior, no vas a poder votar. Si nunca gestionaste el DNI tarjeta, podés votar con tu DNI libreta, tu libreta cívica o la de enrolamiento.|
155659213|24900072|1187395074688192523|5. Denunciá si ves algo raro. Si notás algo irregular o si obstaculizan de cualquier manera tu derecho a votar, avisale a los fiscales de Juntos por el Cambio. También lo podés grabar con tu celular.|
155659213|24900072|1187395072859484160|Si sabés de un amigo o vecino que no está seguro de si puede ir a votar, ofrecele tu ayuda. Si tienen hijos chicos, podés ofrecerles cuidarlos mientras ellos van a votar.|
155659213|24900072|1187395071135629313|4. Acompañá a tus familiares y conocidos a votar. Ayudá a que las personas mayores que conozcas puedan ir a votar e incentivá a tus familiares más jóvenes para que vayan también. Es clave que el domingo seamos la mayor cantidad posible de votantes.|
155659213|24900072|1187395069340459009|Estos tres elementos tienen que estar visibles. También podés confirmar que las boletas que están en el cuarto oscuro cuenten con estas condiciones, así ayudás a cuidar todos los votos. Si están dañadas o adulteradas, avisale al fiscal de Juntos por el Cambio.|
155659213|24900072|1187395067553734658|3. Confirmá que tu boleta esté en condiciones. Esto es muy importante. Para que tu voto por Juntos por el Cambio cuente la boleta debe decir “Juntos por el Cambio”, “Lista 135” y “candidatos a Presidente y Vicepresidente de la Nación” (no precandidatos, no sirven las de las PASO)|
155659213|24900072|1187395065825710080|2. Si faltan boletas, contás con los fiscales. Si en el cuarto oscuro no hay boletas de Juntos por el Cambio, decile a los fiscales de la mesa: “faltan boletas”. Podés comunicárselo al fiscal de Juntos por el Cambio o al presidente de mesa, que tiene que reponerlas.|
155659213|24900072|1187395063732690944|1. Llevá tu boleta. En el cuarto oscuro habrá boletas, pero lo mejor es que lleves la tuya. Podés conseguirla en los locales partidarios de Juntos por el Cambio o a través de los voluntarios que las reparten en la calle.|
155659213|24900072|1187395060867973120|SEIS CLAVES PARA CUIDAR EL VOTO. La elección del domingo es una oportunidad histórica. Para cuidar los votos, llevá tu boleta o confirmá que esté en condiciones en el cuarto oscuro, acompañá a tus familiares y amigos a votar y denunciá cualquier irregularidad.|
155659213|24900072|1187373173823684609|Será una forma de estar unidos y confiados para seguir transformando el país. A las 18:00 todos publicamos esta foto con el hashtag #SíSePuede. También podés descargarla la imagen en https://t.co/ZMKKymH6hz https://t.co/wUzXyLp7XA|
155659213|24900072|1187372804116758528|Cerramos la campaña electoral con la alegría de haber visto la confianza y el poder de la gente en acción. Por eso quiero invitarte a que esta tarde a las 18:00 en punto publiques esta foto en tus redes con el hashtag #SíSePuede. https://t.co/aPoxrokCEJ|
155659213|24900072|1187345108145979399|Hoy cierre de campaña en Córdoba!! #SíSePuede https://t.co/woOtJcpzbL|
155659213|24900072|1187178442011348992|Gracias Mar del Plata!!!! 🇦🇷 https://t.co/7hkjOGd4H3|
155659213|24900072|1187165926917070849|Acá está el corazón de la Argentina. https://t.co/QIoiilQWDu|
155659213|24900072|1187148451135533057|Gracias Mar del Plata!!! #SíSePuede 🇦🇷 🇦🇷 🇦🇷 https://t.co/eMo02vvvwV|
155659213|24900072|1187126368796119042|En vivo desde Mar del Plata: La Marcha del #SíSePuede https://t.co/Kq8eknethf|
155659213|24900072|1187049993175228416|Hoy nos vemos en Mar del Plata con La Marcha del #SíSePuede 🇦🇷 https://t.co/aB3yXTwnVX|
155659213|24900072|1186829785273638912|#SíSePuedeRosario https://t.co/OmGDEdwWu0|
155659213|24900072|1186795028573757440|Vamos Santa Fe!!! Sí se puede!! #SíSePuedeRosario https://t.co/ltidy38Vl5|
155659213|24900072|1186785741969461248|GRACIAS ROSARIO, GRACIAS SANTA FE!!! Mucha emoción ❤️🇦🇷 https://t.co/UhQg0xU6wu|
155659213|24900072|1186765154526081024|https://t.co/kfjJumwaaW|
155659213|24900072|1186754375944998913|Ahora en Rosario. #SíSePuede 🇦🇷 https://t.co/KmhUkHK6gz|
155659213|24900072|1186460889064628224|Gracias Jujuy!!! 🇦🇷🇦🇷 https://t.co/BO4hINlFt8|
155659213|24900072|1186424157002698752|En vivo desde Jujuy: La Marcha del #SíSePuede https://t.co/HUr6NezDq7|
155659213|24900072|1186325173315756037|Este miércoles vamos a Mar del Plata con La Marcha. #SíSePuede https://t.co/jxu2yoVbUG|
155659213|24900072|1186299250428334080|Hoy llega La Marcha a Jujuy! https://t.co/f6gF598aFc|
155659213|24900072|1186115020222058497|Queda una semana. Todos a trabajar para darla vuelta. Vamos que sí se puede!!!|
155659213|24900072|1186101856759615489|No solo vamos a dar vuelta esta elección. Vamos a dar vuelta la historia de la Argentina. #MacriPresidente|
155659213|24900072|1186101670171860994|Habrán visto que en las últimas semanas el kirchnerismo volvió a ponerse agresivo. Y es por lo que están haciendo ustedes. Cientos de miles de argentinos marchando con alegría, en paz, con libertad, convencidos de que con corazón y con fuerza vamos a dar vuelta esta historia.|
155659213|24900072|1186097130332737536|Es increíble que crean que nos olvidamos de que nos mintieron 12 años, que entregaron el país destruido en su economía y que lo infectaron de narcotráfico. #MacriPresidente #DebateAR2019|
155659213|24900072|1186096389354332161|Aguantar la agresividad kirchnerista es duro pero aguantar que digan que ellos son los que saben es imposible.|
155659213|24900072|1186094365917241344|Fuimos con kilómetros de pavimento para sacar la gente del barro y para que puede ir a trabajar, al colegio. Fuimos a los barrios para echar al narcotráfico y devolver la libertad. Fuimos con los espacios de primera infancia para que los chicos tengan igualdad de oportunidades.|
155659213|24900072|1186093598443556865|Ellos siempre han usado los pobres, siempre han hecho clientelismo. Esta semana vimos imágenes de tristeza en La Matanza. 35 años gobernando La Matanza y no pudieron hacer UNA obra. #MacriPresidente #DebateAR2019|
155659213|24900072|1186092245918928896|Es indignante escucharlos hablar de pobreza. No les creo nada. Gobernaron 24 de los últimos 30 años y la única idea genial que tuvieron fue ocultarla. #MacriPresidente #DebateAR2019|
155659213|24900072|1186091428100878336|Esta semana quedó claro que el kirchnerismo y Alberto Fernández son lo mismo. Creo que Alberto Fernández dijo la primera vez una verdad en toda la campaña: "Cristina y yo somos lo mismo". #MacriPresidente #DebateAR2019|
155659213|24900072|1186090652922236929|Lo único que reconoce Alberto Fernández de nuestro gobierno es haber normalizado el INDEC. Qué paradoja, porque él fue el que firmó el primer decreto interviniéndolo. #MacriPresidente #DebateAR2019|
155659213|24900072|1186090033033252864|El autoritarismo destruye la posibilidad de crecer. #MacriPresidente #DebateAR2019|
155659213|24900072|1186089822856847360|Son tantas las diferencias que tenemos, que ellos no aceptan, no creen, no ven, que Maduro es un dictador. Eso ya marca una enorme diferencia entre nuestra visión de la democracia y la visión de ellos. #MacriPresidente #DebateAR2019|
155659213|24900072|1186089550277480448|Hice 300 mil kilómetros recorriendo el país como presidente, porque creo en lo que estoy haciendo. Creo de verdad que el futuro de la Argentina pasa por el desarrollo federal de este país. #MacriPresidente #DebateAR2019|
155659213|24900072|1186089255967363072|Nosotros de verdad creemos en el federalismo. Desde el primer día trabajé codo a codo con todos los gobernadores independientemente de su pertenencia política y les dimos más recursos #MacriPresidente #DebateAR2019|
155659213|24900072|1186089091747766275|Ahora el kirchnerismo habla de federalismo, después de prepotear a propios y ajenos con látigo y chequera para tenerlos todos disciplinaditos, gobernadores y diputados. #MacriPresidente #DebateAR2019|
155659213|24900072|1186084332298997761|Es difícil creer que usted no vio nada. Los departamentos de Muñoz, las valijas de Antonini Wilson, los bolsos de López. La efedrina. Los vio Lavagna del otro lado de la calle y usted que estaba en la oficina de al lado dice que hubo "un descuido ético" de Néstor y Cristina.|
155659213|24900072|1186082541343793155|Dimos vuelta la energía después de la peor gestión energética de la historia, que nos dejó sin gas ni petróleo y con cortes todos los veranos. Hoy tenemos Vaca Muerta relanzado, energías renovables que llegan a abastecer el 10% de la demanda y redujimos los cortes en un 40%|
155659213|24900072|1186081581036965903|En la obra pública encontramos una matriz de corrupción. Se robaban la plata de las obras. No lo digo yo, lo dicen los jueces que condenaron a De Vido, Jaime y López. Lo dijo Lavagna, que renunció denunciándolo. Fernández se quedó gobernando 3 años más y se fue sin denunciar nada|
155659213|24900072|1186079957765767168|Por el precio de una autopista kirchnerista nosotros hacemos dos. #MacriPresidente #DebateAR2019|
155659213|24900072|1186076905327517696|Nosotros estamos con las víctimas del delito. Nosotros apoyamos las fuerzas de seguridad. Nosotros combatimos las mafias, desde las barras bravas hasta el narcotráfico. Esto es lo que hicimos estos 4 años y lo vamos a seguir haciendo. #MacriPresidente|
155659213|24900072|1186076382088040448|Cuando Alberto Fernández fue jefe de gabinete, llegamos a importar 20.000 kilos de efedrina por año. Esos 20 mil kilos sirvieron para producir droga y transformarnos en productores del narcotráfico internacional. Nosotros no transamos con la droga. #MacriPresidente|
155659213|24900072|1186075838053339137|En este tema, como en muchos otros, somos distintos. Ellos abandonan a las víctimas del delito, alientan las barras bravas, menosprecian las fuerzas de seguridad, descuidan las fronteras. Esa es la política de seguridad del kirchnerismo. No van a cambiar. #MacriPresidente|
155659213|24900072|1186071502791331842|Yo siempre he sido coherente con las ideas que defiendo. Ustedes saben lo que pienso, lo que hice y lo que voy a hacer. No cambio para acomodarme. Y tengo un compañero de fórmula que siempre da la cara. #MacriPresidente #DebateAR2019|
155659213|24900072|1186071330527105025|Este debate tiene que servir para que todos podamos elegir en qué tipo de país queremos vivir. No se elige solo el presidente. Se elige en qué sociedad vamos a vivir con nuestras familias. #MacriPresidente #DebateAR2019|
155659213|24900072|1186070047325859841|Acompañame en el debate con el hashtag #MacriPresidente #DebateAR2019|
155659213|24900072|1186059040390033408|Nos declaramos rebeldes. https://t.co/kthq54WoCN|
155659213|24900072|1185709303438696448|No aceptemos que quienes destruyeron el país ahora nos digan que son ellos los que saben. https://t.co/Php2rzN4To|
155659213|24900072|1185705831830044672|#SíSePuede #19o https://t.co/kqCYpRCVQb|
155659213|24900072|1185700123046830081|Supimos conseguir. https://t.co/UuD6tVT0hB|
155659213|24900072|1185689366808727552|¿Creemos que tenemos que ser libres para pensar y poder decir lo que pensamos?|
155659213|24900072|1185689363990089730|¿Creemos que la plata de las obras tiene que ir a las obras y no a los bolsillos de los funcionarios?|
155659213|24900072|1185689360945045505|¿Creemos que hay que combatir a los narcos y a las mafias?|
155659213|24900072|1185689357455417344|¿Creemos que hay que decirles definitivamente basta de impunidad?|
155659213|24900072|1185689353227591686|¿Creemos que la Justicia tiene que ser independiente?|
155659213|24900072|1185689349943431169|¿Creemos que el que gobierna tiene que estar al servicio de los ciudadanos?|
155659213|24900072|1185689345992351744|¿Creemos que integrados al mundo tenemos un futuro mejor?|
155659213|24900072|1185689342859186176|¿Creemos que la educación y el trabajo son el camino para progresar?|
155659213|24900072|1185689339382112261|¿Creemos que la honestidad es importante?|
155659213|24900072|1185684039874875393|https://t.co/Re3J3m3sid|
155659213|24900072|1185676916445061120|#19o #SíSePuede https://t.co/IEVxbpHSe7|
155659213|24900072|1185664946954223616|A cuadras del Obelisco. Sí se puede!!!!|
155659213|24900072|1185659311164461056|Yendo. #19o #SíSePuede https://t.co/trfqqFVhhy|
155659213|24900072|1185656644946010112|AHORA EN EL OBELISCO #19o #SíSePuede https://t.co/l5xjzPC1kZ|
155659213|24900072|1185655171398934528|Multitudinario #19o. #SíSePuede https://t.co/DJWofhRr5t|
155659213|24900072|1185648595166547968|Ahora en el Obelisco #19o #SíSePuede https://t.co/BN7aCOlNhQ|
155659213|24900072|1185561966066176000|LLEGÓ EL DÍA!!!Nos vemos a las 17:30 en el Obelisco!!!#SíSePuede  #19o https://t.co/FRIciucfIx|
155659213|24900072|1185304864202678275|En vivo desde Corrientes: La Marcha del #SíSePuede https://t.co/CBbJ6u9R3Y|
155659213|24900072|1185296570675273729|Quiero aclarar algo sobre la propuesta de hoy. Nuestro objetivo es combatir el comercio y tráfico ilícito de armas de fuego. De ninguna manera pensamos restringir los derechos de los legítimos usuarios de armas que cumplen con la ley y sus reglamentaciones particulares.|
155659213|24900072|1185214648464879617|En estos años actualizamos los reglamentos de uso de armas para las fuerzas de seguridad y reforzamos los controles para la tenencia y portación de armas en los civiles. Ahora vamos a eliminar las armas de guerra para que estas no lleguen nunca a las manos de los delincuentes.|
155659213|24900072|1185214643620503553|Vamos a prohibir que los civiles compren o importen, tengan consigo o en sus casas, fabriquen y utilicen armas de guerra. Son un peligro para las familias y para las fuerzas armadas y de seguridad, que se enfrentan a las mafias todos los días. Vamos a eliminarlas de la calle.|
155659213|24900072|1185214641229750272|VAMOS A PROHIBIR COMPLETAMENTE LAS ARMAS DE GUERRA. Hoy la ley permite comprar armas capaces de atravesar chalecos antibalas y puertas blindadas. Esto solo beneficia a las mafias y a los delincuentes. Vamos a prohibirlas por completo. #PropuestasNuevaEtapa|
155659213|24900072|1185023102113255424|Vamos Chaco!!! Gracias por salir hoy a la calle. #SíSePuede https://t.co/KrRzZ7cUpg|
155659213|24900072|1184990276181471234|Estos son los lugares donde vamos a estar la semana que viene con la Marcha del #SíSePuede. Antes nos vemos el sábado en el Obelisco a las 17:30 🇦🇷 https://t.co/T1zEBbh16O|
155659213|24900072|1184964110552911874|En vivo desde Sáenz Peña: La Marcha del #SíSePuede https://t.co/OBeBT5q5Lu|
155659213|24900072|1184873985613455363|Transformamos la forma de viajar de millones de argentinos y probamos que es posible sin corrupción. Vamos a seguir trabajando para mejorar la seguridad de las rutas, bajar los costos logísticos, multiplicar los vuelos internos y expandir más el transporte público.|
155659213|24900072|1184873983885361152|Vamos a construir 6 Metrobuses en Mendoza, Córdoba, Mar del Plata, Rosario y Santa Fe. En el Gran Buenos Aires, vamos constuir 100 km más de Metrobus y pavimentar todas las calles por las que pasan colectivos.|
155659213|24900072|1184873982065033217|4. VAMOS A MEJORAR EL TRANSPORTE PÚBLICO. Queremos que un 50% más de personas use el tren todos los días. Entre otras obras, vamos a electrificar el San Martín, eliminar las barreras del Sarmiento y terminar el viaducto del Belgrano Sur y extenderlo hasta Constitución.|
155659213|24900072|1184873980274057222|Nuestro plan para duplicar este número es terminar de renovar la infraestructura y la tecnología de los aeropuertos, seguir impulsando el crecimiento de Aerolíneas Argentinas y seguir promoviendo la llegada de más aviones y más puestos de trabajo en el sector.|
155659213|24900072|1184873978298544130|3. VAMOS A AUMENTAR LOS VUELOS INTERNOS SIN PASAR POR BUENOS AIRES. Para volar antes desde el interior era casi indispensable pasar por Buenos Aires. En 4 años duplicamos los pasajeros que vuelan dentro del país sin pasar por la capital. Nuestro objetivo es duplicarlo de nuevo.|
155659213|24900072|1184873976306245633|También vamos a seguir transformando los accesos a los puertos y trabajando para que el Puerto de Buenos Aires sea el más moderno y competitivo de la región, para bajar los costos de todos los puertos argentinos y potenciar la hidrovía.|
155659213|24900072|1184873974452408321|2. VAMOS A MEJORAR LOS TRENES Y PUERTOS E IMPULSAR LAS ECONOMÍAS REGIONALES. Vamos a terminar la renovación integral del Belgrano Cargas y comenzar la del San Martín. La meta es triplicar la cantidad de toneladas transportadas en 2030.|
155659213|24900072|1184873972451725312|Otra prioridad son las rutas seguras. Vamos a transformar 5.000 km en todo el país, que van a tener un tercer carril de sobrepaso y banquinas pavimentadas. También vamos a realizar obras en los principales cruces a Chile para aprovechar el potencial del turismo y el comercio.|
155659213|24900072|1184873970354536448|1. VAMOS A TERMINAR CON LAS RUTAS PELIGROSAS DE DOBLE MANO. No habrá más rutas de alto tránsito de doble mano. Vamos a finalizar 1.600 kilómetros de autopistas que están en marcha y vamos a empezar otros 500 kilómetros, como la Ruta 38 en Tucumán y la Ruta 68 en Salta.|
155659213|24900072|1184873967473037313|MÁS AUTOPISTAS, METROBUSES, TRENES y AVIONES. Para viajar más seguros, crecer e impulsar el turismo necesitamos infraestructura de calidad. También vamos a hacer que transportar la producción sea más fácil y económico, para potenciar las economías regionales #PropuestasNuevaEtapa|
155659213|24900072|1184866524051525634|https://t.co/1NnjYaUCmB|
155659213|24900072|1184617633104220162|Impresionante Carlos Paz! Gracias Córdoba!! https://t.co/KFto845Z0B|
155659213|24900072|1184591345089941504|En vivo desde Villa Carlos Paz: La Marcha del #SíSePuede https://t.co/mFbaohxBFj|
155659213|24900072|1184580614500114432|Este sábado vamos todos al Obelisco. ¿Desde dónde venís? https://t.co/Thh09Adi0T|
155659213|24900072|1184564505415733248|Hoy me reuní con representantes de empresas tecnológicas de Río Cuarto para hablar sobre la Ley de Economía del Conocimiento, que generará más empleo, aumentará las exportaciones y va a incentivar el uso de nuevas tecnologías. https://t.co/rELb6LwBMg|
155659213|24900072|1184502122634776576|https://t.co/ZJbBzAS5DP|
155659213|24900072|1184496546697633797|En estos años, llevamos adelante políticas para acompañar a los chicos desde sus primeros años. Estas propuestas buscan multiplicar su impacto y que lleguen a más niños y niñas, para asegurarnos que crezcan sanos y seguros junto a sus familias.|
155659213|24900072|1184496544743153664|3. BENEFICIOS PARA EL CUIDADO DE NIÑOS EN EL HOGAR. La cobertura para gastos de guardería que reciben los trabajadores formales podrá ser utilizada en cuidadores o cuidadoras que trabajen en la casas de las familias.|
155659213|24900072|1184496543035990016|Otra propuesta es crear una licencia por adopción de 75 días. Estos días podrán ser repartidos entre los adoptantes. También vamos a crear una licencia por tratamientos de reproducción asistida de 5 días para quienes decidan realizar estos procedimientos.|
155659213|24900072|1184496541245038592|2. EXTENDER LAS LICENCIAS POR NACIMIENTO Y ADOPCIÓN. Las licencias por paternidad o persona no gestante pasarán a ser de 20 días. Además, los meses de licencia sin goce de sueldo van a poder dividirse entre la pareja, para promover la igualdad entre hombres y mujeres.|
155659213|24900072|1184496538040651778|1. UN MILLÓN DE CHICOS EN PROGRAMAS DE PRIMERA INFANCIA. Vamos a crear más Espacios de Primera Infancia, que educan y estimulan a chicos de hasta 4 años. También vamos a fortalecer el Plan Primeros Años, que acompaña a las familias. Van a cubrir a 1 millón de chicos y chicas.|
155659213|24900072|1184496535922446337|MEDIDAS PARA CUIDAR A LOS CHICOS DESDE LOS PRIMEROS DÍAS. Queremos mejorar el cuidado de niños y niñas de menos de 4 años y que la crianza compartida sea más fácil. Por eso vamos a extender el alcance de los programas y crear beneficios para las familias #PropuestasNuevaEtapa|
155659213|24900072|1184452439266811905|Conocí a Marcelo Zlotogwiazda hace muchos años y desde entonces seguí su carrera periodística. Lamento mucho su muerte. Mis condolencias a su familia, colegas y amigos.|
155659213|24900072|1184262722499891200|Salgo de despedir a mi amigo Cacho Castaña, que siempre nos hizo sentir bien a todos y supo disfrutar de la vida.|
155659213|24900072|1184256756291162113|Gracias Pergamino! https://t.co/tNeJMy72hs|
155659213|24900072|1184223765871448066|En vivo desde Pergamino: La Marcha del #SíSePuede https://t.co/i7mYfab5F2|
155659213|24900072|1184212480014389248|Lamento mucho la muerte de Cacho Castaña. Como muchos otros argentinos, lo voy a recordar siempre con cariño. Un fuerte abrazo a su familia y amigos.|
155659213|24900072|1184119846814076928|Este jueves La Marcha llega a Reconquista y Sáenz Peña. Nos vemos ahí! #SíSePuede https://t.co/EiQnyIkYIm|
155659213|24900072|1184104559272005637|La droga envenena a nuestros jóvenes y pone en riesgo a las familias. Afecta especialmente a los barrios más pobres y hace a los chicos que la consumen una presa fácil para las mafias y el crimen organizado. Vamos a seguir trabajando por una Argentina sin narcotráfico.|
155659213|24900072|1184104557808369664|En estos 4 años incautamos 550 toneladas de droga y realizamos 80 mil detenciones, un récord nacional. Desbaratamos organizaciones criminales y capacitamos más a nuestros agentes. Mejoramos los controles fronterizos y devolvimos la autoridad del Estado en zonas tomadas por mafias|
155659213|24900072|1184104556231159809|Esto fue gracias a la colaboración entre fuerzas federales y fuerzas provinciales. Logramos reducir la venta de droga, impedir la consolidación de mafias y reducir la violencia y delitos. Son barrios más seguros y hay menos chicos que consumen.|
155659213|24900072|1184104554645741568|TERMINAR CON LA DROGA EN LOS BARRIOS. Este año, lanzamos un programa para terminar con la venta de droga en localidades seleccionadas. En estas zonas, neutralizamos un 74% más de búnkeres de venta de droga. Por eso proponemos a llevarlo a todo el país. #PropuestasNuevaEtapa|
155659213|24900072|1183923397845229570|Empieza una nueva etapa https://t.co/CpJfCoGXPq|
155659213|24900072|1183876822397804544|Qué emoción!! Gracias Paraná!! https://t.co/XnhBIPUV71|
155659213|24900072|1183856579424202752|En vivo desde Paraná: La Marcha del #SíSePuede https://t.co/eBvQamcr0b|
155659213|24900072|1183796706468605956|Hoy llega La Marcha a Paraná! https://t.co/k9oETUN1XZ|
155659213|24900072|1183743430972841984|En estos cuatro años, sumamos a 2 millones de hogares a Internet, cuadruplicamos la velocidad y llevamos 4G al 93% de los argentinos. Ahora vamos a sumar a 3 millones de hogares más y seguir trabajando para que todos puedan aprovechar los beneficios de la revolución digital.|
155659213|24900072|1183743429534277632|3. CIEN MIL BECAS PARA EL PRIMER EMPLEO DIGITAL. Vamos a trabajar con empresas para crear 100.000 becas para estudiar programación, marketing digital y big data. Son áreas con gran salida laboral: cada vez son más demandadas y una oportunidad para el talento de los argentinos|
155659213|24900072|1183743428129107968|Nuestra meta será modernizar el 100% de los municipios. Queremos que los argentinos puedan hacer sus trámites por Internet y no tener que viajar largas distancias, faltar al trabajo o dejar de estudiar por el día. Tenemos que aprovechar esta oportunidad que nos ofrece Internet.|
155659213|24900072|1183743425155403782|2. MÁS HERRAMIENTAS PARA ACCEDER A INTERNET. Vamos a llegar a los 1.000 Puntos Digitales, donde se darán capacitaciones sobre cómo usar Internet, trabajar en oficios digitales y hacer trámites en línea. También vamos a entregar 400.000 tablets a adultos mayores.|
155659213|24900072|1183743423678963712|También vamos a seguir impulsando la conectividad de localidades rurales con créditos y financiamiento para desarrollar infraestructura de conectividad. Esto es clave para que el campo pueda aprovechar las últimas innovaciones tecnológicas.|
155659213|24900072|1183743421892235265|Otra medida que vamos a tomar para que Internet llegue a todo el país es asegurar que el Internet móvil llegue a 20.000 kilómetros más de rutas nacionales y provinciales. Es indispensable para los que viajan y para las empresas regionales que trabajan en logística y transporte.|
155659213|24900072|1183743420411588611|1. EXPANDIR LA RED DE FIBRA ÓPTICA A 500 LOCALIDADES MÁS. Vamos a desarrollar 5.000 km nuevos de la red de fibra óptica de ARSAT para llegar a más localidades pequeñas. Vamos a trabajar con las PyME locales para que llegue a los hogares y empresas.|
155659213|24900072|1183743406486573057|LLEVAR INTERNET A TODOS LOS ARGENTINOS. Vamos a extender la red de fibra óptica, multiplicar las capacitaciones en habilidades digitales y lanzar becas en las carreras de futuro. Más y mejor Internet significa más oportunidades para todos. #PropuestasNuevaEtapa|
155659213|24900072|1183570850018222080|Tres años y medio es muy poco tiempo para enderezar décadas de políticas erróneas. Depende de nosotros. Yo estoy convencido de que podemos, que vale la pena, que este octubre histórico nos tiene que encontrar dando vuelta la historia para siempre. Los espero a todos. Gracias.|
155659213|24900072|1183570844276183040|Hoy hemos modernizado la Argentina, hemos construido infraestructura para el futuro. Hemos mejorado la educación. Estamos dando una batalla dura contra el narcotráfico. Hemos vuelto al mundo. Si pudimos todo eso, cómo no vamos a poder arreglar la economía. #MacriPresidente|
155659213|24900072|1183570089116946432|#MacriPresidente https://t.co/uksFV7YzPM|
155659213|24900072|1183565354552963072|"Con lo cual todo esto depende de nosotros. Sabemos que tenemos problemas, pero volver a traer los problemas del pasado no nos va a ayudar. Tenemos que confiar en nosotros mismos y en lo que hemos podido hacer. Hoy tenemos otra cultura del poder" #MacriPresidente|
155659213|24900072|1183565293702074369|"Lamentablemente hemos visto que volvió el dedito acusador, volvió el atril, volvió la canchereada. El kirchnerismo no cambió. Por más que se oculte, trate de mostrarnos algo distinto, es lo mismo." #MacriPresidente|
155659213|24900072|1183561396593790976|"Quiero hablar del PAMI. Cuando llegamos era un caos. Mal servicio a los afiliados, problemas con los prestadores y corrupción. Hoy hay una alta satisfacción de los afiliados con el servicio, 2 de cada 3 medicamentos son gratuitos y PAMI funciona en forma transparente"|
155659213|24900072|1183560462262329344|"El Frente de Todos dice que le interesa la educación pero ocultaron todas las mediciones durante sus gobiernos." #MacriPresidente|
155659213|24900072|1183560362798567424|"Uno de los 5 presupuestos que más creció en nuestro gobierno es ciencia y tecnología. A la universidad le hemos dado aumento todos los años por arriba de la inflación, y el último año dimos el 93% de lo que pidieron, algo que nunca hizo el gobierno anterior." #MacriPresidente|
155659213|24900072|1183559256106323968|"Les llevamos Internet a 5 millones de alumnos y además pusimos Robótica y Programación desde jardín de infantes. Somos uno de los países en el mundo reconocido por UNESCO por haber hecho esto. Estamos dando las herramientas a los chicos para acceder a los trabajos del futuro"|
155659213|24900072|1183559254155911169|"Emprendimos una revolución en la educación desde el primer día de gobierno. Para ello, teníamos que saber cuál era el punto de partida. Por eso lanzamos las pruebas Aprender, al principio resistidas pero hoy muy apoyadas." #MacriPresidente|
155659213|24900072|1183555833541607424|"La libertad es un valor que no se puede negociar. Espero que los argentinos entendamos lo que hemos conquistado y la cuidemos especialmente en esta elección." #MacriPresidente|
155659213|24900072|1183555715455225858|"Tenemos que apoyar a las Fuerzas de Seguridad en su tarea contra el crimen. He estado muy cerca de las víctimas de delitos y no puedo creer el nivel de abandono que tuvieron de parte del Estado en el pasado. Por suerte lo revertimos y ahora las cosas son muy distintas."|
155659213|24900072|1183555544138813440|"En el gobierno anterior, las víctimas de delito no tenían derecho. Ninguno. Nosotros tenemos claro que nuestra prioridad son las víctimas de delito y los ciudadanos, y estamos contra los delincuentes." #MacriPresidente|
155659213|24900072|1183554663637016576|"Aunque parezca increíble, en 2015 la Argentina y Cuba eran los únicos dos países en el continente sin un plan de igualdad. No nos quedamos solamente en las declaraciones. Nosotros lanzamos un plan nacional de igualdad" #MacriPresidente|
155659213|24900072|1183554661565059072|"Tenemos que reconocer que históricamente hay grupos que han sido relegados, que las cosas les han costado más. Es inaceptable que en siglo XXI haya desigualdades entre los varones y las mujeres. Estamos trabajando en eso desde el primer día y seguiremos trabajando."|
155659213|24900072|1183552327946559488|Siempre he cuidado la libertad y la seguiré cuidando porque creo en la libertad. No concibo una sociedad sin pluralidad de ideas ni de formas de vida, aunque sean distintas a las que uno cree. Siempre he gobernado para todos y siempre defenderé los derechos de todos.|
155659213|24900072|1183549437609762817|"Me alegra y sorprende que el Frente de Todos hable de corrupción. También que Alberto Fernández diga que yo destruí la economía cuando hasta hace muy poco decía que la presidenta Kirchner la destruyó. Digamos la verdad. Lo mejor que podemos hacer es decir la verdad a la gente"|
155659213|24900072|1183549276200357894|"Nuevamente escucho hablar del endeudamiento. Quiero que quede claro porque es importante. 2 de cada 3 pesos que tomamos de deuda fue para pagar deudas del gobierno anterior. El peso restante ha sido para pagar el déficit fiscal que hemos reducido" #MacriPresidente|
155659213|24900072|1183549083140722688|"Con esta bases y consenso estamos listos para entrar en una nueva etapa de crecimiento y alivio para la clase media" #MacriPresidente|
155659213|24900072|1183549079030321154|"Tenemos energía que antes no teníamos. Achicamos el déficit fiscal al 20%. Exportamos más de lo que importamos y comenzamos a bajar los impuestos. Me asusta escuchar cuando algunos dicen que hay que volver a aumentar" #MacriPresidente|
155659213|24900072|1183549076505354240|"Quiero decir que sé que el último año y medio la carga ha sido muy grande y que ha caído mayoritariamente sobre la clase media. El fin de mes ha sido angustiaste. Pero quiero decirles que el esfuerzo no fue en vano. Estamos en un punto de partida para empezar a crecer."|
155659213|24900072|1183548610874675200|"Hace 80 años estamos con una inflación promedio superior al 60%. De los últimos 100 años, 77 hemos tenido déficit en el Estado. La pobreza promedio de los últimos 30 años ha sido del 36%. No podemos seguir así, tenemos que cambiar, tenemos que ser creíbles"|
155659213|24900072|1183541843738447873|Hemos dado una batalla durísima con récord de incautación de droga y detenciones de narcotraficantes. Nosotros tenemos claro que defender la familia argentina es enfrentar al narcotráfico. Nos preocupan algunas definiciones que hemos encontrado en la oposición. #MacriPresidente|
155659213|24900072|1183541841741996032|Cuando llegamos, habían roto las relaciones internacionales necesarias para combatir el narcotráfico. ¿Por qué? ¿Qué queríamos, que el narcotráfico avanzase en nuestro país?|
155659213|24900072|1183541172091916289|En esto no puede haber dobles discursos. O se está con la dictadura o se está con la democracia. La neutralidad es avalar la dictadura. #MacriPresidente|
155659213|24900072|1183541170087124992|La ex presidenta Cristina Fernández de Kirchner condecoró con la Orden de San Martín al dictador Maduro, nosotros hemos reconocido al presidente Guaidó y hemos denunciado la violación de los derechos humanos en Venezuela|
155659213|24900072|1183539519569715206|En 2015 cambiamos y restablecimos las relaciones con muchísimos países, independientemente de su ideología, y personalmente me dediqué a trabar una relación de confianza con los líderes del mundo, que nos permitió presidir el G20. #MacriPresidente|
155659213|24900072|1183539517413822469|Cuando llegamos la Argentina era uno de los países más aislados del mundo. Tenía pocas relaciones y su socio estratégico era Venezuela.|
155659213|24900072|1183535787159236609|Gracias al esfuerzo de los argentinos en estos años resolvimos problemas que arrastrábamos hace décadas, pero también sabemos que existen otros problemas igual de importantes que aún no resolvimos. Hoy estoy acá para pedirles que sigamos trabajando juntos. #MacriPresidente|
155659213|24900072|1183520408743612418|El 19 en el Obelisco. Sí se puede! https://t.co/h338WocBjI|
155659213|24900072|1183478155878850561|Esta noche a las 9 es el debate presidencial. Acompañame con el hashtag #MacriPresidente https://t.co/aWQOb4JjX5|
155659213|24900072|1183173545439969280|El próximo sábado 19 La Marcha del #SíSePuede vuelve a Buenos Aires. Todos los que creemos en el cambio vamos a encontrarnos en el Obelisco para expresarnos en paz. Te espero. Invitá a tu familia y amigos. https://t.co/DiDSkMCqyH|
155659213|24900072|1183075890428821510|En estos 4 años, bajamos los impuestos e impulsamos las economías regionales. Alcanzamos grandes resultados: en la última campaña la cosecha alcanzó las 147 millones de toneladas, un récord histórico. Tenemos que seguir generando las condiciones para que el campo siga avanzando.|
155659213|24900072|1183075886670716928|3. ELIMINAREMOS LAS RETENCIONES AL CAMPO. Desde enero de 2021, ninguna exportación del campo pagará retenciones. La única excepción será la soja, cuyas retenciones seguirán bajando progresivamente.|
155659213|24900072|1183075881218125824|2. POLO AGROTECNOLÓGICO EN CASTELAR. Vamos a crear un centro de innovación que reúna a los técnicos del INTA y a las startups orientadas al desarrollo del agro, que se dedican a temas como la edición génica y la agricultura satelital. No podemos desaprovechar su potencial.|
155659213|24900072|1183075879624347648|La nueva ley nos va a abrir mercados nuevos para exportar más productos agroindustriales, incentivar a los científicos a seguir innovando en el desarrollo de semillas y modernizar todo el campo argentino. Es un punto de partida clave para mirar hacia el futuro del agro.|
155659213|24900072|1183075877686579208|1. LEY DE SEMILLAS ACTUALIZADA. La Ley de Semillas, que determina cómo nuestros productores acceden a las semillas que usan para producir, es de 1973. Vamos a actualizarla para adaptarla a los desafíos de hoy y para acompañar los avances tecnológicos en el agro.|
155659213|24900072|1183075875409055744|MÁS TECNOLOGÍA, MÁS INNOVACIÓN Y MENOS IMPUESTOS PARA EL CAMPO. El campo es el 40% de nuestra economía y genera un tercio del trabajo de los argentinos. Queremos potenciarlo para que cree más empleo y oportunidades #PropuestasNuevaEtapa|
155659213|24900072|1183050612998582273|https://t.co/97hDcsJOc2|
155659213|24900072|1183006798971887616|Triste por la noticia de la muerte del Pechi Quiroga. Estuvimos hace unos días juntos allá en Neuquén. Fue un gran dirigente político. Se lo va a extrañar. Mis condolencias a su familia y amigos en estos momentos tan difíciles.|
155659213|24900072|1182830090297761792|Todas las fechas y ciudades de La Marcha del #SíSePuede https://t.co/ELUgqmrxH2|
155659213|24900072|1182778379210231808|Mañana llega La Marcha a Olavarría. Nos vamos a encontrar en el Paseo Jesús Mendía a las 12:00. Avisale a tu familia y a tus amigos! Nos vemos ahí https://t.co/x0OBDwmwKf|
155659213|24900072|1182679887703957504|En estos años impulsamos reformas como la ley de financiamiento electoral y el debate presidencial obligatorio. También mejoramos el voto para argentinos en el exterior y eliminamos las listas colectoras. Estas dos propuestas buscan que nuestra democracia siga fortaleciéndose.|
155659213|24900072|1182679886261096448|2. ORGANIZACIÓN INDEPENDIENTE DE LAS ELECCIONES. En lo países con mayor institucionalidad, el Poder Ejecutivo no administra las elecciones, sino el Poder Judicial o un organismo autónomo. Esto garantiza que no beneficien a ningún partido. Tenemos que aplicar esto en nuestro país.|
155659213|24900072|1182679884730159106|En la boleta única, los ciudadanos pueden ver todas las opciones en las mismas condiciones. Simplifica el recuento y asegura las mismas oportunidades para todas las listas. Puede ser en papel o electrónica, lo mejor es que lo decida el Congreso.|
155659213|24900072|1182679883073380352|1. BOLETA ÚNICA. Hoy los fiscales tienen que constatar que las boletas no hayan sido robadas o adulteradas. Además, el recuento de los votos es un proceso engorroso y complicado. Hay que ir hacia una boleta única, que es más simple y garantiza las mismas condiciones para todos.|
155659213|24900072|1182679877453045761|BOLETA ÚNICA Y ORGANIZACIÓN INDEPENDIENTE DE LAS ELECCIONES. Queremos sumar transparencia y fortalecer la confianza en las elecciones. Proponemos instaurar la boleta única y que la institución que organiza las elecciones sea autónoma del Ejecutivo #PropuestasNuevaEtapa|
155659213|24900072|1182669582651314177|En vivo: 150° aniversario del Colegio Militar https://t.co/6IRBdeJr4V|
155659213|24900072|1182465986412331009|La Marcha sigue creciendo. Gracias Salta!!!! https://t.co/T0fAhWi6sg|
155659213|24900072|1182440431809900544|Los miro y veo el corazón de la Argentina. #SíSePuedeSalta https://t.co/JruWKlujlz|
155659213|24900072|1182421906181500930|"Miren a su alrededor cuántos somos y cada vez somos más" #SíSePuedeSalta 🇦🇷 https://t.co/xJZvmAkF0k|
155659213|24900072|1182419630956204034|Vamos Salta!!! 🇦🇷 Ya llegó la Marcha!! #SíSePuedeSalta https://t.co/i4dLyKK4lK|
155659213|24900072|1182416501787287553|En vivo desde Salta: La Marcha del #SíSePuede https://t.co/6uGsyimauW|
155659213|24900072|1182381056411848704|Nos encontramos el lunes a las 17 en el monumento a Urquiza. Vamos Entre Ríos!!! Nos vemos ahí. https://t.co/zDZX9Heg42|
155659213|24900072|1182342100609900550|HOY 18:30SaltaMonumento al Gral. GüemesVamos Salta!! https://t.co/Lc5ZYzmY8M|
155659213|24900072|1182336063626461185|Ya funciona en 6 puntos del país con 1.200 inscriptos y es todo un éxito. Por eso queremos expandirlo a 100.000 jóvenes el año que viene. Todos los chicos merecen las mismas oportunidades para realizarse y el Servicio Cívico Voluntario es una herramienta para alcanzar esto.|
155659213|24900072|1182336062024306688|Es una serie de talleres para jóvenes de 15 a 18 años que no estudian ni trabajan y viven en zonas vulnerables. Aprenden hábitos saludables, a estudiar y a armar un CV, entre otras habilidades. También los capacitamos en oficios en los que pueden conseguir trabajo rápidamente.|
