155659213|220276970|1188851725139992576|Ek haath me sethescope...doosra haath mein.... https://t.co/zTvnRolChV|
155659213|220276970|1188790133526421505|Pablo Escobar, Colombian pharmacist and Chemist, passes away at age 44 in humble neighborhood in Medellín. #WaPoDeathNotices|
155659213|220276970|1188786769753296897|@Nidhi @ThePrintIndia 16 out of 105 BJP MLAs are dynasts.14 out of 44 Congress MLAs are dynasts.Nobel Prize in mathematics to nidhi|
155659213|220276970|1188750425643577345|@Public_Citizen @GurunathP India its 180 days|
155659213|220276970|1188731913113964545|@jeremycorbyn 3rd rated hypocrite. A islamist hiding behind a normal human being|
155659213|220276970|1188725874679353345|#WaPoDeathNoticesOsama bin laden was a architecture engineer who knew the intricacies of world Trade Center before blowing it up|
155659213|220276970|1188682932895903744|@zainabsikander What about noise pollution from loud speakees 5 times a day, everyday|
155659213|220276970|1188680769515843584|@rahulkanwal Sound pollution 5 times a day?|
155659213|220276970|1188666356624809985|@Imamofpeace @IlhanMN @alanbender1965 @A_AlAthbah @QatarEmbassyUSA @ahjh_althani @RCastanedaUSA @VickyPJWard @TamimBinHamad Crocodile🐊 tears|
155659213|220276970|1188666297715851264|@IlhanMN Crocodile 🐊 tears|
155659213|220276970|1188665992307564544|@KPiexe @Ilhan|
155659213|220276970|1188499108140466178|@PMOIndia @MEAIndia @DrSJaishankar https://t.co/YAhldtyUnW|
155659213|220276970|1188498783442591744|@MEAIndia is this true? @DrSJaishankar https://t.co/yvXRQ3jcbM|
155659213|220276970|1188481668211888131|@gandabherunda Super|
155659213|220276970|1188315172525334528|Wish you a happy deepavaliPlease burst more crackers and enjoyTo all pauedo Seculars:One day bursting of crackers is less pollution than driving cars everyday|
155659213|220276970|1188311744298438656|@ImranKhanPTI Whatever hindus left in Pakistan, u can easily go to every house and wish them|
155659213|220276970|1188306993368322049|@Nidhi Yes. Peace for kashmiri pandits from terror across Pakistan|
155659213|220276970|1188306443289497600|@ndtv @ndtv office mourning for next 10 days|
155659213|220276970|1188306209364774912|@khanumarfa Siwali shubkaamna|
155659213|220276970|1188131613227438082|@khanumarfa @rohini_sgh https://t.co/jLU75V3IXp|
155659213|220276970|1188079046573211654|@ndtv @sarbanandsonwal Habitual offenders|
155659213|220276970|1187955315465015297|@smna17 Depends on state|
155659213|220276970|1187952640623173632|@BrutIndia This is a 100% ISI propaganda channel|
155659213|220276970|1187719000446259200|@VDPAssociates In 2014 bjp contested 250 seats|
155659213|220276970|1187702472745205762|Backroom understanding between congress and JJP in haryanaThats why such a fragmented mandateCross check:  wherever JJP has done good, congress has done badly and vice-versa|
155659213|220276970|1187700062811377665|Oyp pasaword gmailLink to Snapchat https://t.co/sdRgz9uM3W|
155659213|220276970|1187656931193671680|@rohini_sgh what if congress was at 40 &amp; gopal kanda has supported congress|
155659213|220276970|1187645440230969344|@AdvaitaKala @manakgupta https://t.co/965WZOkl8E|
155659213|220276970|1187645327123156992|@manakgupta @news24tvchannel only 7 ind MLA's|
155659213|220276970|1187644880777924614|@AdvaitaKala @mlkhattar Only 7 independent MLA's|
155659213|220276970|1187636643370393600|@rohini_sgh Akhilesh yadav|
155659213|220276970|1187585296407220224|I like Narendra MODIMODI:I like Narendra MODIMODI:I like Narendra MODIMODI:I like Narendra MODIMODI:I dont Like Narendra MODIMODI: Oh ! my ! god ! Why not ! let me talk to him ! meet him ! Photo ....|
155659213|220276970|1187583726705762304|@narendramodi @PMOIndia @AmitShah should hire professional agencies to help BJP in electionssome central election committee decides everything for BJP whose members just meet for 30 mins and then decide candidates|
155659213|220276970|1187582575075713025|@GretaThunberg @virvikram https://t.co/3LZ5qZ8LMF|
155659213|220276970|1187579585312899072|Any difference between gopla kanda and shashi tharoor?|
155659213|220276970|1187572477238472705|@gandabherunda https://t.co/1hWGpkCS2T|
155659213|220276970|1187565169653641217|@MatangKanya @narendramodi Businesses has been hard  hitFlawd gst implementation|
155659213|220276970|1187438518018031616|@KhushiViews its 7 independents|
155659213|220276970|1187437704486637568|@ANI https://t.co/YaIXbdeHaT|
155659213|220276970|1187418915997016067|https://t.co/nAbuwhFacJ|
155659213|220276970|1187412861439528960|@amitmalviya will never think of such idea https://t.co/5KPztoWmrT|
155659213|220276970|1187412551715323904|@gandabherunda @Dchautala If BJP central leaders does not stop harassing BJP &amp; Yeddy - forget karnataka|
155659213|220276970|1187404201736851456|@blsanthosh is the organizing secretary for Maharhastra &amp; Haryana ?|
155659213|220276970|1187399282329997312|@DrGPradhan @sharsanj @AmitShah @mlkhattar @CaptAbhimanyu BJP IT cell is pathetic - Many are there just to.....(i wont tell)|
155659213|220276970|1187394494695497728|@shantheshkulur @BJP4India why this change ?|
155659213|220276970|1187320270383501313|Only cowards rely on GandhigiriReal Men fight to win|
155659213|220276970|1187258697413582849|@gandabherunda Reasons for BJP bad performance1. Arrogance of central leaders. Way they treated Yedyurappa in karnataka. No prominence to local leaders2. MODI is surrounded by Useless &amp; idiotic Ministers3.  Business has been hit hugely. GST is good - but bad implementation|
155659213|220276970|1187245122024423424|@gandabherunda Confused??|
155659213|220276970|1187227634926678016|@BhaavnaArora @preetamks Unbelievable on netflix...based on true atory|
155659213|220276970|1187222116770275329|@gandabherunda Whats happening in haryana|
155659213|220276970|1187079008225120256|Urgent Intervention from @realDonaldTrump U.S. Representative @IlhanMN was pandering to Islamist's yesterday instead of Truth in US representative foreign affairs committee hearing https://t.co/qVVLMLd4Wz|
155659213|220276970|1187078022379106304|Urgent Intervention from @realDonaldTrump requiredbefore U.S. Representative like @IlhanMN will turn USA into a sharia country|
155659213|220276970|1187073496876122112|@RepJayapal is the worst Indian US house of representativeShe does not even know 1% kashmir - But she was pandering to Islamists in all her questions|
155659213|220276970|1187059997965869056|@IlhanMN around 170 people died in Mumbai 26/11 terror attacks 7 USA citizens Sponsored by Pakistani terrorists https://t.co/hPY6aasJv4|
155659213|220276970|1187057279201267712|@Nidhi ask USA to get out of afghanistan and syria and other countries firstbefore telling same to others|
155659213|220276970|1187040200687419393|@Ilhan @Jkbadawy @thefreedomi Sharia Islamist us house of representatives|
155659213|220276970|1187038836351623168|@ShekharGupta How is guha a failed historian a sports enthusiast|
155659213|220276970|1187031700968067072|@gandabherunda I agree....i have met few business men who aupportwd bjp in thir worst tough times...|
155659213|220276970|1186981852067725312|@BradSherman @HouseForeign Jihadis and Islamists have taken over house foreign committee|
155659213|220276970|1186962830836109314|@iam_juhi Stop watching movies..which is a form of pollution on todays kid's|
155659213|220276970|1186956349130756096|@gandabherunda @Twitter Yes. I have been shadow banned for many years nowTwitter has become sharia zone|
155659213|220276970|1186912650975797248|Pakya is a 3rd class minister https://t.co/Xb13X3WWeo|
155659213|220276970|1186912423480922112|@Dhavalbhayani40 @MumbaiPolice @smritiirani @PMOIndia has become a coward|
155659213|220276970|1186912019892461568|@ChatterjiAngana Isi fai Pakistan agent|
155659213|220276970|1186910336135258112|@RepJayapal @IlhanMN https://t.co/VdyXkEWsu3|
155659213|220276970|1186899212945915904|@GuruprasadGudi @gandabherunda @aamadmo @yenkak free visa - earlier indians had to pay|
155659213|220276970|1186898390589693952|@gandabherunda @GuruprasadGudi @aamadmo @yenkak srilanka has also visa on arrival now|
155659213|220276970|1186898069360480256|@sonamakapoor @humasqureshi @ReallySwara https://t.co/EH9ZsI89rX|
155659213|220276970|1186872649458147328|@pradip103 Axis has taken money in releasing this numbers..|
155659213|220276970|1186868496652820481|@gandabherunda @RepJayapal Request every indian american to boycott @RepJayapaShe doesn't even know 1% of what happened in kashmir &amp; kashmiri panditsShe was just pandering to some islmiats and isi Pakistan propagand in house foreign affairs CommitteeNo indian american should ever fund her|
155659213|220276970|1186840574654963712|@gandabherunda Especially @RepJayapal|
155659213|220276970|1186707434133311488|@RepJayapal Same report from indiatoday says in 1990 - 100,000 kashmiri panidts (Hindus) were expelled, killed from kashmir with help of pakistani army &amp; its trained terrorists when will u bring a bipartisan bill to expose pakistan ?https://t.co/KssjLr6myO@sunandavashisht|
155659213|220276970|1186706649819406336|@ndtv name themif it had been hindus - u would have debated &amp; linked it to MODI &amp; BJP &amp; HindutvaU cowards called NDTV &amp; Its cowards journalists|
155659213|220276970|1186702080842465280|@sunandavashisht @RepJayapal After hearing @HouseForeign - felt @RepJayapal is a pakisnatiShe does not even know 1% on what happened or happening in kashmirshe wanted to please some islamists in her constituencyShame on such pathetic low life representatives|
155659213|220276970|1186695272711090176|@rohini_sgh @PadmajaJoshi @rasheedkidwai @khushsundar @INCIndia believe on odd days  dont believe on even days|
155659213|220276970|1186694065242304514|@rohini_sgh @PadmajaJoshi @rasheedkidwai @khushsundar @INCIndia https://t.co/KXMXvvWl82|
155659213|220276970|1186659549480022016|I want to surrender, says Iqbal Mirchi in 2012Why did not UPA govt in 2012 accept the same ?https://t.co/VCpBTu5xle|
155659213|220276970|1186617693740224513|@amitabhk87 sir have some queries. How can we contact?|
155659213|220276970|1186617082391056384|Gafoora @peaceforchange is sh*** in his pants https://t.co/EaRaJiPh5j|
155659213|220276970|1186615985454739457|@gandabherunda They dont talk secrets in front of translators...Its done by his other agents|
155659213|220276970|1186591430405316608|@sadhavi @monty_chadha Abishek singhvi|
155659213|220276970|1186585760113160192|@ChetKamath https://t.co/dh1shl9SnJ|
155659213|220276970|1186582494683906048|@sk_mlnlikes @MumbaiMirror @RBI @FinMinIndia @AgriGoI deleted - can u plz delete ur's..sorry if it has hurt anybody|
155659213|220276970|1186582476077944832|@realist_crazy deleted - can u plz delete ur's..sorry if it has hurt anybody|
155659213|220276970|1186582450610139136|@ChetKamath deleted - can u plz delete ur's..sorry if it has hurt anybody|
155659213|220276970|1186581275437481985|@realist_crazy sorry deleting my tweet if it has hurt anybody -|
155659213|220276970|1186578832880332800|@ChetKamath Deleting my tweet if it has hurt you..plz also delete yours|
155659213|220276970|1186574938020302849|@ECISVEEP us this correct? Plz clarify? https://t.co/rw54aX6c0Z|
155659213|220276970|1186574458363842561|@ChetKamath I am sorry....not to hurt anybody..but linking every death to pmc bank sacm is not good|
155659213|220276970|1186567415007547392|@sk_mlnlikes @MumbaiMirror @RBI @FinMinIndia @AgriGoI sorry friend - a random death is linked to PMC banki have complete sympathies for the account holders - &amp; i am a believer in humanitybut this crocodile tears of congress is a sham - all scams happened bcoz they gave most loans during their period|
155659213|220276970|1186558135541977088|@khanumarfa @rohini_sgh when will this kids be taught all religions are equal ? https://t.co/4pxswqFWLP|
155659213|220276970|1186557655768166401|@imMAK02 so if muslims vote as one bloc to congress - its democrarcybut if others vote - its communal|
155659213|220276970|1186548780226605056|@PMOIndia https://t.co/TmRXxp78Zo|
155659213|220276970|1186548345801568256|@PoojaB1972 How is your brother.does he is in still contact with headley|
155659213|220276970|1186547608946298882|11 jinping supports pakistan in kashmirbut cant manage his own hose in hongkong https://t.co/APULWaquuU|
155659213|220276970|1186527582671343616|Boycott malaysian tourism and its airlines @MAS https://t.co/rsaYigT35s|
155659213|220276970|1186523410462990336|Lets hold reelections for madhya pradesh, chattisgarh and rajasthan with ballot boxes ? agreeee https://t.co/WVO6gJ88RF|
155659213|220276970|1186480878572032001|@gandabherunda Conservative have more vote share then liberal|
155659213|220276970|1186480746757648386|@khanumarfa @gulf_news Who killed #KamleshTiwari|
155659213|220276970|1186478596199567361|@gandabherunda No not yet|
155659213|220276970|1186293402347831296|#ExitPollSeats Congress+NCP winning in Maharshtra = BJP winning same number of seats in Haryana|
155659213|220276970|1186223643367362560|@bipbhat @gandabherunda Sweden|
155659213|220276970|1186188978111709184|@San_Insane1 @amit_kumar48 @Dhriyamana @rishibagree Ok|
155659213|220276970|1186186581817716737|Aroon (paani) Poorie is back with is Leftist agenda https://t.co/52t6NddAOx|
155659213|220276970|1186185180949561345|@San_Insane1 @amit_kumar48 @Dhriyamana @rishibagree watched 😀😀|
155659213|220276970|1186183213565132800|Phd in studying of earthworm after intoxication https://t.co/eO2IIusknm|
155659213|220276970|1186163651612311552|@amit_kumar48 @Dhriyamana @San_Insane1 @rishibagree any other series based on true stroies ?https://t.co/3LLPpEGAYY ?|
155659213|220276970|1186160752333246464|@amit_kumar48 @Dhriyamana @San_Insane1 @rishibagree was it a true story ?|
155659213|220276970|1186133804198445056|In that case you should also believe - Pushpak vimaana was used in Ramayana &amp; Shree ram was born in Ayodhya &amp; his temple exists https://t.co/82ecDoqULE|
155659213|220276970|1186133249485000705|PAKISTAN on verge of Bankruptcyhttps://t.co/0YCHXCSfQt https://t.co/7hAODoO1Bc|
155659213|220276970|1185978166839406592|@Dhriyamana @San_Insane1 @rishibagree Money Heist  is not a true story|
155659213|220276970|1185971038787493888|@San_Insane1 @rishibagree series based on true stories ?|
155659213|220276970|1185968831853989891|@rishibagree The Spy Netflix|
155659213|220276970|1185950844518199296|@gandabherunda 😄😄😄|
155659213|220276970|1185878888619991041|@ShashiTharoor @ROFLGandhi ISI agent|
155659213|220276970|1185877416834519040|@BlrCityPolice https://t.co/VmndjIlHO6|
155659213|220276970|1185873851948748801|@OfficialDGISPR https://t.co/13yovShxPV|
155659213|220276970|1185834353642729472|@mehartweets Ok..so all these nautanki and drama praising pakistan even though they kill 100 of our soldiers..was to get admission at oxford..how low can this be?|
155659213|220276970|1185808772762980353|@samiulhaq0123 @meghdootindia PKMKB - we will hunt u down - fasten ur seat belts|
155659213|220276970|1185808488133357568|dont worry @Nidhi - Even if u had done opinion poll= nobody would have taken @NDTv seriously https://t.co/rfabsvPI1c|
155659213|220276970|1185806119681191936|@bababanaras @meghdootindia https://t.co/rJrHjhoWP3|
155659213|220276970|1185800882538958848|@SamsungIndia closing inactive apps|
155659213|220276970|1185800848095342593|@SamsungIndia #PowerOf10 Super Fast charging 4,300mAh battery|
155659213|220276970|1185794199804760065|@ReallySwara @khanumarfa https://t.co/ecxbYpSY7w|
155659213|220276970|1185787713179406337|@RatanSharda55 translate number to english plz|
155659213|220276970|1185786778378092544|@GautamGambhir wants to be a Hero &amp; win nobel piece prize https://t.co/1BSsf4tQqf|
155659213|220276970|1185578887771648000|@ReallySwara https://t.co/am3mzZ3ODT|
155659213|220276970|1185532178760732672|@PMOIndia @narendramodi https://t.co/w4hFdEfE24|
155659213|220276970|1185522229242580992|@ReallySwara Shameless human being|
155659213|220276970|1185506885169897472|@vivekagnihotri @brickmetal Ignore he r- she went to pakistan and said lahore is better than paris &amp; newyork|
155659213|220276970|1185416794992857088|Ha ha ha - In socialism &amp; Marxism - After bank fraud everyone would get the money back with 18% interest https://t.co/k58knkR4ZV|
155659213|220276970|1185405168625434624|@Swamy39 @EconomicTimes this is 2017 news|
155659213|220276970|1185401065069367297|@Swamy39 @mallubang77 @EconomicTimes No way|
155659213|220276970|1185186353744506881|@PrannoyRoyNDTV Chor chor mausera bhai|
155659213|220276970|1185171306288840704|@republic CPI = chinese Party of india|
155659213|220276970|1185149112221491201|@zoo_bear shame on u -|
155659213|220276970|1185119143592284160|She doesn't want you to live longer https://t.co/iw9sWhfjqD|
155659213|220276970|1185118749684166657|https://t.co/6n5wFDa1LV|
155659213|220276970|1185060908843720705|Wow..so much secular 😄😄 https://t.co/Ok35NP0ri7|
155659213|220276970|1185051886052728832|Important Lesson:Chinese never fought any war. They silently made others to fight &amp; instead used the funds to develop their economy|
155659213|220276970|1185048175020666882|@buzzindelhi Lot of changes needed in business  &amp; GST  - how can i contact U for the feedback|
155659213|220276970|1185044312121200640|@timesofindia Written by some 3rd class Leftist from JNU or jadavpur WHose only aim is to sip a glass of whiskey - whine all day and write crap|
155659213|220276970|1184726665512882176|@RajeelArab I have been rejected ome for rent bcoz i am a non vegetarian -|
155659213|220276970|1184726029375430656|@DrNabeelaKhan @khanumarfa @iamrana https://t.co/HQMcHaWPZF|
155659213|220276970|1184721681203396608|When will @khanumarfa will teach muslim boys not to use Gun on women ? She was vocal a few days ago when some kid told someone to go to "your country" ?https://t.co/ZPXPRhbVGC https://t.co/NMlWX7tJ6t|
155659213|220276970|1184718197011832832|@bdutt will cry today https://t.co/0StxWtBNeG|
155659213|220276970|1184703124197363712|India should retaliate and kill CPEC workers &amp; DriversEye for an eye makes whole world blindBut fr Pakistan - both eyes for an Eyewhole jaw for a Tooth https://t.co/ps9AKi9b1n|
155659213|220276970|1184692207309049857|Ha ha ha MODI is Fascist @khanumarfa @kanhaiyakumar @ReallySwara https://t.co/PP5wDsZVeZ|
155659213|220276970|1184691517320941568|@PawanDurani looks fake|
155659213|220276970|1184533080343826432|@KiranKS Kurds are also muslims|
155659213|220276970|1184508810783707136|@khanumarfa https://t.co/75XJw1L8LX https://t.co/IzIC2NRVlK|
155659213|220276970|1184408413083553793|@PrannoyRoyNDTV https://t.co/yVR6W007S3|
155659213|220276970|1184355668737822720|@ANI remove this man &amp; ahmed patel from congress- congress will grow leaps and bounds|
155659213|220276970|1184175549435899905|@khanumarfa @ReallySwara https://t.co/c3Pv4J6alA|
155659213|220276970|1184101624005840897|@BBMPCOMM @CMofKarnataka @csogok @KarnatakaVarthe @chairmanbwssb @BBMP_MAYOR Sir when will RMP 2031 will be applied for Bangalore infrastructure?|
155659213|220276970|1184066560698118145|@JammuKashmirNow looks like a thief|
155659213|220276970|1184048513807605760|@a_sanjivshah11 @Kumaran92023000 U cant record sound in space|
155659213|220276970|1184043433888894977|FATF - Shades of Grey https://t.co/8hIG2MUBBr|
155659213|220276970|1184004940827463680|was there any debate on @NDTV on Parful patel/NCP/pawar - Dawood nexus ? #JustAsking https://t.co/WZ7GcosuoP|
155659213|220276970|1184003368668151808|When will @khanumarfa will tell all these Mullah's to treat all other religions (other than islam) as Equal ? https://t.co/kcuyXLAfFz|
155659213|220276970|1183999582172135424|shame on @RTErdogan https://t.co/oJFHOV6Lqc|
155659213|220276970|1183964679065886720|Lets create a New Kurdistan https://t.co/9O5fjnDt1c|
155659213|220276970|1183806758315155456|@realDonaldTrump Now @RepAdamSchiff says he does not whistle blower to come and depose ?  To protect his identity ? or to protect Schiff's identity of wrongdoings ? https://t.co/vamRSe33M5|
155659213|220276970|1183771412093267969|@FATFNews blacklist pakistan|
155659213|220276970|1183770467145879552|@rajeev_mp @drashwathcn @BBMPCOMM Sir - when will be the revised Bangalore master plan 2031 will be approved ? City in crumbles - Need better planning|
155659213|220276970|1183770406706020352|@rajeev_mp @drashwathcn Sir - when will be the revised Bangalore master plan 2031 will be approved ? City in crumbles - Need better planning|
155659213|220276970|1183767781373693957|@rajeev_mp Sir - when will be the revised Bangalore master plan 2031 will be approved ? City in crumbles - Need better planning|
155659213|220276970|1183700298235142145|@Nidhi @tavleen_singh Washington Poop - Who cares ?|
155659213|220276970|1183669555983310848|https://t.co/8QeWrMbZqt https://t.co/iPqvrGe7KH|
155659213|220276970|1183641138223144960|@ShashiTharoor communal communal|
155659213|220276970|1183411170989854720|@sonaliranade @rsprasad Ha ha ha - good one -|
155659213|220276970|1183384231658917889|@Vikramyaragatti @brijeshkalappa @Tejasvi_Surya @pokershash @BlrCityPolice this is fake news against @PMOIndia - plz take action|
155659213|220276970|1183374844722704384|@gandabherunda U can always take a wire extension 😄|
155659213|220276970|1182999159143485441|@KomalNahta https://t.co/CWc7onOFhy|
155659213|220276970|1182735281767604225|Unfit even to be a clerk https://t.co/0IA5PdJOnp|
155659213|220276970|1182622786457497600|@AjazkhanActor https://t.co/C5xA002Vj8|
155659213|220276970|1182539753872248832|@BernieSanders Some people have tens of billions of dollars bcoz they worked hard,studied 18 hrs a day to get Degree in reputed universities, sacrificed a lotPeople who sleep out on streets had drugs all their  life, Alcholic.even if they have jobs they leave it bcoz they are not able to work|
155659213|220276970|1182538296343154688|Liberals: Global warming , Global warming https://t.co/IR3eKUQNOW|
155659213|220276970|1182516423874056195|File a PIL in Supreme court https://t.co/t6g4k96HwY|
155659213|220276970|1182254029461544962|@ReallySwara Ha ha ha if swara Bhaskar is called an actor than i am albert Einstein|
155659213|220276970|1182252107581100037|@Equateall Any newspaper Covered this?|
155659213|220276970|1182250381411176448|@gandabherunda It was a stage managed coup|
155659213|220276970|1182226424989507585|@raajcar Kodagu ?|
155659213|220276970|1182218698955735040|No outrage from aroon (pani) Poorie?? https://t.co/NpKiNMfopl|
155659213|220276970|1182194074666729473|@satyaranjanbora @taslimanasreen https://t.co/AAIIvMhd8f|
155659213|220276970|1182186636127268865|@DeShobhaa 1 day in a year is sound pollutionwhat about loudspeakers noise pollution everyday ?|
155659213|220276970|1182174751885627392|https://t.co/10CGBo43fg https://t.co/Mb0CyQoeUV|
155659213|220276970|1182154013724168192|@ajmeripoet @ramgopaldass_77 @FarOutAkhtar is this true @FarOutAkhtar  ??|
155659213|220276970|1182153632189300738|ha ha ha @NDTV and it journos are at their highest Joblessness https://t.co/Xo6Uwyz6c8|
155659213|220276970|1182147894943465472|@rajshekharTOI @barbarindian https://t.co/VPtiKzQ6AF|
155659213|220276970|1181988377777692672|@elonmusk when will be launched in india ?|
155659213|220276970|1181985170166910976|@GaneshaRavindra @gandabherunda Dk shivakumar gang will be very angry|
155659213|220276970|1181980897882411010|@gandabherunda this will create huge backlash with parmeshwar, kharge, muniyappa etc|
155659213|220276970|1181980568768008192|@shana2727 @khanumarfa @rohini_sgh @freentglty Source: https://t.co/xFb2iZcxiN https://t.co/CEOtLHCruz|
155659213|220276970|1181980432750927872|@shana2727 @khanumarfa @rohini_sgh @freentglty When Pakistan was created in 1947, Hindus constituted about 15 per cent of the population of West Pakistan (current Pakistan); by 1998 it is about 1.6 per cent – the population has declined by about 90 per cent in about 50 yrsSource: https://t.co/xFb2iZcxiN|
155659213|220276970|1181886504265646080|@KTHopkins @AmolTikam MODI of spain|
155659213|220276970|1181872588982648832|@aroonpurie Ha ha ha aroon (paani) Poorie is so funny. All problems of society india is facing only comes when modi is ruling. When his favorite chonia was ruling, law enforcement was at its best...|
155659213|220276970|1181847473142153217|@SumitkadeI what can be approx collection on wednesday ?|
155659213|220276970|1181842335853727744|Aroon (pani) poorie is most biased https://t.co/D1vIVlAyP3|
155659213|220276970|1181828546630582273|@ShriNaradMuni https://t.co/EPJbOLs8HD|
