155659213|68164273|1177530571930644480|Some sights from German Chancellor #AngelaMerkel’s office #kanzlerin #bundeskanzlerin An amazing office complex with close to 700 staff - with @sureshpprabhu @jayantsinha et al https://t.co/MPu8TXCyVD|
155659213|68164273|1177492030634594304|@mayur_jha @satyajeettambe Happy birthday @satyajeettambe - god bless you with health and success.|
155659213|68164273|1177303458401136641|This thread👇🏽 #super https://t.co/ESLquXpOs4|
155659213|68164273|1177220901479309312|The Indian delegation of parliamentarians and think tanks reaches the German Parliament and meeting the Chair on the Foreign Relations Committee. #Bundestag https://t.co/TblJoOUYdD|
155659213|68164273|1177219046762266624|Excellent meetings at @NATO as part of the Indian delegation meeting key institutions in Brussels and Berlin. Here 👇🏽with delegation leaders @sureshpprabhu @jayantsinha and others. https://t.co/hoV4YrPHIN|
155659213|68164273|1176724260737486850|This I think was the most significant moment of #ModiInUSA 2019- the recognition bestowed by the @gatesfoundation @BillGates -on this very important initiative of the @PMOIndia @narendramodi ; These are the issues that India must champion in the coming decade to achieve #SDGs. https://t.co/SunfH44CPo|
155659213|68164273|1176593757619281921|@shivanginipatha ☺️|
155659213|68164273|1176032381079359489|@ARanganathan72 @dasgobardhan @the_hindu Many congrats 👍|
155659213|68164273|1175548089656061952|Fantastic #Ourtechfutures day at @ColumbiaSIPA capped and concluded with a conversation with the fantastic @AnupamPKher - videos will be out soon. Many thanks to our partners and the South Asian Students Union https://t.co/yArXvpXwKZ|
155659213|68164273|1175093195954409472|Right now in #NewYork #BigApple #iConsume https://t.co/a7gKKcVBYe|
155659213|68164273|1175090088482627584|@maya206 @scmsophia_ @AvidLearning You are a superstar. Congrats|
155659213|68164273|1174851412548816898|View all the action from #IndiaOnTheHill 👇🏽hosted by ⁦@Heritage⁩ and ⁦@orfonline⁩ -Great speakers and disc on trade, tech, China, Pakistan &amp; Terror, Indian/US foreign policy. Thank you ⁦@Cold_Peace_⁩ and ⁦@Pushan3012⁩ 🙏🏽 https://t.co/F76pPvm8Ux|
155659213|68164273|1174675779994771462|Hon @RepScottPerry addressing #IndiaOnTheHill here at @Heritage and @orfonline forum. Tough words on #Pakistan #AlQaeda #Taliban - interesting that a state and 2 non-state actors are clubbed while discussing #terror.Tough words in #Chinese assertiveness and on #BRI https://t.co/HK4hCaERLp|
155659213|68164273|1174674109512503298|Delighted to Co-host a fantastic dinner with @USIBC at the #USChambers that featured a conversation with @RepBera and @ManishTewari ... we missed @RajivPratapRudy who could not be there. #IndiaOnTheHill - many thanks @NishaBiswal for your partnership and leadership 🙏🏽 https://t.co/XXEiFGgkI4|
155659213|68164273|1174426979036225536|#Pakistan provides sanctuary to terrorists, promotes #terrorism in India: European Union MPs | India News - Times of India https://t.co/Ow8FaNFiDn|
155659213|68164273|1174286637200805889|Excellent start - great food and candid conversations - at the inaugural dinner hosted by Amb @RichardRVerma and @TheAsiaGroup for delegates and speakers participating at #IndiaOnTheHill. This @orfonline and @Heritage initiative has received much support and interest. 🙏🏽 https://t.co/fJ5yMbVc8C|
155659213|68164273|1174014270067159040|It is good that the #UNSC refused to allow mention of #BRI in the resolution on Afghanistan.#BRI is not the #silverbullet for everything https://t.co/e85YFhnlNG|
155659213|68164273|1174003639360397312|@NarangVipin No issue with what was said. Issue only with an implication - added in replay - suggesting India is now ready to force change of Map- but as mentioned coffee is a good idea. And on the polarisation - we live in digitally interesting times :)|
155659213|68164273|1174001062916874245|@NarangVipin We will do coffee soon and have a longer chat in this. 🙏🏽|
155659213|68164273|1173999976617136129|@NarangVipin No. Claim accompanied by attempts to force outcome is revisionist.|
155659213|68164273|1173999186888597505|@NarangVipin That is different to suggesting that India will be revisionist. A claim is accompanied with an outcome.|
155659213|68164273|1173998501539262464|That is not what he said. You are adding a few words to make an extreme point. I heard him. https://t.co/XfFUeUfrAH|
155659213|68164273|1173996334376017920|New #AppleStore getting finishing touches - this 5th avenue store promises a whole new universe of retail experience. Sep 20 - D-Day. https://t.co/p82hDvlwKP|
155659213|68164273|1173919164286799872|Wishing the Hon’ble Prime Minister of India Shri @narendramodi ji a very happy birthday. Wish you health, happiness and success in steering India through these interesting times. 🙏🏽|
155659213|68164273|1173910762974318592|#Putin trolls #Saudis #US and indeed #Catsaa - in the middle of the current crisis in the gulf makes a tongue in cheek pitch for #S400 air defence systems. Minister @JZarif was clearly enjoying this #Putin response https://t.co/sAAVkDlAjm|
155659213|68164273|1173643228110893059|Dear @ManuBhagavan many thanks for the book in the mail. Surprised. Many congrats. Come and talk about it at ORF. Best 🙏🏽 https://t.co/JgHT3SfkCx|
155659213|68164273|1173615116736180225|@srijanapiya17 Many congrats. Best of luck|
155659213|68164273|1173589808763064320|The silence from #Kashmir is loud says @maya206. And silence is the new normal? https://t.co/Fsx6QTeXQD|
155659213|68164273|1173235448237449216|PM @narendramodi’s visit to #Vladivostok symbolised India’s determination to engage with a new geopolitical arch- from Chennai to YamalAre #India and #Russia redefining the #IndoPacific? I speak to India’s envoy to Russia Amb Verma for @orfonline https://t.co/2BOyhHYzcf|
155659213|68164273|1172972959973236744|My very talented and fantastic brother @suvirsaran writes this long essay for @EconomicTimes this weekend on #Food #Identity and #PoliticsofFood - #mustread https://t.co/yLw5bv11Nk|
155659213|68164273|1172820170693328896|Amb Verma @IndEmbMoscow: #Chennai-#Vladivostok route is a natural continuum between #IndoPacific, #NorthernSeaRoute &amp; #Eurasia. @PMOIndia emphasised India’s determination to be engaged all this geopolitical arch.Comprehensive conversation on #IndiaRussiaTies #Kashmir #Energy https://t.co/TWAxIKFGPR|
155659213|68164273|1172609796026982400|@KautilyaJr 🙏🏽|
155659213|68164273|1172595619975892997|#Macron, #Brussels and #Washington — I respond to some questions posed to me by the @ValdaiClub  https://t.co/DprMNzULHe|
155659213|68164273|1172570424791597056|@prasanto 😂😂|
155659213|68164273|1172569082983354368|@thedarktangent @d_jaishankar @mihirssharma @MalikAshok @maya206 @SunjoyJ @sushantsareen @chitraSD @theRohitBansal @raji143 @Cold_Peace_ I found out that is by locating it in DHR’s publication https://t.co/Ac8m4jhaJU|
155659213|68164273|1172552364361801728|@smitaprakash Why so angry. You are contributing to global warming with this fury :)|
155659213|68164273|1172549877483503617|@aksh_jethliya https://t.co/UouvNfoIsw|
155659213|68164273|1172549218134683648|I am a firm supporter of the #OddEven scheme. It should be complemented with congestion charges and parking charges rationalisation. I had also written a piece in support some time back. This is good for Delhi|
155659213|68164273|1172513436707606531|Many congratulations @AmritaNarlikar - more power to you and looking forward to working together. https://t.co/f2yWWMzNgF|
155659213|68164273|1172378204553674754|2 years ago I invited @bharatbala to our technology summit in Morocco where he presented 3 short films to an international audience - we were all mesmerised -it was a post dinner screening and most dreamt of magic that night -thank you Bharat for using technology to tell stories https://t.co/pR7hVXbuP2|
155659213|68164273|1172261467082461184|@shergill990 @YRDeshmukh Next month we will stay releaeing it.|
155659213|68164273|1172240981170606080|@YRDeshmukh The note is authentic. It is part of the publication by Rumsfeld https://t.co/peEHryhqK6|
155659213|68164273|1172223784331333633|@ForthAsh @AdityaRajKaul @d_jaishankar @mihirssharma @MalikAshok @maya206 @SunjoyJ @sushantsareen @chitraSD @theRohitBansal @raji143 @Cold_Peace_ Seems authentic. https://t.co/WHifzHesr7|
155659213|68164273|1172207571551150082|For my #ThinkTank brethren who boldly engage with tomorrow; I share this note- one that #Rumsfeld shared with #Bush and was prepared by #LinWells ...remarkable if true. Got it on Whatsapp so always have to be careful ... but nevertheless the content is on the mark and #humbling https://t.co/1KW9IFvdVz|
155659213|68164273|1172187346608898053|#JobsAtORF 👇🏽 this will be a lot of fun. Lots of content and lots of fun colleagues ... come work with us @orfonline https://t.co/U8rd99Yr8i|
155659213|68164273|1172143727617298433|Very informative research paper by @orfonline Fellow @SabrinaKorreck- The Indian #startup #ecosystem: Drivers, challenges and pillars of support https://t.co/iJHkaIsLfA via @orfonline|
155659213|68164273|1172015758538231808|Do read this fine essay by @niveditakapoor @orfonline on the #RussianFarEast post the very successful visit of the Indian PM @narendramodi - this is an important opportunity and it is great @IndEmbMoscow and Ambassador Verma are focused on this. 👍https://t.co/ACTdhIbAzo|
155659213|68164273|1171858078548905986|.@AmrullahSaleh2 - the key is for the #Taliban to realise they can't subdue a nation by guns and bombs provided by the #Pakistani #ISI and the army.  #Afghanistan #Terror #AlQaeda #911neverforget https://t.co/fELkY0jCyg|
155659213|68164273|1171734212333826048|What we always suspected is perhaps now true - #DelhiNCR is the #startup capital of India.  https://t.co/o4EPIFPbmB|
155659213|68164273|1171731989415641092|#India and #Israel: A tale of two elections https://t.co/afTUl6Boaz via @orfonline|
155659213|68164273|1171409491935367170|“Indian State” of “Jammu and Kashmir”. A fact that even a shrill storyteller cannot deny. https://t.co/OWf3oAmKZq|
155659213|68164273|1171105085427814400|#MustRead @sushantsareen- “..there are no good options in Afghanistan. Nor are there any costless options. The terrible trajectory of descent into chaos that awaits Afghanistan was hardly going to change if the peace deal had been signed.” https://t.co/jBgyABY8zH via @orfonline|
155659213|68164273|1171101945420906496|.@ShashiTharoor - "What they (#Pakistan)are trying to accuse us of today, they have done that on their side in the past. They changed the status of Gilgit-Baltistan and Pakistan-occupied-Kashmir. They, therefore, have no right to point fingers at us." https://t.co/AMm8dQvLW3|
155659213|68164273|1171086801634615296|This is one of the smartest and well researched papers you can read on the subject - @ritika_passi assesses India and China in multilateral economic governance: Worldviews, approaches, and IFIs for @orfonline https://t.co/gnoKYciWmE|
155659213|68164273|1170999262865281025|Delighted to host @LSEnews Dean Minouche Shafik at lunch today to exchange views on foreign policy and the growing role and responsibilities of India. Very astute and informed interventions on key questions from some of Delhi’s best minds. Thank you 🙏🏽 @lseideas https://t.co/5Nx35qBmmY|
155659213|68164273|1170768048078221312|@akhil_oldsoul Samir is just fine. Please call me that.|
155659213|68164273|1170767741734682624|@shivanginipatha 😂|
155659213|68164273|1170767606137028609|@Seeker_wanderer Aha. That is true. Well said|
155659213|68164273|1170766793272508416|@akhil_oldsoul Earned each year sir. 🙏🏽|
155659213|68164273|1170766667497869312|@Seeker_wanderer See my DP|
155659213|68164273|1170765682465619968|My friend started wearing glasses last year at 47. Now my friend reads fonts well.My friend is smiling as he writes this. https://t.co/f3xMxVbc6M|
155659213|68164273|1170752325570314240|We @orfonline were delighted to host a talk by @DrRonMalka Ambassador of Israel to India- moderated by Prof Harsh Pant our Director of Studies. Amb Malka is very engaging and he will catalyse further expansion of this very important bilateral.https://t.co/2VZAF3l6F5 via @YouTube|
155659213|68164273|1170578834250272768|#MiddleKingdom in #MiddleEast:  As #China sees opportunity in an isolated #Iran, It is becoming the biggest trading partner of Israel. PM #Netanyahu had said that the partnership with #Beijing is a ‘marriage made in heaven’- @KabirTaneja for @orfonline https://t.co/eW97h5Jy4n|
155659213|68164273|1170452718176964608|@theRohitBansal Hmm. Can see the momentum shift|
155659213|68164273|1170204340373471232|Do you have 900 crores? #BakshishEconomy #TerrorInc https://t.co/6GBmboMpsM|
155659213|68164273|1170073312707301376|We will not give up and @isro will do it soon #Chandrayan2 - an endeavour that may have already ignited the scientific temperament of many young minds. https://t.co/dm5giUnTrV|
155659213|68164273|1170070161115635713|No signal ?? #tense|
155659213|68164273|1170067476157104130|5 mins of braking #whew #Chandrayaan2Landing|
155659213|68164273|1170062696412090368|Thank you for the wishes @JeffBezos - this is an important night for all of us in #India and so many space enthusiasts around the globe. Out there we are all from the #BluePlanet only https://t.co/Y5Gp1Qf3KZ|
155659213|68164273|1170054940254851072|60 Minutes #Chandrayaan2Landing|
155659213|68164273|1170047463698259968|90 minutes. #Chandrayaan2|
155659213|68164273|1170028232940220416|This brief by @rakeshnms calls for a #SpaceLaw and an enabling regulatory environment for the country’s expanding activities in the civilian domain. Time for @isro and private sector to have a large slice of the expanding global space pie #Chandrayan2 https://t.co/CG3YuCTe4y|
155659213|68164273|1169849762448699393|@sanjaykpr @orfonline A remarkable individual and visionary - Shri RK Mishra|
155659213|68164273|1169847268691759104|@sunitarora @orfonline Thank you Suneet 🙏🏽|
155659213|68164273|1169836985533362176|@nzindmgt @orfonline Many thanks Sunil. 🙏🏽|
155659213|68164273|1169836787935506432|@NoaHakim @orfonline Many thanks my friend 🙏🏽|
155659213|68164273|1169831734373801986|@rama_rajeswari Many thanks ma’am 🙏🏽|
155659213|68164273|1169826620300902400|@PreetiBChopra @orfonline Ha ha. I guess they mainly signify the years ...many thanks 🙏🏽|
155659213|68164273|1169826382139932672|@AmritaNarlikar @orfonline @GIGA_Institute Many thanks 🙏🏽 and we look forward to developing a special partnership with @GIGA_Institute under your leadership @AmritaNarlikar|
155659213|68164273|1169825989251104770|@ScepticHermit @orfonline Thank you. 🙏🏽|
155659213|68164273|1169825880085946368|@ShwetaRKohli @orfonline Many thanks Shweta 🙏🏽|
155659213|68164273|1169825673172545537|@sunilkcaidia @orfonline Many thanks 🙏🏽|
155659213|68164273|1169825622954147846|@practicalindia2 @orfonline Many thanks 🙏🏽|
155659213|68164273|1169825547070787584|@Vijendra1Verma @orfonline 🙏🏽|
155659213|68164273|1169825498987294720|@sujeevshakya @orfonline @NEFNepal Thank you my friend 🙏🏽|
155659213|68164273|1169825432411074560|@aniltrigunayat @orfonline Many thanks sir 🙏🏽|
155659213|68164273|1169690164290998272|@AyresAlyssa @orfonline Thanks @AyresAlyssa 🙏🏽|
155659213|68164273|1169689862661787648|@Ramananda @orfonline @SunjoyJ 🙏🏽|
155659213|68164273|1169689713587802112|@arjit024 @orfonline Many thanks for engaging with us 🙏🏽|
155659213|68164273|1169686942805454848|A warm and festive evening with faculty, partners, contributors and the board - on the 30th Foundation day of @orfonline ... moment to remember those who have built this institution and thank those who continue to enrich it ... #Gratitude 🙏🏽 https://t.co/xh4T13Dy11|
155659213|68164273|1169599750137495553|Many many congrats! @MarietjeSchaake to Join Stanford Cyber Policy Center and Institute for Human-Centered Artificial Intelligence in Dual Policy Roles - look forward to working with you and the centres. https://t.co/JUyOZU9hjw|
155659213|68164273|1169473120459051010|This commission needs to be disbanded and each of them needs to be charged with dereliction of duty https://t.co/i12IwEmLbQ|
155659213|68164273|1169327363076739072|@tanvi_madan I hope the book is now being inked and will be ready for us to read soon.|
155659213|68164273|1169316818000809985|Very engaging discussion with Ambassador @TFeakin @AusAmbCyber on Emerging Technologies and the International Order at @orfonline - we discuss #5G #InfluenceOperations #Huawei #IoT #AI and much more. @orfcyber #CyFy @raisinadialogue https://t.co/ICoSmg9jOT|
155659213|68164273|1169290726615576577|@sarahmargon @OpenSociety Many congratulations- they are lucky to have you.|
155659213|68164273|1169272805185052673|We are delighted to announce #OurTechFutures: a conference on #EmTech and #OurCommonFuture @ColumbiaSIPA. exciting lineup of speakers will debate these issues! @BDUTT @klonkitchen @MaroWardak @mawnikrFeaturing a special talk with @AnupamPKher!Register: https://t.co/H1NKJX6qIF https://t.co/PFFOXMarbY|
155659213|68164273|1169111169132449792|Warm welcome to #India Excellency. It is time to build trust and a new relationship that will shape the 21st century. Time to move beyond #Wuhan https://t.co/8U741MuXUs|
155659213|68164273|1169097771527180288|Have Hard Evidence Linking #Pakistan to #ISIS Presence in Region, Says #Afghanistan #leader ⁦@AmrullahSaleh2⁩  https://t.co/HsL4XYH2hQ|
155659213|68164273|1168946271060725762|Delighted to host my friend and #Australia’s #CyberAmbassador @TFeakin @AusAmbCyber at @orfonline this morning. Had an engaging discussion on #EmergingTech and #InternationalOrder - he presented and engaged on #5G #InfluenceOperations #UNHLP #DigitalEconomy #Ethics and #Alliances https://t.co/rUaEyFbDw0|
155659213|68164273|1168896598648266754|The #DataisOil debate remains to be fully argued. But #OilCompanies are no longer gold at the bourses. #Exxon Dumped From S&amp;P 500 Top 10 For First Time In 90 Years | CleanTechnica https://t.co/hfqdIHxSA0|
155659213|68164273|1168563592574074880|As minorities under threat in Pakistan, papers to read:Cleansing Pakistan of Minorities- Farahnaz Ispahani https://t.co/5LbD2w1REAReligious Minorities in Pakistan - EU Parliamentary Group https://t.co/Yxy4rRMnn5Save #minorities in #Pakistan - request EUMEPs to discuss this.|
155659213|68164273|1168550065620652033|I think the job brief got lost somewhere - he is selected to write columns not to decide on such matters. #JustSaying https://t.co/lkJMlWRE2b|
155659213|68164273|1168481616672329729|#Brilliant #Shame https://t.co/yVAK1ObYZt|
155659213|68164273|1168268997642481664|@neo_bong Please read the work of @fispahani - here - https://t.co/5LbD2w1REA|
155659213|68164273|1168211418346221568|Since people are pointing to 1951 census as right year of reference - here is India’s breakdown of population of religious communities since then. 👇🏽 https://t.co/pifL8SLEUl|
155659213|68164273|1168205248969633792|@sarahmarb @tavleen_singh The article explains what you are saying and so does my thread. Read the Article|
155659213|68164273|1168198004664201220|@allam_allam @tavleen_singh The link of the full article is in the tweet. The scholars and other details are in the article|
155659213|68164273|1168197438546432001|@GabbbarSingh @gchikermane Not true. This for west Pakistan only. Read the article.|
155659213|68164273|1168195963694923776|This is lifted from that article - verbatim|
155659213|68164273|1168195796518334464|Do read the above link on Newslaundry- it discusses what happened to minorities across the subcontinent - between regions. There was exodus / migration - but at a national level - #Pakistan is a terrible place to be a minority.|
155659213|68164273|1168194086097940480|When Pakistan was created in 1947, Hindus constituted about 15 per cent of the population of West Pakistan (current Pakistan); by 1998 it is about 1.6 per cent – the population has declined by about 90 per cent in about 50 years. #DecimatedMinorities https://t.co/xTK9ZP5QRb https://t.co/R9jQ0Qxskt|
155659213|68164273|1168103553497366529|Brilliantly argued and explained Mukul Kesavan 🙏🏽https://t.co/NKjSDzf3Zx|
155659213|68164273|1168040725797163008|.@ManishTewari writes for @orfonline #ExpertSpeak- Oh justice! https://t.co/NoYopJh6T1|
155659213|68164273|1166689943676018688|Here is speak to @DhakaTribune on the #KigaliGlobalDialogue - it is a forum committed to uncovering new views and voices that must shape the world of the future and help realise the full potential of the Africa-India engagement https://t.co/zBIEfdmpR7|
155659213|68164273|1166446987543138304|I write a short take for @CFR_org - "The latest #G7 summit is further evidence that the traditional guarantors of the international liberal order no longer possess the vision or will to sustain it." https://t.co/OP3d2rVtGE @orfonline #Biarritz #CoC|
155659213|68164273|1166391560365326336|EAM @DrSJaishankar at the @ValdaiClub in #Moscow. Strong #Multipolarity and weak #Multilateralism has moved the world away from alliances to convergences. #IndoPacific is a product of these times. https://t.co/6BCTnLEY7X|
155659213|68164273|1166055416851120128|.@orfonline &amp; @ZEITstiftung were delighted to host HE @OmarSAlolama at the #BuceriusSummerSchool, Hamburg today. wide ranging conversations on #AI #FutureOfWork #DataGovernance et al. Clearly he is frank, passionate, and determined. Delighted you could make this happen Minister🙏🏽 https://t.co/nlES03DCf5|
155659213|68164273|1165617036296257542|Many many congratulations @Pvsindhu1 - true champion and an icon for all. You epitomise what all should strive to be in their respective field. Determined, courageous and relentless. Jai Ho! #BWFWorldChampionships2019 #badminton #PVSindhu|
155659213|68164273|1165199928622235648|Excellent development. Must be made available in more countries. India/Indians must offer their products, services and innovation across the globe. We need to continue to discover for ourselves and the world. Many congrats PM @narendramodi, Min @rsprasad and Amb @navdeepsuri https://t.co/y5CwvfRemk|
155659213|68164273|1165162923532197888|Deeply saddened to learn of the demise of Sh @arunjaitley ... prayers for the family and the departed soul.|
155659213|68164273|1164851278725275648|Been 10 years of conversing and learning with all of you. Thank you 🙏🏽 #MyTwitterAnniversary https://t.co/LNYxLhutD1|
155659213|68164273|1164425533251358725|.@Akshobh writes- “The problem (for it) isn’t that #Pakistan has internationalized the Kashmir issue, but the fact that that it has domesticated the issue.” - this has consequences for the #terrorstate https://t.co/neQ3PXJ0ZA via @orfonline|
155659213|68164273|1164129636999000068|.@gchikermane writes for @orfonline : “India is shedding decades of uncertainty and despondency. It is now going out and embracing a new executive vitality. National interest has been placed on a high, firm and unapologetic pedestal.” https://t.co/PA85zEBPvP via @orfonline|
155659213|68164273|1163907060016148481|@shergill990 @MalikAshok @orfonline @maya206 please do let us know|
155659213|68164273|1163728594255958017|.@MalikAshok : #British establishment seem to continue to believe that they have a role in “resolving” #Kashmir. In reality, they are irrelevant and entirely unwelcome. Perfidious Albion has needlessly opened a new front. https://t.co/PaZy6Mitpt via @orfonline|
155659213|68164273|1162993828325920769|Prayers for the victims and their families. Terrible tragedy inflicted by barbaric terrorists. #ISI has always been the South Asian #ISIS. And the US is negotiating with terrorists. Their choice I guess. https://t.co/1NX3zK4fSC|
155659213|68164273|1162992193113591808|.@ManishTewari : After being the pariah of the Beltway post Osama bin Laden era, it has risen like the proverbial phoenix to become the sweetie pie of Washington DC once again.The US needs Pakistan ever more https://t.co/YfxYQxlH1p via @orfonline|
155659213|68164273|1162835341071355904|It was a pleasure meeting you Ambassador @JCKugener and we at @orfonline look forward to deeper engagement with your very dynamic country #luxemburg https://t.co/c7PqstIxPt|
155659213|68164273|1162790808250023937|Many thanks for your energy and efforts @FranceinIndia - you strengthened the India-France relationship. You are a great diplomat for France and a true friend to all of India. Look forward to seeing you soon Sir. https://t.co/k9rftCphZw|
155659213|68164273|1162588918379765760|Must watch this Saturday. @gdalmiathinks speak to our faculty @orfonline on #Leadership and how to reimagine it today. He was brilliant and provoked many conversations post his intervention. https://t.co/Tk5VcwH8xc|
155659213|68164273|1162583319462068225|The only principles that #Pakistan shares with #China is the barbaric cleansing, incarceration and killing of minorities in #Balochistan #Xinjiang and more. And both were isolated in that room. #UNSC was a lonely place Ambassador was it not? https://t.co/KkTiipEXW1|
155659213|68164273|1162439031436660736|Ok. @ImranKhanPTI do you have a different read out ? #Kashmir #UNSC https://t.co/IUl8Azwu8G|
155659213|68164273|1162425163683467264|.@BBCWorld get one right - Here is a viewpoint from the most rational pen of @MalikAshok on why the world is with #India on #Kashmir (Chinese government not included) https://t.co/9MCnejccay|
155659213|68164273|1162061328552321025|This is a special greeting on #IndependenceDayIndia - thank you @IDF thank you @IsraeliPM and my favourites in india @DrRonMalka @MayaKadosh @NoaHakim and of course honorary Indian @danielocarmon https://t.co/8cUDZOsiXF|
155659213|68164273|1161942442234376192|#HappyIndependenceDay -Enjoyed lunch with @katharinakb and @suvirsaran and then we had ice cream at #IndiaGate, watched families fly kites, gorge on street food from all parts ... a great way to celebrate our magnificent nation and its diverse people #JaiHind https://t.co/WBwBZzY2J7|
155659213|68164273|1160433540237946881|Most don’t want to put in the slog and effort that some situations demand. They want stories whatsapped to them. Thank you @rahulpandita for being there-presenting #Kashmir you experience it. benefitted from the posts put out by some of you even if they differ in perspective 🙏🏽 https://t.co/bW4q9W0qL4|
155659213|68164273|1160238212746366976|Wicked!!! 😂😂😂😂 https://t.co/Qs2rcgEeZR|
155659213|68164273|1159523693300609024|Thank you for calling out this chronic dependency of #Pakistan on #Terror 🙏🏽 https://t.co/3nuYSBujvy|
155659213|68164273|1159503598952124416|To me two interesting aspects:1) #Taliban playing the role of a ruling party of a state in the region2) Even Taliban is not endorsing Pakistan’s position either on #Kashmir or on #AfghanistanSeems the #US is more in control of the process than they let many believe https://t.co/3wPeft95PH|
155659213|68164273|1159163353341648896|We @orfonline are excited to be hosting the 2nd edition of our annual conclave #TacklingInsurgentIdeologies.This note from the conference chair @maya206 details the backdrop/scope of the event. #CVE19 https://t.co/YXBZcyLfnT|
155659213|68164273|1159043685218078720|Do read this long essay and special report by @MalikAshok  - “It is clear that 5 August has left in its wake many possibilities, many openings and many questions” - #Jammu-#Kashmir and #Ladakh: Exploring a new paradigmhttps://t.co/unSMaFbOsP via @orfonline|
155659213|68164273|1159026406778523648|@KanchanGupta 🙏🏽|
155659213|68164273|1158961641414746112|My short paper for @orfonline: Clearly there are two forces that drive the #India-#China bilateral today: the appeal of an #AsianCentury that seeks to escape the burdens of colonialism, and a contest in the #IndoPacific to avoid a new form of subjugation. https://t.co/kveYAzE0QV|
155659213|68164273|1158810034882527232|India lost its first people’s foreign minister. A rare leader, a humane politician, a orator extraordinaire and a Minister that redefined the role of her office to that of serving each citizen. She will he missed by all. #OmShanti #RIPSushmaJi|
155659213|68164273|1158722374306394112|Great milestone for the❛Mumbai Metro 3 Station Area Management Competition❜ by @MumbaiMetro3 and @orfonline.52 teams consisting of 250 participants submitted their plans for the winning stage @AshwiniBhide @RamanaR4 @saylitweets https://t.co/9PUyH1qSu6|
155659213|68164273|1158635533293121536|Here #SoniaGandhi realises she is in the wrong party - her expressions are priceless 👇🏽 https://t.co/CBnq1Gf2et|
155659213|68164273|1158400006644125696|#Kashmir - @sushantsareen writes -with the Centre having done the deed, there is now no stepping back. India and Kashmir have entered a brave new world  https://t.co/1siwIE8fFZ via @orfonline|
155659213|68164273|1158391992482582528|#Kashmir - @KanchanGupta writes - UN Secretary General Kofi Annan had buried UNSCR 47; #Modi Government has conducted a long overdue requiem. https://t.co/Qsv4SjwD5E via @orfonline|
155659213|68164273|1158216298775511040|Delighted to welcome back @MalikAshok at @orfonline as Distinguished Fellow- look forward to his writings which are peerless and his leadership on many exciting projects in the coming days. https://t.co/tVN8L61rON|
155659213|68164273|1156774479541891073|@pradip103 🙏🏽|
155659213|68164273|1156767783327191040|I speak with the @wef on #IndiaUS #Trade and bilateral relations: The US–India trade dispute and India’s evolving geopolitical role https://t.co/5Ts9qXYtK1|
155659213|68164273|1156592295245783040|A very thoughtful piece by a very bright young mind at @orfonline - Prithvi Iyer writes -  Broadening the notion of ‘peace’ in conflict ridden #Kashmir https://t.co/IOjssoDUqZ via @orfonline|
155659213|68164273|1156071680906682368|Talks equally about investor harassment. And that I know for a fact is worse than most others. https://t.co/uoArafUffy|
155659213|68164273|1155836261602512896|@KanchanGupta Many congrats 👍|
155659213|68164273|1155383876144885760|The only thing this is an admission of is your congenital affliction - Lying and Treachery. #FakeNews Hq of the World #ISPR https://t.co/cbG5ErAIrD|
155659213|68164273|1154993616336461829|Oops!! And India’s defence ties with #Russia are problematic? HmmBoth countries need to take a #chillpill and understand that large countries will have multiple arrangements of their own choosing. The US has never had to work with another large power and will adjust I am sure https://t.co/12moPy6COr|
155659213|68164273|1154982448280719361|What a feat. Mr Mukesh Ambani has done it twice. Once with #Infocomm and now with #Jio. Both times he delivered better service and features at #Indian prices - something no incumbent wanted to do. Both times he sat on the top of the pile because the market responded #TakeaBow https://t.co/uVzJqIUAAL|
155659213|68164273|1154975593022099456|Many congratulations Ambassador - hope to see you at the @raisinadialogue in January and to discuss the #IndoPacific https://t.co/kcztEAw9Yo|
155659213|68164273|1154838782941655042|#Whiskey, #Tariffs, #Populism and the Elite #LiberalOrder - do not miss PM @BorisJohnson speak on these and more at the @raisinadialogue as foreign secretary of UK 2 years ago. @orfonline https://t.co/45DXtW8YEq|
155659213|68164273|1154091469264736256|Wishing PM ⁦@BorisJohnson⁩ the very best. Here is a four minute conversation I had with him ⁦@raisinadialogue⁩ 2 years ago. I did tell him that london was my favourite Indian city :)  https://t.co/NGVEt8vRMc|
155659213|68164273|1154035241779994625|@kartha_tara Thank you 🙏🏽|
155659213|68164273|1154033213750145024|Is #IndoPacific a Viable #Geostrategic Project? — I speak to the ⁦@ValdaiClub⁩ On this important question of our time #TheEasternPerspective  https://t.co/8uN58XTVQw|
155659213|68164273|1153701002245070848|#ToKigali - “What the rest of the world is waking up to is a reality we have lived all the time”: @rsezibera -Richard Sezibera https://t.co/mBYndFJlcz via @orfonline|
155659213|68164273|1153373029747101696|The only thing of importance from the fact sheet put out by #WhiteHouse on meeting with #ImranKhan is on terror that breeds and is bred there-  “It is vital that Pakistan take action to shut down all (terror) groups once and for all.” https://t.co/cGdIlrQQnD|
155659213|68164273|1153372347128303616|👇🏽 https://t.co/80qkFsm1mE|
155659213|68164273|1153321383339761669|#Chandrayan2 - @KanchanGupta writes : “The moon must remain, in a manner of speaking, beyond both belt and road. India missed out on staking a claim in Antarctica; it can’t afford to let other powers colonise moon” https://t.co/IepisFmnLu via @orfonline|
155659213|68164273|1152533030692519938|Smt #SheilaDikshit , the architect of “New” Delhi is no more. A graceful and visionary Chief Minister and person, you will always be remembered fondly and with respect. #RIP|
155659213|68164273|1152284865452072960|Gentleman Spy and best selling author. That is why for me and many you are a hero Mr @Vikram_Sood 🙏🏽 https://t.co/2qVhhKqkZE|
155659213|68164273|1152055323944861697|#Mumbai #Monsoons #ORFMumbai #Work #Travel https://t.co/3E4A3cEGp5|
155659213|68164273|1151926562318536705|Senior Fellow @HindolSengupta writes - PM @narendramodi and #India’s #ClimateChange #NewNormal https://t.co/Sn1towWAzB via @orfonline|
155659213|68164273|1151746002379931649|#MustRead- .@KartikBommakan1 undertakes a comparative analysis of the performance of the Chinese #PLA and the #IndianArmy in terms of capabilities, doctrine, and command organisation for #CyberWarfare https://t.co/3gQn0juupw via @orfonline|
155659213|68164273|1151684519558205440|@saikatd :)|
155659213|68164273|1151680316450324481|This 👇🏽 is the beginning of a long relationship between #AOC and #Facebook https://t.co/pZtJCpjbVF|
155659213|68164273|1151654868290904064|False Equivalence- Indian PM is not describing the 9/11 attackers as so-called terrorists- neither has he commented on the US outrage on Russian interference in its elections. It does not break its partnership with the US just because it’s has a defence relationship with Pakistan https://t.co/HEia4SXlHo|
155659213|68164273|1151474897610166272|#Duterte invokes military pact with #US amidSouthChinaSea dispute https://t.co/pU0el3SWzq|
155659213|68164273|1151347627549577218|Truly take a bow! You and @SanjoyRoyTWA with your teams have created/built a magnificent world class platform .... #BigFan https://t.co/vilgTISFU4|
155659213|68164273|1151338014745878534|@Nidhi I know. So it is ok to make a Pakistan political party one- they need purpose and a job 😂|
155659213|68164273|1151336498777579520|Anything to support biases. Let’s make #Pakistan’s ruling party India’s official news agency .... hmm!!! https://t.co/e6deA929b9|
155659213|68164273|1151183661074509825|Many congratulations to HE ⁦@vonderleyen⁩ for being elected President of the #EuropeanCommission ... greetings from your friends and followers in India. These pics are from 2015 during your visit as defence minister of Germany https://t.co/5oqOY6Ewjh|
155659213|68164273|1150608249604853763|#morningstroll in #Dhaka - and I happen to pass @BimstecInDhaka - hoping this institution lives up to its potential. https://t.co/Tkx9eCqqUE|
155659213|68164273|1150361413937799169|Sad and funny at the same time 👇🏽 https://t.co/9oF43c4UZy|
155659213|68164273|1150014973168386048|#EmergingAfrica to rewrite global development narrative | ⁦@DhakaTribune⁩ covers the #kigaliglobaldialogue ⁦@MEAIndia⁩ @rsezibera⁩ ⁦@PaulKagame⁩ ⁦@KabirBangladesh⁩  https://t.co/RpmsMHaJwm|
155659213|68164273|1150010863232811009|Delighted to spend some time this morning with a fantastic diplomat and person, High Commissioner @rivagdas in #Dhaka #Bangladesh - looking forward to her guidance as we put together an @orfonline platform in this fantastic country. @ihcdhaka @MEAIndia https://t.co/uhPF4r52iK|
155659213|68164273|1149717800941785089|@VikramMisri Thank you sir|
155659213|68164273|1149029156459446272|#ToKigali | I speak to the fabulous five- @_cberger_, @faithkeza, @KevinAllison, @NiNanjira and Abdul Hakim Ajijola on “Trust in Tech: A New Paradigm for Democracy, Economy and Governance online Each intervention was special.  https://t.co/J0JkZtAeBO via @YouTube|
155659213|68164273|1148651189778579456|.@chitraSD writes - “Money will go where money feels safe, not where it is made to feel guilty. It will flee faster than it arrives when it senses threat” must read on the #budget2019 https://t.co/y72bczW3Or|
155659213|68164273|1148572461035708416|“For the bridge, GMR gave us a quotation for $77 million and the Chinese gave us a bill for $300 million....we are seeing in other countries, they are asking for equity and with that we relinquish land and sovereignty” @MohamedNasheed https://t.co/m1T3uUISIv via @orfonline|
155659213|68164273|1148569953571786752|Thank you sir (@aniltrigunayat) for your encouragement to all of us @orfonline and appreciating the need for the #KigaliGlobalDialogue https://t.co/O6iiTGBzI1|
155659213|68164273|1148469738126733312|You @buzzindelhi have taken @mygovindia to the next level and may your successor take your lead and make this a vibrant billion user platform as designed by you. Best for the next phase. God bless. https://t.co/9zEvZwhqrD|
155659213|68164273|1147917873198686210|@swatiarjun Made my day 🙏🏽|
155659213|68164273|1147825068292149248|#Budget2019- @KanchanGupta argues: Steel katora will cost more, but e-vehicles will fetch relief https://t.co/MIk5CgcqPT via @orfonline|
155659213|68164273|1147737009278083072|Must watch the #Budget2019 | #ExpertRoundtable at @orfonline with @KanchanGupta @gchikermane @mihirssharma @oommen @raji143 @ahluss Lydia Powell and @sushantsareen moderated by @NaghmaSahar https://t.co/5q0S73yrFA via @YouTube|
155659213|68164273|1147543407860080640|@shivanginipatha Made my evening 🙏🏽 even as it is all grey now :)|
155659213|68164273|1147541701000605699|@jgopikrishnan70 Sir not attempting. Have aged for sure. Mature - still debatable :)|
155659213|68164273|1147541313308508161|#NewProfilePic https://t.co/J0BYcdI5Vb|
155659213|68164273|1147469247163064320|@BrianJohnston25 All will be up next week ...🙏🏽|
155659213|68164273|1147377674505113600|Congratulation to the Chair of @orfonline ‘s Global Advisory Board PM @stephenharper . You continue to strengthen the relationships between the people of our two democracies. https://t.co/uNJjv0CqQX|
155659213|68164273|1147157289402605568|Honored to meet Prime Minister @EdNgirente @PrimatureRwanda at the #KigaliGlobalDialogue: presented to him the #DreamTeam from @orfonline who made this happen with partners @RwandaMFA and @RCBrwanda - thank you Min  @rsezibera and @nmukazayire @TerriBChapman @tanoubi @pushan https://t.co/LeDku6gJNK|
155659213|68164273|1147153270219182080|must read from @gchikermane - #Budget2019 of small things that contributes to the government’s larger $5 trillion narrative https://t.co/ZGGum1O3Sm via @orfonline|
155659213|68164273|1146781712216707072|Here I speak to President ⁦@MohamedNasheed⁩ on #China #India and more. Very frank conversation on difficult question. #toKigali #KigaliGlobalDialogue ⁦@orfonline⁩ ⁦@RwandaMFA⁩ ⁦@rsezibera⁩  https://t.co/rsi1iJKfyi|
