155659213|424057168|1182865991308414977|Terror on top of mind of both Modi and Xi https://t.co/HVZ5nicnTN|
155659213|424057168|1182865206503886848|@narendramodi Only one word: Inspiring!|
155659213|424057168|1182849312130076672|@Bitcoin_Bernie Sir Nehru was a patriot. No questions. There is a reason Britishers preferred Nehru-Gandhi to Lal-Bal-Pal etc. Nehru-Gandhi were pressure valve which allowed release of “steam” (anger of masses). Ok, let me ask: could u name one incident which defined Nehru in pre-independence?|
155659213|424057168|1182572059479535616|My piece in Russia Today.               Modi-Xi informal 'summit' to unfold in the shadow of Kashmir — RT World News https://t.co/3V6tfWdZCN #|
155659213|424057168|1182567193499717633|The real truth on Uyghurs which is used to taint China https://t.co/Qk2MXpQ1Tm @AndreVltchek @ChinaIndiaFdn|
155659213|424057168|1182566875353337856|The real truth on Uyghurs which is used to taint China https://t.co/Qk2MXpQ1Tm|
155659213|424057168|1182502132127158272|Air Quality in Delhi turns poor! Didn’t I say so @ArvindKejriwal ?https://t.co/VZQwRkd9im|
155659213|424057168|1182182956804128768|@amitmalviya And the "razakars" his MIM created and caused mayhem on Hindus.|
155659213|424057168|1182181172643713025|My piece in Medium: Air-pollution in Delhi: Kejri’s mask would fall off soon https://t.co/6qLpQ7E2yN|
155659213|424057168|1182180510069448704|My piece in Medium:Rafale: So they found ‘Shastra Puja’ a Hindutva act https://t.co/qcviAP79MO|
155659213|424057168|1182179142533435392|Air-pollution in Delhi: Kejri’s mask would fall off soon https://t.co/OIEgOrm4w9 @KapilMishra_IND @ManojTiwariMP @BJP4Delhi @INCIndia @amitmalviya @CPCB_OFFICIAL @Delhi_Pollution|
155659213|424057168|1182178802564100096|Air-pollution in Delhi: Kejri’s mask would fall off soon https://t.co/OIEgOrm4w9|
155659213|424057168|1182150108021805057|Meditation in the midst of state elections! That is putting mind over matter|
155659213|424057168|1182149205734780928|Rahul Gandhi has gone away (Bangkok) for meditation says Congress party spokesperson, Pawan Khera! Don’t we all know Bangkok is best to increase ur spiritual powers.|
155659213|424057168|1181879535035240448|@DevShukum Rafale: So they found “Shastra Puja” a Hindutva act https://t.co/F5fc0PphxI|
155659213|424057168|1181879377568518144|@mkm_midhun Rafale: So they found “Shastra Puja” a Hindutva act https://t.co/F5fc0PphxI|
155659213|424057168|1181879092850745345|@yogashar99 @narendramodi @rajnathsingh Rafale: So they found “Shastra Puja” a Hindutva act https://t.co/F5fc0PphxI|
155659213|424057168|1181878779431415808|@MohdSami_ @rajnathsingh @alamgirizvi @SaiyidSays @AshrafFem @cjwerleman @kiran_patniak @pathan1_f @Qamar07 @SimmiAhuja_ @Sameeer_123 @shahfaesal Rafale: So they found “Shastra Puja” a Hindutva act https://t.co/F5fc0PphxI|
155659213|424057168|1181878686766600192|@_BeingSid Rafale: So they found “Shastra Puja” a Hindutva act https://t.co/F5fc0PphxI|
155659213|424057168|1181878611906678784|@SwamiGeetika Rafale: So they found “Shastra Puja” a Hindutva act https://t.co/F5fc0PphxI|
155659213|424057168|1181878339444723712|@Ritanshudubey17 Rafale: So they found “Shastra Puja” a Hindutva act https://t.co/F5fc0PphxI|
155659213|424057168|1181878194560880642|@iammqh @free_thinker @INCIndia @RiaRevealed @Pawankhera @vbwalia @aajtak @ndtvindia @dhruv_rathee @thewirehindi @IYC Rafale: So they found “Shastra Puja” a Hindutva act https://t.co/F5fc0PphxI|
155659213|424057168|1181878141490323456|@rabbanimoham Rafale: So they found “Shastra Puja” a Hindutva act https://t.co/F5fc0PphxI|
155659213|424057168|1181878082916896768|@mknayak2010 Rafale: So they found “Shastra Puja” a Hindutva act https://t.co/F5fc0PphxI|
155659213|424057168|1181878013945794560|@penguin12697 Rafale: So they found “Shastra Puja” a Hindutva act https://t.co/F5fc0PphxI|
155659213|424057168|1181877887432945665|@gunjakapoor @ShashiTharoor Rafale: So they found “Shastra Puja” a Hindutva act https://t.co/F5fc0PphxI #RafalePujaPolitics|
155659213|424057168|1181876827670765568|@BJP4India Rafale: So they found “Shastra Puja” a Hindutva act https://t.co/F5fc0PphxI|
155659213|424057168|1181874580924715013|Rafale: So they found “Shastra Puja” a Hindutva act https://t.co/F5fc0PphxI @narendramodi @AmitShah @rajnathsingh @smritiirani @DefenceMinIndia @smritiirani @BJP4India @RSSorg @friendsofrss @amitmalviya|
155659213|424057168|1181873897253167104|Rafale: So they found “Shastra Puja” a Hindutva act https://t.co/F5fc0PphxI|
155659213|424057168|1181768319453429760|@KanchanGupta Not @dhume fault. History began for commies after 18th century.|
155659213|424057168|1180869425752199169|@abhi_manyu18 @iamapteg @Ram_Guha How true. U r sharp enough to be your own surgeon.|
155659213|424057168|1180867497571971072|@abhi_manyu18 @iamapteg @Ram_Guha How did Kasturba and his sons viewed Gandhi? Not very complimentary. This is a fact. How does the world view it? Fact is we are living in a predatory global order which creates a matrix. Please, no offence. I actually like u r presenting ur point of view.|
155659213|424057168|1180865169016016900|@abhi_manyu18 @iamapteg @Ram_Guha Gandhiji slept naked with his nieces and many of his associates left his ashram in disgust. This is a fact. How do you think we all view it?|
155659213|424057168|1180848758898061312|@abhi_manyu18 @iamapteg @Ram_Guha This could be of particular imterest to you.https://t.co/EdvmSIiBMu|
155659213|424057168|1180848545068224514|@abhi_manyu18 @iamapteg @Ram_Guha There is never a full truth Abhimanyu. We all have our truths. And we must accept other point of views. This is real liberalism.https://t.co/oQBMRS8nJw|
155659213|424057168|1180762044569513984|@Bitcoin_Bernie U need to read memoirs of his sisters and contemporaries to know how much a royalty Nehru was in “prison”. He had curtain of his choice, a sprawling garden, newspapers, books etc. But for British govt, he would have stayed put in “jail” and not taken Kamla Nehru to Europe etc.|
155659213|424057168|1180745517262725123|@SitaramYechury Wish good can triumph over commies too|
155659213|424057168|1180675349954187266|@KarunaGopal1 @AmitShah The speech which Lutyens Media his and I reported in full.https://t.co/NF1XuxudEs|
155659213|424057168|1180674828107337728|@ExSecular Loved it!|
155659213|424057168|1180674132674957312|@dhume Sirji all US Congressmen are on the take like a few Indian origin journos are. McCain, does the name remind u of a gentleman, god save his soul|
155659213|424057168|1180673090117783552|@ShekharGupta @mehartweets With such a headline who would read text?|
155659213|424057168|1180672751675166720|@ExSecular Bhai Pehle hi kar leta.Rambo banna zaroori tha?|
155659213|424057168|1180671884213379072|@KarunaGopal1 @fayedsouza This is delicious|
155659213|424057168|1180477261411045379|@Ram_Guha We may add Shyam’s Prasad Mukherjee, Tandon, Savarkar etc.|
155659213|424057168|1180476727761330176|@Ram_Guha Nehru a patriot, no question.Nehru had aversion for Hindu assertion of past, no question. Nehru socialist and bad one at that, no question.Nehru screwed up Kashmir, no question. Nehru caught napping on Tibet, 1962 War no question.  Nehru undermined Patel, Bose, no question|
155659213|424057168|1180425513271037953|Greta Fable: The Green makeup of predatory Capitalism https://t.co/Wcb0N1OlL9|
155659213|424057168|1179949354850738176|SANJAY NIRUPAM UPSET WITH CONGRESS: बड़ा शोर सुनते थे पहलू में दिल का, जब काटा तो क़तरा ए ख़ून ना निकला ।|
155659213|424057168|1179702281953935360|Our PM is wrong. With Lutyens Media still around, how can we be open-defecation free????? They are dropping poop everywhere.|
155659213|424057168|1179699627877994496|Sonia’s sensational self-confession: “It’s easy to take Gandhi name, difficult to tread his path.” https://t.co/EgSGlnX8Zr|
155659213|424057168|1179688943857520640|My piece in Medium: Mr Imran Khan, this is why you can’t do much on Kashmir https://t.co/nrmK8a2A2z|
155659213|424057168|1179643925029515264|Mr Imran Khan, this is why you can’t do much on Kashmir https://t.co/RVJ5SeddhN @narendramodi @AmitShah @rajnathsingh @ImranKhanPTI @DrSJaishankar|
155659213|424057168|1179643557830778880|@NAN_DINI_ Mr Imran Khan, this is why you can’t do much on Kashmir https://t.co/RVJ5SeddhN|
155659213|424057168|1179643517821317121|Mr Imran Khan, this is why you can’t do much on Kashmir https://t.co/RVJ5SeddhN|
155659213|424057168|1179594879149604864|Calling out @IndianExpress : lead headline mentions @DrJitendraSingh  brother has been released in Jammu. Why hide mention he is National Conference president? Next time do write Sonia Gandhi son and daughter instead of Rahul and Priyanka. https://t.co/djCkapSos5|
155659213|424057168|1179587988503687170|Calling out @IndianExpress : lead headline mentions MoS brother has been released in Jammu. Why hide mention he is National Conference president? Next time do write Sonia Gandhi son and daughter instead of Rahul and Priyanka.|
155659213|424057168|1179585042143567872|@surjitbhalla Bestest.|
155659213|424057168|1179350257282494465|My piece in Medium: Shah’s rousing speech in Bengal which Lutyens Media fudged https://t.co/7jhELbDT7T|
155659213|424057168|1179346165625696258|@shirshendu8 @OpIndia_com That's commendable|
155659213|424057168|1179346009287249921|Amit Shah’s rousing speech in Bengal which Lutyens Media fudged https://t.co/pILE3TWbHG|
155659213|424057168|1179345961707069440|Shah’s rousing speech in Bengal which Lutyens Media fudged https://t.co/pILE3TWbHG @narendramodi @AmitShah @BJP4India @AmitShahOffice @AmitshahFan @AmitShahArmy @amitmalviya|
155659213|424057168|1179211662353547264|@NAN_DINI_ That’s too cool|
155659213|424057168|1178899728773156864|My piece in Medium: PC denied bail: Is Times of India out of its’ mind? https://t.co/VB9FRoi6HL|
155659213|424057168|1178898148615344129|PC denied bail: Is Times of India out of its’ mind? https://t.co/X69MsMfvmL @timesofindia @IndianExpress @the_hindu @htTweets|
155659213|424057168|1178897962589507585|PC denied bail: Is Times of India out of its’ mind? https://t.co/X69MsMfvmL|
155659213|424057168|1178701803627565056|@SitaramYechury Why worry sir. DMK is looking after comrades|
155659213|424057168|1178521869609132032|@AbhinavAgarwal Well said. They soon become Old Boys Club|
155659213|424057168|1178521420168482816|@saliltripathi Karna padta hai. Nahin to makkar tweet Karen lagte hain|
155659213|424057168|1178521221194907648|@TVMohandasPai @ShekharGupta This is outrageous. 1000s locked? Your source Me Gupta...this is causing communal divide and egging in of break-India forces at home and abroad.|
155659213|424057168|1178520773197062145|@taslimanasreen Wasn’t it a drama in any case. Just a formality?|
155659213|424057168|1178457752621830145|My piece in Medium: Greta Thunberg could be a dummy sold to you https://t.co/x8JxIMTFBp|
155659213|424057168|1178264196414230533|@TarekFatah @narendramodi Sir khoon to aapka khaul raha tha. Ek aadh jad diya hota|
155659213|424057168|1178263198668996608|@madhukishwar https://t.co/3xS6oEImHi|
155659213|424057168|1178210679502692354|Greta Thunberg could be a dummy sold to you https://t.co/hYBdq1wlqP @narendramodi @AmitShah @smritiirani @madhukishwar @ShefVaidya @UnSubtleDesi|
155659213|424057168|1178210354238590977|Greta Thunberg could be a dummy sold to you https://t.co/hYBdq1wlqP|
155659213|424057168|1178144376712597504|@aakar_amnesty @DeShobhaa @sagarikaghose I mean why @timesofindia makes us suffer such terrible SA on their edit pages. Who reads them but their families???|
155659213|424057168|1178129599437275136|How do u cover a news? First news than rebuttal. But ⁦@IndianExpress⁩ first gives Congress rebuttal and then BJP allegation. Pathetic https://t.co/gsbyGgWyMU|
155659213|424057168|1177936794236538880|@surjitbhalla @bibekdebroy Good on u for ur admirers needed this clarity.|
155659213|424057168|1177867856416927744|Operation Kashmir:  Modi wins the world in UN; what next? https://t.co/Qd3D1t8jcr @narendramodi @AmitShah @DrJitendraSingh @smritiirani @rsprasad @KirenRijiju|
155659213|424057168|1177867092575473664|My piece in Medium: Operation Kashmir: Modi wins the world in UN; what next? https://t.co/paGKmF47sg|
155659213|424057168|1177838088791347201|@ExSecular Times of India has done a disservice to Bhagat Singh’s memory https://t.co/XuICDnlCRs|
155659213|424057168|1177794921375268864|Jawaharlal Nehru is shown to be an unabashed admirer of Bhagat Singh but disguised is the truth that Pt. Nehru snubbed revolutionary Chandrashekhar Azad when the latter sought his help that Bhagat Singh not be hanged|
155659213|424057168|1177794919823314944|Mahatma Gandhi is cited by Prof Chaman Lal to have “made efforts” for Bhagat Singh’s release but veiled is the historical reality that Gandhi faced black flag demonstrations by angry youths in Karachi who shouted “Down With Gandhi” for not demanding clemency for Bhagat Singh.|
155659213|424057168|1177794918300844032|Bhagat Singh is mentioned an atheist but masked is the evidence that Swami Dayanand Saraswati and Arya Samaj exerted a great influence on him|
155659213|424057168|1177794916782497797|Savarkar is demonized for his silence but cloaked is the truth that Bhagat Singh never said a word against Savarkar and indeed completely read the latter’s work, “Hindu Pad Padshahi”|
155659213|424057168|1177794915327045632|Bhagat Singh is revealed a Marxist but hidden is the fact that he never joined Communist Party of India?|
155659213|424057168|1177794913833906176|Times of India has done a disservice to Bhagat Singh’s memory https://t.co/XuICDnlCRs @madhukishwar @Aabhas24 @ExSecular @KarunaGopal1 @HinduJagrutiOrg @dharmadispatch @IndiaFactsOrg @postcard_news @pGurus1 @timesofindia|
155659213|424057168|1177751326010175489|@devduttmyth If people were more important in Liberalism, their guardians wouldn’t be beating down on people of Russia, Iran and Syria which has misplaced, killed, raped or sucked into economic hardships millions.|
155659213|424057168|1177551363183525888|My piece in Medium:Times of India has done a disservice to Bhagat Singh’s memory https://t.co/0hFmnsYuDq|
155659213|424057168|1177547421737336834|The headline in Times of India doesn’t reflect the piece; as the piece doesn’t reflect the legendary Bhagat Singh. It’s a work of conniving men committing sacrilege on a deity of sacrifice and courage. It’s a disservice to Bhagat Singh’s memory.|
155659213|424057168|1177547420231553025|Times of India has done a disservice to Bhagat Singh’s memory https://t.co/XuICDnlCRs @timesofindia @quizzicalguy @ProfChaman|
155659213|424057168|1177504400882798592|@AbhishBanerj great piecehttps://t.co/jda0IFmInN|
155659213|424057168|1177447818337738752|@ShashiTharoor @narendramodi @PMOIndia Do you realize what it is? And how brazen you are on your lies? You once wrote a book on Foreign Affairs? Is this the DNA of Congis to lie, lie and further lie when being caught? Frankly, more and more I realize you are extremely untrustworthy.|
155659213|424057168|1177107258821341184|@ExSecular @MinhazMerchant U bet|
155659213|424057168|1176801133030866945|@madhukishwar Absolutely. Spot on.|
155659213|424057168|1176700544011984896|@randomthakkar @the_hindu That’s caption of a photo.It’s a front page news for he was once India’s defence minister. Often touted as likely PM.|
155659213|424057168|1176694000281149441|A headline in ⁦@timesofindia⁩ which would pop ur eyes out but isn’t what the interviewed meant. Why our newspapers are so irresponsible?? https://t.co/rvDZI7lFwZ|
155659213|424057168|1176688557609472000|TOO SHY TO NAME SHARAD PAWAR: That’s ⁦@the_hindu⁩ for u. What’s more, the news is on Page 12!!! https://t.co/DegUXiC5JI|
155659213|424057168|1176632850835111937|@devduttmyth Nobody talks about pop-mythologists pushing the Aryan agenda. https://t.co/yhH5HwQq6o|
155659213|424057168|1176484722706247681|@devduttmyth balak, all myths|
155659213|424057168|1176420583656919040|United Nations: Is it still relevant for the future? https://t.co/YTlmadqSss|
155659213|424057168|1175621386561130497|Congress treats/treated people as citizens only on polling days.|
155659213|424057168|1175377762204319745|My piece in the MediumTax Reforms: All cheer but for Indian Express and The Hindu https://t.co/U8Lq7UuGU5|
155659213|424057168|1175376436393197568|Tax Reforms: All cheer but for Indian Express and The Hindu https://t.co/TWpMAHbiFB|
155659213|424057168|1175238000097153024|@Apoorvanand_ , this professor of Hindi speaks on everything but on the language which helps him run kitchen. Never defends Hindi or Hindu. Now he says govt is muzzling emerging dissent from Univ in @IndianExpress . It’s not “emerging” but “manufactured” dissent, Prof.|
155659213|424057168|1175235865083166720|Within three months she has done away with surcharge in foreign portfolio investors, big-ticket bank mergers, new scheme to promote exports, upfront capital infusion for banks, sop for real estate and auto sectors. And now this Big Bang one.|
155659213|424057168|1175234879463649285|Critics mocked @nsitharaman as one with no idea of economics or finances. Let them ask those who do business. These critics can’t run RWAs but only poke fun at worthies. https://t.co/sITQaeGscC|
155659213|424057168|1175009259504852997|@dharmadispatch Who’s your counterpart in world?https://t.co/8pb49RIZ6P|
155659213|424057168|1174928124292694016|@abhijitmajumder Haha|
155659213|424057168|1174926783986069504|@ExSecular Good one|
155659213|424057168|1174898977751220225|@ExSecular u mean Basit?|
155659213|424057168|1174874375251623937|You read @SuPriyoBabul being manhandled in Jadhavpur Univ. In @IndianExpress and u get the feeling as Mr Minister was abusing VC and threatening Left students. I mean how imaginative this journalism of courage is!!!|
155659213|424057168|1174704523954147330|@ExSecular Of course|
155659213|424057168|1174704458116108288|@NAN_DINI_ Haha|
155659213|424057168|1174686145160130560|@TapanP1957 @ARanganathan72 Exactly. Saudis have poor defence capability.|
155659213|424057168|1174685797137690624|@ARanganathan72 Putin recently mocked Saudis to take their help and see how well Turkey and Iran are benefitting as example.|
155659213|424057168|1174685462604197889|@ARanganathan72 Much of it is borrowed from US. The truth is US is no patch to Russia defence weapons. Saudis don’t have good def. weapons. They can attack Yemen-can’t defend themselves. On the contrary Iran can’t attack but defend itself well. Syria, Lebanon, Hezbollah benefit from them.|
155659213|424057168|1174627890421305345|@ExSecular A cat on a sofa: Nobody is giving attention to her purring.|
155659213|424057168|1174627628059222021|EXCELLENT PIECE. Take time out to read:The Liberal World Order Is Dying. What Comes Next? https://t.co/8UkhTRUStX|
155659213|424057168|1174562883054661632|My piece in Medium: Who holds mirror to Liberal Order of the world? https://t.co/nNtxvWmy40|
155659213|424057168|1174557860082176000|@swati_gs @RajeevSrinivasa @Aabhas24 @saket71 @madhukishwar @davidfrawleyved @goonereol|
155659213|424057168|1174556920843141120|As well as path-breaking websites such as @pGurus1 @dharmadispatch @postcard_news @HinduJagrutiOrg @Pragyata_ @IndiaFactsOrg @vijayvaani @the_truepicture @newsbred who have lit the torch.|
155659213|424057168|1174555929154469889|Swarajyamag, OpIndia: Who are their counterparts in world? https://t.co/dyAc6ZMo22 @swarajyamag @OpIndia_com @TheJaggi @UnSubtleDesi @rahulroushan @ARanganathan72 @prasannavishy @surjitbhalla @swapan55 @TVMohandasPai @ShefVaidya @vivekagnihotri|
155659213|424057168|1174164152677367808|Western Media portrays Hong Kong hooligans as heroes https://t.co/Q9RETnl2z4 @AndreVltchek|
155659213|424057168|1174150314821210113|That’s such an insult to Indian scientists and ⁦@isro⁩ by ⁦@the_hindu⁩ . Retweet if u feel its an insult to Chandrayaan-2 Moon Mission. https://t.co/2oDcYZb95q|
155659213|424057168|1174147566184747009|6 BSP MLAs Join Congress in Rajasthan: But don’t expect to read editorials in @the_hindu or @IndianExpress that they churned out on Congress-JDS defections to BJP in Karnataka or elsewhere.|
155659213|424057168|1174144060971315200|Rajeev Kumar, Mamata’s favourite has more lives than a cat’s nine. He is mocking the entire system.  He is one reason Bengal shouldn’t vote for Mamata.|
155659213|424057168|1174142457715421184|“J and K leaders would be freed in less than 18 months,” @DrJitendraSingh          Love in-your-face @BJP4India of today.|
155659213|424057168|1174140818396860416|U do wonder why PoK was never on Congress agenda. Not when it was being illegally occupied; not objected to when “gifted” to China; not demanded when we were winning wars. Wasn’t Congress just being a proxy of Pakistan????|
155659213|424057168|1173852256375959553|My piece in Medium: HINDI: In conversation with Mahatma Gandhi https://t.co/sVhORC75mb|
155659213|424057168|1173845272381648896|BAPU ON HINDI: 7/7: “Dravidians being in a minority, national economy suggests they should learn the common language of the rest of India than the rest should learn Tamil, Telugu, Kannada and Malyalam in order to be able to converse with Dravidian India”(Young India 16-6-’20) https://t.co/LM78TttB8B|
155659213|424057168|1173845270154473472|BAPU ON HINDI:  6/7 “The cry of “mother tongue in danger” is either ignorant or hypocritical. We must break through the provincial crust if we are to reach the core of all- Indian nationalism. Is India one country and one national or countries and many nations(Harijan, 10-9-’38 https://t.co/DOxXPh8nEs|
155659213|424057168|1173845267579195393|BAPU ON HINDI: 5/7: “If we were not living in artificial conditions, the people living in the South will not consider the learning of Hindi as a strain on them, much less a superfluity…. Hindi is the only possible common language.”(Young India, 18-6-31) https://t.co/JrnukYrBYE|
155659213|424057168|1173845264995516416|BAPU ON HINDI: 4/7:  “A knowledge of English opens up intercourse only with the comparatively few English-knowing Indians, whereas a possible knowledge of Hindustani enables us to hold intercourse with the largest number of our countrymen.(Young India 2-2’-21) https://t.co/x4FQ0eQOeE|
155659213|424057168|1173843422437728256|BAPU ON HINDI: 3/7 :  “Bengal and Madras are the two provinces that are cut off from the rest of India for want of knowledge of Hindustani on their part. Bengal, because of its prejudice against learning any other language of India…”(Young India 2-2-’21) https://t.co/kKBBnSAC6p|
155659213|424057168|1173843061983432705|BAPU ON HINDI: 2/7 : “Little does anyone know that almost all the Tamils and the Telugus living in South Africa can carry on an intelligent conversation in Hindi.”Young India (16-6-’20). #HindiImpostion #HindiDiwas https://t.co/sQ7nDWpSdU|
155659213|424057168|1173842570415243265|BAPU ON HINDI: 1/7 “I have greatest faith in Dravidians some day taking up Hindi study seriously. If an eighth of the industry they put in mastering English were to be devoted to learning Hindi, instead of the rest of India, remaining a sealed book to them, (Young India 16-6-’20) https://t.co/Ylcoe3pT5n|
155659213|424057168|1173842042004197376|HINDI: In conversation with Mahatma Gandhi https://t.co/2VGnumF2wR #HindiDiwas #HindiImposition|
155659213|424057168|1173207658549002241|@NAN_DINI_ Such frauds Liberals hoist on us. Such treachery. Poora hamaam he ganda hai|
155659213|424057168|1173206352308473857|@dhume NYT|
155659213|424057168|1173206279726125056|@dhume NYC peddlers|
155659213|424057168|1173125906937737216|Do we still need credentials of Romila Thapar? Her silence on bogus Aryan Invasion Theory which we were made to mug in schools is in tatters. But when have these fakes been decent enough to admit their agenda? https://t.co/SZf29EwPv2|
155659213|424057168|1172865172215451648|@DeShobhaa If your prose doesn’t shock u, nothing would|
155659213|424057168|1172864365059399686|@Voice_For_India This is worth mulling.|
155659213|424057168|1172863986016014342|@RitumoudgilRitu @ExSecular @saket71 @GitaSKapoor Yes, own up her work even though their progeny deserve neglect|
155659213|424057168|1172863571518095360|@devduttmyth Brave are those who have many fathers but would treat it as myth.|
155659213|424057168|1172862821589114880|@sanjeevsanyal Aurangzeb’s words on Shivaji must be read aloud to our treacherous Historians and they be asked why Shivaji and Maratha empire find little mention in our text books.|
155659213|424057168|1172860634561531904|@swati_gs Good on u Swati. Liars must not be allowed to get away with lies.|
155659213|424057168|1172838257614131202|Joe Denly gets hit in the box so often it’s some wonder he has managed two kids. https://t.co/958yK0xcyP|
155659213|424057168|1172436945202368513|My piece in Medium: Gadkari has shown a mirror to We-the-Dodgers of traffic rules https://t.co/BeVXMSEsL1|
155659213|424057168|1172432262664577024|Gadkari has shown a mirror to We-the-Dodgers of traffic rules https://t.co/ldJcNOdUC1 @nitin_gadkari|
155659213|424057168|1172432215793270785|Gadkari has shown a mirror to We-the-Dodgers of traffic rules https://t.co/ldJcNOdUC1|
155659213|424057168|1172432200962232321|@NAN_DINI_ @INCIndia well said|
155659213|424057168|1171709067649155073|My piece in Medium:  Iran feels let down by India and rightly so https://t.co/3IzZc2S9Dm@Iran_in_India|
155659213|424057168|1171708069828382722|Iran has shown it can’t wait for India interminably.  It doesn’t want to be a minor player in India’s diplomatic games. It’s a perfectly legitimate response given how Iran and its’ proud people are waging a war for survival.https://t.co/bE5NKja2tY@Iran_in_India|
155659213|424057168|1171706944656011264|Iran feels let down by India and rightly so https://t.co/bE5NKja2tY @Iran_in_India|
155659213|424057168|1171583407966437376|URMILA MATDAONKAR RESIGNS FROM CONGRESS: aaye bhi woh, gaye bhi woh, khatam fasana ho gaya!. Election tourists.... https://t.co/TcNczZf4sA|
155659213|424057168|1171255862158999552|@devduttmyth @MrMohanty12 And why do u think u shouldn’t be reported to @Twitter ?|
155659213|424057168|1171255445228408832|Isn’t ⁦@htTweets⁩ being clever by half? So next time, Madarsa student maims child; Muslims vandalize temple in Chandni Chowk; Muslim family kills father for resisting molestation of daughter...What has crime to do religious or political affiliations? Shame https://t.co/C8sxdGBsRU|
155659213|424057168|1171244328263417856|@devduttmyth Reminds me: I fit into my suit, my suit fits into my suitcase so I fit into my suitcase.|
155659213|424057168|1171244083836116992|Rusi-Hindi bhai bhai 2.0 has been set in motion https://t.co/nSa0sgot2Y|
155659213|424057168|1171229825375227904|@ArvindKejriwal is throwing ads with his image in newspapers as if it is nobody's business. He doesn't realize that his photo would actually hurt AAP's cause given how discredited he is in everyone's eyes.|
155659213|424057168|1171227721352937472|For decades our sham Lutyens Media didn't care a fig about North East. Now everyone is losing shirt on N-E. Kuch sharm hai ki nahin.|
155659213|424057168|1171092280783953920|@devduttmyth No sir, we can only live in Devdutt Times. Aap he se shura, aap hi pe Khatam.|
155659213|424057168|1171091058421198853|Iranian authorities take down anti-India posters outside Pakistan consulate in Tehran, call them ‘Undiplomatic tactics’ https://t.co/4UCXoL66DC via @opindia_com|
155659213|424057168|1171090527208427520|Imran Khan, great embarrassment. Sri Lankan players refuse to tour Pakistan.  The nation is truly pariah.https://t.co/8KNLSNoQzs|
155659213|424057168|1170936948073984002|Why Iran need be cherished and defended https://t.co/WzXw6CrRIN writes @AndreVltchek , a shining light against Liberal narrative. @Iran_in_India|
155659213|424057168|1170936165819547648|Why Iran need be cherished and defended https://t.co/WzXw6CrRIN writes @AndreVltchek , a shining light against Liberal narrative.|
155659213|424057168|1170871550809006081|“About 250 militants are active in J and K”- Dilbag Singh, j and K police chief|
155659213|424057168|1170871149061787653|We haven’t fired a single bullet in over a month of clampdown, says J and K police chief Dilbag Singh|
155659213|424057168|1170869852833140736|Restrictions have been lifted in 93 police stations—only 13 are left with restrictions, says J and K police chief, Dil after Singh|
155659213|424057168|1170565106377211904|Time to list out the success of Chandrayaan-2 https://t.co/CzxBAqS8pJ @PrinSciAdvGoI #ISRO #ISROweareproudofyou #ISROMission|
155659213|424057168|1170549347487866881|@Swamy39 so sad|
155659213|424057168|1170269174389563393|In Medium: The Hindu join hands with BBC: What’s your response? https://t.co/08V0V4hFZU|
155659213|424057168|1170266290918809600|The Hindu @the_hindu joins hands with BBC @bbc : What’s your response? https://t.co/i16sCEneqJ|
155659213|424057168|1170174916378816512|@KushwahLalitesh @ravishndtv @KapilMishra_IND @ashutosh83B of course he is one of your tribe.https://t.co/9VKLHtRes7|
155659213|424057168|1170173409172414465|@devduttmyth Spoke too soon, I guess. But I understand: foot in mouth disease is no longer a myth among its practitioners. https://t.co/mmJGUhJe1V|
155659213|424057168|1170172679980122112|U must read @yashwantsinha in @IndianExpress today. It’s such a bogus piece on Nehru-Patel. Why the man is keen to make a spectacle of himself? It can’t be money-most likely to remain in news. Pathetic. https://t.co/Fmdw42VHrq|
155659213|424057168|1169856647373574145|My piece in Medium: Barkha Dutt’s bizarre rant on P. Chidambaram in Tihar Jail https://t.co/MPZ9L9eaUE|
155659213|424057168|1169852819995672580|Barkha Dutt’s bizarre rant on P. Chidambaram in Tihar https://t.co/G3XUMl7Zyu|
155659213|424057168|1169756477889761280|My piece in Medium: Plastic, plastic, plastic: Stop this madness https://t.co/7MXb3mhKsL|
155659213|424057168|1169751982103384064|Plastic, plastic, plastic: Stop this madness https://t.co/f4Gji1muC2|
155659213|424057168|1169488901720829952|Farmers’ suicide: Latur offers us an insight https://t.co/7vpekmqP8N|
155659213|424057168|1168770495946215424|@Shehla_Rashid Ullus don’t|
155659213|424057168|1168765488542842880|@anirbanganguly @thesuniljain @narendramodi And they would never say a word on what their most famous editor Arun Shourie wrote about Thapar and gang in his “Eminent Historians.”|
155659213|424057168|1168765088066465792|@thesuniljain @anirbanganguly @narendramodi Being naive is better than being stupid|
155659213|424057168|1168737796028153857|@thesuniljain @narendramodi problem is u have likely  not read Thapar. You also might be of to tribe which doesn’t like being questioned. And bringing in @narendramodi certainly shows u a true Express-ian. If nothing read ur famous editor Arun Shourie and his “Eminent Historians.” Treat it as ur education.|
155659213|424057168|1168718140248772608|Such is outrage in @IndianExpress on Romila Thapar being asked CV by JNU that it has today penned an editorial! What is this entitlement business? The newspaper should read its most famous editor Arun Shourie book “Eminent Historians” and known the lies of Thapar. https://t.co/gHBw1TXbQy|
155659213|424057168|1168714956209999873|“I am 74. Please don’t send me to Tihar,” pleads Chidambaram. So why do the bravado of raising hands and showing thumbs up? Why don’t act ur age and be sober, not juvenile. https://t.co/1IreXLhcnA|
155659213|424057168|1168470058084880385|@ShekharGupta Middle Finger sir. Ideally of both hands.|
155659213|424057168|1168377689104760838|@ShashiTharoor Romila Thapar has done harm to India which has political equivalent of a Ghazni and Ghouri. All of them aimed to hurt Hindus and the soul of this country. She deserves worse.|
155659213|424057168|1168367385650221056|@viveksinha28 Sir I am sorry|
155659213|424057168|1168362235409731584|@viveksinha28 Said to a friend-that’s how friends speak in Lucknow-Kanpur|
155659213|424057168|1168333302438055936|@viveksinha28 Sorry Vivek, बहुत घटिया है ।|
155659213|424057168|1168152903992799232|@Iyervval Western media was hand in gloves all along|
155659213|424057168|1168152177996468224|@Iyervval Yes. I have a book on it; How United States Shot Humanity.  https://t.co/0Z6bFTZR7F|
155659213|424057168|1168150245621915648|@Iyervval It wasn’t Kosovo. TV station in Belgrade was bombed|
155659213|424057168|1168117751447113728|@ShekharGupta @S_kritika Some wipe out country. Others use pen to distort country.|
155659213|424057168|1168116299836166145|@ShekharGupta @Ahmed1Hilal This is a classic attempt to spit on the sky. As stupid as it gets. Hollow, mean, below-the-belt piece. Only helps @arifmohammadk|
155659213|424057168|1168114505596854273|Indian Express has a myopic view on Kashmir which is contrary to majority in this country? Who do they speak for???https://t.co/zTSmVj5CWm. @narendramodi @AmitShah @DrJitendraSingh @smritiirani @rsprasad @MVenkaiahNaidu @BJP4India @RSSorg @RatanSharda55|
155659213|424057168|1168088808828440576|My piece in Medium: Indian Express unearths new ‘star’ to peddle agenda on J &amp; K https://t.co/FuZVHC3yrG|
