155659213|10432632|1177436642291793925|She doesn’t even mention which trees will be planted. How can she say that bio diversity will be affected? How scientific is that?|
155659213|10432632|1177436639917854720|There is no science in the letter written by Leo Saldanha to @LeoDiCaprio, on behalf of the environmental support group. I don’t really know if the group really supports her on this.|
155659213|10432632|1177230976797138945|#rust 1.38.0 is here - https://t.co/hnfTVGv7Go|
155659213|10432632|1177226732559974405|This is called a "quine". Read more https://t.co/8T8fhRpN93|
155659213|10432632|1177226374936793088|This line of code prints itself in #python console:      s='s=%r;print(s%%s)';print(s%s)|
155659213|10432632|1177183670571917312|Great work. 👏👏👏 https://t.co/OHqXnW7aB7|
155659213|10432632|1177183341243580416|Forgot to tell you guys. My Dadi’s favourite food is best food. I had it today. I love this tradition of ours. I hope our grandchildren also remember us as we do. #shraadh|
155659213|10432632|1177178024648871936|@pragsrats I don’t really know. 😄|
155659213|10432632|1177160925020704768|@pragsrats She was invited in the Oscar committee. Her father congratulated her on Twitter a few months back.|
155659213|10432632|1176909448410845185|@JaiShriRam2002 True|
155659213|10432632|1176907943570132992|Is the hype cycle over?|
155659213|10432632|1176907757829541888|Actually @reliancejio doesn’t have an unlimited high speed plan. Highest plan is limited to 5000 GB. After which the speed downgrades to minimal.|
155659213|10432632|1176906979622576128|#JustNoticed the higher plans of @Airtel are actually much cheaper than @reliancejio. https://t.co/34Kb5t8Ykn|
155659213|10432632|1176896937468952577|The Highest Suicide Rate in the World https://t.co/Uv4eHPadto|
155659213|10432632|1176462546657611777|I created an @instagram account for user community. Instagram blocked the account in 5 mins for violating terms. God only knows which terms... sad state of automation.|
155659213|10432632|1175999672344666113|@sudhakarjpr @narendramodi @MrRawal Superb. https://t.co/BaXJh5CV9E|
155659213|10432632|1175404271430320129|@vaibhavgoswami I am still an emacs user. I use themes. :-)|
155659213|10432632|1175305598524477440|@shekhartwt @MTNLOfficial @NPCI_BHIM @rsprasad Check with Paytm app. Check where is the problem. The image or Bhim App.|
155659213|10432632|1175099095351824384|@raggedtag Probably it was https://t.co/YhFyKjs5iu or may be https://t.co/Rn2scgk1KR. Don't remember exactly. But https://t.co/p4Hppso7dY was my primary address for a long time before moving to https://t.co/oynxdCXmRu.|
155659213|10432632|1175098377656135680|`import antigravity` on python console. Fun!|
155659213|10432632|1173834636629168128|A tight slap on the culture of "Free". This is Lucknow. Thank you @swiggy_in for giving equal opportunity to the hard working people. https://t.co/x9KLF2kltI|
155659213|10432632|1173831149858111488|@SandeepN9NE Thank you Sandeep ji.|
155659213|10432632|1173831009692897280|@opj70 Thanks you ji.|
155659213|10432632|1173721990135336960|@dhaval241086 Thanks a lot Dhaval ji.|
155659213|10432632|1173721739219496962|@niti_ish Thank you Nitesh ji.|
155659213|10432632|1173721660240756736|@jangid_india Thanks a lot Shiva Bhai.|
155659213|10432632|1173721536135487489|@Kapilagr26 बहुत बहुत धन्यवाद कपिल जी|
155659213|10432632|1173721402978914304|@_jitendra_rajpu Thanks a lot ji|
155659213|10432632|1173721301548056576|@Shekhar_Chahal_ @nishant_india Thanks you Shekhar ji|
155659213|10432632|1173721108844990465|@iGyanendraGiri बहुत बहुत धन्यवाद ज्ञानेन्द्र जी 🙏|
155659213|10432632|1173720956029681665|@DILIPKUMAR9990 Thanks a lot ji.|
155659213|10432632|1173720867664060416|@siddarthpaim Thanks a lot Siddharth Ji|
155659213|10432632|1173720720087474176|@KumarTaran Thanks a lot ji|
155659213|10432632|1173720628760760320|@SonunigamsingH बहुत बहुत धन्यवाद सोनू जी।|
155659213|10432632|1173720395658039297|@Truptisarpate Thanks a lot Trupti ji|
155659213|10432632|1173720254775644160|@Shivam_h9 @nishant_india Thanks a lot Shivam Bhai. 😊|
155659213|10432632|1173720142653427713|@meshivamahuja Thanks a lot Shivam ji.|
155659213|10432632|1173720028652298242|@ivivekbansal Thanks a lot Vivek ji.|
155659213|10432632|1173719938025938945|@raggedtag Thank you thank you. 😊|
155659213|10432632|1173719834145636352|@mystiquememoir Thank you ji 🙏|
155659213|10432632|1173719682295054336|@impreetsbakshi Thank you Impreet ji. 🙏|
155659213|10432632|1173719559301255168|@praveeniitd Thank you Praveen Bhai. 😊|
155659213|10432632|1173719418846629889|@BeingAmanPandey Thanks you ji.|
155659213|10432632|1173719199656529921|@iSanjuktaP Thanks a lot Sanjukta ji. 😊|
155659213|10432632|1173719036393246721|@Punitspeaks बहुत बहुत धन्यवाद पुनीत जी। 🙏|
155659213|10432632|1173718901437284353|@LavKrTiwari Lucky Bhai, thanks a lot.|
155659213|10432632|1173718779735371776|@SauraOdisha Thank you Saura ji|
155659213|10432632|1173718683232825344|@vikrantkumar Thank you Vikrant Bhai. 🙏|
155659213|10432632|1173718577880260609|@ippatel @nishant_india Thanks a lot Prashant ji. 🙏|
155659213|10432632|1173718405867696128|@pragsrats @nishant_india Thanks a lot ji. 😊|
155659213|10432632|1173718282571935744|@ravibhadoria बहुत बहुत धन्यवाद जी|
155659213|10432632|1173718178624491520|@shivansh_sh Thanks a lot ji|
155659213|10432632|1173718068955996160|@iSinghVikash बहुत बहुत धन्यवाद विकास जी 🙏|
155659213|10432632|1173717927305990144|@nishant_india बहुत बहुत धन्यवाद निशांत जी। 🙏|
155659213|10432632|1173717779783880704|@iSinghApurva Thanks a lot ji.|
155659213|10432632|1170768296922079232|Dear @AWSSupport, I don't use IE or Chrome. I am a @firefox user. My other AWS accounts are working perfectly fine on the same browser, with the same card. https://t.co/qzx67mUJd2|
155659213|10432632|1170766895760338944|Dear @HDFC_Bank, you gave 15 Sept deadline for eTokens. But your iPhone app status is "Coming Soon". How are we supposed to do that? Purchase another phone???|
155659213|10432632|1170196605368061952|Cobol turns 60 and it will outlive us all https://t.co/2SIqWNhqIX|
155659213|10432632|1170077426577072128|Proud of you @isro. You have done a great job.|
155659213|10432632|1169298744497471488|@Apple Wow. Thanks.|
155659213|10432632|1168120200962527234|The Liar Paradox in English: "This sentence is not true."|
155659213|10432632|1167498488700997632|Google says hackers have put "monitoring implants" in iPhone for years. Google reported this to Apple on 1st Feb. On 7th Feb, Apple released iOS update that fixed the flaw.|
155659213|10432632|1167340576355713024|In 1965, the GE 645 mainframe computer was specifically designed to develop Multics, an early time-sharing operating system. It costed as much as Boeing 737.|
155659213|10432632|1167333129591242753|Great advancement! Carbon Nanotube Microprocessors will be reality soon. CNFETs were there but when manufactured at scale, they came with many defects. Now, this MIT research has made it possible to use traditional foundries that too without defects. https://t.co/PwqlXyENaN|
155659213|10432632|1167328490657472513|Soon, terminally ill patients would be allowed to try drugs which are under development. I guess this is win-win for all. Details needs to be carefully crafted though. There is a possibility of pharma companies misusing it.|
155659213|10432632|1167321205776379904|This is probably the reason some people are opposing the digital way. There are hidden agendas. https://t.co/PCoBZut07J|
155659213|10432632|1167319913058320384|I just became a NumFOCUS Member! Join me and show your support for the open source projects we love. @NumFOCUS #pydata #opensource #python #rstats #openscience #datascience|
155659213|10432632|1167305601870745601|.@Dropbox has a really neat way of sending emails. They fully honour user preferences. Not just in words but in spirit. Best text format for emails. All links in footnotes. Wow!|
155659213|10432632|1162437467598811136|Tamil song Illayanila which inspired the bollywood song "Neele Neele Ambar Pe" by Kishore Kumar. Amazing guitar in the end. https://t.co/wEC59JgBK1|
155659213|10432632|1161463076769583105|@raggedtag I found the reason a few months ago.  Some email clients do not show sent emails in a thread. To make it appear in the thread, this is a hack. CC to self.|
155659213|10432632|1158962853967044608|“तेरा वैभव अमर रहे माँ हम दिन चार रहें न रहें” she lived by these words all her life.  #SushmaSwaraj जी, नमन् आपको 🙏|
155659213|10432632|1158295779003363328|And this isn’t election year. No one can say that removal of #Article370 is to influence voters.|
155659213|10432632|1158289309968945153|Historical day indeed. Removal of #Article370 was the basic thing that should have been completed long back. Who are these people opposing it? Their tribe will vanish soon.|
155659213|10432632|1158288700024864768|@raggedtag Yes. When 35A was imposed, perhaps illegally, the rich people of Kashmir took about 1000 dalits from Punjab for cleaning up jobs. The population is now in the order of perhaps 50,000 families. And they cannot get govt jobs, cannot buy land, no scholarships.|
155659213|10432632|1158029083722170369|@BillGates Which software did you use to type this resume, Bill? https://t.co/w3bcxea3lL|
155659213|10432632|1153332185597804546|@raggedtag I know him. He is right.|
155659213|10432632|1153314093886914560|@sudhakarjpr Hahahahaha|
155659213|10432632|1153234160997191680|#Chandrayaan2 https://t.co/5Yu8DfIPPg|
155659213|10432632|1153233916024614912|At our office. Witnessing the great moment. Launch of #Chandrayaan2 https://t.co/kXL5tCHe24|
155659213|10432632|1153233546833645571|Great moment. https://t.co/gt22ryWKQl|
155659213|10432632|1152653772595879942|@iSanjuktaP Ignoring is best bet I guess.|
155659213|10432632|1152651395989823488|Some unknown spam-ish accounts have started following me recently. Not sure what to do. :p|
155659213|10432632|1152651027146895360|@raggedtag Do not complicate. Just reply in writing and ignore if they do not revert. Just keep the proof (post-office receipt etc.)|
155659213|10432632|1152650224596185088|New Twitter looks cool. But it will take some time to adjust. I am open to changes. So far I am liking it.|
155659213|10432632|1152247918419558400|@raggedtag Yes. Whatever you do, just keep in mind that all communications must happen in writing. Do not entertain any phone calls. This is an advice from an IT official I met.|
155659213|10432632|1151180060738519041|@raggedtag Exact same.|
155659213|10432632|1151107879077699584|Did you observe someone speaking to Alexa? Bot speaking like humans and your friend like robots … “Alexa, increase volume by 25%”. :p|
155659213|10432632|1150778962852716544|@mohanguruswamy I don’t understand this stat. Does it mean 59% wealth is owned by so called lower caste (I am ashamed of using this term).|
155659213|10432632|1150522061879566336|If you are thinking why @isro did not announce the date today. Lots of things - (1) moon &amp; earth are constantly moving  (2) co-ordination with international agencies for next available slots. (3) satellites moving in various orbits above earth…, and many more. https://t.co/ED4wfeEyRa|
155659213|10432632|1150516528070053888|Best wishes dear @isro. I am sure we'll do it real soon. And we'll do it perfectly. https://t.co/F2CywQU01F|
155659213|10432632|1150481126420443136|Live telecast will start at 2:30am. who is watching #Chandrayaan2?|
155659213|10432632|1150473134400630784|Okay. max boundaries. Eng Win. Another useless rule. #CWC19Final https://t.co/XpwtvjGlx7|
155659213|10432632|1150472761761923072|What now? Duper Over? #CWC19Final|
155659213|10432632|1150454541801754624|If anyone of you have Evite account then do change your passwords. In Feb2019 there was a data breach. Compromised ~101million accounts. Passwords (hash) and Phone numbers compromised.|
155659213|10432632|1150444710319681537|@ARanganathan72 Kitne run banaye hai usne? :p|
155659213|10432632|1150440804097253382|(A) Person enters your house and takes your money and goes away (B) Person enters your house and occupies a room, starts living. Who is a looter?|
155659213|10432632|1150435682571018240|If 1 million people watch cricket on  hotstar, and suppose the video is 24fps then the server is dispatching 24 million frames per second. HUGE. 👏👏👏|
155659213|10432632|1150321438735212544|@RanaAyyub That is possible only when roughly more than 50% people think alike…, in a democracy.|
155659213|10432632|1150319924323049472|@annausha Exactly what I said.|
155659213|10432632|1150305395652489216|@koyal19 Exactly that is what I have written.|
155659213|10432632|1150085927638728704|Actually Britishers also encouraged trade, developed roads, sea routes, ports. And Mughal had a different name for discriminatory tax - Jizya. One worked for their country, later for one religion. https://t.co/OrthYpxO63|
155659213|10432632|1150073314380931074|@Dopeenough Wow! Congratulations @Dopeenough @nishant_india Have a wonderful life. God bless you!|
155659213|10432632|1150027234943438851|😳 And it started moving. It is FOURTY-ONE-THOUSAND-YEARS-OLD; by far the oldest living animal ever discovered.  https://t.co/omxfrCUUo9|
155659213|10432632|1149745941596893185|Two failed transactions using @GooglePayIndia. But money deducted from account. This has happened with me on other wallet apps also. Traditional banks have got the trust advantage if they improve the user experience. Nobody can beat the level of trust that they enjoy.|
155659213|10432632|1148197784845201408|garfiald most of the time people don't care. Earlier they relied on coal/petrol/diesel because renewable was costly. Now they are going solar because it is cheaper.[Crosspost: https://t.co/gebwsiUkPO]|
155659213|10432632|1148184212471595008|@Thanos_mishra एथिक्स कैसे?|
155659213|10432632|1148176524714995718|You spend on food items while travelling. Under which category you put it?|
155659213|10432632|1148146754988249088|Remember friendfeed? it was so easy to connect with every service. FB acquired it and buried it.[Crosspost: https://t.co/mtHo0UdxdM]|
155659213|10432632|1148143343727083520|Marked all the emails from @oyorooms as spam because they don't verify the email address before sending booking emails. Getting so many emails for bookings that I haven't done.|
155659213|10432632|1148136259887489024|Testing crosspost from mastodon.[Crosspost: https://t.co/WaDe28Cpzs]|
155659213|10432632|1147931089312239616|My mastodon profile is here. Toot there. https://t.co/PGrw4DoYXo|
155659213|10432632|1147394849559068673|Good opportunity for @oppo to piggyback GOI’s new scheme. One Person One PAN. 😊 Thanks to @nsitharaman.|
155659213|10432632|1147260248954036224|@MODIfiedVikas Delete WhatsApp from phone. :p|
155659213|10432632|1146721765109817346|If you are using @Atlassian’s @Jira then you will definitely like this enhancement app. https://t.co/I4TNVVhabz|
155659213|10432632|1146467946153172998|@RelianceGenIn now that I cannot change the policy provider, because the last date is gone, you have sent me this. Wah! Not good. https://t.co/WSYvoLb2AQ|
155659213|10432632|1146345036918841346|Smt. Charulata Patel watched 1983 World Cup also at the Lords. That’s so amazing.|
155659213|10432632|1146289875626409984|@india131979 That can happen only when markets are allowed to decide the rate. Currently the central bank decides.|
155659213|10432632|1146287969889849344|People took costliest home loans, car loans during Manmohan Singh government of 10 years. Data speaks that he was highly overrated as an economist.|
155659213|10432632|1145803657620779009|@pragsrats Current version is not Chromium based. That is in beta. But I have checked. People will like it.|
155659213|10432632|1145803363813953536|@AnkurDhaka Current version is not Chromium based but it will come.|
155659213|10432632|1145803212764532736|@rsrikanth05 That Microsoft is already following. Moreover Google is more threatened by EU. 😊|
155659213|10432632|1145761417389232128|Hey @reliancejio @JioCare, please fix your SMTP DNS. Setup DKIM etc. https://t.co/kBIECASOg1|
155659213|10432632|1145758954326130688|Microsoft has played really well by launching Chromium based Edge browser. Now users will have no reason to install another Chrome when it will be already installed on all Windows systems.|
155659213|10432632|1145652360229711879|The stripes used to be on cricket jersey and suites on CEOs. Amazing turnaround. :-) https://t.co/KA26WyaO6R|
155659213|10432632|1145221912454295556|This is how Steve Ballmer reacted when Steve Jobs launched first iPhone.  Lesson: The world is continuously changing. Today's rules may be irrelevant tomorrow. Always stay humble, polite with your competition; however small it is. Keep arrogance at a distance. https://t.co/Is27fo7vIk|
155659213|10432632|1144885664590131200|Gab (@getongab) is going open source, decentralised and public. What do you guys say? Will it pick up?|
155659213|10432632|1144885185671864320|@Navrang @KPGBJP @TwitterIndia @Twitter Twitter has become a joke. Gab is going public and decentralised also. I hope that picks up.|
155659213|10432632|1144203326373806080|@AmitShah We must raise a memorial in Kashmir for the braves martyred for Bharat. We must dispel all misconceptions. Kashmiris are as Indian as we are.|
155659213|10432632|1142641140979552258|Congratulations dear friend @tejkaran on being awarded the Youth Icon of the year Award (for contribution to the Indian OTT industry) at Global Business Leadership forum. Jio dost Jio.|
155659213|10432632|1142471929489584128|@randal_olson An interesting observation shared by one of my readers. Especially in a population rich country like India, vaccination is mostly done by Govt using tax payers money. Hence more numbers. This could probably be generalised.|
155659213|10432632|1142367162469769218|This is actually shocking. There is a general perception that west must be having more faith on vaccines, probably because most have been invented there. Look at India. In all three visuals, they believe vaccines work 100% (almost). And now look at North America. Huh! https://t.co/VlndPvMX5M|
155659213|10432632|1142112253212155905|@_ugra_ Wow beauty!!!|
155659213|10432632|1142106923816251392|@DeepanshuNatani @ArvindKejriwal @narendramodi Winter, sorry Election, is coming. :-)|
155659213|10432632|1142102680594108418|@UnSubtleDesi @tehseenp Isn’t this contempt of court?|
155659213|10432632|1141956101912449024|@sudhakarjpr @narendramodi Superb!👌|
155659213|10432632|1141955465963642880|This is a great step to further reduce theft. Consumers whose mobile phones are lost or stolen can reach out to the DoT through a helpline number. The DoT will blacklist the IMEI number, rendering the device unusable even in case of a SIM change. https://t.co/P6nCqtSAGi|
155659213|10432632|1141763869901115392|The “cutting-pani” promo is highly impactfull. You much watch it. Thanks @radiocityindia for making it. #savewater|
155659213|10432632|1141754640767152128|Much awaited. This will further reduce India’s reliance on other countries, especially in defence -&gt; Govt initiates ₹45k-cr programme for building 6 submarines under Project 75-I https://t.co/rnrNBA3wAV|
155659213|10432632|1141583203351707648|The Microsoft Edge browser built over Chromium (still in beta) looks exactly like Google's Chrome. But I am sure there will be subtle differences to make it compatible with various windows specific services. And yes, it works on macOS also. https://t.co/OuzWx8XrsG|
155659213|10432632|1140236957307379712|Bad luck. He is out.|
155659213|10432632|1140236837606178819|Dhoni as usual rotating strike to give set player more chances. 👌 that’s why I like him. Never played for himself. He is a team man.  #IndiaVsPakistan|
155659213|10432632|1140235666594230274|Md. Amir has three overs left. No worries. His econ will burst now. #IndiaVsPakisthan|
155659213|10432632|1140234646577278976|@nailainayat Are you serious? 😳😂|
155659213|10432632|1139738615519444993|Amazon will have 1.22 lakh new delivery agents by FY20-end. This is such a massive recruitment drive. https://t.co/oOe6l01skE|
155659213|10432632|1139214596328177664|This is incredible news after vacations.|
155659213|10432632|1139214442464342021|Our own space station. Wow! This big.  https://t.co/gH262VssLA|
155659213|10432632|1138028636538204160|@DeepanshuNatani Services can be more precise if the govt have data. If a particular locality has more combined wealth then there are chances of extortion fraud in the area. Likewise on many other factors.|
155659213|10432632|1137992957603209221|@DeepanshuNatani It is not possible to not get benefitted from govt in one or the other way. Even if we are not using welfare schemes, then also we get things like roads, police, drinking water etc. Govt need data for planning. But how this can be done… that’s a big Q mark.|
155659213|10432632|1137987360887468032|Government should actually find a solution to share data in an untrusted environment. For welfare schemes, govt need anonymised localised statistical data. Can we think of something on these lines? @PiyushGoyal Sir, technology can definitely be of help.|
155659213|10432632|1137987357477548033|Personal data can definitely be used for welfare schemes. But people are actually scared of misuse of the data. What if the data lands in an extortionist’s hand? From top to bottom there are so many people in the system. How will we find the leakage?|
155659213|10432632|1137987353681653760|I was reading one news where Minister @PiyushGoyal was quoted as saying that govt must have sovereign right over even the personal data of its citizens. This needs a little more elaboration.|
155659213|10432632|1137969574224121857|@preetkingrocks @Airtel_Presence @airtelindia How do these spammers get the bulk messaging numbers in India?|
155659213|10432632|1137640272928526336|Some designers are using HSL() instead of RGB() for color settings in CSS. I have tried to explain why. I hope, even the non-programmers would understand it. Do read “Colors of Web” https://t.co/vfim65KKKm on @LinkedIn|
155659213|10432632|1137399164143190016|@amaresh4 Ok.|
155659213|10432632|1137387696198807553|@amaresh4 Office me to nahi lagte:-)|
155659213|10432632|1137344397878554625|Some of these things are taken for granted here. This is a job description. Notice specially the “Free drinking water”. https://t.co/QWF17BySw7|
155659213|10432632|1137321078752129025|@HimanshuMessage If we have a decisive leadership then there is no question of allowing or disallowing. Secondly, coal has many uses. One of them is medicines. We will stop importing it as well.|
155659213|10432632|1137313353750081536|@upma23 Generally, there is a misconception that diesel means heavy duty and electric  means fragile. I have seen 50T mining cranes that run 8 hrs on battery. I’ve seen it at Khetri mines.|
155659213|10432632|1137310230910423040|@pragsrats On longevity, it again depends on the quality of electric and electronic modules. I have seen electric motors still running in farms after 15 years. A 40yr old refrigerator is still functioning at my home. An electric car will be like that.|
155659213|10432632|1137309049400090624|@arundahiya @pragsrats That’s true as of now. In future, the charging stations will rise and supply of traditional fuel will reduce. Government of India is thinking of rolling out plan for all electric commercial in 2027. I am sure there is something in store.|
155659213|10432632|1137307266766426112|@upma23 Besides that just think of 1T, 2T, 3T (tons) trucks. Some of them burn a litre of diesel every kilometre.|
155659213|10432632|1137306453260115968|@pragsrats Hybrid is a stopgap arrangement. Electric vehicle is like a gadget. I will always prefer the later. The other aspect that we haven’t yet discussed is noise pollution. Electric is almost noiseless.|
155659213|10432632|1137303215723016192|Vehicle owners buying electric is a good investment. Why? Because 10 yrs old diesel vehicles are not allowed to run at many places. Electric vehicles doesn’t have any such restriction. Imagine investment of ₹1 Cr. in purchasing a commercial Volvo truck. It’s useless after 10yrs.|
155659213|10432632|1137303212308873216|Electric vehicles are not any less polluting. It’s the source of electrical energy that makes the difference. At present, it is mostly coal. But eventually we will move towards green energy.|
155659213|10432632|1137298572930453504|@abdulla_shahid @ibusolih @narendramodi Thanks you @abdulla_shahid for this honour. India Maldives will remain best friends. World will see it in the times to come.|
155659213|10432632|1137067621046579200|iOS performance is also low when you switch its system language to Hindi.|
155659213|10432632|1137041970335866880|Volunteering for austerity is not a common phenomenon. I really appreciate it.  https://t.co/ZC7xQp1PoS|
155659213|10432632|1137039793114607616|In iOS, you miss a lot of features if your system default language is non-English. ML driven typing suggestions don’t work; at least for Hindi. It works fantastically for English.|
155659213|10432632|1137029790890807296|What a sight it will be! Jupiter will be so close to us in the middle of this month that we will be able to see its bigger moons with a simple 10x telescope.|
155659213|10432632|1136968795958857728|The one in the front is carrying a land-mine detector. Tells how much risk our jawans take to make us feel safe. #salute https://t.co/XSscUep4S0|
155659213|10432632|1136902466388127744|Next purchase. These cylindrical magnets for my toy collection. https://t.co/8EFaIpEiDZ|
155659213|10432632|1136839493510520833|@OpIndia_com That should rest the debate over her citizenship.|
155659213|10432632|1136838228693082113|@bhootnath Both, average and median, are equally flawed. If there is clustering which is far from centre then median represents nothing. Even mode is flawed, it’s like democracy 😄.|
155659213|10432632|1136751538301308928|@raggedtag Nandy blindly follows that as well. Anything from the US. 😂🤣|
155659213|10432632|1136746227872124928|@TiwariNivedita The book exposes the colonial britishers.|
155659213|10432632|1136732672133255168|@upma23 Yes this is a normal practice. Our delegates also do the same. Not in China though. There is no opposition there.|
155659213|10432632|1136725396576038912|Alone: The decline of the family has unleashed an epidemic of loneliness. | City Journal https://t.co/dHodWFFSef|
155659213|10432632|1136716252087345152|Finally, physicists are debating that the universe (ब्रह्माण्ड) had no beginning (अनादि). Ancient Indian scriptures also say that there is no end as well (अनंत). Here is a link to the Quantum Magazine article - https://t.co/T9ITQ3iy1a|
155659213|10432632|1136335434907234304|Not just Delhi, today’s incidents are from @GautamGambhir’s constituency. Not sure why he was more interested in Gurgaon case and is silent today.|
155659213|10432632|1136334267099652096|As a matter of fact, I always wait to see at least a video proof before commenting on any incident. @GautamGambhir was too quick in the Gurgaon case. But he is free to comment today. So many videos are circulating. That too from Delhi, his state.|
155659213|10432632|1136320353091825664|There are situations when you want to react. Hold. Plan. Execute.|
155659213|10432632|1136315711595266048|@siddarthpaim @AmitShah @HMOIndia @DelhiPolice I wish @DelhiPolice concludes this ASAP. Some of the perpetrators are clearly visible in the video.|
155659213|10432632|1136314702839963650|Very disturbing pictures from coming from New Delhi today. So much destruction of public property in the name of festive celebrations.|
155659213|10432632|1136245417681625088|@yogeshkalwar Yes|
155659213|10432632|1136241950573486083|@vaibhavgoswami That's another big challenge. People measure performance of a university by the package. Universities face this. I went to a very good university few years back. Good facilities, great teachers, but bad placement. Eventually they resorted to filling up seats anyhow.|
155659213|10432632|1136237745536286721|With all due respect to the great university, @MIT, I would like to suggest them that they should probably conduct an entrance exam for international students in countries from where they generally get students. Make it easier for aspiring students.|
155659213|10432632|1136237742944165888|And I am not talking only about Indian students. I was watching an MIT OCW lecture. I observed that the level of questions from students is same as what we generally see in India.|
155659213|10432632|1136237740368941060|Do you know what is the fundamental problem with the students today? As I've noticed, there are very few who have that inherent desire to learn; to learn how things actually work.|
155659213|10432632|1136211323740667904|Adding a number or piece of punctuation at the end doesn’t make your password stronger.|
155659213|10432632|1136211320968056832|Don’t use common number patterns like 111111, abc123, or 654321.|
155659213|10432632|1136211318166310912|Don’t use a single word like sunshine, monkey, or football. Using a phrase or sentence as your password is stronger.|
155659213|10432632|1136211315670732800|Avoid favorite sports teams or pop culture references. Use something more obscure.|
155659213|10432632|1136211312755658752|Switching a letter for a symbol (p@ssw0rd!) is an obvious trick hackers know well.|
155659213|10432632|1136211309865840640|123456 and password are the most commonly used passwords. Don’t use them.|
155659213|10432632|1136210970546647043|100 Worst Passwords of 2018. Don't use any of these. https://t.co/qbLDaY8mfx|
155659213|10432632|1136197055125176320|See if you’ve been part of an online data breach. I insist that you bookmark @firefox's Monitor tool permanently - https://t.co/iHTzoLV1N0.|
155659213|10432632|1136178647394480129|@iAmJigarC @VodafoneIN @TRAI If he cannot give his email-id correctly then I doubt he knows what it is.|
155659213|10432632|1136173040213999616|Hey @VodafoneIN, even after so many calls, emails, and twitter DMs, you cannot fix your system. I am still getting emails for this number which is not mine 8058053001. I am afraid, I'll have to approach @TRAI, for a fair resolution.|
155659213|10432632|1136163809658253312|@mihirm Exactly.|
155659213|10432632|1136161315804704768|@mihirm Just read that the zsh is more compatible with Bourne shell (sh). And that’s the reason for choosing zsh over Fish.|
