155659213|91793807|1177652260412649472|Kudos @mepratap 👏 https://t.co/Ost4kiyDKk|
155659213|91793807|1177641634965540865|@NarenMenon1 He is not learning anytime soon!|
155659213|91793807|1177640920566521856|Message For Turkey? Modi Meets Leaders Of Armenia, Cyprus After Erdoğan’s Pro-Pakistan UN Speech On Kashmir  https://t.co/Bd4mxbyqyQ Hehehe!|
155659213|91793807|1177640585546457088|What Ails Karnataka Tourism And How It Is Being Fixed https://t.co/X4fTiFVxcO|
155659213|91793807|1177551818068389889|Population Control: Kerala Numbers Show Why Official Definition Of TFR Will Not Work In India https://t.co/Po0FUj59gk Must read piece.|
155659213|91793807|1177490845697601536|@NarenMenon1 Terrible! How dare they make the yatra possible when yatra is supposed to be next to impossible?|
155659213|91793807|1177489955980861441|Oh o. Don't they know they are not supposed to do that?! https://t.co/4az2jLL9EV|
155659213|91793807|1177175350775877632|Mass report that retributions poll tweet.|
155659213|91793807|1177125721149530112|@hamsanandi @pradeepaj @myshanks @nirbhaavuka Almost every major place fell ill post vijayanagara. It pains to see 1800s pics of temples. Perhaps, fall of vijayanagara devastated the economy so much so that as a society our ancestors couldn't invest in temple management. Lesson: only a sustained Hindu rule will save temples.|
155659213|91793807|1177123142805991424|Will get a befitting response from Modi sarkaar. https://t.co/cNVULHvq5I|
155659213|91793807|1176894472279474176|Undoubtedly the best CEO India has ever had. https://t.co/NlVB2CSDDp|
155659213|91793807|1176891626553319425|This informative thread: https://t.co/vo1891967W|
155659213|91793807|1176827155487121414|Varaha, Varuna 🙂https://t.co/w2LAzzroDU|
155659213|91793807|1176822416011681793|Tradition of shipbuilding not new to India: Rajnath Singh https://t.co/FEsxKETIyu Indian Coast Guard ship, Varaha, built by L&amp;T commissioned.|
155659213|91793807|1176732900382978048|@sndpmysuru ಅಂಡ್ ಬನಾನಾ ಫ್ರಮ್ ಫಿಲಿಪಿನ್ಸ್.|
155659213|91793807|1176732587466690560|ಮಗ ತಪ್ಪು ಮಾಡದಿರ್ಲಿ ಅಂತ ಆವಾಗ್ಲೇ ದೇವರ ಮೊರೆ ಹೋಗಿದ್ದಿದ್ದರೆ ಈವಾಗ ಈ ಗತಿ ಬರ್ತಿರ್ಲಿಲ್ಲ. https://t.co/9XkGBRiIHO|
155659213|91793807|1176544291423948801|Now we know who's the speech writer of Trump. #AmrutaFadnavisZindabad https://t.co/cHXmjHYHXQ|
155659213|91793807|1176503546650472449|@sidspin @amargov Indeed. See here: https://t.co/8EWjvAz3sJ|
155659213|91793807|1176414038487523328|@Ugra_narasimha 😀|
155659213|91793807|1176412929421381632|@Ugra_narasimha Is that a compliment?|
155659213|91793807|1176389199206998016|@Themangofellow hangenaadru aadre nimge treat koDisteeni.|
155659213|91793807|1176389038946881536|@bhatinmaai Am surprised too. But this is what the minister said:".. also said that over 50,000 temples have remained defunct over the years, of which some are destroyed, while in others the idols were defaced. A survey will also be done regarding that."|
155659213|91793807|1176387291029413889|@shaileshkpandey LOL!|
155659213|91793807|1176384376596246528|The terrible part of Azim Premji University, apart from the being private JNU, is that the univ name is officially written in Comic Sans. 🤷🏻‍♂️|
155659213|91793807|1176380913195917312|A govt, after decades, has shown the will to bring kashmira back to hindu fold. As a key step, they will now be surveying 50,000 temples and planning to consecrate them again. But the outrage brigade has already started crying foul over 'govt takeover' of temples. 🤷🏻‍♂️|
155659213|91793807|1176359168200052737|Stunningly beautiful art @Sudarshana_7 🙏🏽 https://t.co/3QF3uLXsDC|
155659213|91793807|1176357234793689088|@Themangofellow Yes. They want only him as VC. So do Sidda and con ecosystem.|
155659213|91793807|1176229639443886081|https://t.co/rRigIRRxc2|
155659213|91793807|1176228319513206784|@RongKalita Hmm.|
155659213|91793807|1176202212260896771|Indira is India and USSR is USA. Right. https://t.co/Dw2tOZPjgC|
155659213|91793807|1176175974515388418|@me_lds @nirbhaavuka She could have sought.|
155659213|91793807|1176175527671058433|@shwetzonly No problem 🙏🏽|
155659213|91793807|1176167447918981123|@shwetzonly No. The first image had indicated the linga-s incorrectly. I only pointed the apparent error.|
155659213|91793807|1176167031403622400|Sidda supports appointment of that bigot as VC of NLSIU. Big give away.https://t.co/pI9tvfIXrv|
155659213|91793807|1176165980835405825|@shwetzonly What nonsense!|
155659213|91793807|1176165703625428993|And why were they protesting? Pressing for appointment as VC of a bigot who writes anti-hindu anti-Indian govt. trash in publications like NYTimes. https://t.co/7UnFAFKK8q|
155659213|91793807|1176127053839704064|@rkkumar2018 @OGSaffron There are two different images of baidyanatha in internet. I would believe anyone who has had the darshan of the deity there.|
155659213|91793807|1176100068832829441|She went all the way to Tihar to meet her Ivy league accountant but did not have two minutes to spare for DK Shivakumar. Just because he is a kanndiga, a gowda ಉಲಿ? #ಒಲಾಟಗಾರರೇಎಲ್ಲಿದ್ದೀರಿ https://t.co/tOFbyKKRO1|
155659213|91793807|1176067280574267392|Preparations to reopen 50 thousand temples in Kashmir, Modi government orders survey | कश्मीर में बंद पड़े 50 हजार मंदिरों को दोबारा खोलने की तैयारी, मोदी सरकार ने दिए सर्वे के आदेश  https://t.co/cpSVx3rIgA|
155659213|91793807|1176067030765789184|Best part for me: @CTRavi_BJP's clarity on telling history as it is without the secular whitewash and his view on language tussles. Could be too early to explain all his plans for tourism but when @SwarajyaMag will visit him again in 2020, sure will hear many success stories.|
155659213|91793807|1176053127549771776|Swarajya interview of @CTRavi_BJP, the passionate Tourism and Kannada-Culture minister of Karnataka, by @bhatinmaai. https://t.co/dGt4T078z7 ನೋಡ್ರಲಾ.|
155659213|91793807|1176018483211096064|@OGSaffron kedaranatha is what is indicated as vaidyanatha and vice versa.|
155659213|91793807|1176017156561088513|@OGSaffron Please DM.|
155659213|91793807|1175836200575426560|Modiji to amreeka me bhi jio ka marketing karne lag gaye 😂|
155659213|91793807|1175834861082501120|@Ananth_Krishna_ Chances of winning?|
155659213|91793807|1175834316452126721|@sndpmysuru Hmm.|
155659213|91793807|1175833897223016449|ಹೋ ಗಯಾ ಹಿಂದಿ ಇಂಪೋಸಿಶನ್ ಕ balloon ಠುಸ್.|
155659213|91793807|1175829625106259969|@sndpmysuru ಅದು ನಿಜವಾದ ರುದ್ರಾಕ್ಷಿಯೇ?|
155659213|91793807|1175771064544256000|Maharashtra 2019: Time Has Almost Run Out For Opposition To  Counter Brand Fadnavis. By @c_aashish. https://t.co/p0l4ngNiyo The opposition seems to have conceded the defeat already. Fadnavis has changed the Maha political scene for good which will last for a long long time.|
155659213|91793807|1175757337136717824|🤷🏻‍♂️ https://t.co/cIBVMSAdfx|
155659213|91793807|1175688912846622721|@NarenMenon1 @GuruprasadGudi @NewIndianXpress @lotophagus @PrabhuChawla Used to make a lot of sense once upon a time. What a fall.|
155659213|91793807|1175366682690433025|uDtaa teer.. https://t.co/rDLlNwssuT|
155659213|91793807|1175362162124099585|@KaranjaExpress @Dev_Fadnavis kutte ka poonch.|
155659213|91793807|1175356878072795136|A confident and articulate @Dev_Fadnavis. Do watch this: https://t.co/zvVH2lWmmB|
155659213|91793807|1175338236962660352|Look at the brighter side. The 'myth(ology)' that the Mahabharata was for the seculibcommies will now be 'history' and the event of Yudhiṣṭhira's existence is now as true as Ashoka's. 🤷🏽‍♂️ https://t.co/kkGtxq6H0q|
155659213|91793807|1175276581364912128|Stalin Dayanand. The name's enough. https://t.co/pQnaPVGE0X|
155659213|91793807|1175273487281336321|cc: kanglish news channels https://t.co/ynZ6fKebTp|
155659213|91793807|1175190385569800192|LOL! Read, read. https://t.co/eH4CbkgDFl|
155659213|91793807|1175122447026282500|🙄 https://t.co/rSRtgDGWex|
155659213|91793807|1175107073425780736|@SuitecaseSwamy ಏನಿದು ಸರ, ಮತ್ತೆ ಕಮಲದವರ ಜೊತೆ ಮೈತ್ರಿಯೇ?|
155659213|91793807|1175076766832091137|airāvatēśvara temple, dārāsuram. https://t.co/zjK2LQCZdj|
155659213|91793807|1175049950058688514|@NarenMenon1 @nramind Lol|
155659213|91793807|1175035555677134849|cc: @nramind https://t.co/m82TOrh4FH|
155659213|91793807|1175029543574417409|@sureshaputra https://t.co/4UVH3jCbrs|
155659213|91793807|1174994455532888064|@sureshaputra https://t.co/A3EyGOcZHM|
155659213|91793807|1174993024860020736|@sureshaputra Is he even an actor? He's a proper naxalite.|
155659213|91793807|1174962612322234370|@athri999 https://t.co/msR5EE7aD4|
155659213|91793807|1174960357325950976|What's with filmi morons suddenly becoming environmentalists? In Maharashtra, in Telangana, in TN. Hope Karnataka is spared.|
155659213|91793807|1174948094233866241|This thread. https://t.co/iGHkxQM2iM|
155659213|91793807|1174935633615192066|Puri Demolition Drive: Many Questions Remain Totally Unanswered https://t.co/GM5Aup4kyL|
155659213|91793807|1174933194010836992|@gandabherunda @aamadmo @vishchan 🤦🏻‍♂️🤦🏻‍♂️|
155659213|91793807|1174931260394762244|😀😀 https://t.co/s2VrUtulXZ|
155659213|91793807|1174924916585484289|@SrinathHnp ಎಕ ಗುಂಪಿನ ಅಮಾತ್ಯ.|
155659213|91793807|1174924581624147969|@pvaidyaraj Saw one of your tweets from 2015. Terrible.|
155659213|91793807|1174922887993516037|@vishchan On the ground activities must have kept him busy.|
155659213|91793807|1174770062311534593|@biscuit_rotti Because he believes this is his land and we Aryans are forcefully occupying it.|
155659213|91793807|1174769088603852803|He was well connected to lutyens through PiDi Satish. https://t.co/2zG2zXygGx|
155659213|91793807|1174768744637390850|He's the leading light of orangutans and was always (and still is) opposed to sanskrit, hindutva, india and anything related to them. https://t.co/nBt7ejTcdl|
155659213|91793807|1174762524190941186|There is a guy called Kiran Batni. Provides some unique leadership to kannada lemurs. Has written a book on corruption where he concludes that the practice of corruption was started by Aryans &amp; was brought to South India along with their language. PChidu &amp; DeeKeShi fully agree.|
155659213|91793807|1174691536682082304|Gujarat govt not to issue permits for new thermal plants https://t.co/bVClICGp2I|
155659213|91793807|1174686879175913473|This #AareyForest is the Rafale of Maharashtra. Bogus, created by the connivance of liberals and media, and will die as soon as Dev Fadnavis returns as CM.|
155659213|91793807|1174646919756427264|@SomaariSiddha You are right. https://t.co/OYLwvMKAV6|
155659213|91793807|1174631393445457921|@SomaariSiddha No. The previous govt wanted a peripheral elevated corridor, IIRC.|
155659213|91793807|1174610189531697158|Elevated corridor project of Co-Ja govt scrapped. New modified peripheral ring road project gets nod. https://t.co/tt17vb1OVI|
155659213|91793807|1174596791247015936|He is 68 years old. 👍 https://t.co/FGjytXftIp|
155659213|91793807|1174595663658725376|Dear @nimmasuresh, better maintain status quo. https://t.co/Yb7ygoCoL2|
155659213|91793807|1174579538157813761|@haarukudure Agree.|
155659213|91793807|1174577363243425792|Five years since the mandolin fell silent. (pic via @ghatamudupa) https://t.co/kElHlF1VrK|
155659213|91793807|1174575116853923840|BBMP fails? Karnataka CM BS Yediyurappa moots board to handle garbage  https://t.co/YSVagdPNOc|
155659213|91793807|1174574294640332801|Hindi Imposition: Can We First Impose Proper Hindi On Hindi-Wallas, Please? https://t.co/c9zHuAqayz This piece by @haryannvi can be applied to almost every popular Indian language.|
155659213|91793807|1174323336412827648|@S_Sivakumar Congratulations sir!|
155659213|91793807|1173897983655587841|@sndpmysuru I will play to scare off the little one whenever he pesters me to play with me.|
155659213|91793807|1173895209631064064|@sndpmysuru I was in a meeting and obviously could not have 'enjoyed' the singing. 🤷🏻‍♂️|
155659213|91793807|1173886048256086016|😂😂😂 https://t.co/SK1FjqX4c1|
155659213|91793807|1173852743200661504|@nirbhaavuka @kshetragnya I see.|
155659213|91793807|1173565916627517440|🤣 https://t.co/u9TP6qo5Qm|
155659213|91793807|1173518744838201344|Oh dear. What have you done, @ARanganathan72! https://t.co/bmSPjofJAN|
155659213|91793807|1173517181277089792|@Nagdevaru Nonsense. That was a tweet for fun by @ARanganathan72.|
155659213|91793807|1173505069444161536|Another case of monumental corruption of JDS-Cong govt exposed, this time in irrigation projects. BSY may press for a probe. https://t.co/NUmndwLJvS|
155659213|91793807|1173501742828412928|@playstraight LOL.|
155659213|91793807|1173174831195525121|@Gold_Flake_King LOL!|
155659213|91793807|1173163744098168832|@chi_ragnarock ASI budget has been nearly tripled this time. Let's see how things go.|
155659213|91793807|1173157363370606592|@chi_ragnarock Agree. And several states are yet to even think about it. Look what's happening in odisha.|
155659213|91793807|1173153873822932993|@KeertiKusuma Don't give ideas 😀|
155659213|91793807|1173153784459071488|@Vrb1511 @AmitShah Why is a foreign language fine and not an Indian?Why not Sanskrit divas instead?|
155659213|91793807|1173132565072568321|@shettyarunK ಅದೇ ಬೇಸರ. ಈ ದೇಶದಲ್ಲಿ Content ಸಿಗಲ್ಲ ಅಂದ್ರೆ ಹೇಗೆ? ಬರೆಯೋಕೆ ಎಷ್ಟು ವಿಷಯಗಳು ಇವೆ. ಯಾರ್ಯಾರೋ journalistಗಳಾದ್ರೆ ಹೀಗೆ.|
155659213|91793807|1173131759363514368|@shubkulkarni @Themangofellow 🙊|
155659213|91793807|1173131532711661569|@sndpmysuru Honestly, there is no need to continue this Hindi day, hindi week, hindi fortnight celebrations. At least don't make it a govt event. If at all any language deserves govt efforts to celebrate, it must be samskruta.|
155659213|91793807|1173130791859249152|@Themangofellow ತಾವು ಹೇ* ತಿಂದ್ರೂ ಓಕೆ, ಬೇರೆಯವರು ಅನ್ನ ತಿಂದ್ರೂ ಅದು ತಪ್ಪು. 🤷🏻‍♂️|
155659213|91793807|1173118724238430213|En karma idu? https://t.co/iYGKPUJjjO|
155659213|91793807|1173117968949141504|@siriharusha Yes.|
155659213|91793807|1173114598683230209|@hegde_sn Yes, spreading to Karnataka also.|
155659213|91793807|1173112106612404225|It is dharma which is keeping the dEsha intact, despite the diversity of language, culture, mata, pantha, tradition. Anyone not acknowledging this and not striving to strengthen dharma will ultimately meet a terrible fate.|
155659213|91793807|1173110325845123073|Absolutely!  https://t.co/qAq70KSX69|
155659213|91793807|1173110166683881472|Lol. Exactly why no sane mind should support the current lot of language warriors. They are nothing but the remnant of periyar lemur movement. Core haters of hindu, hindu dEsha. https://t.co/zRVZtIEnce|
155659213|91793807|1173104684132970498|@Sachi_lokanna @ArmchairPseph Please have patience. Let the govt stand stable first, they will implement the manifesto promises for sure.|
155659213|91793807|1173101828621381632|@arunmeshtru ಯಾಕ್ idea ಕೊಡ್ತೀರಿ ಅಂತಾ? ಈಗ ಯಾರಾದ್ರೂ ದಿಕ್ಕು ತಪ್ಪಿದ ಮಗ ಅಂತ ಸಿನಿಮಾ ಮಾಡ್ತಾರೆ.|
155659213|91793807|1173100700651458565|Mapping of 25,000 monuments to begin soon in Karnataka.  https://t.co/VHtsCCfLAd Very good. The least that every state should do for protecting our heritage.|
155659213|91793807|1172931737086828545|No, I want Swahili as the unifying language. https://t.co/1APAIkJ852|
155659213|91793807|1172925716268236800|Largest airports by passenger traffic. https://t.co/BTifSAkzFu|
155659213|91793807|1172901848577126403|@amitprabhu @amargov @orsoraggiante @bhatinmaai @shenoymaaam which only has three sounds - vye, vye, vye.|
155659213|91793807|1172900973515350016|But have seen the worst sAmbhArs being served by tamizh restaurants. Nothing short of pAyasa. https://t.co/m9qbinnaFe|
155659213|91793807|1172841445994225664|@sndpmysuru ಮನುಷ್ಯಸ್ವಭಾವ, ಬಾಯ್ತಪ್ಪತ್ತೆ. ಹಣೆಬರಹ, ಇಂಥ ವಿಷಯದಲ್ಲೆಯೇ ಬಾಯ್ತಪ್ಪತ್ತೆ 😂|
155659213|91793807|1172837551083798528|ದಿಟವಾದ ಮಾತು. https://t.co/UkdyGKPkmN|
155659213|91793807|1172821451684139008|@KodaguConnect 18th at 00-59 you mean?|
155659213|91793807|1172806273487781889|This flyover has given in 3-4 times in last one year.|
155659213|91793807|1172806063063801856|National highway construction quality needs major improvement. https://t.co/txTgmJbXsp|
155659213|91793807|1172801513904836608|IndiaSpend Pulls Down Its Hate Tracker; Swarajya Showed It Was Strongly Biased Against Hindu Victims https://t.co/sz4RsKNsbX by @swati_gs|
155659213|91793807|1172800237607555072|@NarenMenon1 https://t.co/mfKBwAkzyp|
155659213|91793807|1172799699859988487|@KarnatakaWorld @CTRavi_BJP @kstdc @jungle_lodges @CMofKarnataka @incredibleindia Urdu proficient?|
155659213|91793807|1172798093445783557|whoa! https://t.co/02M7l427e4|
155659213|91793807|1172559795053875200|ಏನಾಗ್ತಿದೆ ಇಲ್ಲಿ? ಇಷ್ಟು ಖುಷಿಯನ್ನ ಜೀವ ಹೇಗ್ ತಾನೇ ತಡ್ಕೋಬೇಕು? https://t.co/l93dIauVI3|
155659213|91793807|1172487521676210177|@arvindneela 🙏🏽 I merely informed you that these paintings were the creation of the great yOgi. Your interest made you learn more about him. His paintings are the closest to divinity, the best way perhaps to visualize the deities in our times.|
155659213|91793807|1172434710653353984|@KeertiKusuma 😒|
155659213|91793807|1172412898796113921|@arvindneela @shadowsndust17 🙏🏽🙏🏽|
155659213|91793807|1172295763075960833|ಬಡ್ಕೋಬೇಕು! https://t.co/NZKZnXueg1|
155659213|91793807|1172222727056502784|Vultures. https://t.co/cpGk84P4Fp|
155659213|91793807|1172214971394117634|@shadowsndust17 @arvindneela Those paintings are by https://t.co/ri63dV9B23|
155659213|91793807|1172213092987691013|Sample: https://t.co/7VSRQ0qM0n|
155659213|91793807|1172212485400776704|@shadowsndust17 :) 🙏🏽|
155659213|91793807|1172203066508161027|aesthetics/ rasa is central to Hindu culture - from mantras, yantras to paintings, buildings, sculptures to food, clothing to you name it, there is aesthetics in it. To harm it, to corrupt it either by ignorance or by intent or by inability is not acceptable.|
155659213|91793807|1172201893176795136|This is a highly informative write-up on painting and sketching. The Hindu way. https://t.co/N9CzCHqrAb|
155659213|91793807|1172196582013509635|Contrast with the atrocious series someone runs here.|
155659213|91793807|1172196383752892421|Absolutely brilliant! https://t.co/l39Oki0pY6|
155659213|91793807|1172195706163081218|@veejaysai Found it :) https://t.co/jdAqGrMILc|
155659213|91793807|1172195525011152896|Krishnaa nee begane baaro by the brilliant Balamurugan and Kumaran duo.https://t.co/jdAqGrMILc|
155659213|91793807|1172187033193844737|A good primer on upcoming metro projects in tier II cities. https://t.co/FiRHKYmIG9|
155659213|91793807|1172178117378617344|@veejaysai gandharva-s!|
155659213|91793807|1172171091491663873|@veejaysai Such grandeur! YouTube link idyaa?|
155659213|91793807|1172156031784423424|@khatvaanga Self-declared hindu saviours had shifted the goalpost already.|
155659213|91793807|1172127002477912064|Swamiji said 'ಉಲಿ' but it is misreported as 'ಹುಲಿ' by @suvarnanewstv. Don't you guys have any journalism ethics? https://t.co/wIckggO3eq|
155659213|91793807|1172124002556493825|cc: @ArvindKejriwal https://t.co/HDHd1bsdMg|
155659213|91793807|1172066794724634624|Brakes on another Sidda scam in the state. Kudos, @BSYBJP. https://t.co/EQACerzsTr|
155659213|91793807|1172066418390642688|@indtravelphoto @KarnatakaWorld nah, that's surprisingly from Hampi itself!|
155659213|91793807|1172065596198068224|Murdeshwara shiva in Matturu, African elephant in bandipura. What is wrong with @KarnatakaWorld? https://t.co/NzSmOOiODP|
155659213|91793807|1171867617319149568|@shettyarunK ಯಾಕ್ ಸಾಮಿ ನಗಾಡೀರಿ?|
155659213|91793807|1171866903620608000|Unparalleled rendition.https://t.co/zUyJ5DoeKJ|
155659213|91793807|1171848179710595074|kanhaiya kumar of swamijis. https://t.co/q2C4pOKIE7|
155659213|91793807|1171764430775967744|Even Manjula in her vogue did not dance this much. ಅಂತಿಂಥ ಹೆಣ್ಣು ನಾನಲ್ಲ, ನನ್ನಂಥ ಹೆಣ್ಣು ಯಾರೂ ಇಲ್ಲ! 😂 https://t.co/VQ7xKVMOGK|
155659213|91793807|1171758260346654720|@by2kaafi Chidu supporter-aa?|
155659213|91793807|1171740924545785856|ಎಂಬಲ್ಲಿಗೆ, ಒಕ್ಕಲಿಗರು ತಮ್ಮ ಒಗ್ಗಟ್ಟನ್ನು ಪ್ರದರ್ಶಿಸಿದಂತಾಯ್ತು. https://t.co/12AdFx0gcO|
155659213|91793807|1171737445156696064|@nirbhaavuka LOL!|
155659213|91793807|1171735903385083905|😂😂😂 https://t.co/Gjdag08R8J|
155659213|91793807|1171731790387654656|This https://t.co/mJwf8OmyAn is especially important; there are vidhis one need to follow for certain scriptures. Then there are others which come with explicitly stated niṣēdha-s, not following which would earn śāpa-s. And a proper initiation from a guru is a must for some.|
155659213|91793807|1171721791737421824|An important thread. https://t.co/9GzMYhqpf5|
155659213|91793807|1171712532131831809|@sunilgadavi diTavaada maatu.|
155659213|91793807|1171675833683103745|@bhatinmaai ಅವರ ನಾಯಕನನ್ನು ಬಂಧಿಸಿದ್ದಕ್ಕೆ.|
155659213|91793807|1171675632503316480|@Ramnath_Kamat ಕವಿತೆ ಬಿಡಿ, ಬೇಂದ್ರೆಯವರ ಪೂರ್ತಿ ಹೆಸರು ಸರಿಯಾಗಿ ಹೇಳಲಿ.|
155659213|91793807|1171673850452631552|@rsrikanth05 Na. Release their master.|
155659213|91793807|1171668515667021825|@KeertiKusuma @girishalva 😀|
155659213|91793807|1171666021335404545|Kannada-activism is just a mask to run hafta collection for political masters. https://t.co/f8LGkPzIbp|
155659213|91793807|1171664253801127937|@SrinathHnp @shetty_rishab ನೋಡ್ರಿ ಯಪ್ಪಾ, @iambhoja.|
155659213|91793807|1171662719419912194|I am not a lingayata, but none of the caste leader/ swamiji made a CM's arrest and imprisonment an issue. Contrast with the current drama happening in support of an ex-rowdy, monumentally corrupt fellow. https://t.co/G15lMSpFok|
155659213|91793807|1171646379443331072|Happy Onam, dear malayali Hindus! Wish you strength to fight your battles by yourselves and not depend on mlecchas.|
155659213|91793807|1171521301426475010|@ShrikaanthK aiyyo illa saar. nannalli ashTella vidye illa.|
155659213|91793807|1171520903475187713|https://t.co/BnDRpk67ls|
155659213|91793807|1171520665075060736|https://t.co/r6LiyeixgH|
155659213|91793807|1171520439274704896|https://t.co/yhCuFuAREt|
155659213|91793807|1171520179353747456|https://t.co/dBLJbcNnZO|
155659213|91793807|1171519703228923907|https://t.co/kag8zy8kX9|
155659213|91793807|1171519429940670464|https://t.co/JFAJ31Wdk3|
155659213|91793807|1171518729525456901|https://t.co/XCzI9Si8PZ|
155659213|91793807|1171518370207764480|https://t.co/09SyB1hlYH|
155659213|91793807|1171492367905378307|Lol. https://t.co/Wuyn5cJ2Km|
155659213|91793807|1171477426125230081|🙏🏽 https://t.co/jRbPfiHUWN|
155659213|91793807|1171405884620251137|@vishchan How do you explain that to contrived crooks who also want to bomb tehri which saves rishikesh and hardwar every monsoon, is beyond me 😐|
155659213|91793807|1171357046538555392|@RitambaraPrajna sooDi is a wonderful place!|
155659213|91793807|1171350669690847232|@rsrikanth05 the excavated surface could have been smoother and more uniform given the good rock condition in the region.|
155659213|91793807|1171349361319718912|@rsrikanth05 Tunnel excavation profile could have been better.|
155659213|91793807|1171316834462785537|@yoginisd 😂|
155659213|91793807|1171314190604210176|ಇಲ್ಲಿಗೆ ಇಳಿದರು ನಮ್ಮ ಮಠಾಧೀಶರು! ಕರ್ಮಕಾಂಡ. https://t.co/eDeOJHYjKK|
155659213|91793807|1171284541593530368|@ramprasad_c Absolutely. Significant money is spent by them renovating tombs and maintaining lawns. Am a bit worried with this hike.|
155659213|91793807|1171279925451485184|@bahutbadadanda aisa hai na, tumhara bahut bada danda jo hai, khudke pichvaade me ghusa na. You have fled the country and live at the crumbs of someone else and lecture others here. Fuck off.|
155659213|91793807|1171156328594726922|@haryannvi hai naa? :)|
155659213|91793807|1171149286526070785|Wonderful to see the lad's achievement being celebrated. Very inspiring. https://t.co/d9lingsIi1|
155659213|91793807|1171145115764744193|State of self-claimed traditional hindu thekedaars. They were not even indicated in my tweet and here they are, feeling touchy. https://t.co/rQsWgG8enE|
155659213|91793807|1171082207357755393|@AxPn https://t.co/ChfGELztKO|
155659213|91793807|1171059901403193346|@kshetragnya @hamsanandi This is from the oldest known temple in aihoLe. Easily 5th century period. https://t.co/tEoJe8y1Qz|
155659213|91793807|1171036084916105223|LOL. And some of 'our own' are in awe of this ill-informed, slimy fellow.https://t.co/qxiOsRTKCg|
155659213|91793807|1171034322939330567|ಇವರನ್ನೆಲ್ಲಾ ಭೇಟಿ ಮಾಡಿ ಸಮಯ ಯಾಕೆ ವ್ಯರ್ಥ ಮಾಡ್ತಿದೀರೋ ಗೊತ್ತಿಲ್ಲ.https://t.co/fEzs87BqPJ|
