155659213|143409075|1188832003904245760|पटना स्थित 1 अणे मार्ग के ‘संकल्प’ में ग्रामीण कार्य विभाग की समीक्षा बैठक करते हुए। https://t.co/YHtBL8zHYs https://t.co/4I9nqsZuSm|
155659213|143409075|1188342202994311169|प्रकाश पर्व दीपावली के शुभ अवसर पर सभी को हार्दिक बधाई एवं शुभकामनाएं।https://t.co/fgpLW29THv  #HappyDiwali|
155659213|143409075|1188164513465389056|सम्राट अशोक कन्वेंशन केंद्र स्थित ज्ञान भवन में जल-जीवन-हरियाली अभियान के अंतर्गत 1359.27 करोड़ रुपए की 32,781 योजनाओं का शिलान्यास एवं 291.27 करोड़ रुपए की 2,391 योजनाओं का उद्घाटन करते हुए।#JalJivanHariyalihttps://t.co/BSfowaIBRN https://t.co/vEjFkKOwdE|
155659213|143409075|1187795322321301504|लोक आस्था के महापर्व छठ के मद्देनजर छठ घाटों का निरीक्षण करते हुए।https://t.co/BAyRvviVat https://t.co/LviNayhm1p|
155659213|143409075|1187701715748835328|भारत के माननीय राष्ट्रपति श्री रामनाथ कोविंद की उपस्थिति में राजगीर के रत्नागिरी पर्वत पर विश्व शांति स्तूप के 50वें वार्षिकोत्सव कार्यक्रम में सम्मिलित होते हुए।https://t.co/7l1TJpBHhd https://t.co/kA6pgBtpgE|
155659213|143409075|1187597711169605632|पटना में अतिवृष्टि से हुए जलजमाव के संबंध में जनप्रतिनिधियों के साथ मुख्य सचिवालय में समीक्षा बैठक करते हुए।https://t.co/NpffM9U1rm https://t.co/f7XoxIbfmJ|
155659213|143409075|1186614564722372608|श्री अमित शाह जी को जन्मदिन पर हार्दिक बधाई एवं शुभकामनाएं। उनके स्वस्थ एवं दीर्घायु जीवन की कामना करता हूं।@AmitShah Ji|
155659213|143409075|1186111218617946113|कृषि जागरूकता महाभियान (रबी 2019-20) एवं बीज वाहन विकास रथों को पटना में हरी झंडी दिखाकर रवाना करते हुए।https://t.co/tDi9ERiHCD https://t.co/AKWaTdhCSd|
155659213|143409075|1185756353760911360|चेहल्लुम के अवसर पर हजरत इमाम हुसैन एवं मैदान-ए-कर्बला के शहीदों को नमन। जुल्म, अहंकार, नफरत के विरुद्ध इंसाफ, सच्चाई, भलाई और हक के परचम को बुलंद रखने का हमें संकल्प लेना चाहिए। https://t.co/4cp9Kaa9vZ|
155659213|143409075|1183816817346633729|मुख्यमंत्री सचिवालय स्थित संवाद में पिछले दिनों पटना में अतिवृष्टि से जलजमाव से संबंधित समीक्षा बैठक करते हुए।https://t.co/2DS0tXhvLd https://t.co/jwGctZ49BZ|
155659213|143409075|1183783713823264768|पटना स्थित सम्राट अशोक कन्वेंशन केंद्र के ज्ञान भवन में फसल अवशेष प्रबंधन पर आयोजित दो दिवसीय (14-15 अक्टूबर) अंतर्राष्ट्रीय सम्मेलन का उद्घाटन करते हुए।https://t.co/VATfUJ1KZ6 https://t.co/oxdtTXvxIg|
155659213|143409075|1183780998678364162|पटना स्थित 1 अणे मार्ग के ‘संकल्प’ में बाढ़ पीड़ित परिवारों को पी0एफ0एम0एस0 प्रणाली के माध्यम से सीधे उनके बैंक खाते में 6000 रू0 राशि हस्तांतरण करने की शुरूआत करते हुए।https://t.co/dI5txOQeDY https://t.co/psstjWHCUI|
155659213|143409075|1182929604526260225|डॉ0 राम मनोहर लोहिया जी की पुण्यतिथि के अवसर पर उन्हें श्रद्धांजलि अर्पित करते हुए।https://t.co/XCjb9Swt26 https://t.co/TYv0TcC4ss|
155659213|143409075|1182553453538639874|लोकनायक जयप्रकाश नारायण जी की जयंती के अवसर पर उन्हें श्रद्धांजलि अर्पित करते हुए।https://t.co/OuvuJ2XB1F https://t.co/n9jxa43TlG|
155659213|143409075|1182487809954738176|लोक नायक जय प्रकाश नारायण जी समाज के पिछड़े एवं वंचित वर्गों के अधिकारों की सुरक्षा के लिए समर्पित रहे। जय प्रकाश नारायण जी की जयंती के अवसर पर उन्हें सादर नमन एवं श्रद्धांजलि।|
155659213|143409075|1181421846211612675|#VijayaDashami https://t.co/hh84oXtN5g|
155659213|143409075|1180892175392882688|बेगूसराय, खगड़िया, भागलपुर, कटिहार, पूर्णिया एवं उसके आस-पास के बाढ़ प्रभावित क्षेत्रों का हवाई सर्वेक्षण करते हुए तथा कटिहार और पूर्णिया के जिलाधिकारियों, जन प्रतिनिधियों के साथ समीक्षा बैठक करते हुए।https://t.co/V7twxuucQS https://t.co/HgK4TT7iHX|
155659213|143409075|1179469907819286528|सम्राट अशोक कन्वेंशन केंद्र स्थित ज्ञान भवन में गांधी जी की 150वीं जयंती के अवसर पर आयोजित ‘गांधी विचार समागम’ का उद्घाटन करते हुए तथा जल-जीवन-हरियाली अभियान का शुभारंभ करते हुए।https://t.co/PNXZpV6oqu #GandhiJayanti#JalJivanHariyali https://t.co/8rfkQuJ947|
155659213|143409075|1179352384730025984|पूर्व प्रधानमंत्री स्व0 लाल बहादुर शास्त्री जी की जयंती के अवसर पर पटना स्थित शास्त्री नगर पार्क में उन्हें श्रद्धांजलि अर्पित करते हुए।https://t.co/ymAkDXAbj2 https://t.co/C8XXmTYTIt|
155659213|143409075|1179351353807777792|राष्ट्रपिता महात्मा गांधी जी की 150वीं जयंती के अवसर पर पटना स्थित गांधी मैदान में उन्हें श्रद्धांजलि अर्पित करते हुए।https://t.co/eba75JUTiC https://t.co/uqh3bJvcBd|
155659213|143409075|1179241395309166592|भारत के पूर्व प्रधानमंत्री लाल बहादुर शास्त्री जी की जयंती पर उन्हें सादर नमन एवं श्रद्धांजलि।|
155659213|143409075|1179239254947291136|सत्य एवं अहिंसा की राह दिखाने वाले राष्ट्रपिता महात्मा गांधी जी की जयंती पर उन्हें शत्-शत् नमन।|
155659213|143409075|1179101057932087296|पटना के जलजमाव वाले क्षेत्रों का मुआयना करते हुए तथा आपदा राहत कार्यों का जायजा लेते हुए।https://t.co/y4P52YLjSP https://t.co/gGNuv2Ka63|
155659213|143409075|1178901564196450305|भारत के माननीय राष्ट्रपति श्री राम नाथ कोविंद को जन्मदिन की हार्दिक बधाई एवं शुभकामनाएं। उनके स्वस्थ एवं दीर्घायु जीवन की कामना करता हूं।@rashtrapatibhvn|
155659213|143409075|1178721077909807105|राज्य में भारी बारिश से उत्पन्न स्थिति एवं किए जा रहे राहत कार्यों की समीक्षा करते हुए।https://t.co/cSbkTsVNnb https://t.co/5rnX1kyD4w|
155659213|143409075|1178362533968662535|राज्य में मूसलाधार बारिश से उत्पन्न स्थिति पर उच्चस्तरीय बैठक करते हुए।https://t.co/ph4lxtrCkk https://t.co/aq962rsuB6|
155659213|143409075|1178143950336483328|#नवरात्रि #Navratri https://t.co/PPnMEFEoo0|
155659213|143409075|1177974522227507200|सरदार पटेल भवन, पटना में वीडियो कॉन्फ्रेंसिंग के माध्यम से विभिन्न जिलों के जिलाधिकारियों से राज्य भर में भारी बारिश से उत्पन्न स्थिति की जानकारी लेते हुए।https://t.co/kC0YLEZZKJ https://t.co/eg5lcxbbYb|
155659213|143409075|1177615795989307392|भारी बारिश एवं भारतीय मौसम विज्ञान विभाग द्वारा जारी अलर्ट के आलोक में आपदा प्रबंधन विभाग एवं जल संसाधन विभाग के साथ पटना स्थित 1 अणे मार्ग में समीक्षा बैठक करते हुए। https://t.co/N19VAZTl5E https://t.co/bdANOZo6Hw|
155659213|143409075|1177563740654301185|पटना में एशियन डेवलपमेंट रिसर्च इंस्टीट्यूट (आद्री) के पुनर्निर्मित परिसर का उद्घाटन करते हुए।https://t.co/OJBAqBrcUd https://t.co/3eLtWwHnZ3|
155659213|143409075|1177167732871053312|पटना स्थित 1 अणे मार्ग के ‘संकल्प’ में विकास प्रबंधन संस्थान सोसायटी की छठी बैठक की अध्यक्षता करते हुए।https://t.co/UTYAWaNLSd https://t.co/rfDEMIX3a7|
155659213|143409075|1176900638371807232|पटना मेट्रो रेल कॉरपोरेशन लिमिटेड एवं दिल्ली मेट्रो रेल कॉरपोरेशन लिमिटेड के बीच एकरारनामा पर हस्ताक्षर किया गया।https://t.co/smcfkKL6uY https://t.co/kqoQklBpcQ|
155659213|143409075|1176897817475829760|मुंगेर के पोलो मैदान में वानिकी महाविद्यालय एवं अभियंत्रण महाविद्यालय, मुंगेर का शिलान्यास करते हुए।https://t.co/NUZE1DHey2 https://t.co/6KloOfY1Hf|
155659213|143409075|1176553253556719617|मुजफ्फरपुर के श्रीकृष्ण चिकित्सा महाविद्यालय एवं अस्पताल में कुल 105 करोड़ रू0 की परियोजनाओं का उद्घाटन एवं शिलान्यास करते हुए।https://t.co/TCZGfknhq4 https://t.co/PpE0qKwst0|
155659213|143409075|1176156566841507840|पटना के पुनाईचक स्थित पार्क में शूरवीर भामा शाह जी की प्रतिमा का अनावरण करते हुए।https://t.co/3wLWJw453n https://t.co/1y7yDihZtr|
155659213|143409075|1175074642320478208|नदियों के जलस्तर में हुई वृद्धि के पश्चात प्रभावित क्षेत्रों का हवाई सर्वेक्षण करते हुए। https://t.co/aSpS8rzUSL https://t.co/A7xbc9LBLT|
155659213|143409075|1174742584289198081|गंगा के बढ़े हुए जलस्तर का निरीक्षण करते हुए। https://t.co/vMxWBPPa7q https://t.co/mVxxGb6QJ1|
155659213|143409075|1174637287092523008|पटना स्थित 1 अणे मार्ग के ‘संकल्प’ में अल्पसंख्यकों के लिए चलाई जा रही योजनाओं की समीक्षा करते हुए। https://t.co/xUjjQPNkUg https://t.co/tCvteiujDH|
155659213|143409075|1174628897654095873|पटना स्थित 1 अणे मार्ग के ‘संकल्प’ में  वर्ष 2019 में अल्प वर्षापात के कारण राज्य के प्रभावित पंचायतों के परिवारों को तत्काल सहायता हेतु डी0बी0टी0 (डायरेक्ट बेनिफिट ट्रांसफर) के माध्यम से भुगतान का शुभारंभ करते हुए।https://t.co/HIpL0RrRne https://t.co/tA9V529qBA|
155659213|143409075|1174370410294648834|पटना स्थित मगध महिला कॉलेज में नए बालिका छात्रावास का शिलान्यास करते हुए। https://t.co/JM9JYuqSVB https://t.co/xqAj511HTt|
155659213|143409075|1173806375744360453|#VishwakarmaPuja https://t.co/Jn3wQPfXoN|
155659213|143409075|1173666649771085824|माननीय प्रधानमंत्री श्री नरेन्द्र मोदी को जन्मदिन की हार्दिक शुभकामनाएं। उनके स्वस्थ जीवन एवं दीर्घायु होने की कामना करता हूं।@narendramodi Ji|
155659213|143409075|1173122363971391488|#EngineersDay https://t.co/JIJ1KhI6WJ|
155659213|143409075|1172905953542336513|संवाद, मुख्यमंत्री सचिवालय, पटना में बिहार विकास मिशन के शासी निकाय की षष्टम् बैठक की अध्यक्षता करते हुये।https://t.co/39p5sU5e1C https://t.co/FAiZy0a4iX|
155659213|143409075|1172207750836670464|जलवायु के अनुकूल कृषि कार्यक्रम के संबंध में बैठक करते हुए। https://t.co/0HKZLdz3d6 https://t.co/4Rom8n0iVK|
155659213|143409075|1171853185641639936|पंचायती राज विभाग से संबन्धित बैठक करते हुए। https://t.co/Mu3cS6r178 https://t.co/LOqT1RUEYV|
155659213|143409075|1171852497863864320|राजस्व एवं भूमि सुधार विभाग की समीक्षा बैठक करते हुए।https://t.co/RKtZqVrMe8 https://t.co/P6bnwi4lVL|
155659213|143409075|1171404363828301834|मुहर्रम के अवसर पर  सच्चाई, इंसानियत और भलाई के आदर्शों के लिए हजरत इमाम हुसैन की कुर्बानियों को याद करना चाहिए।https://t.co/8QbBGgZ7rS|
155659213|143409075|1171129646735192064|कृषि वानिकी नीति 2019 निर्धारित करने के प्रस्ताव के संबंध में बैठक करते हुए।https://t.co/dWusPYQJgt https://t.co/ZUuVNHjLLP|
155659213|143409075|1170561535602651137|पूर्व केंद्रीय मंत्री, राज्यसभा सांसद एवं वरिष्ठ अधिवक्ता राम जेठमलानी जी का निधन दुःखद। कानून के क्षेत्र में उनके योगदान  को हमेशा याद किया जाएगा। ईश्वर उनकी आत्मा को शांति दे।https://t.co/gOGKAhr8Rx|
155659213|143409075|1170168227554418689|We are proud of our scientists at ISRO for Chandrayaan-2 mission's significant achievement. Information gathered will help future scientific endeavors. #Chandrayaan2#ISRO|
155659213|143409075|1169840046188351490|कोइलवर में सोन नदी पर बनने वाले 6 लेन पुल का निरीक्षण करते हुए।https://t.co/DNdnw7KiUw https://t.co/J7ZJE3AiRj|
155659213|143409075|1169659007780323328|शिक्षक दिवस पर आयोजित कार्यक्रम में भाग लेते हुए।https://t.co/DBTiW0cY4T#TeachersDay https://t.co/vxTdY2VH6g|
155659213|143409075|1169462564784238592|#TeachersDay https://t.co/sFmzOP5Y9s|
155659213|143409075|1168552808238313472|बिहार चैंबर ऑफ कॉमर्स में बिहार राज्य खाद्यान व्यवसायी संघ द्वारा आयोजित राज्यस्तरीय सम्मेलन में भाग लेते हुए।https://t.co/fPnFscTFtS https://t.co/aSI30xBfJW|
155659213|143409075|1168393665569378304|गया में सुखाड़ की स्थिति एवं पितृपक्ष मेला 2019 की तैयारियों पर समीक्षा बैठक करते हुये. https://t.co/RXA1NWgTCD https://t.co/XUWui6Od18|
155659213|143409075|1167836470125576194|पटना में स्व0 अरूण जेटली जी की श्रद्धांजलि सभा में शामिल होते हुये.https://t.co/m7l90LS5sS https://t.co/pUvdPRGcyl|
155659213|143409075|1165953746121084928|पी0वी0 सिंधु को बी0डब्ल्यू0एफ0 बैडमिंटन विश्व चैम्पियनशिप- 2019 में गोल्ड मेडल जीतने पर बधाई एवं शुभकामनायें। भारत की इस बेटी पर पूरा देश गौरवान्वित है|@pvsindhu1https://t.co/QOYxv9dODw|
155659213|143409075|1165173689979035648|भाजपा के वरिष्ठ नेता एवं पूर्व केंद्रीय वित्त मंत्री अरुण जेटली जी का निधन दुःखद। उन्होंने उच्च राजनीतिक मूल्यों एवं आदर्शों की बदौलत सार्वजनिक जीवन में उच्च शिखर को प्राप्त किया। ईश्वर उनकी आत्मा को शांति दें। https://t.co/XjnuE9JSNP|
155659213|143409075|1164945590150524928|पटना स्थित 1 अणे मार्ग में स्टेट बैंक ऑफ इंडिया के प्रबंध निदेशक श्री प्रवीण कुमार गुप्ता जी द्वारा मुख्यमंत्री राहत कोष के लिए 1 करोड़ रूपए का अंशदान किया गया।https://t.co/1RHu42idUm https://t.co/hb4kc6rR8b|
155659213|143409075|1164737513795153920|पटना स्थित 1 अणे मार्ग में अरूणाचल प्रदेश से जदयू विधायकों तथा हाल ही में सम्पन्न अरूणाचल प्रदेश विधानसभा चुनाव में जदयू के टिकट से चुनाव लड़ने वाले प्रत्याशियों से मुलाकात करते हुए। https://t.co/nVMgLc3ARt|
155659213|143409075|1164483166846849024|पटना में राज्य स्तरीय बैंकर्स समिति की 69वीं त्रैमासिक समीक्षा बैठक में सम्मिलित होते हुए।https://t.co/OIsk94s65J https://t.co/HCVWsOZHR3|
155659213|143409075|1163153871755104256|पटना स्थित मुख्यमंत्री सचिवालय में वीडियो कॉन्फ्रेंसिंग के माध्यम से बाढ़ एवं सुखाड़ से संबंधित समीक्षा बैठक करते हुए।https://t.co/EuewJjItUE https://t.co/EfQyli4tby|
155659213|143409075|1162668046101577728|जल-जीवन-हरियाली अभियान के जागरूकता हेतु लघु जल संसाधन विभाग की योजनाओं से संबंधित ऑडियो-वीडियो प्रचार रथ को झंडी दिखाकर रवाना करते हुए।https://t.co/uLrtcf1B2B https://t.co/LXgXHUnKYe|
155659213|143409075|1162277136398315520|पटना के मसौढ़ी अनुमंडल अंतर्गत पुनपुन प्रखण्ड के लखनपार पंचायत स्थित ठीकापर मुसहरी (श्रीपालपुर) महादलित टोला में स्वतंत्रता दिवस के अवसर पर झंडोत्तोलन कार्यक्रम में सम्मिलित होते हुए।https://t.co/nbWmIDDGeV https://t.co/BFSXBrW8Ls|
155659213|143409075|1162262187827535873|पटना स्थित राजधानी वाटिका-3 में बिहार वृक्ष सुरक्षा दिवस के अवसर पर वृक्ष को रक्षा सूत्र बांधते हुए।https://t.co/PIbXaKjyDX https://t.co/Jj68nXm08D|
155659213|143409075|1162258490036850688|73वें स्वतंत्रता दिवस के अवसर पर पटना स्थित गांधी मैदान में झंडोत्तोलन करते हुए।https://t.co/UeNU79CXdj https://t.co/6QAN86Xn0a|
155659213|143409075|1161872833070321664|स्वतंत्रता दिवस एवं रक्षाबंधन पर्व के अवसर पर सभी को हार्दिक बधाई एवं शुभकामनाएं।https://t.co/CfDu923mdQhttps://t.co/JXPJUPUiSi|
155659213|143409075|1161679306772246530|उल्का पिण्ड प्राप्त करने वाले मधुबनी जिला के लौकही पंचायत के तीनों किसानों को पटना स्थित बिहार म्यूजियम में सम्मानित करते हुए।https://t.co/HIFPzkRNmf https://t.co/KCdD6bBgzi|
155659213|143409075|1160757069919612928|ईद-उल-अजहा के मौके पर सभी को बधाई एवं शुभकामनाएं। https://t.co/luEhv8HBzB|
155659213|143409075|1160514408809816065|पटना स्थित शहीद स्मारक परिसर में शहीद दिवस पर अमर स्वतंत्रता सेनानियों को श्रद्धांजलि अर्पित करते हुए।https://t.co/cbOj9uTutf https://t.co/rVoqETwcji|
155659213|143409075|1160418310363549697|https://t.co/racB7lvYf9|
155659213|143409075|1159868394549600256|भाजपा के वरिष्ठ नेता एवं पूर्व केंद्रीय मंत्री आदरणीय अरुण जेटली जी के जल्द स्वस्थ होने की कामना करता हूं। #ArunJaitley @arunjaitley|
155659213|143409075|1159719105743577089|https://t.co/ej1UsOVroR|
155659213|143409075|1159006545453076480|पूर्व केंद्रीय मंत्री, वरिष्ठ भाजपा नेता सुषमा स्वराज जी का निधन दुःखद। वे एक प्रखर वक्ता, ओजस्वी एवं कुशल नेतृत्व के साथ विलक्षण प्रतिभा की धनी थीं। उनके द्वारा किए गए कार्यों को देश हमेशा याद रखेगा। ईश्वर उनकी आत्मा को शांति दें। #RIPSushmaSwaraj Jihttps://t.co/2lwtR4S7at|
155659213|143409075|1158092473354162176|माननीय उप राष्ट्रपति श्री एम0 वेंकैया नायडू की उपस्थिति में पटना हाई स्कूल (शहीद राजेन्द्र प्रसाद सिंह उच्च माध्यमिक विद्यालय) के शताब्दी समारोह में शामिल होते हुए। https://t.co/ftaybvy4yA https://t.co/38LNhgLPtV|
155659213|143409075|1158089885141491712|माननीय उप राष्ट्रपति श्री एम0 वेंकैया नायडू की उपस्थिति में पटना विश्वविद्यालय पुस्तकालय के शताब्दी वर्ष समारोह में सम्मिलित होते हुए।https://t.co/yIZyh82fXC https://t.co/tBbUiQgt8G|
155659213|143409075|1157320925101957126|पटना स्थित 1 अणे मार्ग में राजस्व एवं भूमि सुधार विभाग की समीक्षा बैठक करते हुए।https://t.co/ViytdNWXjT https://t.co/tTAAp1wB8c|
155659213|143409075|1157319159060914176|पटना स्थित 1 अणे मार्ग में अपग्रेडेशन एंड एक्सटेंशन ऑफ पटना म्यूजियम से संबंधित बैठक करते हुए।https://t.co/tzQ8Nur4g8 https://t.co/3KfuZznYfu|
155659213|143409075|1157296330919694337|पटना स्थित 1 अणे मार्ग में खान एवं भूतत्व विभाग के अंतर्गत ‘नई बालू नीति-2019’ से संबंधित समीक्षा बैठक करते हुए।https://t.co/xfS1meElvs https://t.co/BF7TVXgHEy|
155659213|143409075|1156913975105167360|पर्यावरण, वन एवं जलवायु परिवर्तन विभाग द्वारा आयोजित वन महोत्सव-2019 कार्यक्रम का पटना स्थित पशु विज्ञान विश्वविद्यालय परिसर में उद्घाटन करते हुए।https://t.co/RtHTwVm8WI https://t.co/371Ctidf1v|
155659213|143409075|1156814455193272320|पटना स्थित 1 अणे मार्ग में ए0ई0एस0 प्रभावित परिवारों के सामाजिक एवं आर्थिक सर्वेक्षण से संबंधित बैठक करते हुए।https://t.co/ZaDxekKwVt https://t.co/PsSEvLWJC1|
155659213|143409075|1156632333136486401|पटना स्थित 1 अणे मार्ग में जल-जीवन-हरियाली अभियान से संबंधित बैठक करते हुए।https://t.co/vU2xRSzTpc https://t.co/9aYsOgAaU6|
155659213|143409075|1156273819654295552|पटना स्थित 1 अणे मार्ग में पटना मेट्रो रेल परियोजना से संबंधित समीक्षा बैठक करते हुए।https://t.co/Ptno0ubYDx https://t.co/3CpkzO89BG|
155659213|143409075|1156272290545295360|पटना स्थित मुख्यमंत्री सचिवालय में बिहार राज्य आपदा प्रबंधन प्राधिकरण की 12वीं बैठक की अध्यक्षता करते हुए।https://t.co/COjKeaVbfa https://t.co/6FHQOUl97o|
155659213|143409075|1155887054217023491|पटना स्थित मुख्यमंत्री सचिवालय के ‘संवाद’ में उद्यमी पंचायत की बैठक में सम्मिलित होते हुए।https://t.co/eDGbEDSu3q https://t.co/kMhW1Rayzs|
155659213|143409075|1155164727959359489|पटना स्थित मुख्यमंत्री सचिवालय के ‘संवाद’ में वीडियो कॉन्फ्रेंसिंग के माध्यम से बाढ़ एवं सुखाड़ की वर्तमान स्थिति की समीक्षा बैठक की अध्यक्षता करते हुए।https://t.co/2i5ZpaX0pn https://t.co/opRr1DbDa0|
155659213|143409075|1154754890184286210|पटना स्थित सम्राट अशोक कन्वेंशन केन्द्र के ज्ञान भवन में ‘मेजर ब्रिजेज इन बिहार, इनोवेशन एंड चैलेंजेज’ विषय पर आयोजित दो दिवसीय कार्यशाला का उद्घाटन करते हुए।https://t.co/Fcob11bFQW https://t.co/NwNRdEz3mU|
155659213|143409075|1154605768773001216|#कारगिल_विजय_दिवस पर वीर शहीदों को विनम्र श्रद्धांजलि तथा देश की सुरक्षा में जुटे सैनिकों की वीरता, साहस एवं उनके त्याग को सादर नमन। #KargilVijayDiwas|
155659213|143409075|1154063425061789696|पटना स्थित 1 अणे मार्ग के ‘संकल्प’ में मधुबनी के लौकही अंचल के ग्राम महादेवा में मिले संभावित उल्का पिण्ड का अवलोकन करते हुए।https://t.co/1L4eoagkfJ https://t.co/DA9eL5rp28|
155659213|143409075|1153260877186883584|श्रीहरिकोटा से चन्द्रयान-2 के सफल प्रक्षेपण पर इसरो के वैज्ञानिकों को बधाई। इसरो ने अंतरिक्ष में एक नया इतिहास रचा है। यह पूरे देश के लिए गर्व की बात है। https://t.co/GX9wzQu79F @isro #ISRO#Chandrayaan2#चंद्रयान2|
155659213|143409075|1152968063710445568|सीतामढ़ी, दरभंगा एवं कटिहार में बाढ़ राहत शिविरों का निरीक्षण करते हुए।https://t.co/jZ2IMf9Sah https://t.co/1DVi9zAjw1|
155659213|143409075|1152165276873457664|पटना स्थित 1 अणे मार्ग के ‘संकल्प’ में बाढ़ पीड़ित परिवारों को अनुग्रहिक राहत हेतु सहायता राशि सीधा उनके बैंक खाते में डी0बी0टी0 के माध्यम से भुगतान प्रक्रिया का शुभारंभ करते हुए।https://t.co/xQA7wBAZIy https://t.co/6DrhoHgckw|
155659213|143409075|1151181751391121408|पटना से वाल्मीकिनगर तक गंडक नदी के संवेदनशील तटबंधों का हवाई सर्वेक्षण करते हुए।https://t.co/LBLweyYafQ https://t.co/DGZ7YyCt8c|
155659213|143409075|1150807797262499841|अररिया, किशनगंज एवं कटिहार के बाढ़ प्रभावित इलाकों  का हवाई सर्वेक्षण करते हुए।https://t.co/tJvyWQdGgh https://t.co/MlRJHzUOmY|
155659213|143409075|1150423936267509760|बाढ़ प्रभावित इलाकों का हवाई सर्वेक्षण करते हुए।https://t.co/aPTrYevp4L https://t.co/iyTeE1cb2n|
155659213|143409075|1150420839738699776|पटना स्थित 1 अणे मार्ग के ‘संकल्प’ में बाढ़ से संबंधित समीक्षा बैठक करते हुए।https://t.co/YLu8R2JSbA https://t.co/ZUKxHtXhjB|
155659213|143409075|1150104175818051589|पटना में बिहार विधानसभा के सेंट्रल हॉल में आयोजित ‘राज्य में जलवायु परिवर्तन से उत्पन्न आपदाजनक स्थिति पर विमर्श’ कार्यक्रम में सम्मिलित होते हुए।https://t.co/TKSJswxWeb https://t.co/QHf5coSXrZ|
155659213|143409075|1149625097457549313|संभावित बाढ़ की स्थिति पर पटना स्थित 1 अणे मार्ग के ‘संकल्प’ में समीक्षा बैठक करते हुए।https://t.co/qr87P14jom https://t.co/uZ95z0StbM|
155659213|143409075|1148459261954891776|पटना स्थित 1 अणे मार्ग के ‘संकल्प’ में उद्योग विभाग की समीक्षा बैठक करते हुए।https://t.co/7cHmZgxVmm https://t.co/IpW3BIC77D|
155659213|143409075|1147559237792358400|पटना स्थित मुख्यमंत्री सचिवालय में वीडियो कॉन्फ्रेंसिंग के माध्यम से संभावित बाढ़ एवं सुखाड़ की पूर्व तैयारियों की समीक्षा बैठक करते हुए।https://t.co/0lvLUBmQ26 https://t.co/6WFPikzm3I|
155659213|143409075|1146650303598485505|पटना स्थित हज भवन में प्रथम दुआईया मजलिस कार्यक्रम में सम्मिलित होते हुए।https://t.co/q9K6yMmXhr https://t.co/azsNZf3xvt|
155659213|143409075|1145748828085051397|पटना स्थित 1 अणे मार्ग में एन0डी0ए0 विधानमंडल दल की बैठक में सम्मिलित होते हुए। https://t.co/clzHcMDSSD|
155659213|143409075|1145339805619773440|राजगीर में निर्माणाधीन रोपवे का निरीक्षण करते हुए।https://t.co/nm3mODJL2Y https://t.co/qp2eZmZabr|
155659213|143409075|1144658466755100672|बिहार विधान सभा सचिवालय के नवनियुक्त कर्मियों को नियुक्ति पत्र प्रदान करते हुए।https://t.co/zQYmHTS8Mt https://t.co/ny5yW1sjwh|
155659213|143409075|1144654662722703360|बिहार विधान मण्डल के मॉनसून सत्र के प्रथम दिन बिहार विधान सभा के माननीय अध्यक्ष श्री विजय कुमार चौधरी जी एवं बिहार विधान परिषद के माननीय कार्यकारी सभापति श्री हारून रसीद जी से मुलाकात करते हुए। https://t.co/XSof0okqmp|
155659213|143409075|1143952286894264320|पूर्णिया, शिवहर, बेगूसराय, जमुई एवं गया में वज्रपात से हुई लोगों की मृत्यु दुःखद। मृतकों के आश्रितों को आपदा राहत कोष से 4-4 लाख रु० अनुग्रह अनुदान देने का निर्देश दिया गया। https://t.co/5QYiBK8w3i|
155659213|143409075|1143951093656780800|पटना स्थित 1 अणे मार्ग के ‘संकल्प’ में नगर विकास एवं आवास विभाग की समीक्षा बैठक करते हुए।https://t.co/2Q6ovplgUj https://t.co/RrckY74r5T|
155659213|143409075|1143948590147989504|पटना स्थित 1 अणे मार्ग के ‘संकल्प’ में पर्यटन विभाग की समीक्षा बैठक करते हुए।https://t.co/mkyJs5QSh7 https://t.co/tjWau2YS5o|
155659213|143409075|1143941867563655168|पटना स्थित 1 अणे मार्ग के ‘संकल्प’ में बिहार सरकारी सेवक शिकायत निवारण नियमावली के क्रियान्वयन का शुभारंभ करते हुए।https://t.co/xMgU7p9DJC https://t.co/awtdPaPm1b|
155659213|143409075|1143482733768740866|पटना स्थित 1 अणे मार्ग के ‘नेक संवाद’ में विधि व्यवस्था एवं मद्य निषेध से संबंधित समीक्षा बैठक करते हुए।https://t.co/q9PExRqfHe https://t.co/CpdT0IF3OQ|
155659213|143409075|1143217125521121280|पटना स्थित 1 अणे मार्ग के ‘नेक संवाद’ में वित्त विभाग द्वारा आयोजित वर्ष 2018-19 के योजना व्यय करने वाले प्रमुख विभागों की समीक्षा बैठक करते हुए।https://t.co/zzBbihiwBt https://t.co/BiFzJb53Li|
155659213|143409075|1143115675403087872|पटना स्थित 1 अणे मार्ग के ‘नेक संवाद’ में वित्त विभाग द्वारा आयोजित राजस्व प्राप्त करने वाले विभागों की समीक्षा बैठक करते हुए।https://t.co/8isOuWP2hS https://t.co/h8TLY7G4Cx|
155659213|143409075|1142472405807292417|पटना स्थित 1 अणे मार्ग के ‘संकल्प’ में भारतीय वन सेवा एवं बिहार वन सेवा के प्रशिक्षु पदाधिकारियों के साथ मुलाकात करते हुए।https://t.co/csdSgDIOme https://t.co/bwOlyRtJGq|
155659213|143409075|1142471450760101890|पटना स्थित 1 अणे मार्ग के ‘संकल्प’ में लघु जल संसाधन विभाग की समीक्षा बैठक करते हुए।https://t.co/xx3uV9RDw5 https://t.co/TPSXVakY8w|
155659213|143409075|1142469025772949504|पटना स्थित 1 अणे मार्ग के ‘संकल्प’ में जल संसाधन विभाग की समीक्षा बैठक करते हुए।https://t.co/zW8PkO3MbN https://t.co/MmlsQdqMu3|
155659213|143409075|1141764201939005440|गया स्थित ए0एन0एम0एम0सी0एच0 में हीट स्ट्रोक से पीड़ित मरीजों से मुलाकात कर उनके इलाज की जानकारी लेते हुए।https://t.co/uBVMefV4sZ https://t.co/euP4bKpSWi|
155659213|143409075|1141576444377591808|राज्य खाद्य आयोग के अध्यक्ष एवं जदयू अल्पसंख्यक प्रकोष्ठ के अध्यक्ष मो० सलाम जी का निधन दुःखद। ईश्वर उनकी आत्मा को शांति दें। https://t.co/DWvuyuxGBs|
155659213|143409075|1141257080990359552|जम्मू-कश्मीर के पुलवामा में हुए आतंकी हमले में शहीद सेना के जवान, सीवान के दिघवलिया गांव निवासी अमरजीत कुमार जी को नमन। उनकी शहादत को देश हमेशा याद रखेगा। ईश्वर से प्रार्थना है कि दुःख की इस घड़ी में वीर सपूत के परिजनों को धैर्य धारण करने की शक्ति दें। https://t.co/ZesgDIOw29|
155659213|143409075|1141037905889988608|पटना स्थित 1 अणे मार्ग के ‘नेक संवाद’ में वित्त विभाग की समीक्षा बैठक करते हुए।https://t.co/BkGwQYVy3r https://t.co/WgrG79y1yN|
155659213|143409075|1140971775204810758|मुजफ्फरपुर स्थित एस0के0एम0सी0एच0 में ए0ई0एस0 पीड़ित बच्चों की चिकित्सा संबंधित जानकारी लेते हुए।https://t.co/H8FAb3cayo https://t.co/fD6ZrG0MAG|
155659213|143409075|1140967996845727744|बिहार विभूति डॉ0 अनुग्रह नारायण सिंह जी की जयंती के अवसर पर उन्हें श्रद्धांजलि अर्पित करते हुए।https://t.co/x2ClrDsM3g https://t.co/QMB64PUrr4|
155659213|143409075|1140672163109715968|संकल्प, 1 अण्णे मार्ग, पटना, में ए0ई0एस0 एवं हिट वेव पर उच्चस्तरीय समीक्षा बैठक करते हुये।https://t.co/kQKX703cvg https://t.co/WG3ab41jX6|
155659213|143409075|1140668786548203527|भारत के आदरणीय राष्ट्रपति श्री राम नाथ कोविंद से राष्ट्रपति भवन में शिष्टाचार मुलाकात करते हुए|@rashtrapatibhvn https://t.co/pyRgp2Ak2v|
155659213|143409075|1139531535114072065|‘संवाद’, मुख्यमंत्री सचिवालय, पटना में ‘मुख्यमंत्री वृद्धजन पेंशन योजना’ का उद्घाटन करते हुये। https://t.co/X6TEG9AH3p https://t.co/k7J6Ew6aLX|
155659213|143409075|1139041246972792832|मुख्यमंत्री आवास के ‘नेक संवाद’ में मद्य निषेध की समीक्षा बैठक करते हुए|https://t.co/W45qtxhi7y https://t.co/gpkKoZPDox|
155659213|143409075|1138885798348984320|पटना स्थित मुख्यमंत्री सचिवालय के ‘संवाद’ में ऊर्जा विभाग की समीक्षा बैठक करते हुए । https://t.co/K2vlojJSBw https://t.co/acm9MXbfbb|
155659213|143409075|1138497315553988608|बिहार राज्य पुल निर्माण निगम के 44वें स्थापना दिवस समारोह का उद्घाटन करते हुये। https://t.co/tL7lsAZdbW https://t.co/KooYa7BMnA|
155659213|143409075|1138494987476373504|आई0जी0आई0एम0एस0 पटना में 500 शय्या अस्पताल भवन का शिलान्यास करते हुये. https://t.co/nssSRszhcX https://t.co/BGod1Qxjzu|
155659213|143409075|1138063187033567232|लोक संवाद कार्यक्रम में लोगों के सुझावों को सुनते हुए।https://t.co/cWuo554lwc https://t.co/W3M2AqubuM|
155659213|143409075|1137716029780418562|पटना में जदयू की राष्ट्रीय कार्यकारिणी की बैठक में सम्मिलित होते हुए। https://t.co/uboxGxOr3k|
155659213|143409075|1137417438159499265|पटना में वीरचंद पटेल पथ स्थित जदयू पार्टी कार्यालय में जदयू की सदस्यता महाभियान में शामिल होते हुए। https://t.co/EQs5trNt9O|
155659213|143409075|1137051508594184195|पटना में 1 अणे मार्ग स्थित ‘नेक संवाद’ में विधि व्यवस्था से संबंधित समीक्षा बैठक करते हुए।https://t.co/n7e6sOqHRv https://t.co/LCnoPuS5dk|
155659213|143409075|1136343345704316928|विश्व पर्यावरण दिवस के अवसर पर सम्राट अशोक कन्वेंशन केंद्र स्थित ज्ञान भवन में पर्यावरण, वन एवं जलवायु परिवर्तन विभाग द्वारा आयोजित पर्यावरण दिवस समारोह, 2019 का उद्घाटन करते हुए।https://t.co/A0m8MKiQIB #WorldEnvironmentDay #विश्वपर्यावरणदिवस https://t.co/zdZ3vXc4jO|
155659213|143409075|1136254584244953088|ईद के अवसर पर लोगों को मुबारकबाद देते हुए।https://t.co/7SDCk1lujh #ईदमुबारक #EidMubarak https://t.co/PCm9haAKOQ|
155659213|143409075|1136252196339585024|संपूर्ण क्रांति दिवस के अवसर पर पटना के गांधी मैदान में लोकनायक जयप्रकाश नारायण जी को श्रद्धांजलि अर्पित करते हुए।https://t.co/pixYNxZ3HS #SampurnaKrantiDiwas #संपूर्णक्रांतिदिवस https://t.co/f9cihU95pz|
155659213|143409075|1136115329610813440|#BPGRA https://t.co/NqmCWAJn7m|
155659213|143409075|1136111149592616960|#संपूर्णक्रांतिदिवस#SampurnaKrantiDiwas https://t.co/7VdJzvcAF8|
155659213|143409075|1136109514107658240|#ईदमुबारक #EidMubarak https://t.co/kYNWtJ1qN8|
155659213|143409075|1136108294236278784|#विश्वपर्यावरणदिवस #WorldEnvironmentDay https://t.co/IJ7OnONOum|
155659213|143409075|1135966143808565248|पटना के अधिवेशन भवन में ऊर्जा विभाग की 692.74 करोड़ रू0 की विभिन्न योजनाओं का उद्घाटन एवं कार्यारंभ करते हुए।https://t.co/m7H14VjlWy https://t.co/HhXDIoym10|
155659213|143409075|1135933511766908928|पटना में 1 अणे मार्ग के ‘नेक संवाद’ में ‘शौचालय निर्माण, घर का सम्मान’ निश्चय के अंतर्गत योजनाओं की समीक्षा करते हुए।https://t.co/4qAhSxTMUR https://t.co/UqU8C70DJh|
155659213|143409075|1135900852034592768|पटना में 1 अणे मार्ग स्थित नेक संवाद में विश्व शांति स्तूप, राजगीर के 50वें स्थापना दिवस एवं महात्मा गांधी की 150वीं जन्मशती के अवसर पर आयोजित कार्यक्रम की तैयारियों की समीक्षा करते हुए।https://t.co/ZGPYwX6m4o https://t.co/6BMJSfyeiV|
155659213|143409075|1135593000241786881|पटना स्थित मुख्यमंत्री सचिवालय के ‘संवाद’ में ग्रामीण कार्य विभाग एवं पथ निर्माण विभाग की समीक्षा बैठक करते हुए।https://t.co/zoFnpTkPxb https://t.co/hX6Or2hsp3|
155659213|143409075|1135577767498543104|पटना स्थित मुख्यमंत्री सचिवालय के ‘संवाद’ में सुखाड़ एवं पेयजल संकट की वर्तमान स्थिति के संबंध में समीक्षा बैठक करते हुए।https://t.co/lpBwmPaY99 https://t.co/hbRdrUeWHg|
155659213|143409075|1135574403398287360|विधान सभा/ विधान परिषद के नव निर्वाचित सदस्यों के शपथ ग्रहण में शामिल होते हुए।https://t.co/iID11sKMZf https://t.co/q2HJicMdni|
155659213|143409075|1135253011695951872|पटना के हार्डिंग रोड स्थित हज भवन में जदयू द्वारा आयोजित दावत-ए-इफ्तार में सम्मिलित होते हुए।https://t.co/qftAKjV9yG https://t.co/V0Uagcds8z|
155659213|143409075|1134863769983627264|पटना स्थित मुख्यमंत्री सचिवालय के ‘संवाद’ में ‘हर घर नल का जल’ एवं ‘घर तक, पक्की गली-नालियां निश्चय’ योजना की समीक्षा बैठक करते हुए।https://t.co/8JxiLpMe2m https://t.co/5Ejc6LTytL|
155659213|143409075|1134849746705702912|पटना स्थित मुख्यमंत्री सचिवालय के ‘संवाद’ में शिक्षा विभाग की समीक्षा बैठक करते हुए।https://t.co/4MvrpK1UFB https://t.co/zc5N0c2XWI|
155659213|143409075|1133434737580580864|1 अणे मार्ग स्थित नेक संवाद में आयोजित दावत-ए-इफ्तार में आगंतुकों का स्वागत करते हुए।https://t.co/emQfhO6JJe https://t.co/NZQzABSdvG|
155659213|143409075|1133316957099266048|पटना में खरीफ महाभियान, 2019 के अवसर पर खरीफ महाभियान रथों एवं बीज वाहन विकास वाहन रथों को झंडी दिखाकर रवाना करते हुए। https://t.co/9IKaXCFjm9 https://t.co/sFwXy7hvML|
155659213|143409075|1130043959894396929|पटना साहिब संसदीय क्षेत्र में राजभवन के पास स्थित राजकीय कन्या मध्य विद्यालय के बूथ संख्या- 326 पर मतदान करते हुए।https://t.co/ygvbEl8RB6 #LokSabhaElections2019 https://t.co/9qNvU4qPSu|
155659213|143409075|1129677647120744454|पटना में बुद्ध पूर्णिमा के अवसर पर बोधि वृक्ष की पूजा-अर्चना करते हुए।https://t.co/akJGsSotDE https://t.co/MjdgExZmVS|
155659213|143409075|1127760950625390592|#JanakiNavami https://t.co/9HRqZ6T8f6|
155659213|143409075|1127221953922650112|पूर्व आई.टी.सी. चेयरमैन वाई.सी. देवेश्वर जी का निधन दुःखद। औद्योगिक क्षेत्र में उनका अहम योगदान रहा। उनके नेतृत्व में आई.टी.सी. को वैश्विक स्तर पर पहचान मिली। ईश्वर उनकी आत्मा को शांति दें।|
155659213|143409075|1127041619864109056|#NationalTechnologyDay https://t.co/mjUWUXyVm1|
155659213|143409075|1125575214333480960|#RamadanMubarak https://t.co/6KyOKqysAp|
155659213|143409075|1123429938441392128|#MayDay#LabourDay https://t.co/gNX4kDA4Eu|
155659213|143409075|1119421380041117698|शब-ए-बरात त्योहार के अवसर पर सभी को बधाई एवं शुभकामनाएं। https://t.co/kDgwRW3xK3|
155659213|143409075|1119043983366189056|गुड फ्राइडे के अवसर पर प्रभु यीशु मसीह को नमन। प्रभु यीशु मसीह ने प्रेम, दया और करुणा भाव का संदेश दिया था। उनके बताए मार्ग का हमें अनुसरण करना चाहिए।https://t.co/zI0wnOhA5S|
155659213|143409075|1118365292206460928|भगवान महावीर जयंती के अवसर पर सभी को हार्दिक बधाई एवं शुभकामनाएं। https://t.co/N63oMoQBf5#MahavirJayanti#महावीर_जयंती|
155659213|143409075|1117308741236301824|#AmbedkarJayanti #BabasahebAmbedkar https://t.co/t2Fiv5DwRr|
155659213|143409075|1117305129189777408|एकता, प्रेम, अहिंसा, भाईचारा और विश्व शांति के अमूल्य सिद्धांत भारत को अतुल्य बनाते हैं। वैचारिक मार्गदर्शी के रूप में परम पावन दलाई लामा का सानिध्य महत्वपूर्ण है। (2/2)https://t.co/stiRabh8oT|
155659213|143409075|1117304950873157632|मैं गोपालकृष्ण गांधी जी द्वारा ‘दैनिक जागरण’ में परम पावन दलाई लामा जी पर लिखे आलेख ‘भारत की जरूरत हैं दलाई लामा’ से सहमत हूं। (1/2)https://t.co/stiRabh8oT|
155659213|143409075|1116910408567123970|#रामनवमी#RamNavami https://t.co/wFx3mk8F9U|
155659213|143409075|1112009956398526464|@Ram_Guha https://t.co/Q8bNThIoGz|
155659213|143409075|1112009841529122816|@Ram_Guha https://t.co/iOPYRJxWNE|
155659213|143409075|1111988320496541696|भगवान बुद्ध तथा बौद्ध धर्म की विरासत हमारे राज्य तथा राष्ट्र के लिए महत्वपूर्ण है। आज के परिप्रेक्ष्य में हमें परम पावन दलाई लामा जी के संदेशों को आत्मसात करने की आवश्यकता है। उनके सार्वजनिक सम्मान से हम देश की सांस्कृतिक विरासत का सम्मान करेंगे। (2/2)https://t.co/ROjqnVZXeq https://t.co/zZEnGPqpxq|
155659213|143409075|1111987951355879425|मैं इतिहासकार रामचंद्र गुहा द्वारा आज के दैनिक 'हिन्दुस्तान' में परम पावन दलाई लामा जी पर लिखे आलेख 'दलाई लामा के साथ खड़ा होने का वक्त' से सहमत हूँ। परम पावन दलाई लामा जी विश्व शांति, आपसी भाईचारा, प्रेम, सद्भाव का संदेश विश्व को देते रहे हैं|(1/2)  https://t.co/ROjqnVZXeq https://t.co/wR2quQg2Jb|
155659213|143409075|1110824814892052480|'मिशन शक्ति' की सफलता पर डी०आर०डी०ओ० एवं 'मिशन शक्ति' से जुड़े सभी वैज्ञानिकों को बधाई। पूरा देश गौरवान्वित है। https://t.co/ZErca67MeG#MissionShakti#SpacePower@DRDO_India|
155659213|143409075|1108922317772451841|#BiharDiwas https://t.co/rbzJh0GD9A|
155659213|143409075|1108557906142785536|#HappyHoli #होली_की_हार्दिक_शुभकामनाएं https://t.co/KPtflKL60e|
155659213|143409075|1107301592959799296|गोवा के मुख्यमंत्री, प्रख्यात राजनेता एवं समाजसेवी मनोहर पर्रिकर जी का निधन दुःखद। ईश्वर उनकी आत्मा को शांति दें।#ManoharParrikar Jihttps://t.co/gBxpaep4nI|
155659213|143409075|1104241947336687616|बिहार शहरी आधारभूत संरचना विकास निगम की तरफ से 5 करोड़ रू0 तथा बिहार पुलिस भवन निर्माण निगम की तरफ से 2 करोड़ रू0 मुख्यमंत्री राहत कोष में अंशदान किया गया।https://t.co/DIZCt17rKr https://t.co/XBFAiDskJ6|
155659213|143409075|1104086828435546113|पटना में संजय गांधी जैविक उद्यान स्थित थ्री डी थिएटर इंटरनेशनल सेंटर में ‘कॉनक्वेस्ट ऑफ द स्काइज’ थ्री डी फिल्म को देखते हुए।https://t.co/20Qzbi6fWT https://t.co/lEl9KUInyl|
155659213|143409075|1103849895901851648|#HappyWomensDay2019  #महिलादिवस https://t.co/R37CwTQ5VH|
155659213|143409075|1103718197369307137|विश्वविद्यालयों में 200 प्वाइंट रोस्टर सिस्टम पर अध्यादेश लाने को लेकर केंद्रीय कैबिनेट द्वारा मंजूरी दिए जाने के लिए माननीय प्रधानमंत्री तथा माननीय केंद्रीय मानव संसाधन विकास मंत्री को धन्यवाद। @narendramodi जी @PrakashJavdekar जी https://t.co/QKLRTfrbBp|
155659213|143409075|1103690565697171457|समस्तीपुर के हसनपुर प्रखण्ड स्थित नयानगर गांव में डिजिटल इरिगेशन ऑटोमेशन का उद्घाटन करते हुए।https://t.co/v9m1xRIaic https://t.co/sBOf7lXZcA|
155659213|143409075|1103687998275674113|पुलवामा आतंकी हमले में शहीद रतन कुमार ठाकुर जी को भागलपुर के सन्हौला प्रखण्ड स्थित रतनपुर गांव में तथा हिंदवाड़ा में आतंकी मुठभेड़ में शहीद पिन्टू कुमार सिंह जी को बेगूसराय के बखरी प्रखण्ड स्थित ध्यानचक्की गांव में श्रद्धांजलि अर्पित करते हुए।https://t.co/BlQSaKhWFv https://t.co/MdunGgjzT2|
155659213|143409075|1103296213766438912|पटना के अधिवेशन भवन में कुल 3226.50 करोड़ रुपए की विभिन्न योजनाओं का उद्घाटन, लोकार्पण, शिलान्यास एवं कार्यारंभ करते हुए।https://t.co/EwDY4uZjEW https://t.co/ohqVizR3MD|
155659213|143409075|1102837361170243584|पटना में जदयू की राष्ट्रीय कार्यकारिणी की बैठक में भाग लेते हुए। https://t.co/mCkU4VX04C|
155659213|143409075|1102207045548367872|पटना के गांधी मैदान में आयोजित एन0डी0ए0 की संकल्प रैली में सम्मिलित होते हुए।https://t.co/mrJSZnfcEp https://t.co/O8ANtjYR6N|
155659213|143409075|1102065922028769280|केंद्रीय स्वास्थ्य एवं परिवार कल्याण मंत्री श्री जे0पी0 नड्डा जी की उपस्थिति में पी0एम0सी0एच0 में निर्मित होने वाले सुपर स्पेशियलिटी ब्लॉक का शिलान्यास करते हुए।https://t.co/kzd2H5j088 https://t.co/AVlVNFKT1m|
155659213|143409075|1101854542445068288|पटना जिलान्तर्गत पुनपुन में जल संसाधन विभाग एवं पथ निर्माण विभाग की योजनाओं का शिलान्यास करते हुए।https://t.co/75M3Pf3GZe https://t.co/4yfMh4MeYk|
155659213|143409075|1101562950349860864|बिहार से नोएडा एवं गाजियाबाद बस सेवा का शुभारंभ झंडी दिखाकर करते हुए तथा डॉ0 ए0पी0जे0 अब्दुल कलाम साइंस सिटी सहित अन्य विभागों की विभिन्न योजनाओं का पटना के अधिवेशन भवन में उद्घाटन, शिलान्यास एवं कार्यारंभ करते हुए। (2/2)https://t.co/LlckQmwyKE https://t.co/M3VmMwiFYE|
155659213|143409075|1101562755763429377|बिहार से नोएडा एवं गाजियाबाद बस सेवा का शुभारंभ झंडी दिखाकर करते हुए तथा डॉ0 ए0पी0जे0 अब्दुल कलाम साइंस सिटी सहित अन्य विभागों की विभिन्न योजनाओं का पटना के अधिवेशन भवन में उद्घाटन, शिलान्यास एवं कार्यारंभ करते हुए। (1/2)https://t.co/LlckQmwyKE https://t.co/HKIGyN0ZLB|
155659213|143409075|1101469161274793991|नालंदा के सिलाव स्थित बड़गांव में नालंदा खुला विश्वविद्यालय, नालंदा के प्रस्तावित विभिन्न भवनों का शिलान्यास करते हुए।https://t.co/yLUKWcpEJF https://t.co/WKLO2aFYNE|
155659213|143409075|1101465892452392962|शुभकामनाओं के लिए आभार और धन्यवाद।@mlkhattar Ji https://t.co/wBidBbZu75|
155659213|143409075|1101465632069935104|शुभकामनाओं के लिए आभार और धन्यवाद।@dasraghubar Ji https://t.co/xT7xLAyFJC|
155659213|143409075|1101465194176294912|शुभकामनाओं के लिए आभार और धन्यवाद।@ChouhanShivraj Ji https://t.co/WmL5TiRXo4|
155659213|143409075|1101464884389175296|शुभकामनाओं के लिए आभार और धन्यवाद।@drramansingh Ji https://t.co/1IY3k70ZQh|
155659213|143409075|1101457572614160385|शुभकामनाओं के लिए आभार और धन्यवाद।@irvpaswan Ji https://t.co/ZBvxMfeS0h|
155659213|143409075|1101457174465720321|शुभकामनाओं के लिए आभार और धन्यवाद।@tsrawatbjp Ji https://t.co/LxJ9G9SJRW|
155659213|143409075|1101456379124965376|शुभकामनाओं के लिए आभार और धन्यवाद।@maheshpoddarjhr Ji https://t.co/eh8dQtiBxh|
155659213|143409075|1101455854379757569|शुभकामनाओं के लिए आभार और धन्यवाद।@RajivKumar1 Ji https://t.co/YYHGyZngWW|
155659213|143409075|1101425327929143296|शुभकामनाओं के लिए आभार और धन्यवाद।@Dev_Fadnavis Ji https://t.co/7dhBKCscSa|
155659213|143409075|1101424908003770368|शुभकामनाओं के लिए आभार और धन्यवाद।@AshokChoudhaary Ji https://t.co/To2gqLRkiY|
155659213|143409075|1101424601660190720|शुभकामनाओं के लिए आभार और धन्यवाद।@nkishoreyadav Ji https://t.co/wvXjhLSfkM|
155659213|143409075|1101424125208227840|शुभकामनाओं के लिए आभार और धन्यवाद।@DrMadanMohanJha Ji https://t.co/n2UUhXTpRS|
155659213|143409075|1101423794256674816|शुभकामनाओं के लिए आभार और धन्यवाद।@BizayShastriBJP Ji https://t.co/uGXV6TZvey|
