155659213|292114382|1164062839100731392|#4 ❤️ https://t.co/YQP4bwRjXE|
155659213|292114382|1128587289053974528|It’s about time, that the stereotypes that exist about women’s sports are broken. Let’s support @rcgameforlife and get behind the #ChallengeAccepted movement that aims to show that men and women can share an equal playing field: https://t.co/2StyQU80F7 #sp https://t.co/4x1uWxRrPJ|
155659213|292114382|1111530463338721280|@danielwellington has interchangeable straps for your watch. Don't miss out on their offer until April 10th, you receive a free strap with every watch purchase. Also, get an additional benefit of 15% with my code "DWXDIPIKA" at their website or stores. #danielwellington https://t.co/RnJqVbjnpb|
155659213|292114382|1093353730504708096|When the game is on, there's no discrimination of genders. Whether it's a game of squash or a game of life, I have loved @arielIndia for bringing out this message every single time. #ShareTheLoad https://t.co/EH741TIwsa|
155659213|292114382|1063783388400640000|#JerseyKnowsNoGender💪The semis are already upon us and I'm sure we'll go all the way! @ICC #WT20 🏆Can't be there to cheer, but they have my full support! @hellosatnam @josephradhik @HeenaSidhu10 it's time to do the 💪 for #TeamIndia! @Uber_India https://t.co/Or0Fg7Appe|
155659213|292114382|1041683386585116673|Welcome to the family, girl! Super pumped to have you join the  #ThreeStripes fam! @adidas|
155659213|292114382|1036111391466221568|🥈🥉 #AsianGames2018 https://t.co/YdAibiS35Y|
155659213|292114382|1034062293779197952|@robbieuthappa Thank you Robs.. Hope all’s well with you:) Maybe some dancing on top of the table when we all catch up next time ;)?|
155659213|292114382|1034061439793750016|@Media_SAI @Ra_THORe @NeelamKapur @IndiaSports @IndianOlympians @asiangames2018 @MIB_India @PIB_India @akashvanisports @ddsportschannel @YASMinistry Thank you for all the support. I’ve been very fortunate to be a #TOPSAthlete . This scheme is such a blessing for us Atheltes. Thank you once again for believing in us and supporting us through everything :)|
155659213|292114382|1033745755050106881|This one is special ! To my parents , my in laws, my husband , family , coaches and friends - This one is for you. Thank you for believing in me even when I doubted myself. This 🥉 belongs to all of you ! #AsianGames18 https://t.co/wvscqmhY9N|
155659213|292114382|1019942277538512897|Hello from Copenhagen . #visitcopenhagen https://t.co/cGKYMbcTi3|
155659213|292114382|1015451904908804096|A huge Thank you to @ioaindia and @thecgf for thinking I’m worthy of this position. I’m excited to start working closely with the team on the CGFAAC board and look forward to being a voice for my fellow athletes of the Commonwealth Federation. https://t.co/AQTa6nkeFC|
155659213|292114382|991567973998563328|@malolanr @DineshKarthik 😬😬|
155659213|292114382|991567826191306752|@adhishwar8 ❤️❤️❤️|
155659213|292114382|991565561460084736|It was an absolute honour and privilege to have met our Honourable Prime Minister Shri @narendramodi . Thank you for your continuous support to Indian sports and we hope to keep winning medals for our Nation :) #CWG2018 https://t.co/B9BMU3QZYp|
155659213|292114382|988787949524340736|Reading my brother-in-laws thoughts only makes me more grateful for what I have been given in this life. I might have come back with only 2 silver medals, but my family and friends are the biggest medals I can ever have! https://t.co/GEx4IwrpEE|
155659213|292114382|985627844830085120|@adhishwar8 ❤️❤️|
155659213|292114382|985627362103410688|@malolanr ❤️❤️❤️|
155659213|292114382|985625648054976512|@hardikpandya7 @DineshKarthik Thank you @hardikpandya7 ❤️See you sooonnn ...|
155659213|292114382|985551975088451586|@faiqrather Thank you Faiiqiii. See you soon so we can celebrate ❤️|
155659213|292114382|985438443894288384|Might have fallen short on both my finals but what a magical week it’s been for me. Thank you to both my partners for holding me together through these 2 weeks. 🥈🥈 #cwg2018 https://t.co/zgIxIOCQc6|
155659213|292114382|985400895813767169|🥈🥈 https://t.co/65rRpW8xVE|
155659213|292114382|981522853513240576|Let the games begin. 🇮🇳 #CWG2018 https://t.co/fNOIJJQ89S|
155659213|292114382|975618393314242560|❤️❤️❤️ https://t.co/E7HQHWEVAF|
155659213|292114382|963272061807353856|#kindnessweek https://t.co/W1OFD9JglT|
155659213|292114382|927749059107987456|❤️❤️❤️ https://t.co/l75sTq1EoC|
155659213|292114382|916031219359461376|#DIPIKADAY coming to you tomorrow. https://t.co/sszld3R0nS|
155659213|292114382|904545836616388608|Congratulations sir @Ra_THORe on your new role. Good days ahead for us Indian Athletes's :)|
155659213|292114382|900638620075388928|To the one who helped me breeze through every low and stay humble at every high. @GodrejCinthol #CintholConfidencePlusCoach https://t.co/CDM3Ih07r0|
155659213|292114382|900271032883322880|You’ll definitely want to go outside after watching this. @GodrejCinthol #CintholConfidencePlusCoach https://t.co/e4F9jOLjTA|
155659213|292114382|899217469943947266|And just like that @DineshKarthik and I turned 2. ❤️ https://t.co/rwPAMEaTKV|
155659213|292114382|895570306173194242|Thank you @adidas for having me yesterday's. #pulseof London #pulseofathletics #zne #adidas https://t.co/jlymkWK7nA|
155659213|292114382|882816669537763328|Can’t believe I am now part of chocolate history.Do you too want a Fabelle chocolate named afteryou?https://t.co/xKWGBtLuqz|
155659213|292114382|879583122836275200|In @NishchayLuthra, I see a great figure skater in the making. Let's contribute to #FanTheFire. https://t.co/de3NVI8HPP https://t.co/e3rBxa2CSI|
155659213|292114382|873200378812047360|I am so happy that it's almost here! Now as promised, Dinesh has to gift me one! Yay 😋Eagerly waiting for the 22nd ⏰ https://t.co/nQmdOwKAjG|
155659213|292114382|865889170346057728|People think bcoz v are both sportspersons,v only talk abt sports!Thankfully that's not true https://t.co/WBfBlEttHG  #OnePlusStarCommunity|
155659213|292114382|850721966357004288|Always seen a certain amount of shame in how people talk abt Incontinence. Let's break the taboo #BasPaanchMinuteAur https://t.co/EKihKBmdqY|
155659213|292114382|847303373653032960|#WhereTheHeartIs https://t.co/KzLd72MyUA|
155659213|292114382|846926927344545792|Stay tuned.... @DineshKarthik https://t.co/m4LAVwG490|
155659213|292114382|841902580519325698|I have always loved more space. #III it is from here onhttps://t.co/D4LS4VDkpk|
155659213|292114382|836157104528351232|'There's one thing stronger than magic and that's SISTERHOOD'! #saudil2017 https://t.co/4VXRtZjPVU|
155659213|292114382|834720370229800960|Still awaiting news on my dads laptop from @qatarairways. I don't think it should take this long to get back to your customers!!|
155659213|292114382|834417626193367040|Dear @qatarairways , still waiting for the laptop you guys took off my dad from Doha! No news, no response!! Pls help!|
155659213|292114382|832091035908132864|I've had a fun #HexaExperience with @DineshKarthik - comfortable, power-packed and feature-loaded|
155659213|292114382|831739883232309249|I get to try the #HexaExperience before @DineshKarthik &amp; I must say I was glad I won the first drive https://t.co/5aJwwxzi4t|
155659213|292114382|831468204421693440|Husband's gift @DineshKarthik from the latest @titanwatches Valentines' Day collection. #LoveBug #PerfectGift https://t.co/9RgX5bcmfN|
155659213|292114382|831407545021505537|We play a game to see which of us will try the #HexaExperience first. Watch to know which of us wins! https://t.co/7YlDn2eKKD|
155659213|292114382|829637220613111808|Another bugging note from husband. Coming to you @DineshKarthik right away! #LoveBug https://t.co/6qRmf0qi4D|
155659213|292114382|829631633225547777|Can't wait for the surprise @DineshKarthik #LoveBug https://t.co/sstltAbuoc|
155659213|292114382|829626399715708929|He bugs me abt how I take too long to get ready, just as much I bug him for the time he spends in the loo! #LoveBug @DineshKarthik|
155659213|292114382|829377170212429824|@josephradhik @DevikaNarain cannnottttt waaaitttt!❤❤❤|
155659213|292114382|829291017648078849|The Game-Changers, The Difference-Makers, The Rule-Breakers,The Creators #heretocreate with @geeta_phogat  @nikhat_zareen @adidas https://t.co/i484U6tTzI|
155659213|292114382|829257300078686208|I am #heretocreate . @adidas  https://t.co/6VWCXuXOrq|
155659213|292114382|828895293697568768|I use creativity to find paths where others don’t. I am Dipika Pallikal and I am #Heretocreate. @adidas Join me Tomorrow. https://t.co/i1jwFpUFnU|
155659213|292114382|826872047217160193|Introducing Mr and Mrs @SauravGhosal❤ #saudil2017. https://t.co/YKqTwIdNrZ|
155659213|292114382|826635166273589248|Sharing the first picture of #saudil2017 with the most beautiful bride and sister. @SauravGhosal - your one lucky boy.Welcome to the family❤ https://t.co/LJYWv6JPpi|
155659213|292114382|826251704832184321|No better way to start #saudil2017 than being reunited with the sisters❤ https://t.co/fz5IptxHO9|
155659213|292114382|817622651069861888|Well done to Vela aka My stud boy ! ❤So proud of what you have done this week. @SauravGhosal you have some company now! #TeamIsa https://t.co/Gg571Ah8iL|
155659213|292114382|816823028696764421|So so so happy for the boys and Coach! One big push boys. Make it an all Indian finals:)💪🏼#TeamIsa #bjosquash @coachcyrus https://t.co/CAuHUCUfh9|
155659213|292114382|813018609509277696|Merry Christmas from my family to yours❤️ https://t.co/OuJNVP1jG3|
155659213|292114382|805320408744529920|Merci Paris for the memories! We'll be back stronger ! #indianteam @indiasquash https://t.co/1mT5x5B7qK|
155659213|292114382|802822910763147264|@adidasWomen im here for a week to play the World Team Championships.|
155659213|292114382|802173200842899456|Ready for winter in Paris in my #ZNE hoodie. Bring it on! #FindFocus #adidaswomen @Adidas https://t.co/TAElxP6CSK|
155659213|292114382|796311017328287744|Had a fun day @PMCBangalore where I shopped at my favorite brands,got a fab makeover and gorged on some yummy food! https://t.co/Lf2P8Jg6ct|
155659213|292114382|785459712112357377|No one is you and that is your power. More power to the women who dare to #BeOriginalBeLabel@labelritukumar https://t.co/aZj3IVw4dm|
155659213|292114382|780242954967408641|Good luck to my coach @Fitzsquash whose competing at the @MastersSquash this week! Another World championship in the bag?! #legend|
155659213|292114382|779144455811047424|Thank you for all the birthday wishes. Turning 25 was so much fun🎉🎊 https://t.co/nlxo5HjDrV|
155659213|292114382|778070116353269760|I hardly get to watch the husband play, so this wins a bit special to me! Well done team @TUTI_PATRIOTS:) #TNPL https://t.co/QJ57fuD8l6|
155659213|292114382|773382265816674304|Excited to see the adidas Uprising come to Chennai. Lace up! Register now at https://t.co/qfntK7ZoZd https://t.co/9uFByNQ5H0|
155659213|292114382|764810262025166848|@Audi_ChennaiIN Thank you:) Always special beings part of the Audi Family:)|
155659213|292114382|764809407372722177|@lakmuku Thank you Aunty:) Pls treat me by making my favourite dish for me😬|
155659213|292114382|764809055642669056|@shayamalv Thank you Veg:)|
155659213|292114382|764808853175218178|@thearvindswami Thank you:):)|
155659213|292114382|764085629034508288|So this happened today!Australian Open Champion🎉.Thank you to @Fitzsquash &amp; @basu2013 for always showing me the way! https://t.co/wwaEBFdHy2|
155659213|292114382|759922555452923904|Happy to get my Australia tour underway with a win! Thank you @KooyongLTC for having us. @Fitzsquash @CourtTechAust https://t.co/b8K1ZYIaTh|
155659213|292114382|755080018083000321|To crossing many more hurdles with you @mukundabhinav #literally  https://t.co/tXH15dYEZ9|
155659213|292114382|746389520690483200|@josephradhik So so cool! U deeee besssttttttt!!!|
155659213|292114382|743478972130811904|Happy to be part of @pgshiksha! We Loved spending time with the kids and teaching them a bit of squash &amp; cricket:) https://t.co/kYaybH9tt3|
155659213|292114382|727039610656854016|@hankypanty Vannakam Sir. Welcome to namma Chennai:):)|
155659213|292114382|723407910932385792|Happy Burrddaaay @malolanr ! #brotherfromanothermother ❤️ https://t.co/T0DQeBY7gx|
155659213|292114382|720272199970476033|@SauravGhosal aheemmmm! I hope ur supporting the right team this IPL! #familyalwayscomesfirst !|
155659213|292114382|717289051074605056|Loved my time @pmcchennai visiting the fashion brands and trying some awesome shoes @SteveMaddenIN @Charles_Keithhttps://t.co/WmFg0pcQXv|
155659213|292114382|715535954245656576|Love the Spring Summer collections @pmcchennai. Enjoying the best of @promod_india @GUESS @DIESEL @gasclothing https://t.co/I2egNxOZJs|
155659213|292114382|712395203227815938|@SauravGhosal Well Done Sau! Keep it going. ❤️|
155659213|292114382|707178551745708032|It is important to end the imbalance of household chores for the next gen. This year, on #WomansDay, dads #ShareTheLoad with @ArielIndia|
155659213|292114382|707034256397180928|Sneak peek into my off season training with @primal_patterns https://t.co/L0mLeAvfsq|
155659213|292114382|705773197287788544|Loved shooting with @sunderramu after soooo long! One of my favourite photographers! Thank you for such a fun shoot😬 https://t.co/K2AvA7A0or|
155659213|292114382|704911967702671360|Let's make this a 100% inclusive elections! Register your name online and be 100% ready to vote! #TN100percent !  https://t.co/MGkESpFnjC|
155659213|292114382|695794600506568705|Let’s take a pledge to #StampOutStigma around #MentalDisorders. A powerful initiative by @NeerjaBirla @ananya_birla and @mpowerminds|
155659213|292114382|692537162525442048|The #adidasUprisingMUM is bringing together squash squads in Mumbai schools. Choose their passion. Choose energy. Come!|
155659213|292114382|684413085969444864|@josephradhik the real question is why are you on tinder Mr JR?|
155659213|292114382|683320362201841664|Heading to USA for the first tournament of the year. 2016 show me what you got!! https://t.co/K2URAdWbmC|
155659213|292114382|680326444044558336|Merry Christmas from my mad bunch of sisters. Stay blessed 🌲 https://t.co/beh1jv2Dpf|
155659213|292114382|679293977728651265|Best of luck to the coolest team in the I-League! Cheering @bengalurufc from my court! #AllOffBluesOn #FriendsofBFC https://t.co/71qKPxLfTA|
155659213|292114382|677730586790748161|#VolleyagainstCancer. Thanks @Fitzsquash. I nominate @SauravGhosal, @RaneemElWelily and @itssobhytime. https://t.co/MCf4y7pmdv|
155659213|292114382|676032162760552449|Hey @MensXP try publishing things which make sense. Oh and Just btw my husband is HOT😍 https://t.co/4J7MsyFScF https://t.co/Kmavmc4070|
155659213|292114382|670461394974736384|The husband takes MOvember very seriously ! https://t.co/s9YAIIQAec|
155659213|292114382|664148681390616578|First Diwali with the husband! May this year be the best for all of you. Happy Diwali :) https://t.co/5ODpZu3SiV|
155659213|292114382|663667504997265408|❤️ https://t.co/u8xQhKcHbO|
155659213|292114382|662781128558817280|When u have the awesome @josephradhik &amp; team shooting you, u never have to try hard!Evry single moment is captured!  https://t.co/I0iVDBCalJ|
155659213|292114382|654124996755894272|Happy to be in the Quaterfinals of the US Open after coming through a tough match against World No 5:) http://t.co/3pdg6OwoEP|
155659213|292114382|652581998477877248|Happy to be associated with @NalliSilk ! So much fun shooting for them! Go check out their new collection now! http://t.co/JPHWSQbXC4|
155659213|292114382|649594582783664128|Turned up for training with the coach, and ended up looking like twins with our matching tee's! #adidas #samepinch http://t.co/UzQBdnhUUw|
155659213|292114382|648827744705511424|Congratulations @josephradhik ! This award is a true testament to your amazing talent! http://t.co/OmqYu4153V http://t.co/rjzz98RX60|
155659213|292114382|647137812630736896|@josephradhik Hi to Akka Radhik:):)|
155659213|292114382|646029194506272770|Very excited to have received our OnePlus 2! Can't wait to start using this brilliant phone:) @OnePlus_IN http://t.co/tw4qLn751l|
155659213|292114382|645211163618230272|@tesnievans @Joelle_King @Donnasquash @LobSquash Noooo wayyy! I searched all over the airport for them!|
155659213|292114382|644827861379973120|@hankypanty Ofcourse. I get to chennai tomorrow. DM me show details pls:)|
155659213|292114382|644827569058025472|When your favourite girls get dressed by ur favourite designer. Thank you @arpita_mehta ❤️ https://t.co/aTbeDFLVj9|
155659213|292114382|644826980278382592|@hankypanty Performing in Chennai ?|
155659213|292114382|643052535981277184|Beautiful day in Sydney today! Amazing weather,amazing food,amazing company!#beatthat  @Fitzsquash #topstuff http://t.co/KzJDXM1htE|
155659213|292114382|642593367180767232|@PRINCEJEWELERY Thank You for the stunning jewellery:)|
155659213|292114382|641023539164803072|Pick you sport Bengaluru and join the uprising! No more excuses! Register today at http://t.co/gMLfEY7PJK|
155659213|292114382|634955097886191616|@josephradhik Naaahhhiiiiiii, Mat jaaaoooo!|
155659213|292114382|634808527085633536|Introducing Mr &amp; Mrs Dinesh Karthik❤️ http://t.co/rmWZDHlkKq|
155659213|292114382|630599591461695492|Happy Birthday to this boy @SauravGhosal . To Many more years of partying,memories and happiness😊This year is yours❤️ http://t.co/nJzTYkjC8I|
155659213|292114382|629841224799686656|@SauravGhosal Congratulations Sau! Good luck tomorrow:) xx|
155659213|292114382|627417034268106753|@theSreyas AND????|
155659213|292114382|627082084108996609|Thank you @vervemagazine for such an amazing cover! Grab your August issue now! http://t.co/hfKlTe6CnV|
155659213|292114382|624504063795687424|Congratulations to my mentor @basu2013 ! No one deserves it more than him!  https://t.co/TxzlyxiLmW|
155659213|292114382|617977832027856896|Check out awesome range of official Wimbledon towels. Exclusively launched by @sports365in http://t.co/2NDQk9j2Pd http://t.co/7DiSdaBOAy|
155659213|292114382|613035668852314112|Really disgusted by the behaviour of @EtihadAirways! Landed in Milan wd a bag missing and no ones ready to help! PATHETIC SERVICE!|
155659213|292114382|610271149251887104|@campilley @Lineuhansen - Congratulations guys:)|
155659213|292114382|604935828687552512|All the best for today's big one @bengalurufc.. Win it!! #BackTheBlues #TheOneThatMatters|
155659213|292114382|604318832233086976|Its such a thoughtful gesture!Totally love the #couplebands @StyloriLove ! Thank You!#stylori #TogetherWithStylori http://t.co/w726pJwIfl|
155659213|292114382|603828324779962368|#SportsAndI are like racket &amp; the ball; Made 4 each other. What does sports mean to u? Tweet wid @sports365in to win http://t.co/ddPTUj0eqW|
155659213|292114382|601322336390778882|Share ur views on why children shud start playing early.Tweet wid #chotaSportstar or blog http://t.co/1LIBIDu6zb http://t.co/NBZNN6O1zu|
155659213|292114382|600910054347317248|I started playing at 9 yrs! When did u start? Share ur moment wid @sports365in &amp; #chotaSportstar|
155659213|292114382|589991379318648832|The new TVC of @UltraTechCement is very inspiring. Here, have a look at it http://t.co/ki1Pfd6c8d|
155659213|292114382|589650395351265281|Just saw the new TVC of @UltraTechCement on #BuildBeautiful and I feel it’s truly clutter breaking. http://t.co/ki1Pfd6c8d|
155659213|292114382|589400505866006530|@theSreyas HAHHAHAHHAHAHHAHAHAHAHHAHAHAHAH!|
155659213|292114382|586952986397540352|I don't think I'm going to have any nails left after this @IPL is over ! Well done @RCBTweets! #PlayBold|
155659213|292114382|585253793811439616|@theSreyas 😏👊|
155659213|292114382|580925590288535552|Super excited to have launched the #ultraboost in Chennai a few days ago. Energy takes over!" @adidaswomen http://t.co/s1cLrPwJip|
155659213|292114382|580011070577721345|@josephradhik Isn't one cricketer enough? ☺️|
155659213|292114382|572432845525790720|Congratulations to @basu2013 and his entire team at PP. Yet another feather on the cap for Basu Sir:) Exciting times ahead for his devotees.|
155659213|292114382|570098035189006337|@P9Ashwini Good Luck Ashwini:)|
155659213|292114382|569191602897313793|@itssobhytime I made it! Haha! I just landed into Chicago .. Hope you make it safe to Boston:)|
155659213|292114382|569145009729093632|@itssobhytime Noooo wayyyy!! I'm at immigration.Fingers crossed! When's ur next flight ?|
155659213|292114382|569136024124846080|@josephradhik EXCITTEEEEMENTTTT!!|
155659213|292114382|569130799485861888|@josephradhik Oh Hi Mr Joseph and Radhik 😎|
155659213|292114382|562253432128421888|@BishanBedi Thank you Sir :)|
155659213|292114382|562253325366603777|@arun_pp Thanks Arun :)|
155659213|292114382|561995693330407425|Very happy to win my first tournament of the year in Winnipeg:) A big thank you to @Fitzsquash &amp; @basu2013 :) http://t.co/ucs72wkYkE|
155659213|292114382|560071407821127680|@peachisha ritika@caakwan.com|
155659213|292114382|559715816321867777|Congratulations to @Pvsindhu1 on receiving the PadmaShri Award. A very well deserved recipient of the award! Welcome to the club :)|
155659213|292114382|558293907893538816|On the road again for the next month! First stop - Washington DC..|
155659213|292114382|556317747353616384|Wish I could be there but here's wishing @bengalurufc and @chetrisunil11 all the best for the season opener. #BackTheBlues #FloodTheFortress|
155659213|292114382|545168355519639553|@NiteshSquare Sounds like a plan! In Cairo now! I'll MSG u when I get to India :)|
155659213|292114382|545165267937296384|@NiteshSquare ur in chennai???|
155659213|292114382|527501950766436352|Happy to have won the 4th and final leg of the @INSquashCircuit in Chennai:) Thank you to @jswsports &amp; @ritwikbhatta http://t.co/TFiBYtFkZA|
155659213|292114382|524166492707778560|@tayflavell ahhhhh I miss kooyong :(|
155659213|292114382|522812156748636160|“@NiteshSquare:Our squash superstar @DipikaPallikal giving tips to kids during JSW @INSquashCircuit dinner http://t.co/zwJmxSqKoG”|
155659213|292114382|519019952011890688|Probably one of my most favourite shoots till date!! #VogueEmpower http://t.co/BGFqIPpfyH|
155659213|292114382|518284727778676737|@vinesh3107 PF CHANGs😍😍😍😍!|
155659213|292114382|515850953962946560|Unbelievable effort by the boys today. Unfortunately we girls had to settle for silver. Great week for Indian Squash! http://t.co/dnaahMElFk|
155659213|292114382|514548703483293696|Regardless of ydays result you will always be our hero @SauravGhosal.. Big hugggg :) http://t.co/jFJEQyGphs|
155659213|292114382|514430016331870209|@basu2013 - Sir this ones for u. Thank u for your continuos support and guidance.. This medal belongs to u:) http://t.co/r0RZDOlkuw|
155659213|292114382|511395911293874177|Hey guys! .@uber_chennai launches uberX in Chennai. Do check out the service- It’s swish, cool &amp; super quick! http://t.co/8ZzeNDnNzs|
155659213|292114382|508641796893593600|Happy Onam :) http://t.co/qf5DgW90RO|
155659213|292114382|504502359221743616|“@joshnachinappa: #partnersincrime##secrettodoubles# http://t.co/FiOsyqGC04”|
155659213|292114382|504501758907785217|Big shout out to my partner in crime - @joshnachinappa ! Can't believe she's finally on twitter! #goldengirls http://t.co/f7CY5AtFcH|
155659213|292114382|503448097335164929|“@arpita_mehta: @DipikaPallikal too excited to have you open my show tonight @LakmeFashionWk #rampdebut” thank you looking forward|
155659213|292114382|498889249425326080|Too many superstars in one selfie I say! #teamIndia #nandri ! http://t.co/AAAkbep3yX|
155659213|292114382|498053711596232704|Great day wd these ladies in Delhi today! We hope India becomes a power packed sporting Nation! @Guttajwala http://t.co/7juKs9xZVD|
155659213|292114382|497062996263182337|Fun day out with the girls at the #Gillette  #Venus event in Chennai :) @NehaDhupia @PriyaAnand http://t.co/s1fQBEyzyW|
155659213|292114382|496602103737896960|Last Selfie wd my amazing team! Thank you for an amazing time and some great memories.#goldengirls http://t.co/7jgr6aQ6Ib|
155659213|292114382|495657283599466496|@ritwikbhatta Thank u for everything you've done for both of us:)|
155659213|292114382|495649493719998464|So glad I could have my man with me on such a magical day! @DineshKarthik http://t.co/1Za4qSAKzd|
155659213|292114382|495638208538247168|This ones for the entire Indian squash fraternity who have always lived in the shadows! Thank u for believing in us! http://t.co/h0KdFq6sMQ|
155659213|292114382|492086738140270592|The Indian squash selfie at the Opening ceremony:) Let the games begin.... http://t.co/6Xc5UvdXd7|
155659213|292114382|492084678464385025|And it begins... :) Let's make this games magical:) http://t.co/5TXqSQh7VM”|
155659213|292114382|492084046554730496|@snookered_adi  Thanks Aditya:) Hope u guys make it next time...|
155659213|292114382|491973202374307841|Few hours to go for the opening ceremony of @Glasgow2014 :) So excited to play my first CWG games. #letsgoindia !|
155659213|292114382|490402959361331200|“@SauravGhosal: The Indian squash team for the Commonwealth Games...applying for the selfie contest!!! http://t.co/rts5pAUMxf”|
155659213|292114382|488862250585690113|Love being woken up by the Dope Controllers!!! LOVE EEETTT!!! #obviouslybeingsacarstic !!!|
155659213|292114382|488620543906574337|@Diggy_SinghDeo pls send me ur number , will msg u a good time to call cause I'm at trainin this whole evening|
155659213|292114382|488619523423997952|@Diggy_SinghDeo yup in Chennai. Will DM my number to u|
155659213|292114382|487959757383155713|“@DineshKarthik: Fun day out today, celebrating a good friends birthday. http://t.co/QPYB00pXQy”|
155659213|292114382|479438975040380928|The Big Indian Squash selfie:) http://t.co/yc2FiI4S7e|
155659213|292114382|478884473178578945|They still got game! Legends! #beckham #zidane #bale #moura #allin or nothing #adidas #worldcup: https://t.co/LZw0ZFstoR|
155659213|292114382|478130322387648512|“@indiasquash: Indian team wins bronze at the Asian Team Championship. http://t.co/uRxCXIHtWt”|
155659213|292114382|477464188818702338|“@indiasquash: India reaches semi finals against Malaysia. Congrats @DipikaPallikal and the gang!|
155659213|292114382|477296072021135360|“@indiasquash: India bt China 3-0.Great showing after yesterday's defeat against HK. Final pool against Pakistan http://t.co/lSLUaQmCIt”|
155659213|292114382|476677407236050944|“@indiasquash: India v Iran in the women's at the Asian Team @DipikaPallikal http://t.co/SoKv950LCU”|
155659213|292114382|476676782502838273|“@indiasquash: Indian girls win in quick time against Iran. Congrats @DipikaPallikal  - Hong Kong tomorrow ! http://t.co/boGeZnIKYj”|
155659213|292114382|476359101518069761|“@indiasquash: Indian girls at the opening ceremony at the Asian Championship @DipikaPallikal http://t.co/sKNv8pqWyj”|
155659213|292114382|476356188234190849|“@indiasquash: @DipikaPallikal and the gals http://t.co/YWLStgVQaQ”|
155659213|292114382|476257821143494656|“@indiasquash: Second practice session for the Indian lasses @DipikaPallikal http://t.co/S0ghqnNQZu”|
155659213|292114382|475958233450835969|“@indiasquash: @DipikaPallikal and the gang at the HK Sports Center http://t.co/HWi9cGekrh”|
155659213|292114382|470852142169747456|Get your war paint on this World Cup! Its black or white #allin or nothing #battlepack #adidas http://t.co/eOvnG9BZFj|
155659213|292114382|465411465193992193|Happy Mother's Day Ma!Thank for giving us everything we ever asked for. We are what we are because of you! Love you❤️ http://t.co/XmlHbOQY0K|
155659213|292114382|461925997776883713|Happy to be back to my highest ranking of Number 10 in the world. Looking forward to the British open in 2 weeks :)|
155659213|292114382|452301394326745089|Inspired by Rio! Loving my jacket from the Farm collection and the iconic Stan Smith shoes #adidasOriginals http://t.co/3DrQOL6yqw|
155659213|292114382|450981991018536960|#adidas #mygirls #allin http://t.co/1yM6CI9Bjp|
155659213|292114382|450981721102495746|Shout out to all the girls! Share your best workout pic and you could be featured in Cosmopolitan! http://t.co/XZfIpctIiC  #adidas #mygirls |
155659213|292114382|450843630551322624|@ash_r_dhanush Thank u Aishu:)|
155659213|292114382|450823299581231104|A very special moment that will always be close to my heart :) http://t.co/0iWCk3cJsd|
155659213|292114382|450637628438626304|@rohanbopanna Thanks Rohan:)|
155659213|292114382|450637575808507905|@shayamalv Thank u Veg:):)|
