155659213|4617954396|1177634982069555200|@_ugra_ You are giving ideas for their next ads!|
155659213|4617954396|1177546681341992961|@vivekagnihotri Dharmo Rakshati Rakshitaha 🙏|
155659213|4617954396|1177169571129618432|@desimojito ☝️|
155659213|4617954396|1176874379562512385|@raggedtag IT returns|
155659213|4617954396|1176757035653664768|@Shivam_h9 @UN Her name is Thimakka.  Saalumarada in Kannada means row of trees, prefix referring to the trees she planted !|
155659213|4617954396|1176554908469747713|Lynching award wapsi gang ka kya kehna hai 🤔 https://t.co/87dt8PI4bg|
155659213|4617954396|1176547809647984640|@AdvancedMaushi People need sympathy not solution!!!|
155659213|4617954396|1176490996235821056|@WIRED Badly rehearsed, not genuine|
155659213|4617954396|1176459456168640513|@vivekagnihotri There is nothing generic about true spirituality.. depending on individual karma and kriya it might or might not!|
155659213|4617954396|1175832564478570496|Demolished hindi imposition 👍 on global stage #HowdyModi|
155659213|4617954396|1175800353188544512|@bharathceegee I don’t see this|
155659213|4617954396|1175789775963348993|New iPhone swipe keyboard 👍👌 they could have added auto space though #iphone13|
155659213|4617954396|1174677140651929600|@OnlyNakedTruth That is a different book by same author.. this book is illustrative with good examples to understand basics of karma|
155659213|4617954396|1174675324975472640|@OnlyNakedTruth From Death to Birth: Understanding Karma and Reincarnation by Pandit Rajamani Tigunait.. explanation karma and rebirth very well done|
155659213|4617954396|1173970804893073413|@bharathceegee 😂😂😂😂 father of the country|
155659213|4617954396|1173963086706823168|@ShefVaidya @CTRavi_BJP Polali Rajarajeshwari temple|
155659213|4617954396|1173805152853090304|#HappyBirthdayPM https://t.co/s481aW9IWp|
155659213|4617954396|1173802158187134976|Happy birthday to my inspiration 🙏     #HappyBdayPMModi https://t.co/ltMXdrjIyY|
155659213|4617954396|1173489420869070850|@tv9kannada @ARanganathan72|
155659213|4617954396|1172183647652171777|@_ugra_ You have a very beautiful pooja room at ur home 🙏|
155659213|4617954396|1171458804396875776|@SanjeevSanskrit @iSanjuktaP Loneliness and no stability in relationships add to this.. most of the families function on transactional basis|
155659213|4617954396|1171338741576695808|@laughsfliesaway Bharat|
155659213|4617954396|1171072290047422464|@raggedtag Agle janam na deejo 🙏|
155659213|4617954396|1171040196550254592|@raggedtag Ppl need sympathy not solution.. self victimisation is very addictive|
155659213|4617954396|1169920144362983425|@raggedtag I like atlas mountain rose also|
155659213|4617954396|1169917925622345728|@raggedtag White musk 😍|
155659213|4617954396|1169894065308962816|@kachra_peti Thx .. fourth time 😊|
155659213|4617954396|1168546626698264577|#GaneshChaturthi https://t.co/jjq1e4j74O|
155659213|4617954396|1166577881360846849|@oldschoolmonk Idli dosa magnets?|
155659213|4617954396|1164888100570447872|#HappyJanmashtami https://t.co/YBdlsgGv7k|
155659213|4617954396|1163859820857810945|Ashutosh on Times now - right of citizen is taken away by right of ED 🤦‍♀️🙏 #ChidambaramFacesJail|
155659213|4617954396|1163695929695670279|Sagarkatte bridge near Mysore #WorldPhotographyDay https://t.co/v4VHkFk4l0|
155659213|4617954396|1163396540716609536|@bharathceegee Just realised?  Leftish hennu hudukta idivi.. planning to gift jolas to the couple!!!|
155659213|4617954396|1162532164824469504|@bharathceegee @SingInTheRine 😂😂😂|
155659213|4617954396|1160548415924662272|@smyltr This is PR not confidence!|
155659213|4617954396|1159399027168858112|During congress times, it was India who was reacting like this to Pak provocation. Now the tables are turned. Reminds me of what Doval said.. if you know the tricks, we know the tricks better 😊 #370Scrapped|
155659213|4617954396|1159300877330468864|@bharathceegee Cant agree more.. very boring and lengthy..waste of time|
155659213|4617954396|1158768304342704128|CONgress us divided into 3 1st supporting 3702nd Not supporting 3703rd Thank You Nehru #370Scrapped|
155659213|4617954396|1158670791241695232|@SanjeevSanskrit Is this a sly on pappu?|
155659213|4617954396|1158653153216098304|Sringeri to Kashmir 😍 https://t.co/uMPx2McUAw|
155659213|4617954396|1158638242175938562|Article 370,35a ಇಂದು ನಿಧನರಾಗಿದ್ದು , ಇಂದಿನಿಂದ 11 ದಿನದ ವೈಕುಂಠ ಸಮಾರಾಧನೆ ಕಾರ್ಯಕ್ರಮವನ್ನು ಆಗಸ್ಟ್‌15ರಂದು ಮೋದಿಯವರು ನಡೆಸಿಕೊಡಲಿದ್ದಾರೆ!...|
155659213|4617954396|1158634265820614656|1st Monday-#Chandrayaan2✔2nd Monday:- #TripalTalaque ✔3rd Monday:- #35AScrapped #370Scrapped ✔Next Monday: #PMModionDiscovery 😍😍😍|
155659213|4617954396|1158329576902123521|I need an executor like Amit Shah in my team !!!|
155659213|4617954396|1158264615714746368|@Iyervval I assume u r part of GP 5k 😂😂😂|
155659213|4617954396|1157616940229124096|@OnlyNakedTruth We add to mix veg sambar or mix veg pulav|
155659213|4617954396|1157615585229824000|@kachra_peti Third time?|
155659213|4617954396|1157615412265095168|@Ateendriyo @OnlyNakedTruth @DimpleAtra 😳🙄|
155659213|4617954396|1157614769257324547|@OnlyNakedTruth @Ateendriyo @DimpleAtra Nool khol in Kannada|
155659213|4617954396|1157613859420512262|@oldschoolmonk Lovely weather in blore|
155659213|4617954396|1157612624063787008|@desimojito India occupied By Indians 👍|
155659213|4617954396|1156038157130821633|@bharathceegee I felt editor is overrated and hyped from day one|
155659213|4617954396|1154384452052606976|@ugtunga Roast all daals , around 25 gms each , around 20 gms menthya, pepper, jeera, daniya all roasted and ground to powder in mill,  eat it mixed with rice and ghee.. yummy|
155659213|4617954396|1154379734647599104|@ugtunga Mix menthya hittu in diluted tamarind water and jaggary and oggarane with chillies sasive and curry leaves|
155659213|4617954396|1154370100893372416|@ugtunga We eat it with menthya hittu gojju|
155659213|4617954396|1152210882711060480|This moron Priyank Kharge is suggesting discussions can to on for 60 days 🤦‍♀️ #KarnatakaCrisis|
155659213|4617954396|1152157689616617474|Amazing. Kumarswamy has time to discuss about his brother’s lemon and black magic. And doesn’t have time to prove assembly’s confidence. And still goes on and blames bjp for murder of democracy. Mind blowing quality of politics #KarnatakaTrustVote|
155659213|4617954396|1152130777418571778|@Iamtssudhir pls.. she does this every year during Ashada month which is very auspicious in south|
155659213|4617954396|1152119354869207040|@News18Kannada what about the future of the state?  your priority should be this.. not abt law makers|
155659213|4617954396|1152106886684016641|#KarnatakaFloorTest its all about CM speaker taking moral high stand and showcasing themselves as clean and non corrupt 🤦‍♀️ pls make it abt the state  not individuals|
155659213|4617954396|1152105492245708801|Pls @hd_kumaraswamy its not about you.. its about Karnataka.. pls put progress on top priority and let the state move forward whatever way possible 🙏 #KarnatakaFloorTest|
155659213|4617954396|1152102019529957377|Karnataka assembly has become a joke.. ruling party allowed to discuss gossip without taking names which is irrelevant for today’s reality.. hope sense prevails and focus on work is top priority #KarnatakaFloorTest|
155659213|4617954396|1152101320792272897|Karnataka CM taking high moral ground .. hope atleast someone there to believe him #KarnatakaFloorTest|
155659213|4617954396|1152089394762829825|@satishbrain @nistula @PoojaPrasanna4 @smitaprakash @GauthamMachaiah 🤦‍♀️|
155659213|4617954396|1152064934328426497|First step to eliminate plastic from daily life - switched to. Bottled milk supply #plasticfree|
155659213|4617954396|1151893473735237633|Karnataka Gvnr sent a clear msg to the Speaker to finish the trust vote today itself. speaker walked out and session was adjourned without any voting.Imagine if a BJP had openly ignored a Governor's msg to save a minority gvmt? media would shoutdemocracy was murdered #StepDownCM|
155659213|4617954396|1151800076651487237|Biased behaviour of Karnataka assembly speaker is so obvious #KarnarakaFloorTest|
155659213|4617954396|1151765205690376192|I keep getting notifications for follow but my followers count is frozen from past 2 months #followercount|
155659213|4617954396|1151426137806921728|#SareeTwitter with my son 😊 https://t.co/LOCecyIylo|
155659213|4617954396|1150590295274184706|@ANI HARISH Mohammed?? 🙄|
155659213|4617954396|1148809557113577472|@BhagwaanUvacha And they dont need to guard a temple|
155659213|4617954396|1147478089523326978|@Iyervval Tweeting like Indian twitter James Bond!!!|
155659213|4617954396|1146040955042091008|Happy birthday @amishra77 .. have a wonderful day !!|
155659213|4617954396|1144269430525816832|Me msged to husband:  i am very depressed feeling like doing nothing ..want to eat chips and cryHe msged back: ok i will get chips 🙄😭😭|
155659213|4617954396|1142690805263376384|@Iyervval 😂😂😂👌|
155659213|4617954396|1142411421835132928|@Tweetgadu1 Yeah he has played like this in all matches of his career|
155659213|4617954396|1142402776602775553|@221B_Bkr_St @Tweetgadu1 Think of team and country win not individual players.. he has not played in any match and not worth at playing in that order|
155659213|4617954396|1142402016230047744|@221B_Bkr_St @Tweetgadu1 😂😂😂|
155659213|4617954396|1142400535774896128|@221B_Bkr_St @Tweetgadu1 As if he would hit century if pitch was good 🙄|
155659213|4617954396|1142399936958361600|@BhuwanC35949809 Will India cross 200?|
155659213|4617954396|1142396994276560896|Inside analysis: India make Afghan to win, so that Pakistan 🇵🇰 will be pushed down in points Table 🤔 #INDvAFG|
155659213|4617954396|1142396175670116354|Who will win today #INDvAFG|
155659213|4617954396|1142395587859374080|@Tweetgadu1 Look at balls wasted and at what stage.. irresponsible and selfish|
155659213|4617954396|1142394056607055872|Who is this Vijay Shankar.. never celebrated an Indian wicket more!! Let him get injured for rest of the world cup 🙏 #INDvAFG|
155659213|4617954396|1142339715095384064|@TedhiLakeer I am a meeting good very|
155659213|4617954396|1142032891943067649|@desimojito https://t.co/yD2MpAgKWB|
155659213|4617954396|1141003234602975235|@iAnkurSingh @QweenOfHells Its roasted dosa.. very tasty|
155659213|4617954396|1139210298517151744|Smell of books 😍|
155659213|4617954396|1138809058763272192|@_ugra_ Singandhur, Sharavathi backwaters|
155659213|4617954396|1138794394079809536|@_ugra_ https://t.co/mXI9zkPQdj|
155659213|4617954396|1137691013093371905|@hvgoenka 5+4=9|
155659213|4617954396|1137579545488384001|@SevenDeviled She could have donated a microwave oven for non veg simple!|
155659213|4617954396|1134003365984083968|@raggedtag Cetaphil|
155659213|4617954396|1133579297132646401|#NewProfilePic https://t.co/cEyFXHPmXV|
155659213|4617954396|1133572855692578818|😂😂😂 https://t.co/noYdiz25f5|
155659213|4617954396|1133319042586927104|Lenskart did what BJP couldn’t.They’ve deposited more than ₹ 15 Lakhs in my account so far.|
155659213|4617954396|1131928356402761731|@ShekharGupta @VatsaAditi Why is a don glorified?  Just becoz BJP lost?|
155659213|4617954396|1131875873982799873|@Ra_Bies Ab hoga ANYAY|
155659213|4617954396|1131601878012182528|My son’s cartoon for today 👍 https://t.co/XGmgfy0SYA|
155659213|4617954396|1131569362714804224|@bharathceegee @rashmee_rao Bjp in chnagar 👍|
155659213|4617954396|1131547461460193280|@vinayak_jain Raining here also.. everywhere..good sign|
155659213|4617954396|1131522064660160513|@bharathceegee @rashmee_rao Putra, bjp leading by 2k 😊🤞|
155659213|4617954396|1131516867003133953|Heartiest congratulations to @narendramodi ji.. you are an inspiration to all Indians.. I am sure that India will grow strong and achieve peak success under your leadership 🙏|
155659213|4617954396|1131509632914952192|@bharathceegee @rashmee_rao Bjp leading by 253 as of now|
155659213|4617954396|1131158809567584256|@ExSecular So apt especially fanaa|
155659213|4617954396|1131116474473410560|@seriousfunnyguy With hair and a brain!!!|
155659213|4617954396|1130868403114143746|#HuaToHua https://t.co/VyW86TEBqm|
155659213|4617954396|1130850633156706304|@ShefVaidya @divya_16_ @TwitterIndia Same with me|
155659213|4617954396|1130745502796959745|@vinayak_jain In 2014, BJP was focusing on SM more, Cong tried to copy that in 2019 but BJP had changed focus audience in 2019, so spending more on twitter audience wont work|
155659213|4617954396|1130443301369200641|So called “Liberals” https://t.co/rkxBDi5Nq4|
155659213|4617954396|1130424620899717122|@royally_fiery Jungle se nahi, gutter se nikalna mushkil hai|
155659213|4617954396|1130378413087133696|2k followers 🙏🙏🙏|
155659213|4617954396|1130372102677123072|@pradip103 @jankibaat1 Mandya, Tumkur, Amethi, Baramathi|
155659213|4617954396|1130163269715472384|Ab hoga NYAY #ExitPoll2019|
155659213|4617954396|1130125973339353093|@theskindoctor13 Lalbagh pakad liya 😂😂😂|
155659213|4617954396|1129277272949583872|@csharitha Its 8-9 hours by road..430 kms from mysore|
155659213|4617954396|1129267405383917568|@csharitha Hampi is not near Mysore.. where r u travelling from?|
155659213|4617954396|1127969369970040832|@Ra_Bies @theskindoctor13 Naam Rahul se Dinesh kaise hogaya 🤔|
155659213|4617954396|1127607288376713217|@vinayak_jain Mandya/Hassan/Tumkur in Karnataka|
155659213|4617954396|1126544013320867840|@BDUTT @AtishiAAP I would never take a political side as a journalist 😂😂😂|
155659213|4617954396|1126452789834420224|@vinayak_jain He fights to win.. till last minute, he is putting more than 100%.. he will never lose|
155659213|4617954396|1126341242965520385|🙏🙏🙏 Sankara Jayanti https://t.co/yPaW4nlbN0|
155659213|4617954396|1125774441252712454|@ishafoundation @SadhguruJV Bliss with @SadhguruJV 🙏|
155659213|4617954396|1125734917655019520|@ThinkersPad 🤣🤣🤣|
155659213|4617954396|1125734153553530883|@ThinkersPad Rajdeep?|
155659213|4617954396|1125733989380026370|@iMac_too @RahulGandhi 2 days!|
155659213|4617954396|1125697711473217537|@HarishKSMurthy @ANI @divyaspandana Her last line seems apt for Rahul|
155659213|4617954396|1125697590094331904|Ardhanareeshwara 🙏 https://t.co/RatjLRtV5d|
155659213|4617954396|1125694676944580608|@ANI Why she is talking like this about Rahul?|
155659213|4617954396|1125688516040466432|Will surely miss this fun after 23rd https://t.co/41FlTWX0Xo|
155659213|4617954396|1125403314588241920|@Iyervval @francescam63 Works now! 👍|
155659213|4617954396|1125402585387520000|@Iyervval @francescam63 Link not working|
155659213|4617954396|1125243774706143232|What does this mean? https://t.co/uTNaQmK6VH|
155659213|4617954396|1125016674833276928|@desimojito @pokershash #YoRajivSoPatriot he had RaGa in order to save the country from dynasty!|
155659213|4617954396|1124883072782983170|I don't want 15 lakhs in my account, rather I'm ready to transfer 15 lakhs if @narendramodi ji asks.Bus badle mein mujhe lifetime yahi PM chahiye 😍❤️❤️|
155659213|4617954396|1124717444906475525|@vinayak_jain I can see a bigger wave than 2014|
155659213|4617954396|1124574499188367360|Yeh kya hai https://t.co/QIAouhwKIv|
155659213|4617954396|1124328933669793793|https://t.co/OSPqNui30c|
155659213|4617954396|1124328514537136128|Such a profound reply and Anil Ambani or Rafale is not even mentioned.. hats off https://t.co/ing6Y0fYgJ|
155659213|4617954396|1123201587181023233|@ashwinskumar Preti!|
155659213|4617954396|1121728244628070401|@Ra_Bies He has all qualities and more but he is modest and does not show off|
155659213|4617954396|1120921947280330753|Now that Akshay has interviewed PM, my choice is Tushar from Golmaal to interview Rahul Gandhi.. pls RT|
155659213|4617954396|1120919454890598400|@ExSecular Aur return gift mein tension milta hai 🤣🤣🤣|
155659213|4617954396|1119814575254200321|@d_jaishankar London|
155659213|4617954396|1119132173867421697|No condemnation from feminist journalists? https://t.co/P8VIuUlbkS|
155659213|4617954396|1119071835503464448|@IndiaToday @_YogendraYadav @amitmalviya @sardesairajdeep But you have a Hindu name!|
155659213|4617954396|1118885569562439681|@Ish_Bhandari 66 vs 69.6 in 2014|
155659213|4617954396|1118855449774678017|@Atheist_Krishna If he stayes in India with his party president, chances are he will turn to a bhakt sooner than 6 months !!!|
155659213|4617954396|1118853943310684161|@ANI Pls speak to your party president .. he must have a machine to convert EVM into votes &amp; ofcourse cash|
155659213|4617954396|1118853402270687232|So many pictures of ppl having voted for Modiji.. not able to find a single pic where someone has voted for Rahul .. are ppl voted for him ashamed of claiming the same 😄|
155659213|4617954396|1118815915657682945|Lot of missing names!  I voted but my husband’s name was deletes!!! https://t.co/eTYdXrQP9O|
155659213|4617954396|1118806816085798912|@TwitterIndia @ndtv NDTV is news partner really?|
155659213|4617954396|1118795161251696640|My vote for @narendramodi ji 🙏 #ModiMattomme https://t.co/2ZnbphjJnx|
155659213|4617954396|1118478540901502976|@ExSecular Aapke muh mein ghee shakkar|
155659213|4617954396|1118418873231953920|@ExSecular @IndiaToday Is it ok to report color of undergarments 🤔|
155659213|4617954396|1118353590379139072|NOTA users pls note https://t.co/GpxMWdQnad|
155659213|4617954396|1118172299100692480|Ultimate stress buster really.. will miss the comedy shows after 18th May ☹️ https://t.co/jpDXHJd3Rl|
155659213|4617954396|1118116329767129088|@SecularTrainee @ExSecular @BDUTT She is busy with SheThePeople programs|
155659213|4617954396|1118044904851034113|@muglikar_ My maid said she doesnt not want this money.. as guys will become lazy and get distracted and will while away time..|
155659213|4617954396|1118041406142943233|@haryannvi @SwarajyaMag Mandya in Karnataka|
155659213|4617954396|1118031207927664640|Via WA https://t.co/CP0Cd7uVjd|
155659213|4617954396|1117845507194232832|Speaking to some Modi critics.. they are so jealous of one man getting so much love.. coming to criticism.. all they say is gst refund didnt happen on time, system crashed 🤦‍♀️|
155659213|4617954396|1117814261877657602|I request Modiji @narendramodi to please take off for a week atleast after taking oath for second time.. Sir this is sincere request from your supporter..|
155659213|4617954396|1117742926929383425|Preethi, daughter of my house help has secured 92% in 12th exams.. very proud and happy .. she plans to take up Engineering 👍 https://t.co/AaznkTkhWP|
155659213|4617954396|1117414947653210113|@roshniprakash_ @PuneethRajkumar @hemanthrao11 @Rishi_vorginal @charanrajmr2701 @KavaludaariFilm @PRK_Productions Lots of love Rosh putti 😘😘😘|
155659213|4617954396|1117406951057412096|When u spend lot of time with pidis ! https://t.co/7eZabidxL3|
155659213|4617954396|1116914518204895232|⚽🏀⚾🎾🏐🏓🏸🏑*Master piece*Teacher:-  राजीव गांधी का खेलों में ऐसा क्या योगदान था, जो उनके नाम पर 'राजीव गांधी खेल रत्न पुरस्कार दिया जाता है?'Student:- राजीव गांधी जी ने  खेल-खेल में देश को एक ऐसा रत्न दिया, जिससे आज पूरा देश खेल रहा है 😝😜😂😂😂😂|
155659213|4617954396|1116760707490402304|@rashmee_rao @Varsha_Vedanth ನಿಖಿಲ ಎಲಿದಿಯಪ|
155659213|4617954396|1116676450449383426|Nasir Abbas Bismillah, grandson of Shehnai maestro late Ustad Bismillah Khan on letter to PM asking to join his nomination process: It's our desire to join him.If we get an offer we'll accept; regret we didn't accept in 2014 as few Congressmen brainwashed our elders.|
155659213|4617954396|1116676195402149889|https://t.co/J6GmaDEYap|
155659213|4617954396|1116304873056653318|@ExSecular Chappal khane ke chances zyada lagtha hai 🤣|
155659213|4617954396|1116278454167588864|@raggedtag Vote again!|
155659213|4617954396|1116273647063162880|Cand: Pratap Simha @mepratap https://t.co/xrCxDr3pGr|
155659213|4617954396|1116270238473965569|@KSingh84856557 @Ateendriyo @sneheshphilip French ambassador to India has denied it as fake news|
155659213|4617954396|1116263764884463622|All the best Rosh!! https://t.co/cp5npakf6E|
155659213|4617954396|1116012465416855553|@rishibagree @ashoswai IMF has said no such thing|
155659213|4617954396|1115857766160175104|@divya_16_ Rahul is love and tolerance personified!!|
155659213|4617954396|1115415795842969600|https://t.co/iOH91xFQF5|
155659213|4617954396|1115281434334203904|@vinayak_jain People are voting for him because he is not popular for his work!! What logic!!|
155659213|4617954396|1115207086739034112|@2BHKFLAT @Ra_Bies I get that but what context ?|
155659213|4617954396|1115206328501170177|@Ra_Bies What did i miss🤔|
155659213|4617954396|1115187768424927232|@MinhazMerchant @RahulGandhi Great analysis.. doles are short term and do not bring any achievements or progress for nation|
155659213|4617954396|1114906437719941120|@rupasubramanya @dhume @priyankagandhi 😂😂😂|
155659213|4617954396|1114542919182995458|@pradip103 @Shehzad_Ind @BJP4India He is neither senior nor respected!!!|
155659213|4617954396|1114416434384232448|@ShefVaidya @priyankagandhi That is not dining table and looks like a pic from google|
155659213|4617954396|1114114110562504704|@ANI So she is rejecting Rahul openly|
155659213|4617954396|1114058224053903362|@amishra77 They would rather believe US than India.. all for Modi hatred|
155659213|4617954396|1114051069670088704|@ndtv @RahulGandhi I think he means where it will go!!|
155659213|4617954396|1113846343166877696|@indiantweeter 360|
155659213|4617954396|1113843018073645056|Rahul’s cheerleaders!!! https://t.co/BQ36nWMELv|
155659213|4617954396|1113827691847766017|@indiatvnews Not worried about the contents and how it will serve nation but only worried about layout and photo..|
155659213|4617954396|1113826959945953280|RaGa showcasing green Tsunami.. hope it drowns him in green ocean https://t.co/3Uyi1gBV30|
155659213|4617954396|1113824544337190915|I want Rahul Gandhi to lose from both seats.. not just because I support Modiji.. but coz I am sure there are more worthy candidates who will serve their people better than this giggly mankid|
155659213|4617954396|1112976886236237824|@indiantweeter Agree could not use it for 2 months.. back to iPhone|
155659213|4617954396|1112878867784454145|@vinayak_jain Looks like horror movie poster|
155659213|4617954396|1112760895443099648|@vinayak_jain 😂😂😂|
155659213|4617954396|1112337688269647872|@divya_16_ Dont u want 72k per hour?|
155659213|4617954396|1112015373967065088|@RahulGandhi First do something about the lakes in Bangalore where u r in power|
155659213|4617954396|1111571493433937921|@harshmadhusudan @ShekharGupta That is applicable only in case they join BJP|
155659213|4617954396|1111523866373808128|मोदी मोदी मोदी मोदी मोदी मोदी मोदी मोदी मोदी मोदी मोदी मोदी मोदी मोदी मोदी मोदी मोदी मोदी मोदी मोदी मोदी मोदी मोदी मोदी मोदी मोदी मोदी मोदी मोदी मोदी मोदी मोदी मोदी मोदी मोदी मोदी मोदी मोदी मोदी मोदी मोदी मोदी मोदी मोदी मोदी मोदी मोदी मोदी मोदी मोदी मोदी मोदी @narendramodi https://t.co/p5lEAaCHdw|
155659213|4617954396|1111522360765480961|The most important and key thing lacking in congress is strategy.. everything is being done without any medium long term planning.. no foresight nor insight...dangerous proposition for the nation|
