155659213|225775547|1188861941994921989|@Unfuk_Withable @priyankac19 @YRDeshmukh Yes sir My Mother in law is from Alwar. She just confirmed that it’s more than 50 vegetables that she uses. I have eaten her preparation of annakoot. But due to high carbs , my food has been limited to high protein diet ( #Keto )|
155659213|225775547|1188861122142785538|@Unfuk_Withable @priyankac19 @YRDeshmukh Oh yes I have had Annakoot ki sabzi. It tastes awesome.|
155659213|225775547|1188860919935307776|@priyankac19 @YRDeshmukh Oh. I have never had it even though my Mother and wife are from UP. But would now like to taste it as soon as my nutritionist allows me.#ketodiet|
155659213|225775547|1188832656944795649|@priyankac19 @YRDeshmukh Undhiyo ? ...... I love it.|
155659213|225775547|1188791715030650880|दीपावली के बचे हुए सभी दीपक संभाल के रखे15 - 20 दिन  बाद हमें करोड़ों दीपक घर घर जलाने हैं*जय श्री राम🙏*|
155659213|225775547|1188779705492758529|#Caliph #Abu_Bakr_al_Baghdadi died a dogs death. 👌👌👌|
155659213|225775547|1188761856640352256|@ANI Congress Organisation is on leave without notice. https://t.co/C0tbHuS88I|
155659213|225775547|1188760822090043392|@ANI https://t.co/XuMNWw5095|
155659213|225775547|1188760619073171456|@TulsiGabbard https://t.co/z5uUOnVtMQ|
155659213|225775547|1188746280962613248|@Nidhi Nidhi do you find that communal or Nationalistic and Humanist ? I know your answer.|
155659213|225775547|1188745195107602432|#Aurangzeb died in 1707 #Abu_Bakr_al_Baghdadi killed like a dog in 2019 Both were brutal nasty and both killed millions in name of Islam.|
155659213|225775547|1188661310365429761|@Devanshi137 શુભ દિવાળી અને નૂતનવર્ષ ના અભિનંદન🙏🏻|
155659213|225775547|1188661182493671425|@Devanshi137 🌹🌸નૂતન વર્ષાભિનંદન🌹🌸|
155659213|225775547|1188629803139620865|👏👏👏 https://t.co/mKjCOQbofk|
155659213|225775547|1188426951675011072|Trump Approves Special Ops Raid Targeting ISIS Leader Baghdadi, Military Says He's Dead https://t.co/1TCueulc8m|
155659213|225775547|1188425550366461952|Hats off to America. Very inspiring #BaghdadiKilled Big blow to #RadicalIslam https://t.co/WpXtLdEkU6|
155659213|225775547|1188411365591048192|#BharatMataKiJai https://t.co/tcT9r3iRjd|
155659213|225775547|1188408143115669505|@ImranKhanPTI Hindus in Pakistani are being killed chased out and women raped and converted. We Hindus will teach Pakistan a lesson. Believe me https://t.co/ye3tAf0gEo|
155659213|225775547|1188405744716177411|@MrsGandhi What about economic slow down that our #EliteJammat is propagating. After Parle ji results of huge profits now India is buying gold but not underwears. 🤓🤓https://t.co/vTAbedUeIB|
155659213|225775547|1188369721936220160|@ExSecular Yummy|
155659213|225775547|1188305594429726723|#Diwali दीपावली लक्ष्मी पूजन विधि मंत्र:ॐ या सा पद्मासनस्था, विपुल-कटि-तटी, पद्म-दलायताक्षी।गम्भीरावर्त-नाभिः, स्तन-भर-नमिता,शुभ्र-वस्त्रोत्तरीया।। लक्ष्मी दिव्यैर्गजेन्द्रैः। ज-खचितैः, स्नापिता हेम-कुम्भैः। नित्यं सा पद्म-हस्ता, मम वसतु गृहे, सर्व-मांगल्य-युक्ता।।|
155659213|225775547|1188298064064372736|#DiwaliPoojaMahurat2019 दिवाली लक्ष्मी पूजा रविवार, अक्टूबर 27, 2019 परपूजा मुहूर्त – 06:43 PM से 08:15 PMअवधि – 01 घण्टा 32 मिनट्सप्रदोष काल 05:41 PM से 08:15 PMवृषभ काल 06:43 PM से 08:39 PM अमावस्या तिथि प्रारम्भ 27,को 12:23 PMअमावस्या तिथि समाप्त 28, को 09:08 AM|
155659213|225775547|1188137259091972097|@tehseenp #BigBoss13 Will people take you seriously after this ? Strange decision.|
155659213|225775547|1188135242147581952|@tehseenp Tehseen bhai on #BigBoss13 that too in a fiery season. God bless him.|
155659213|225775547|1188134954812788740|@ZafarRashiduz @debasis52 @thewire_in Others looted and destroyed temples. After 490 years of misery now we are reclaim our pride.|
155659213|225775547|1188115345443299328|@bhupendrachaube #Pollution Lakhs of bakra that are slaughtered also cause pollution. Please also support us in campaign on #BakraEiD|
155659213|225775547|1188112440975740929|@vivekagnihotri @AdityaRajKaul Sir that young man lost his job and was jobless for 4/5 years. Is job of reporter to target someone without fact ?|
155659213|225775547|1188108876282916864|@sanjayuvacha Convert to Islam. Only that is left for you now. Then become a #Fidayeen|
155659213|225775547|1188107965280051200|#Deepotsav2019 ४९० साल के बाद मोदी जी के आने से अयोध्या में हिंदुओं की खोई हुई इज्जत और अयोध्या की भव्यता लोटी।मोदी जी १०० cr. से ऊपर हिंदुओं का कोटि कोटि धन्यवाद । #जय_श्री_राम https://t.co/hdAxIQJYD3|
155659213|225775547|1188096916300713984|@maryashakil #HappyDiwali mam. 🙏🙏|
155659213|225775547|1188096582962634752|I am very happy with my fitness. @jaydeep_bhuta thanks a tonne for changing my life for ever. 32 Kg in 6 months and counting. #HumFitTuIndiaFit #ketodiet https://t.co/hkke5jtx8R|
155659213|225775547|1188089124768616449|#SaveDelhiFromKejriwal Let’s all start this Hash tag. Time has come to concentrate on Delhi. Let’s save Delhi.|
155659213|225775547|1188078878935474177|@PadmajaJoshi I love Delhi Without #Kejriwal #SaveDelhiFromKejriwal|
155659213|225775547|1188062769544749056|@PawanDurani @ShefVaidya Pawan you surprise me some times. Calm down. It’s learning for @PoojaShali that she apologises. I have done it many times. Pawan Bhai cool it.|
155659213|225775547|1187941833524957184|Both are from same team. One is a Congress MP and another a ex congress Independent MLA. Tharoor not targeted but as #GopalKanda spoke in support of #BJP he was targeted by #Jamat_e_Press Why this bias ? Even though #BJP never said they are taking his support. https://t.co/hpIttcobkz|
155659213|225775547|1187939282360528902|👉Did any spokesperson or BJP itself say that we got support from #GopalKanda ?👉Did BJP give ticket to #Kanda to become MLA ?👉 Were thousands of people of SIRSA who voted for #Gopal_Kanda BJP workers ?👉 Is Shashi Tharoor a congress MP not a equally big criminal ?|
155659213|225775547|1187938184635633664|@viikassood Let’s wait and watch who will have last laugh. Also only naive believe in false hood being spread by #PressJamat and #ExBlackmarketeers about falling economy. Fundamentals strongest ever.|
155659213|225775547|1187937788802428933|@pvthakare @payalbhayana @maryashakil @ThePrintIndia Did BJP ever declare they are taking support of #GopalKanda and any question asked to EC or People for electing him. Why is BJP being blamed.|
155659213|225775547|1187804104661225472|Dear @mlkhattar ji You have got highest number of seats in a very complicated and corrupt state. You have fought against Casteism and corruption in 5 years and you have defeated powerful land sharks that were sill owing the state. Thanks for being so awesome. https://t.co/WV0fE7jL7E|
155659213|225775547|1187803362353283072|@Dev_Fadnavis I am very happy at your victory. BJP went with you as CM face and you got a resounding victory sir. I am also aware of how you have dealt with 70 year old difficult issues and solved problems in a complex state like #MaharashtraAssemblyCongratulations sir https://t.co/DRZJXAsFgH|
155659213|225775547|1187793602589552640|@Manesha76 @iSinghApurva 😎😝|
155659213|225775547|1187790656128897030|@Manesha76 @iSinghApurva Twitter is reducing my followers by 10-15 daily. I have lost huge number of followers. Price for being a warrior I guess. 🤓|
155659213|225775547|1187768193189695489|@Manesha76 @saagar_anand Done|
155659213|225775547|1187716483020775425|@ImHari_Dev @PadmajaJoshi Wait and Watch and #TrustNAMO|
155659213|225775547|1187712907825467392|@ImHari_Dev @PadmajaJoshi We have the spine. That’s why he will be under control and there is no deal with him.|
155659213|225775547|1187659555229929472|@bhupendrachaube @mlkhattar Kanda and Tharoor are same but reaction to them different ? I want to ask why ?|
155659213|225775547|1187658884132982784|@TimesNow @rssurjewala I am not sure why no one in congress has sympathies for #SunandaPushkar and I hope they also think about #Tharoor who is a suspect in the untimely and in natural death of his wife whose body had injury marks all over.|
155659213|225775547|1187658403243446272|@AmanKayamHai_ET Aman bhai EC cleared his papers and Sirsa elected him and has a precious MLA seat. I can’t remember any of your tweet on Tharoor sitting in Parliament. Isn’t it sad that you have single sided view.|
155659213|225775547|1187654597625532416|@Manesha76 @zankrut #Kanda is cleared by EC and has a seat in Haryana Assembly. BJP fought election against him. It’s will of people of Sirsa now A MLA is supporting BJPModi ji unlike congress leaders will never protect kanda.|
155659213|225775547|1187654544697610240|@ExSecular @RajThackeray Raj you are much better than our #Kejriwal in north. Well done bro.|
155659213|225775547|1187651216538394624|@bhupendrachaube @umasribharti चौबेय जी हरियाणा एक निर्वाचित MLA है कांड। भाजपा का कंडा को जिताने में कोई कम नहीं किया ।|
155659213|225775547|1187650574709223424|@shweta_shalini @rautsanjay61 Why did we gumbe them seats as gifts. 🙄|
155659213|225775547|1187650313571852288|@maryashakil If Kanda comes with BJP it doesn’t mean he has joined BJP or BJP has given him any protection or will help him. In larger interest of Haryana BJP has taken support of a elected MLA. Concern of the family is ok but with Modi ji and Manohar lal ji nothing to worry. @umasribharti|
155659213|225775547|1187646878583623682|Sunanda Pushkar Case: ‘Shashi Tharoor fought with her in Dubai,’ court told | india news | Hindustan Times https://t.co/kdBFtVHupp|
155659213|225775547|1187631442395680768|@ledepression1 @payalbhayana @maryashakil @ThePrintIndia BJP is not agreeing or supporting any Criminal. BJP didn’t give #Kanda ticket and didn’t make him MLA. For future of Haryana BJP May be getting support but no crime will go unpunished. BJP has not diluted its stand on crime against women.|
155659213|225775547|1187560608797024256|@sanjayuvacha Sanjay Hegde is a know all guy you often get in Diners. He will tell you about religion economy and how president of US should work. After all the Gyan he will ask you for a dollar.😀😀|
155659213|225775547|1187560205527203842|@kiranshaw Madam Govt has the will,investments are coming in. I am not a economist but most of the NPA was due to wrong practise &amp; connivance of Banks. All that is now out in open and not being repackaged. Secondly acquiring land for projects is a big headache.Modi tried land reform bill.|
155659213|225775547|1187552955798642690|@_pallavighosh Who comes under BJP flag has to abide by discipline of #BJP its not like other parties when BJP is concerned.|
155659213|225775547|1187444858803257344|@Sharmistha_GK Some tactical oversites by #BJP cannot be termed as a good show of Congress. And Congress has got substantially lower votes than #BJP.|
155659213|225775547|1187435320968540160|@sanjayuvacha Yes Independent MLA from Dadri Haryana has joined BJP.|
155659213|225775547|1187434467859693569|@iSinghApurva @ManishPandey Done|
155659213|225775547|1187430459761840128|@payalbhayana @maryashakil @ThePrintIndia Candidature of #Kanda cleated by Election Comission of India. Where is BJP to blame for aligning with a legal proper MLA who gives support.|
155659213|225775547|1187430161735507969|@sanjayuvacha @_pallavighosh Sanjay Hegde is going to be declared as Congress President. Just a Buzz.|
155659213|225775547|1187428884574162946|Election Comission of India allowed Gopal Kanda to fight election and people voted for him. How is BJP responsible for that ?|
155659213|225775547|1187428546328711168|@payalbhayana @maryashakil @ThePrintIndia #GopalKanda is bad because he sides with #BJP but what about Shashi Tharoor he is innocent because he is congress MP.|
155659213|225775547|1187424783576621057|@priyankac19 Beginning of second innings. Let’s work together for a great future. 🙏🙏|
155659213|225775547|1187424552290119680|@Rajput_Ramesh Bhai congratulations. Let’s build Naya Maharastra and Naya Bharat together 🙏🙏|
155659213|225775547|1187408765647122432|@nanditathhakur 😝😝🙏|
155659213|225775547|1187403689436143621|@MohitGu82246008 @AnkurSumaal @PadmajaJoshi I understand you are frustrated that a corrupt government is not being formed.|
155659213|225775547|1187403504580587520|@MohitGu82246008 @AnkurSumaal @PadmajaJoshi Would you like #LandSharks to take over #Haryana again or due you want @mlkhattar a Honest CM. Anyone in BJP is not allowed what ever they did outside BJP.|
155659213|225775547|1187402997627682816|@MohitGu82246008 @AnkurSumaal @PadmajaJoshi He is elected MLA. Choice of his constituency. His vote will have BJP continue reforms. Therefore it’s not BJP it’s people who sent him.|
155659213|225775547|1187402737283022850|@TimesNow @PavanK_Varma @thenewshour Pavan Bhai your glass is having no bottom.forget about BJPs glass.|
155659213|225775547|1187402503006015494|बीजेपी संसदीय बोर्ड का फैसला,महाराष्ट्र और हरियाणा सीएम में कोई बदलाव नहीं।|
155659213|225775547|1187383164378988552|@PadmajaJoshi Gopal Kanda has been elected by people and holds a MLA seat. Now the MLA has to be given the due importance. It’s not choice of BJP that he is a MLA.|
155659213|225775547|1187371559779995648|@ShekharGupta Lessons are to be learnt. How #PressJamat got together to prop up Hooda Pawar and Dushyant. BJP fights opposition and Press Jamat|
155659213|225775547|1187350541212540928|@mlkhattar has clearly got more votes. In fact more by 7%. That’s a great achievement.|
155659213|225775547|1187312751443615744|@amishra77 False propaganda by #Jamaat of channels, So called experts and opposition that economy is in shambles has been proved wrong. Vote percentages for BJP are highest. Local factors in Haryana are not due to economic reasons. It’s mainly caste and dynasty.|
155659213|225775547|1187311074779029504|@amishra77 BJP will continue to stop corruption and land mafia in #Haryana BJP will continue its fight against blatant casteism and dynasty over competence. BJP is going to take the hard route to transform Haryana.|
155659213|225775547|1187309695956144128|@amishra77 Freebies and caste politics was the plank of Congress. They decided to give everything free. Yet BJP has won highest seats.|
155659213|225775547|1187308112262389760|@smitaprakash I think it will be 42 or 44. And I think it’s a very good number in a very difficult state where casteism is so strong. BJP experiment was a bold move and people have given them over 7% votes higher than congress.|
155659213|225775547|1187303767278051328|@ExSecular #HaryanaBJP and @mlkhattar fought a valiant election with vikas and equality as plank against casteism and politics of dynasty. Inspire of a heavily casteist society BJP has managed highest seats.|
155659213|225775547|1187257133773053952|@payalbhayana @ExSecular Last time 288-122 and this time 182- 106 in #Maharastra so it’s a big victory for BJP. Giving seats to Shiv Sena was the issue|
155659213|225775547|1187256176121208832|@payalbhayana @ExSecular 6 independents are BJP rebels. Already in touch.|
155659213|225775547|1187223017723760640|@bhartijainTOI Only issue BJP faces is the worker does not work hard on Election Day. Low voting leads to less BJP votes.|
155659213|225775547|1186850992471461888|@neha_jpn Masala Chai ki jai|
155659213|225775547|1186689846200459266|@htTweets @MalikAshok congratulations sir|
155659213|225775547|1186689465139519492|@Gryffindor_GirI For me it was Maggie Noodles|
155659213|225775547|1186487034690433024|@iSinghApurva Happy Birthday|
155659213|225775547|1185914575318933504|@buzzindelhi #Nyay Arvind bhai very well said. 😀|
155659213|225775547|1185914136494071810|@Seems3r Action taken in haste have consequence. You can’t complain or ask for short cuts. You have to face the consequence. Therefore think before reacting.🙏🙏|
155659213|225775547|1185888342686212097|Indian Army today destroyed 4 terror launch pads in Pakistan-occupied Kashmir (PoK), killing at least 4 Pakistani soldiers, in a counter-attack launched against the ceasefire violation that killed 2 soldiers and a civilian in Jammu and Kashmir.|
155659213|225775547|1185750547833458689|@upma23 The number is 010|
155659213|225775547|1185392060427227137|There was laxity on part of @Uppolice in #KamleshTiwari killing. @myogiadityanath cannot be blamed. @dgpup should fix responsibility.|
155659213|225775547|1185389803249885185|#KamleshTiwari was killed to spread fear. @dgpup UP Police has tarnished reputation of @myogiadityanath|
155659213|225775547|1185389077828292608|It’s not only #KamleshTiwari it can be you and me too. @dgpup UP Police failed to access the threat. It’s a matter of investigation and fixing responsibility of UP Police.|
155659213|225775547|1185388666601951232|@myogiadityanath Please check who In UP police didn’t listen to #KamleshTiwari and gave just one unarmed constable as security. Some incompetent person has failed to gauge the threat and spoilt your name.|
155659213|225775547|1185387569162248192|@republic The kind of investigative news that #ArnabGoswami is giving out these days about #DawoodGang is dangerous. We don’t want to lose him. He needs security. @Dev_Fadnavis @HMOIndia @PMOIndia|
155659213|225775547|1185377287945875456|@iamsunnydeol Happy Birthday Bhaiya.|
155659213|225775547|1185373176810721282|Star pracharak of BJP at his best.  https://t.co/3uqME1hI1k|
155659213|225775547|1185290871526182912|@AdityaRajKaul This is scary.|
155659213|225775547|1185290615799472128|@MrsGandhi Most scary 😒|
155659213|225775547|1185289632302297088|@_pallavighosh @RahulGandhi Bouncers are meant to hit for Six by fearless batsmen. Remember @mlkhattar is Virendra Sehwag of BJP.|
155659213|225775547|1185156351560953856|#ketodiet #Keto  @jaydeep_bhuta  129 to 97 Kg 6 months #HumFitToIndiaFit https://t.co/5HgyItV4N4|
155659213|225775547|1185058293074612224|@AdityaTrivedi_ @NagarSugandha #GodBless|
155659213|225775547|1185056936531812354|@smitaprakash BJP wanted Rahul to campaign more. He always helps BJP. Rahul Gandhi is best campaigner for BJP it’s widely acknowledged|
155659213|225775547|1185055924576280576|#TajPalace #iPhone11ProMax https://t.co/8QRhD9iLCm|
155659213|225775547|1185049329616207872|@buzzindelhi #StartupIndia has given a great tool in hands of budding  entrepreneur of India. They feel cared for. This is bringing innovation and technology and also bring down cost.Startup in India is a revolution as it’s become hope of all those who are creative.|
155659213|225775547|1185047060694917120|@Seems3r @ashutosh83B You should try #Ramazan it’s spiritual and very nice. And to become more spiritual go to #Turkey and kill some Kurds after your fast.|
155659213|225775547|1185046441112342528|@ShefVaidya #KarwaChauth  I broke my fast with wife too. In 24th year of marriage this day was very very refreshing for both of us. Increased bonding. I am sorry for those who don’t understand this day. My wife looked the best yesterday all jewellery and best Saree. What a great festival.|
155659213|225775547|1185045927859494913|@_pallavighosh @RahulGandhi Rahul bhai thanks. Your last minute rallies help BJP a lot. 😂😂|
155659213|225775547|1185035680952586240|@DrShobha Well articulated|
155659213|225775547|1185035073508257792|@PChidambaram_IN Asking your family to tell you : Sit in jail and pay for your sins. People have voted for @nsitharaman to run the government. Please surrender all your illgotten wealth India will be a better place to live In mean time say #जय_श्रीराम|
155659213|225775547|1185034521667887105|@bhupendrachaube @PeriscopeCo Does any #LuytenJurno have any love for a mandir at #RamJanmabhoomi|
155659213|225775547|1185034118431723522|@GauravPandhi @sanjayuvacha #जय_श्रीराम  #जय_श्रीराम #जय_श्रीराम  #जय_श्रीराम #जय_श्रीराम  #जय_श्रीराम #जय_श्रीराम  #जय_श्रीराम #जय_श्रीराम  #जय_श्रीराम #जय_श्रीराम  #जय_श्रीराम #जय_श्रीराम  #जय_श्रीराम #जय_श्रीराम  #जय_श्रीराम #जय_श्रीराम  #जय_श्रीराम|
155659213|225775547|1185033816613752832|@ExSecular Many indications in like 6 months.|
155659213|225775547|1185033600191926272|#जय_श्रीराम  #जय_श्रीराम #जय_श्रीराम  #जय_श्रीराम #जय_श्रीराम  #जय_श्रीराम #जय_श्रीराम  #जय_श्रीराम #जय_श्रीराम  #जय_श्रीराम #जय_श्रीराम  #जय_श्रीराम #जय_श्रीराम  #जय_श्रीराम #जय_श्रीराम  #जय_श्रीराम #जय_श्रीराम  #जय_श्रीराम #जय_श्रीराम  #जय_श्रीराम #जय_श्रीराम  #जय_श्रीराम|
155659213|225775547|1185033221517561856|एक ही नारा एक ही नाम #जय_श्रीराम #जय_श्रीराम|
155659213|225775547|1185032910006607872|@rishibagree Manmohan Singh ji was instrumental in running the most corrupt government of Independent India. His Ex Cabinet colleagues are all under investigation or in Jail. His party leaders are on Bail.|
155659213|225775547|1185032463871070210|हिन्दू के असली नेता @narendramodi|
155659213|225775547|1185031767440478208|करोड़ों हिन्दू का संकल्प #मंदिर_वहीं_बनाएंगे|
155659213|225775547|1185031497759313921|कर सेवकों के बलिदान की क़सम #मंदिर_वहीं_बनाएंगे|
155659213|225775547|1185030879950888960|राम जन्म भूमी मंदिर का निर्माण हिंदुओं की असली आज़ादी है । #मंदिर_की_करो_तैयारी #मंदिर_वहीं_बनाएंगे|
155659213|225775547|1185030477666832384|कोठारी बंधुओं की क़सम #मंदिर_वहीं_बनाएंगे|
155659213|225775547|1185017224337092608|#Turkey like #Pakistan is a terrorist nation.|
155659213|225775547|1185012585692745728|@priyankac19 May God bless you with all the happiness and good luck.|
155659213|225775547|1185011323563757569|@Seems3r #ketodiet doesn’t allow ice creams. I am not that lucky. Enjoy|
155659213|225775547|1184826835047256065|@_pallavighosh #Metoo|
155659213|225775547|1184823889702146048|@_pallavighosh Repeated work similar in nature done by robots.RPA robotic process automation is the new phrase. This restaurant has cleverly used it to create curiosity and buzz. It will attract people who like uniqueness. RPA is flooding the industry and being feared as many will lose jobs.|
155659213|225775547|1184564558242955264|@noconversion thanks for follow. Really appreciate.|
155659213|225775547|1184520360449830913|@abhijitmajumder @AnkitLal My friends list has no such person. Call me whatever but anyone with anything to do with #AAP is not in my list. I can’t stand liars u c .|
155659213|225775547|1184519938817445888|@rahulroushan @abhijitmajumder Yes that is the actual option.|
155659213|225775547|1184519736593244160|@bhartijainTOI Wow really nice.|
155659213|225775547|1184499410224472066|#ShivajiMaharaj and @narendramodi ji What a combination.The photograph speaks for itself. https://t.co/ybVe4YPMJ1|
155659213|225775547|1184481522633641989|@Seems3r Most satisfying photo. When I used to see these villains playing with law I used to feel sick. Now thanks to @narendramodi ji my country is saved from these demons. https://t.co/g7eCtSki28|
155659213|225775547|1184452277781913601|@svaradarajan @thewire_in अयोध्या झांकी है मथुरा काशी बाक़ी है ।|
155659213|225775547|1184449335834173440|@IndiaToday We can spend the money on various development schemes. Why should so much money be spent on #TajMahal|
155659213|225775547|1184435539421945856|अयोध्या तो झांकी है । मथुरा काशी बाक़ी है । #मंदिर_की_करो_तैयारी #मंदिर_वहीं_बनाएंगे|
155659213|225775547|1184404976635990016|@Seems3r It means you are gaining popularity 🤓|
155659213|225775547|1184380430373572608|राम लल्ला हम आएँगे मंदिर वहीं बनाएँगे #मंदिर_की_करो_तैयारी #मंदिर_वहीं_बनाएंगे #जय_श्री_राम|
155659213|225775547|1184379611121147905|अयोध्या जी के बाद मथुरा काशी की बारी । #मंदिर_की_करो_तैयारी #मंदिर_वहीं_बनाएंगे #जय_श्री_राम|
155659213|225775547|1184375447976628225|How will you solve issue of mountains of garbage in our metros ? #SwacchBharat|
155659213|225775547|1184375434571669504|What  is the solution ? #SwacchBharat https://t.co/r60wD6ggzw|
155659213|225775547|1184357546498449408|#RamMandir #मंदिर_वहीं_बनाएंगे #मंदिर_की_करो_तैयारी|
155659213|225775547|1184325010103521280|@priyankac19 Well said|
155659213|225775547|1184319121049210881|#NewProfilePic #IndianDressCode #KurtaPayjamaSwag https://t.co/Wx630zypSF|
155659213|225775547|1184310796714536962|@ExSecular I agree. It’s boring today.|
155659213|225775547|1184310316634492928|@Seems3r @desimojito Parents who are not friends of their teenagers aggravate the problem. Being with teenagers and stepping in their shoes gives a hang of what they are going through. Be a friend, supporter and not a lecturer or critique.|
155659213|225775547|1184305979678064641|@Nidhi “ Only way out “ “can only happen “ look at this liberal journalist dictating. She is a extremist who only likes her own ideas.|
155659213|225775547|1184305615226589190|Parle Biscuits net profit rises 15% in FY19; revenue up 6.4% to Rs 9,030 cr https://t.co/t5U21z5nKh|
155659213|225775547|1184174863327485952|Who will partner with me to make a Temple of #SteveJobs https://t.co/Ajjz7AuJOY|
155659213|225775547|1184174558531612672|$6,000 iPhone 11 Pro Steve Jobs limited edition has a real piece of his turtleneck!  https://t.co/oAJTOoS3TF|
155659213|225775547|1184173741846093825|@SharmaKhemchand #मंदिर_वहीं_बनाएंगे|
155659213|225775547|1184172107107684352|@neha_jpn @ExSecular #Poha #MasalaTea for me when I break #Keto|
155659213|225775547|1184143716388179968|@_pallavighosh This is the problem.When you are hollow and do not have depth what ever you say will fall flat. Cong has tried to repackage Rahul several times. But there is no content in him. So you cannot sell such things even with good packaging. Congress has lost connection with Janata.|
155659213|225775547|1184142946280472577|@sanjayuvacha #मंदिर_वहीं_बनाएंगे|
155659213|225775547|1184142448622104576|@republic #RepublicExposesPraful I speak to @HMOIndia @CMOMaharashtra to immediately Z+ security as #Dawood will definitely try to silence #Arnab|
155659213|225775547|1184140967705640961|@nistula @Madonna I was again and again listening to careless whispers last Saturday. Nothing can match those songs.|
155659213|225775547|1184140551131553792|#KurtaPajamaSwag #India Like the #sareeswag I would love to start Kurta Pajama revival.Why can’t we work Indian Dress to work? https://t.co/Qx8TmVWabL|
155659213|225775547|1184127466731950080|@ExSecular @gunjanm Those looking at school girls legs are sick. And girls should decide what they want to wear. Please don’t make it Islamic Republic of India. Let all have freedom.|
155659213|225775547|1183663335100731392|सोनिया और राहुल को लूट डाका और ज़मीन हरड़प ने की माफ़ी माँगनी चाहिए ।  #माफी_मांगो_खट्टर|
155659213|225775547|1183663072872787968|@Pierre60182309 There you are communal and casteist both. When your logic didn’t work you attacked my caste. How cheap you are ?|
155659213|225775547|1183658910281916416|@dktiwary1950 @_pallavighosh @sanjaynirupam @milinddeora I really thank you sir.|
155659213|225775547|1183653679674646528|@_pallavighosh @sanjaynirupam @milinddeora Good for you. For me it’s a duty to voice my opinion so that we have a #CongressMukTBharat|
155659213|225775547|1183653496295432192|@_pallavighosh @sanjaynirupam @milinddeora What is upbringing of Sonia shoes 1 dozen ministers are facing loot charges. What’s upbringing of Rahul who keeps calling PM chor and gives false evidences and then disappears in foreign countries and secretly meets Chinese Ambassador.|
155659213|225775547|1183653038197788673|@_pallavighosh @sanjaynirupam @milinddeora It’s not about my upbringing but it’s about stealing.I can’t use good words for people who do scams and go to Labour Party in UK to discuss Kashmir. Instead of My upbringing think about Maa Beta and company and their upbringing. I am a common citizen born to a ordinary family.|
155659213|225775547|1183652171918778368|@Pierre60182309 I can’t try to tell a man that he is writing as he is already blinded by his thoughts.Let’s not argue. You as it is are irrelevant.|
155659213|225775547|1183651661639835648|@Nidhi With post paid restored can you imagine how @NDTV and @Malala and other such fake liberals have lost talking points to beat chest and get sympathy.|
155659213|225775547|1183651381145673729|@_pallavighosh @sanjaynirupam @milinddeora It’s Congress (Nikama) now. 😂😂😂😂😂😂All are nikama . No one is Kam ka for this country. 😝😝|
155659213|225775547|1183597737985691648|@DeShobhaa This photograph here ,is it your current photo ?|
155659213|225775547|1183578934564265986|@thewire_in Those who want to donate remember some call The Wire a very Anti National group. And part of #TukdeTukdeGang|
155659213|225775547|1182961721528520705|@Seems3r @khanumarfa मंदिर वही बनेगा ।|
155659213|225775547|1182961020123467776|@Payal_Rohatgi Modi ji did not desert his wife. Wrong question. Wife and family were knowing his decision and his wife had no issues. Modi ji is incomparable unparalleled and can never desert anyone.|
155659213|225775547|1182694872018350080|@Modifiedpatel @_pallavighosh @priyankagandhi I don’t use such language. She is a fine journalist.|
155659213|225775547|1182692906848534528|@_pallavighosh Yes off course you said tough job. I am only requesting want you to tweet both videos for sake of being fair. 🤓|
155659213|225775547|1182691662167867393|@_pallavighosh By tweeting this video you are promoting Congress. Now to make it even tweet a BJP video too.|
155659213|225775547|1182640690582282240|@Payal_Rohatgi @Sangram_Sanjeet My friend Sangram good to see your Picture with Payal ji. God bless you both.|
155659213|225775547|1182640209856348160|@sanjayuvacha @RahulGandhi why are you having so many #SPG personnel around you while having tea? What a waste of tax payers Money.|
155659213|225775547|1182614122325839872|@Seems3r #JoinTheParty|
155659213|225775547|1182613458669461504|@bhartijainTOI What will happen to likes of @tehseenp who were beating chest for mobile telephony in #Kashmir They will have to search for a new fake cause as mobiles will be restored in #Kashmir|
155659213|225775547|1182612350148513792|@mpparimal @dasraghubar @cmojhr @smritiirani @MinistryWCD @loismarandi #DayoftheGirl It’s important that Girls remain happy healthy and prosperous.|
155659213|225775547|1182611956613746688|#BREAKING: Post-Paid Mobile phones likely to be opened in Kashmir from next week (Monday) in a phased manner after almost 70 days. Mobile connections to be first restored in Central Kashmir and soon after in other districts of North and South Kashmir. Big relief for the people.|
155659213|225775547|1182611783850307584|@ndtv @OnReality_Check #Liar #FakeNewsAnchor #Fake #Jhoota|
155659213|225775547|1182608229240655873|@Dchautala क्या पता है की आप का नाम गप्पू पड़ चुका है ।|
155659213|225775547|1182576789958189056|@DrShobha Yes I agree. I am always looking forward to this kind of research.|
155659213|225775547|1182511410384982018|@nanditathhakur @RuhiTewari think of those killed as your own relatives. Then listen to your nene voice. May be then you will report the truth.|
155659213|225775547|1182510902425346048|@maryashakil Only refuting is not enough. There is no expulsion or Sinia should speak out against this sin meeting with Labour Party of UK on #Kashmir First a private summit with Chinese ambassador by @RahulGandhi and now this. Anti National Congress.|
155659213|225775547|1182510059080896512|#PresidentRuleinWestBengal|
155659213|225775547|1182509951455027200|@DevangVDave @MamataOfficial जय श्री राम अब की बार बेंगॉल में भाजपा सरकार|
155659213|225775547|1182509790561472513|@DevangVDave @MamataOfficial जय श्री राम  🙏🙏 ममता जी|
155659213|225775547|1182509330760982528|Law and Order is a state subject. As a responsible Central Government BJP sarkar will first try to get things back in shape via elected government at WB. But in case Governor sees that situation is out of control he can advice centre for #PresidentRuleinWestBengal|
155659213|225775547|1182508812097458178|@MamataOfficial any expression of shame or sorry on murders #Murshidabad Is this crime sanctioned by TMC ? Why you are not outraged with this heinous crime.|
155659213|225775547|1182507797499568128|@amritabhinder @Keventersshake @GChintamani Real Keventer shake in inner circle of CP for last 50 years is much more tasty. Dalmia used money power to take name away from this small shop. Even though Dalmia owned keventer farm but CP shop under this name sold shakes for decades.There is no match for those milk shakes.|
155659213|225775547|1182506345892855809|@nanditathhakur ना धोबी का ....|
155659213|225775547|1182505977012203520|@gunjakapoor आचार्य प्रमोद निम्बू, कुंकुम का तिलक पूजा और कलावा का अगर आप के जीवन में प्रयोग किया जाता तो आज दुनिया में आप की कुछ इज्जत होती । अब तो आप सिर्फ़ एक बिकाऊ आचार्य एवम् जोकर हो । @AcharyaPramodk|
155659213|225775547|1182505008971030528|@Payal_Rohatgi I would request you to have a video on Diwali purchase where you inspire people to buy Diya from street vendors. Please promote street hawkers and our own indigenous people this Diwali. Also let’s not negotiate too much and have vendors be happy.😊|
155659213|225775547|1182504240134017030|@DrShobha My only hope is that this is not another #FakeDiscovery because if it is so then we may have created a big time solution for disposing single use plastic. #CSIR should step in and verify the claims.|
155659213|225775547|1182503678210560000|@Payal_Rohatgi The wannabe Indian Overseas Congress leaders who are only interested in Dalali are ready to sell this nation as long as they get contracts and commissions. What business does these group of people have to lead a delegation to Labour Party of UK on #Kashmir It’s outrageous.|
155659213|225775547|1182503047630639104|@TeamIOCUK @jeremycorbyn @kamalpreetDhal4 What was your business in meeting Labour Party of UK over #Kashmir This meeting itself smacks of Anti Nationalism. You are shameless agents who want money and power at cost of Bharat Mata. @RahulGandhi is quite on this because he himself did this with UK MP few years back.|
155659213|225775547|1182368989906755584|@shweta_shalini Please rest assured Fake liberals will soon come out with following theory : #Murshidabad is like Godhra train massacre a Hindu Right wing sponsored conspiracy.|
155659213|225775547|1182280565724069889|@Gurminderr Madam are you not ashamed at going to UK and talking utter nonsense about #Kashmir To get power back you have become a party of anti nationals @sampitroda @RahulGandhi @_dhaliwal24_ https://t.co/UawtRYzReu|
