155659213|135121492|1188847760423804928|Totally agree with @KapilMishra_IND bhaiya !! #PopulationControlLaw is need of the hour !! #IstandwithKapilMishra|
155659213|135121492|1188781455914045440|Rain started  , Looks like it was just one day break for Diwali !! :)|
155659213|135121492|1188707440612634624|Happy birthday to @iGyanendraGiri ji and @iPraveenDixit ji !!Janm din ki  bahut bahut shubh kamnayen !!💐💐|
155659213|135121492|1188521178484228097|@hansini_gahlot What is dojakh ? :)|
155659213|135121492|1188480000581746689|@sksahu2003 Bahut log hain saath me lagta hai , Akela nahi hun :)|
155659213|135121492|1188478826642165760|Happy Diwali Friends !! https://t.co/mnfMPNs3bV|
155659213|135121492|1188472743601172480|@RanaAyyub https://t.co/mi2xGgRwHi|
155659213|135121492|1188468129019465728|President Donald Trump confirmed that Abu Bakr Al-Baghdadi , The leader of ISIS is dead !!He died like a dog , He died like a coward !! https://t.co/mRzbkQsY1Y|
155659213|135121492|1188385787244531713|Rain is taking break only on important occasions in Pune like election , Diwali :)Bright sunshine today !!|
155659213|135121492|1188337475971796992|@khanumarfa Mubarak nahi , Shubh kamnayen !!|
155659213|135121492|1188333359396601856|I was not in mood to burst crackers but somebody showed me this , Going to buy lots of crackers !!Numbers are already ported to Jio , So no worry on that front !! https://t.co/jO7HKKdlvs|
155659213|135121492|1188314304635785216|@rahul00mehta Sir aaj dhoop hui hai bahut dino ke baad :)|
155659213|135121492|1188308988925886464|मित्रो , दिवाली की बहुत बहुत शुभ कामनायें !! 🙏🙏|
155659213|135121492|1188123238720688128|Seeing everything before election , I was under impression that NCP -Cong together will get around 50 seats in Maharashtra !! My prediction went completely wrong :)|
155659213|135121492|1188122310827331584|Diwali  asali me  happy eesi bande ka hua hai :) https://t.co/0MJKc19wh9|
155659213|135121492|1188119741837148165|@buzzindelhi @srijai Han ji sir :)|
155659213|135121492|1188097317250797569|@ivivekbansal @srijai Thank you Vivek bhai!!|
155659213|135121492|1188097255082840065|@ProfYogendra @srijai Thank you sir!!|
155659213|135121492|1188095935970041856|From last 6 months , we were working on an e-commerce solution and it went live last week!!https://t.co/rLniDjc2vEGuruji @srijai lead us from front , Thank you sir for all your help and guidance !! Happy Diwali !!  🙏|
155659213|135121492|1188071646155816962|@ashishkshukla Happy to know :)|
155659213|135121492|1188068531734118400|@ndtv @sarbanandsonwal High standards all time 🤣🤣|
155659213|135121492|1188058415534239745|Looks like I am the only person who has not watched single episode of Big boss!!|
155659213|135121492|1188046382994616321|@PawanDurani @ShefVaidya @PoojaShali @aajtak @IndiaToday @ShivAroor @rahulkanwal Inexperience nahi , badtamizi hai ye !!|
155659213|135121492|1187749119059746817|@SandeepN9NE Can not even imagine BJP - NCP govt.|
155659213|135121492|1187747736977838083|Shivsena - BJP together is only option !! Whoever will go with NCP ,  can be in power for sometime but ultimately will be finished !! Likh lijie !!|
155659213|135121492|1187724027990659072|@htTweets @SrBachchan Han ab desh me ees se badi khabar kya hai !!|
155659213|135121492|1187704775736844293|Its raining continuously from almost last 6 months here in Pune and there is no indication of end !!First time Diwali will be celebrated in rainy season !!|
155659213|135121492|1187598105853587456|Heard that majority of parachuted candidates lost election and people chose local ground workers !! This indicates democracy is getting mature in our country !!|
155659213|135121492|1187594274335969281|No slap can be more  powerful than this , Your party denied you ticket , you contested independent and defeated them !!You did not only defeat , you also exposed their ticket distribution system  !!|
155659213|135121492|1187590286886653952|@girirajsinghbjp Well said sir !!|
155659213|135121492|1187584445844357121|आप हत्यारा  , चोर , ब्लातकारी  चुन  कर लोक सभा और विधान सभा मे भेजोगे  तो किसी ना किसी को सरकार  बनाने  मे उनका  मदद  लेना  ही  पडेगा  ना ? समर्थन  लेने और देने वाले की कोई गलती नही  , इसके लिए हम और आप दोषी  और ज़िम्मेवार  हैँ !!|
155659213|135121492|1187440442507321345|@vivekbabaji I get your point but why people voting for such criminals ? Thats my question !!|
155659213|135121492|1187439834727501825|How people like Gopal Kanda winning election and able to make it to assembly?  People responsible for it and need to be blamed !!|
155659213|135121492|1187432533316665344|It worked very well , This photo increased at least 10 seats of NCP in this election !! https://t.co/ld8RqZuL7N|
155659213|135121492|1187429772663484416|This Maharashtra assembly election was really unique , All the parties celebrating the results !! Rare !!|
155659213|135121492|1187407700121882625|Great job by @PradeepGuptaAMI !! Very accurate prediction of election results !! Looks like he is doing some real ground work and calculations , not like all other fake survey agencies !!|
155659213|135121492|1187402916266561536|I am surprised how congress got 44 seats in Maharashtra !! Hardly I saw congress party campaigning or taking effort during campaign !!|
155659213|135121492|1187376873732476931|Very happy that Alpesh Thakore has  lost election !! These turncoats must be rejected by people !!|
155659213|135121492|1187297561511546880|@YRDeshmukh Sir BJP ke rally me ja ke survey kiye the kya ? 😀|
155659213|135121492|1187289948136693760|@ARanganathan72 😀😀|
155659213|135121492|1186994082729480192|Not able to manage affairs of Bihar but he wants full statehood for Delhi !! https://t.co/bh8IQonBgI|
155659213|135121492|1186905155188350976|@Shivam_h9 @alok_bhatt great news !!|
155659213|135121492|1186661246025601026|Happy birthday to our Home minister and BJP president Shri @AmitShah ji !! https://t.co/h0UVc7X3TD|
155659213|135121492|1186140225287770112|Pahle matdan , Fir Jalpan :) https://t.co/6cTMIllN0w|
155659213|135121492|1186121983987044352|Voted for Development , Voted for #DevendraDobara Voted  for Bhau @iLaxmanJagtap Ji !! https://t.co/3InLLsGSNc|
155659213|135121492|1185524524621561856|This man should be fired !!  @dgpuphttps://t.co/UL9JY9Yqen|
155659213|135121492|1185523647122935808|Never saw this kind of continuous and daily rain after Dushahra ,  Frustrating !!|
155659213|135121492|1185478042610585600|#DevendraDobara team campaigned in Chinchwad assembly constituency today!As election campaign is ending officially today , We ended our campaign at Historic Chafekar Chauk in Pune!Thanks to everyone in team for participating even after bad weather and continuous rain today!! https://t.co/cilWgitZ6l|
155659213|135121492|1184880500600532992|@ashutosh83B You moron , I can not even imagine a person forcing his wife to do karwa chauth fast for him !!|
155659213|135121492|1184128991487152129|@HindustaniTweet 😀|
155659213|135121492|1184006674639515649|@MoIB_Official Land of peace 🤣🤣🤣|
155659213|135121492|1183447008503156736|More pics from today #DevendraDobara campaign at Kothrud , Pune. #PunahDevendra https://t.co/9m4dAQtWxk|
155659213|135121492|1183445352868806656|Pune metro project is progressing with very good speed !! Looks like in next 2-3 years , traffic problem will be solved !!Thank you to Hon. Prime minister Shri @narendramodi ji and Hon. Chief minister Shri @Dev_Fadnavis ji !!|
155659213|135121492|1183415998898003969|Pics from our team campaign at Kothrud today !! #DevendraDobara https://t.co/zjvj9a5QFS|
155659213|135121492|1183279519316070401|Really @sardesairajdeep ? We have nothing to do with 370? https://t.co/3etN6zF5rv|
155659213|135121492|1183258168865914880|@ivivekbansal Thank you Vivek bhai for your appreciation and kind words !! 🙏|
155659213|135121492|1183071023920377856|#PunahDevendra #DevendraDobara https://t.co/Rki8j1mPiz|
155659213|135121492|1183018882388217857|Pics from our team campaign at Vadgaon Sheri today evening !! #DevendraDobara  #PunahDevendra https://t.co/ddnmrclrve|
155659213|135121492|1182950058464989184|Pics from campaign at Khadaki today morning !! Everyone saying #DevendraDobara  #PunahDevendra https://t.co/4mGD1FfVUd|
155659213|135121492|1182949246342811650|#DevendraDobara team at central mall , Pune !! https://t.co/z5DKh9BGo8|
155659213|135121492|1182189672648175617|Our #DevendraDobara team will be campaigning at different locations in Pune city and outside Pune this weekend  !!Please let me know if you are in Pune and interested to join !! https://t.co/05YK2Keo4e|
155659213|135121492|1182142995853791232|Article 370 matters most !!  I said this in an interview with Hindustan Times before LS election !!I am happy that our government took this issue on priority and fulfilled the demand of citizens !! https://t.co/3oj85xCNJj|
155659213|135121492|1182131528475635712|अगर कांग्रेस वालो ने लात नही मारा होता तो ये बेशर्म आदमी सबसे पहले शस्त्र पूजा को तमाशा बोलता !!  @sanjaynirupamhttps://t.co/Uc2FowXVXt|
155659213|135121492|1181959896121561088|This guy is planning to join BJP or Shivsena I guess !!https://t.co/IzzISXtv2s|
155659213|135121492|1181846571077394434|Happy birthday to bhaiya @amitmalviya ji !! Wish you many many happy returns of the day !!💐💐|
155659213|135121492|1181791763343659008|Happy birthday @Shivam_h9 bhai !! Wish you many many happy returns of the day !!💐💐|
155659213|135121492|1181414704939298817|नमस्ते सदा वत्सले मातृभूमेत्वया हिन्दुभूमे सुखवॅ वर्धितोऽहम्महामंगले पुण्यभूमे त्वदर्थेपतत्वेष कायो नमस्ते नमस्ते!!#RSSVijayaDashami https://t.co/VadE50RHxi|
155659213|135121492|1181175920125566976|Got my dress , Ready for sanchalan tomorrow !!नमस्ते सदा वत्सले मातृभूमेत्वया हिन्दुभूमे सुखवॅ वर्धितोऽहम्महामंगले पुण्यभूमे त्वदर्थेपतत्वेष कायो नमस्ते नमस्ते!! https://t.co/NaKKrSScgT|
155659213|135121492|1180901557811871744|@ujjwalingolikar @abdullah_0mar Thank you sir!!|
155659213|135121492|1180778509557362689|@Hindology1 We cleaned that , Fired from where ?|
155659213|135121492|1180777670646226944|@raajume @akshaysawkar @TajinderBagga We will love to see you in our next cleanliness drives , So that we can do better next time together !!|
155659213|135121492|1180767774940880898|After swachh bharat abhiyan in Shivajinagar today , #DevendraDobara team met former MP of Pune city Shri  @AnilShiroleBJP  ji and BJP candidate from Shivajinagar in upcoming assembly election Shri @SidShirole Ji !! https://t.co/Sx0C5CNY26|
155659213|135121492|1180763613964816385|1 . Before 2. After swachh bharat abhiyan by #DevendraDobara team !! https://t.co/UE8zvpjU5H|
155659213|135121492|1180763109377490944|1 . Before 2. After swachh bharat abhiyan by #DevendraDobara team !! https://t.co/yi0EJCc1uP|
155659213|135121492|1180762611614281729|1 . Before 2. After swachh bharat abhiyan by #DevendraDobara team !! https://t.co/4GJ6mSFSyK|
155659213|135121492|1180761840671870977|Swachh bharat abhiyan by #DevendraDobara team at Shivajinagar today !! https://t.co/N0Dlzw8kpN|
155659213|135121492|1180501635124125698|#DevendraDobara team at Westend Mall , Aundh today !! https://t.co/5avP6lK19U|
155659213|135121492|1180375718162620419|@Deepak__Pande wo decide karenge hatane ke baad!!|
155659213|135121492|1180331364563836929|We can understand your love for Lalu who destroyed Bihar and fate of millions of Biharis !! https://t.co/6DFuzZ2e2M|
155659213|135121492|1180318274271072256|जब तक बिहार के लोग इस निकम्मे नीतीश कुमार को मुख्य मंत्री की कुर्सी से हटाते नही , बिहार का कुछ नही हो सकता !!  https://t.co/HYpqzrcHo9|
155659213|135121492|1180041313405681664|Thik hai , bus BJP join mat karna , bahut meharbani hogi!!https://t.co/gJqyV4csWB|
155659213|135121492|1180025144787357696|#PunhaDevendra #DevendraDobara https://t.co/EWV8Xr77P9|
155659213|135121492|1179950012622503936|@AshishS10841926 its  called Pitha :)|
155659213|135121492|1179818918623375360|Dinner !!  Like if you know what it is :) https://t.co/fngtOatN9i|
155659213|135121492|1179332991530733568|Before and after swachh bharat !! https://t.co/fQeiTml2Xt|
155659213|135121492|1179299675498676224|Happy birthday @jangid_india bhai!! Janm din ki bahut bahut shubh kamnayen !! 💐💐|
155659213|135121492|1179281190290935809|On occasion of Gandhi Jayanti/Shashtri Jayanti  , Swachh bharat abhiyan taken up by #DevendraDobara team at Dapodi , Pune. https://t.co/pN0aLWXhRZ|
155659213|135121492|1179059544514650113|I am Vinod !!  #ISupportDevendra|
155659213|135121492|1178909445952172032|स्वच्छ भारत का इरादा कर लिया हमने ,देश से अपने वादा कर लिया हमने !! https://t.co/pXEkAvIdXB|
155659213|135121492|1178684093900312577|CC @anjanaomkashyap https://t.co/MByqoY3gs2|
155659213|135121492|1178288135819579392|@whoCSSuraj @suyashdeep You are in Pune?|
155659213|135121492|1178226461410357248|@chaitannya Khush ho jawo :) https://t.co/80TgNUZbQW|
155659213|135121492|1178200006727069697|All our team activities ends with a chai pe charcha !! This is protocol :) https://t.co/JO0pov0U8b|
155659213|135121492|1178190993650176000|Pic  1 : Before Pic 2 : After  swachh bharat by #DevendraDobara team !! https://t.co/SL9nZh8xxa|
155659213|135121492|1178190331344371712|Pic  1 : Before Pic 2 : After  swachh bharat by #DevendraDobara team !! https://t.co/8SiM6bjqIu|
155659213|135121492|1178189199733747712|Pic  1 : Before Pic 2 : After  swachh bharat by #DevendraDubara team !! https://t.co/qZdkroKjaq|
155659213|135121492|1178188054818775040|Pic  1 : Before Pic 2 : After  swachh bharat https://t.co/UUhtTDF3iO|
155659213|135121492|1178184015129399296|Swachh Bharat abhiyan done by #DevendraDobara team today at Hinjewadi bridge , Pune !!  #PunahDevendra https://t.co/V2QNZpfOR2|
155659213|135121492|1177942052056649729|Happy birthday @rajneilkamath ji !! Janm din ki bahut bahut shubh kamnayen !!💐💐|
155659213|135121492|1177938536453951489|बोलो दिल से , देवेंद्र फड़नवीस जी फिर से !!  #DevendraDobara   #PunahDevendra https://t.co/CPT9TPTPGt|
155659213|135121492|1177857181804154880|Today #DevendraDobara team participated in flood relief work in affrected areas of Pune city !! https://t.co/NJ6YmQ8SXB|
155659213|135121492|1177589683636887552|It was my regular job when I was at my village before 10th :)https://t.co/fq4rxgu7H1|
155659213|135121492|1177509543472848897|@bhootnath केवल पगहा ही नही भईया , नोइ , छान सब लगाया है !! :)|
155659213|135121492|1177416588951031808|Happy birthday to my younger brother and friend @nishant_india Ji !!   💐💐जन्म दिन की बहुत बहुत शुभ कामनायें !! महादेव की कृपा आप पे  हमेशा बनी रहे !! https://t.co/nrCWL7XFor|
155659213|135121492|1176820624343224326|@drsbmantribjp Thank you so much !!|
155659213|135121492|1176818572988862465|@SHIVPRAKASH_bjp Thank you !!|
155659213|135121492|1176715083134537728|Happy birthday @MatruBhakt bhai !! Wish you many happy returns of the day !!|
155659213|135121492|1176682140592852994|@kbarthwal बहुत बहुत धन्यवाद किशोर दादा !! 🙏🙏|
155659213|135121492|1176681254525095936|@ankushwit Thank you!!|
155659213|135121492|1176542573617270784|@ashutosh592 Bahut bahut dhanyawad bhai !!|
155659213|135121492|1176514985419104259|@SahilKautilya Thank you|
155659213|135121492|1176514854804312064|@jangid_india Thank you bhai !!|
155659213|135121492|1176474510653964289|@MrsGandhi Thank you so much Priti ji for your wishes and kind words !! 🙏🙏|
155659213|135121492|1176473563424968704|@Sushant_Kaushal Thank you so much bhai !!|
155659213|135121492|1176409027363758081|@Akand_Bharth Thank you!!|
155659213|135121492|1176408983029960704|@saagar_anand Thank you so much!|
155659213|135121492|1176399086523600896|@Aalok_Pradhan Thank you sir !!|
155659213|135121492|1176395095542599680|@PremDasOberoi Thank you !!|
155659213|135121492|1176390774797156352|@LavKrTiwari Thank you Lucky bhai !!|
155659213|135121492|1176386120659001344|@mohitjain777 Thank you Mohit ji !!|
155659213|135121492|1176386052803547136|@Toni_NP_ Thank you Ankur ji !!|
155659213|135121492|1176381930079584256|@PoddarVaishali @nishant_india Thank you so much Vaishali ji !!|
155659213|135121492|1176381720037183488|@SonunigamsingH @shivsBHARAT @RukhmangadA Bahut bahut dhanyawad Sonu ji !! Sure :)|
155659213|135121492|1176381217257639936|@cmabipin Bahut bahut dhanyawad Bipin ji|
155659213|135121492|1176381106846720000|@Ay_Prashanth Thank you|
155659213|135121492|1176381050726973440|@AshishS10841926 @TajinderBagga Thank you sir !!|
155659213|135121492|1176381000550498304|@akshaysawkar Thank you so much Akshay ji|
155659213|135121492|1176367012211118080|@ilaxmangadhavi @TajinderBagga I dont know how it takes location as Haveli 😃|
155659213|135121492|1176364396701896706|@01Karn Thank you !!|
155659213|135121492|1176363707254722560|@imaksha16540191 Thank you so much Akshay !!|
155659213|135121492|1176363588073574401|@iPraveenDixit Thank you so much Praveen ji|
155659213|135121492|1176359917290024960|@iGyanendraGiri Gyanendra ji , bahut bahut dhanyawad !!|
155659213|135121492|1176359683096858626|@KekreKoustubh @narendramodi @Dev_Fadnavis Thank you so much Koustubh ji for kind words !! 🙏|
155659213|135121492|1176359228623077376|प्रिय मित्र , @TajinderBagga जी को जन्म दिन की बहुत बहुत शुभ कामनाएं !! भगवान आप को स्वस्थ रखें , दीर्धायु करें !!  #HBDTajinderBagga https://t.co/OeTT7KcmG5|
155659213|135121492|1176357178203987968|@Teamrahulkaswan Thank you|
155659213|135121492|1176357118003146753|@vikendra_BJP @iSinghApurva Thank you|
155659213|135121492|1176356392904679424|@HindustaniTweet @Shivam_h9 ha ha|
155659213|135121492|1176353607836295169|@piyushfofandi Thank you|
155659213|135121492|1176353571920498689|@nishants79 @IKaransharma27 Thank you Nishant ji|
155659213|135121492|1176352223636279296|@howdyganesham Thank you|
155659213|135121492|1176352191348539392|@PranjalC23 बहुत बहुत धन्यवाद जी|
155659213|135121492|1176352095777083392|@ivivekbansal बहुत बहुत धन्यवाद विवेक भाई !!|
155659213|135121492|1176351984690987008|@IKaransharma27 Thank you so much Karan !! 😃|
155659213|135121492|1176348963726741504|@TheShobhitAzad Thank you so much|
155659213|135121492|1176348914473037824|@Manojpochat Thank you Manoj ji|
155659213|135121492|1176348842087743493|@SKaushal97 Thank you|
155659213|135121492|1176348766338633728|@iAbhiAcharya Bahut bahut dhanyawad Abhishek ji !!|
155659213|135121492|1176344178256568322|@Shivam_h9 @HindustaniTweet Bahut Bahut Dhanyawad Shivam ji !!  Sure !!|
155659213|135121492|1176343606631600128|@iPuneetSharma Bahut bahut dhanyawad Puneet ji !!|
155659213|135121492|1176343416633843712|@yoursdharm Thank you|
155659213|135121492|1176342103615389696|@gaupremi Thank you !!|
155659213|135121492|1176341656292876288|@The_RealYogi Bahut bahut dhanyawad Pranav ji|
155659213|135121492|1176341563489669120|@dhwajm Thank you so much !!|
155659213|135121492|1176341493516095488|@Singh23996607 @iSinghApurva Thank you !|
155659213|135121492|1176341411026755585|@Truptisarpate @iSinghApurva Thank you so much !!|
155659213|135121492|1176340230321790976|@iSinghApurva Bahut bahut dhanyawad Apurva ji !!|
155659213|135121492|1176340071177310208|@Akshaysinghel @iSinghVikash Bahut bahut dhanyawad Akshay Ji !!|
155659213|135121492|1176337607849955328|@SandeepN9NE Thank you so much Sandeep bhai !!|
155659213|135121492|1176337482553516032|@Kapilagr26 बहुत बहुत धन्यवाद कपिल !!|
155659213|135121492|1176335926114435072|@dhaval241086 Bahut bahut dhanyawad bhai !! Aap ka hamesha Pune me swagat hai 🙏|
155659213|135121492|1176332284154089472|@RaviRanjanIn Thank you so much bhai !!|
155659213|135121492|1176332210393079808|@TheRSS_Piyussh Thank you so much bhai !!|
155659213|135121492|1176332133339516929|@ravibhadoria Thank you so much Ravi bhai !!|
155659213|135121492|1176331802014670848|Happy birthday @TajinderBagga ji !! Wish you very happy and healthy life !! #HBDTajinderBagga https://t.co/S5cmTosJTj|
155659213|135121492|1176328898306441216|@DILIPKUMAR9990 Thank you so much !!|
155659213|135121492|1176328834636845056|@PrachinVaani @HindustaniTweet Thank you so much Ashutosh ji !!|
155659213|135121492|1176328716143587329|@siddarthpaim @nishant_india Thank you so much Siddarth ji !!|
155659213|135121492|1176327736811388928|@Punitspeaks Bahut bahut dhanyawad Puneet ji|
155659213|135121492|1176327612093743104|@HIT3N @HindustaniTweet Ha ha!! Dhanyawad Hitendra bhai !!|
155659213|135121492|1176327487959138304|@nishantbhaskar1 Thank you Nishant ji|
155659213|135121492|1176327373026811905|@HindustaniTweet ,😃|
155659213|135121492|1176327234929381376|@meshivamahuja Thank you so much !!|
155659213|135121492|1176327156911095808|@iKailashYadav Thank you so much|
155659213|135121492|1176326939000205312|@impreetsbakshi Bahut bahut dhanyawad Impreet ji !!|
155659213|135121492|1176326798910476289|@MODIfiedVikas @nishant_india Thank you so much Vikash ji !! 🙏|
155659213|135121492|1176326681520308224|@priyanka4nation Bahut bahut dhanyawad Priyanka ji|
155659213|135121492|1176326590608756736|@iSinghVikash Dhanyawad Vikash ji|
155659213|135121492|1176326465106767872|@nishant_india Ha ha !! Dhanyawad Nishant ji|
155659213|135121492|1176326183849357312|@HindustaniTweet Bahut bahut dhanyawad Shailesh bhai !!|
155659213|135121492|1176326072092119040|@Inavaneet Thank you so much Navneet ji !!|
155659213|135121492|1176325893142110209|@nishant_india Thank you so much Nishant ji !!|
155659213|135121492|1176138279260807168|I loved this line from President Donald Trump speech yesterday!! Very strong message against terrorism and terrorist supporters !! https://t.co/fHdTg58mUb|
155659213|135121492|1175992218508611584|In our SCRUM call today , apart from all the defects and enhancements ,  #HowdyModi was also discussed !!  :)|
155659213|135121492|1175828667148058624|Radical Islamic Terror !!|
155659213|135121492|1175795014766448640|Never thought this can be used to prepare tea :)  We call it "ढरकी" , and mainly it is used to give medicines to animals in villages !! https://t.co/qiF5IXYDR7|
155659213|135121492|1175733486742691840|Chai pe charcha !! #DevendraDobara  #PunahDevendra https://t.co/uEmUutITCp|
155659213|135121492|1175602258454564865|@MODIfiedVikas @Olacabs Totally agree ,  Same problem in Pune also !!|
155659213|135121492|1175443485433815040|@LokeshGidra @anjanaomkashyap 🤣|
155659213|135121492|1175443067194634240|Remarks of @anjanaomkashyap against Aditya Thackeray show how news anchors are biased from inside , even though they are acting as being neutral !!|
155659213|135121492|1175438448905211904|@anjanaomkashyap Bilkul , Likh liya !!|
155659213|135121492|1175327121314471941|Before and after :)   #SwachhBharat https://t.co/L27uIASNf0|
155659213|135121492|1175308493550604288|Before and After :)  #SwachhBharat https://t.co/VVbj0oaqx4|
155659213|135121492|1175284653550387200|Today our #DevendraDobara team performed swachh bharat abhiyan at PWD ground Sanghvi , Pune !! https://t.co/2oBweg87Lz|
155659213|135121492|1174972437718388739|Happy birthday @kbarthwal dada !! Janm  din ki bahut bahut shubh kamnayen !!💐💐|
155659213|135121492|1174319922047926275|@iSinghVikash 😂|
155659213|135121492|1173660304355381250|Happy birthday to Hon. Prime Minister Shri @narendramodi ji !! Wish you very long and healthy life !! You make us feel proud every day with your inspirational leadership !!  #HappyBirthdayPM|
155659213|135121492|1173459948996456449|@dhume Third class idiot like you !!|
155659213|135121492|1172941219753648128|Happy birthday @MrsGandhi Ji !! Janm din ki bahut bahut shubh kamnayen !! 💐💐   @RukhmangadA @shivsBHARAT @IKaransharma27  #HBDPritiGandhi https://t.co/IMw78PXETy|
155659213|135121492|1172914514733330432|#DevendraDobara team participated in #MahaJanaDeshYatra of CM Shri Devendra Fadnavis Ji !! https://t.co/MAiYRducSA|
155659213|135121492|1172834786894741504|We are starting  #DevendraDobara campaign from today !! Our team will will participate in #MahaJanadeshYatra of CM @Dev_Fadnavis Ji in Pune today  !! #PunahDevendra https://t.co/KwlDz0m8ZM|
