155659213|13298072|1177303279325331457|@hulu @netflix @Spotify Basically, Version 10.0 is so good you’re going to want to name your children after it. Especially if it’s your tenth child.The update is rolling out over the next week and you can try it in one of our stores.See what else is packed into the update: https://t.co/4HvNK8tHxD|
155659213|13298072|1177303118293426178|@hulu @netflix @Spotify Before V10: I love waking my kids up with my Tesla’s chimes, it’s great. It’s the best when they’re awake and crying.After V10: Quieter chimes in Joe Mode keeps my spawn in a peaceful slumber. Life is good.|
155659213|13298072|1177303058130358274|@hulu @netflix @Spotify You don’t know what to do. You don’t know what to eat.You trust the opinion of strangers, but you don’t want to talk to them.With V10, your Tesla can direct you to the nearest highly rated places and the best food. You just need to say whether you’re feeling 🍀 or 😋. https://t.co/KVayDPEAtu|
155659213|13298072|1177302388534927363|@hulu @netflix @Spotify Do you have friends? Make them into enemies with your questionable taste in music AND your awful singing voice with Car-aoke.(We didn’t post a video because you don’t want to hear Tesla engineers belting out Old Town Road. Trust us.)|
155659213|13298072|1177302321983893504|@hulu @netflix @Spotify is here.Get excited. https://t.co/XlrRqQXM5w|
155659213|13298072|1177302032371376129|Tesla Theater turns your car into your living room while parked, so you can: • Make everyone watch that AMAZING YouTube video you HAVE to see (which you definitely don’t have to see) • Watch live TV on @hulu • @netflix &amp; charge|
155659213|13298072|1177301824128393225|Where have you parked your Tesla?But also, who cares?Our Smart Summon feature means your car collects *you* from the parking lot. https://t.co/boEtjJlY1V|
155659213|13298072|1177301376759676928|First up: Cuphead. In this run-and-gun game you: • have a cup for a head • have gambled your soul with the Devil (and lost) • and have to collect souls (with the help of little finger guns) Get ready to have fun, but also get ready to rage quit. A lot. https://t.co/42HPDuk7o6|
155659213|13298072|1177300994864099328|Software Version 10.0: Your brand new Tesla is here.Buckle up, we have a lot to get through ⬇️|
155659213|13298072|1176897278839332865|Do you ever dream of a day when it’s not ‘electric vehicle’, it’s just ‘vehicle’|
155659213|13298072|1176589557187403783|Powerwall is all fun and games until the whole neighbourhood crowds into your garage’s sports bar because you’re the only one with electricity. https://t.co/EYYSRL4vdL|
155659213|13298072|1176562632997920768|@Kristennetten please don't post our R&amp;D projects Kristen|
155659213|13298072|1176540315790061569|does she ever ask you what you're thinking and you say 'nothing' but you're actually thinking about whether Tesla secretly employs thousands of tiny hamsters to power their cars and it's not batteries at all https://t.co/dtappy2ZXk|
155659213|13298072|1176151709145583618|@cornish07 yeah they have them in Basel too: https://t.co/hkCFdobW6Q|
155659213|13298072|1176150967005454337|@negativescope it can be arranged between consenting adults|
155659213|13298072|1176150626797051904|To be clear: don't break the law to get a test drive. Just schedule one with us instead: https://t.co/r2r9pe6Zso|
155659213|13298072|1176150551236698113|Wonder how many Bargersville residents are going to get themselves arrested just so they can have a test ride https://t.co/VFjKUEhnNR|
155659213|13298072|1175801360647970816|⠀         (\__/)    ⠀  (•ㅅ•) Tesla Powerwall　＿ノ ヽ ノ＼ __ /　`/ ⌒Ｙ⌒ Ｙ　ヽ ( 　(三ヽ人　 /　　 ||　ﾉ⌒＼ ￣￣ヽ　 ノヽ＿＿＿＞､＿＿_／ 　　 ｜( 王 ﾉ〈  (\__/) 　　 /ﾐ`ー―彡\ (•ㅅ•) me wanting to play Teenage Dirtbag on repeat during a power grid blackout|
155659213|13298072|1175434771633250304|It's almost like using the daily free energy pumped out by the sun instead of fossil fuels is a no-brainer.https://t.co/2w5mCBZasB|
155659213|13298072|1175068328508973056|“What do you think of electric cars?”*excited screaming* https://t.co/AJEKGydTaq|
155659213|13298072|1175048579829944320|Anyone riding a UFO out of Area 51 today can recharge at our nearby Supercharger in Beatty. One day only. https://t.co/3mKU0UGWBr|
155659213|13298072|1174740593542651904|Until then, auf Wiedersehen Germany 👋Here’s some of our initial Model S Plaid data to keep you buzzing until we return: https://t.co/cWk9EModcM|
155659213|13298072|1174740201421377537|Data from our track tests indicates that Model S Plaid can achieve 7:20 at the Nürburgring. With some improvements, 7:05 may be possible when Model S returns next month.|
155659213|13298072|1174534412010217472|Model 3 has earned the IIHS 2019 Top Safety Pick+ Award, earning top scores across all eight tests covering crashworthiness, occupant protection, crash avoidance, and headlight systems.|
155659213|13298072|1174385836244254720|@FredericLambert nope|
155659213|13298072|1174384413955809280|@DMC_Ryan 💪🔋|
155659213|13298072|1174382659058962432|We installed a Supercharger at Nürburgring. Makes it feel like home, you know? https://t.co/x1tPjI7bi0|
155659213|13298072|1173977554950217733|Plans for tonight:• playing The Sims• naming a character Internal Combustion Engine• making them go for a swim• deleting the swimming pool ladder|
155659213|13298072|1173643708367036416|@Cardoso Convince your spouse to rename themselves as Tesla|
155659213|13298072|1173643004327972864|You can't actually marry your Tesla (sorry) but this is the next best thing: https://t.co/z3KLrGtL1J|
155659213|13298072|1173323470102417408|What's the first thing in your Tesla that you showed your grandparents? https://t.co/IvtxH1lQyC|
155659213|13298072|1172982843305160704|Jk no one ever gets tired of Africa by Toto|
155659213|13298072|1172982636484055040|What's your go-to tune for showing off your car's sound system and making your neighbors call the police because its 2am and they're tired of hearing Africa by Toto?|
155659213|13298072|1172541913548767233|The next time a badger hails down your Tesla, do the right thing and leave them on the road because badgers are wild animals and will definitely rip up your seats.https://t.co/Yb5jz1Tvzc|
155659213|13298072|1172258088822419456|@florentderue It's not a haunted house if the lights are on|
155659213|13298072|1172256725245861888|Just to be 100% clear, Powerwall would still work great in the world's ugliest home too https://t.co/N5Zuk6Lv3T|
155659213|13298072|1171955237533339648|@correctoman2011 @WeatherTechRcwy A member of the Tesla development team (amateur driver)|
155659213|13298072|1171953646898012160|*~ Some personal news ~*We lapped Laguna Seca @WeatherTechRcwy in 1:36.555 during advanced R&amp;D testing of our Model S Plaid powertrain and chassis prototype(That’s a second faster than the record for a four-door sedan) https://t.co/OriccK4KCZ|
155659213|13298072|1171480998476840960|Also great news if you want to power your commute with the sun instead of toxic &amp; polluting gas: solar panels are now an eligible product for referral benefits too|
155659213|13298072|1171480997793157122|You can now get 2k miles of free Supercharging for you *and* a friend via our referral program....great news for those of you who love posting your referral code in our Twitter replies (RIP my mentions)|
155659213|13298072|1170946758412656640|Aurora Borealis ✅Blue Lagoon ✅Sustainable energy ✅Reykjavík service center ✅Tesla vehicle orders open for Iceland NOW 🙌|
155659213|13298072|1170752103586902017|Kids are actually our best customers, so even when you have a child they’ll also only ever congratulate you on getting a Tesla.|
155659213|13298072|1170751854151708673|{\__/}            {\__/}( • . •)         (• - • )/ &gt;  👶       / &gt; &lt; \ Baby?        no{\__/}            {\__/}( •_•)      ✨(• . • ) ✨ / &gt;  🚗       \/       \/Tesla?        congratulations https://t.co/4FwmEniHoZ|
155659213|13298072|1170381150847741952|This was our first attempt... https://t.co/XItV9gtdR1|
155659213|13298072|1170380735053795329|Our Model X towed a plane once and now we're in the 2020 Guinness World Records book.So…how's your day going? https://t.co/MTfi6Wyh7y|
155659213|13298072|1170068487659827200|(Reminder: your Tesla is also kind of the world’s greatest tent.)|
155659213|13298072|1170068355237261313|🍁 brb putting our epic panoramic glass roof to work in the Canadian wilderness 🍁 https://t.co/2ACgE5TW2C|
155659213|13298072|1169678681184362496|Model 3 has landed in Hong Kong (who's excited) https://t.co/rYLQmygZB8|
155659213|13298072|1169338531514376193|can we all just agree that pumping out carbon monoxide, carbon dioxide, particulate matter, nitrogen oxide and sulphur dioxide from cars on all the streets around the world is maybe a bad idea|
155659213|13298072|1168991953670856704|@_flofar first dogs, which are great enough to begin with, and then a whole mode. What a world to live in.|
155659213|13298072|1168991231914991616|@MKBHD those first three seconds just getting the seatbelt on are a little underwhelming to be fair|
155659213|13298072|1168989091280642050|Tell us about *that moment* when you knew you needed a Tesla|
155659213|13298072|1168241338434932736|@ZainRaz4 We now go live to Australia... https://t.co/tPjQAzRDN9|
155659213|13298072|1168236417069305856|Tesla is the kangaroo of the automotive world because we raise little Teslas in the frunks of our cars.|
155659213|13298072|1168236227449040897|Model 3 has arrived in Australia 🦘 https://t.co/lXpeWxG4Pj|
155659213|13298072|1167905476530470914|@Sofiaan @peta yep, includes the steering wheel|
155659213|13298072|1167904985348075520|Model 3 interior is now 100% leather-free 🐄 https://t.co/2F47zp8A4T|
155659213|13298072|1167528977050865664|in fairness to ourselves we literally only rolled this feature out 5 minutes ago|
155659213|13298072|1167528752911458304|Customer: There’s a dent on the front-ish-side-quarter-half panel, under the second fold. Tesla:  Tesla: you can now send us a photo through your Tesla mobile app when scheduling service Customer: cool, I didn’t know thatTesla: blame our social media team https://t.co/fkIXOCMvg3|
155659213|13298072|1167132966553866241|Voilà, we’ve unlocked even more power in our European Superchargers. C’est très speedy. https://t.co/AV89PfXtld|
155659213|13298072|1166849600818253825|Algorithm update in progress|
155659213|13298072|1166845271864561664|We're making some updates to Tesla Insurance and will be back online shortly.|
155659213|13298072|1166801426951147520|Tesla Insurance launches today in California to offer better rates for Tesla owners.https://t.co/rDjbEvBxzY|
155659213|13298072|1166397360085393408|@28delayslater but what a cone|
155659213|13298072|1166396948632539136|@petitpiton Surely after her escape Maria would have kept the Swiss hills alive with the sound of music too?|
155659213|13298072|1166391683241664514|The hills are alive with the sound...completely opposite to combustion engines|
155659213|13298072|1166391491465568264|We know Switzerland is supposed to be neutral and all, but they're making a *pretty* aggressive play for most epic Tesla charging location https://t.co/G1Fq03eTQM|
155659213|13298072|1166020057094328320|We pride ourselves on our clean, minimal interior aesthetic.Send us pictures of how you've ruined it.|
155659213|13298072|1165867354061975552|Now there’s a 🥝 with good taste.Model 3 has arrived in New Zealand 🇳🇿 https://t.co/LmwNgG8fXA|
155659213|13298072|1165707219872231427|Last month we had over 2 million Supercharger sessions, totalling 72 GWh of energy.That could power:- Hawaii for three days- the Republic of Ireland for a day- playing 'You're Beautiful' on repeat from every device in your house because Karen just left you|
155659213|13298072|1165283011727974401|Oh, range anxiety, that's right.https://t.co/u2wogX740A|
155659213|13298072|1165282933537685506|Are we forgetting something?|
155659213|13298072|1164944427514761216|(it’s true ☝️)|
155659213|13298072|1164944376398864386|Also available? Our new, more-efficient, longer-range Model S and Model X.|
155659213|13298072|1164944300398059520|Hint: starts with P and ends with oland, Hungary, Romania and Slovenia.Model 3 orders are open today in 🇵🇱 🇭🇺 🇷🇴 🇸🇮|
155659213|13298072|1164944139118698496|Where will Model 3 show up next?|
155659213|13298072|1164580119215824896|Your Tesla comes with batteries included.|
155659213|13298072|1164187656915435520|2 identical chips, both capable of 36 trillion operations per second.(don't eat them)https://t.co/e4lcwR4fwB|
155659213|13298072|1163550198649561088|@chrissyteigen We don’t miss any other tweets because now we have this one|
155659213|13298072|1163152944419786759|Tell us about the car you don't miss anymore because now you own a Tesla.|
155659213|13298072|1162785899060637696|Tesla is destroying the Slug Bug and Yellow Car Game industries. https://t.co/xYfCRIrkLT|
155659213|13298072|1162418835032608770|For all the data lovers out there 📊 https://t.co/JRjxT4bC9U|
155659213|13298072|1162044613089267717|South Korea, please, you're too much!(but, go on) https://t.co/xBMWUgo1QT|
155659213|13298072|1161708392232247296|@tesletter @mortchad @WadeAndersonPT @TeslasocialC @Model3Owners @vincent13031925 @DMC_Ryan That's actually pretty epic.|
155659213|13298072|1161678418909511680|RaNgE aNxIeTy https://t.co/Z6E9TJ2c5j|
155659213|13298072|1161327418830966784|Which is your favorite model?|
155659213|13298072|1160953773042388992|@Hooray Kettleman City would like a word:https://t.co/5ght3XX06l|
155659213|13298072|1160949898956673024|"I really miss gas stations" said nobody ever|
155659213|13298072|1160238382573920257|But would you buy it *again* though Alex https://t.co/Ndlb16ZYnb|
155659213|13298072|1159932557137518600|Life Goals.https://t.co/wfQnWPXenJ|
155659213|13298072|1159845858696761344|You also win the prize for image most eerily similar to our webpagehttps://t.co/exB4mxnhMR https://t.co/ZVH4ELzfDk|
155659213|13298072|1159845708310036482|Even if you don’t have Powerwall you can still go and play games in your Tesla though 🎮|
155659213|13298072|1159845624004505602|When the grid goes down, stored energy in Powerwall means you can:  • keep the lights on • do your laundry• play videogames instead of taking this rare opportunity to connect with your loved ones. https://t.co/SyRMHfpXFy|
155659213|13298072|1159513434347778048|@redletterdave What would it hatch?|
155659213|13298072|1159513248951078912|It can't just be an actual Easter egg, it's only August.|
155659213|13298072|1159513094076416005|If you could hide one more Easter egg in a Tesla, what would it be?https://t.co/0BB3UTHs83|
155659213|13298072|1159194544597897216|@bwohlgemuth Better than our first try: Shomburg. Apologies to all from Schaumburg!|
155659213|13298072|1159182650277539841|@thejimos Svalbard?|
155659213|13298072|1159177966284398592|…El Paso, Bakersfield, Toledo, Chico, Tyler, Lancaster, Sarasota, Pensacola, Memphis, Kircheim, Henrietta, Fresno, Telemark, Shaumberg (Chicago), Boissy-Saint-Leger (Paris), Berlin, Warwick, Warsaw, Le Coq and Corpus Christi.|
155659213|13298072|1159177861133217793|*deep breath*|
155659213|13298072|1159177779801444352|Check us out in San Diego, Moss, Prague, Oslo, Guadalajara, Toronto, Reno, Monterrey, Council Bluffs, Spokane, Latham, Pearl, South Tucson…|
155659213|13298072|1159177536967979008|We’ve added more than 30 new service centers in recent months.Where to next? 🚀 https://t.co/NXhPMSfJ9E|
155659213|13298072|1158804421884743680|So, Gigafactory Shanghai is going well… https://t.co/x0wzMVHAXs|
155659213|13298072|1157673131084902401|BREAKING: All new Model S and Model X orders now come with ⚡ free ⚡ unlimited ⚡ Supercharging ⚡|
155659213|13298072|1157374761225338881|Well, consider it mentioned.|
155659213|13298072|1157374668153774085|Did we mention that Mobile Service is currently in 26 countries and expanding? https://t.co/uFlRwuhs9s|
155659213|13298072|1157237030545498115|@martenbjork feels like there should be orchestral music|
155659213|13298072|1157104660626284545|🔐 PIN verification before driving🛡 Sentry Mode for 360-degree monitoring🤳 Mobile app access to keep tabs on your car|
155659213|13298072|1157104522432405504|Tesla: 1Thieves: 0https://t.co/5tKxxeHMmH|
155659213|13298072|1156996443816767490|@BosnieYT @FabianoCaruana the slowest clap|
155659213|13298072|1156994495579381760|@z34L0T @FabianoCaruana that escalated quickly?|
155659213|13298072|1156988358226264064|@59ekim @FabianoCaruana We were hoping for Deep Blue but we got a kind of weak turquoise|
155659213|13298072|1156984408710078465|Well it seems we can't beat the... *checks notes* ...number 1 chess player in the US. Yet.Thank you for a very enjoyable game, @FabianoCaruana https://t.co/NIz3GnMWo0|
155659213|13298072|1156222568501862400|@RamLover69 how many drop bears can it handle|
155659213|13298072|1156107562938327041|@R52Shru No but they spin the opposite direction upon impact|
155659213|13298072|1156104972779454465|@AshaSaunders20 @elonmusk (...and it didn't happen by accident)|
155659213|13298072|1156061200129695745|Australia and New Zealand: welcome to the ⭐️⭐️⭐️⭐️⭐️ safety rating club! Australia’s New Car Assessment Program just gave Model 3 a perfect 5-star rating for our Aussie and NZ owners. https://t.co/Q0v2refbHi|
155659213|13298072|1155958133535080449|@vincent13031925 Go big or go mega|
155659213|13298072|1155956156369518593|When you need to stabilize and balance an entire region's electrical grid, size matters: https://t.co/YUCyS1VC4W|
155659213|13298072|1155818467276333057|@DMC_Ryan Immortalization on https://t.co/Lo5HcsjMDu is their due reward|
155659213|13298072|1154816044588027904|Bring it on, @FabianoCaruana *mild sense of panic* https://t.co/cTsmT5t5aM|
155659213|13298072|1154810841050570753|@wcycle17 you can only play in park :)|
155659213|13298072|1154807283039330311|@slye ✔️ Dog Mode✔️ Chess❌ steady supply of pizzaso close|
155659213|13298072|1154804771670417411|@rohinmishra that's laudable|
155659213|13298072|1154803601392504832|and now you can double the fun with up to two game controllers for Beach Buggy Racing 🎮 🎮|
155659213|13298072|1154803309737402368|When your car can do zero-to-sixty faster than you can make your next move, we call that a checkmate.Chess begins rolling out to the Tesla Arcade globally today 🤠♟ https://t.co/cNRf3kAtAA|
155659213|13298072|1154524876570537984|2012 called. It wants its range anxiety back. https://t.co/Afy8JFmJtb|
155659213|13298072|1153708774273798144|Kettering.People of the UK.It's over 30°C and now is your time to use that thing - the sun - which is out - to POWER YOUR HOME.https://t.co/7QXQqwXaMF https://t.co/ocR1T2cOma|
155659213|13298072|1153669915213258754|@ron_kerensky There's always just the temperature control function ;)|
155659213|13298072|1153655870208839681|@TmarTn @Chaosxsilencer bump|
155659213|13298072|1153639111263211521|@bhaviland we're your new family now Britanny hope you like batteries|
155659213|13298072|1153020148359618560|We have truly cornered the farting car market. https://t.co/iZOmwLKM1m|
155659213|13298072|1151970444494462976|@DMC_Ryan you just got the best job there is - one of the rarest and most precious, something cherished by all nations - Being A Nice Person On Twitter|
155659213|13298072|1151968783285850112|@DMC_Ryan you want our job, Ryan? Because this is how you get our job.|
155659213|13298072|1151966229764169729|oh and also we forgot to mention it’s under the 🎡🎡🎡🎡 @HighRollerVegas 🎡🎡🎡🎡|
155659213|13298072|1151966228476518401|V3 supercharging means: ⚡ Faster charging 🗺️ Easier journeys Accelerating the world’s transition to sustainable energy 🌎 🌍 🌏|
155659213|13298072|1151966227029471232|This beautiful beast of a location collects solar energy, stores it in Powerpack batteries and uses it to charge your Tesla — and it can take more than 1500 of you every day at this site.|
155659213|13298072|1151966221325262848|V3 SUPERCHARGER I V A L A S V E G A S https://t.co/4jk4CS2LRT|
155659213|13298072|1151921308860473344|ICYMI: The official Tesla line is that hotdogs are definitely not sandwiches. An interview with @elonmusk: https://t.co/txXt1SdlXW|
155659213|13298072|1151448944825786371|@nikkijumper Glad you're safe Nikki!|
155659213|13298072|1151425923805339648|@ArcadeAlchemist @thatofjon @SpaceX shh|
155659213|13298072|1151234007167905792|@MichaelRihani @teslaownersSV @YunLinSJ @thatofjon @SpaceX this is an abomination michael|
155659213|13298072|1151232966401486848|@teslaownersSV @YunLinSJ @thatofjon @SpaceX can't spell Teslamb without a cute little lamb|
155659213|13298072|1151232475588452353|@YunLinSJ @thatofjon @SpaceX can't spell Tesla without Tesla|
155659213|13298072|1151227318687473664|@thatofjon @SpaceX Just A Normal Day In LA|
155659213|13298072|1151069444015349760|@SRodgerBock Late reply, but you can get auto-generated English ones if you go into: Settings -&gt; Subtitles/CC -&gt; Spanish (auto-generated) -&gt; back into Settings -&gt; Subtitles/CC -&gt; Auto-Translate -&gt; English|
155659213|13298072|1150780570705825792|@ChristofferDyre when can we stop :)|
155659213|13298072|1150780473276358656|@sinofsociety keep an eye on LinkedIn Josh, we have a few positions coming up for this absolutely nowhere|
155659213|13298072|1150779182756093953|Powerwall's Storm Watch allows you to reserve power in the case of power outages during a storm (available in North America, Australia and New Zealand). There are no plans for Ghost Watch.https://t.co/TNnO9V77t9|
155659213|13298072|1150778576586911745|Lights flickering could also be ghosts though https://t.co/qcCq994iLG|
155659213|13298072|1149867794097418241|Let the warm, wholesome updraft of this story waft you into a wonderful weekend.https://t.co/BgIjCa5Ia6|
155659213|13298072|1149817249596768257|nobody:Chrisofdoom: https://t.co/jM8rkk6vai|
155659213|13298072|1149810454119665664|nobody:2019: https://t.co/LNamq0wtTK|
155659213|13298072|1149744214923780097|@gabosalazar21 Looking good, Gabo|
155659213|13298072|1149476898902163460|This video is in Spanish but if you don't understand Spanish you can turn on the subtitles or, well, the spoiler is in the first tweet to be honest. They make it.|
155659213|13298072|1149476626331140097|sí|
155659213|13298072|1149476532441608192|Can you drive a Model 3 from Mexico City to Acapulco? (Yes, yes you can.)https://t.co/PfL8rAkXKP|
155659213|13298072|1149410458182438912|@DrvrBby @Anthonythechief ^|
155659213|13298072|1149409302962008065|“No vehicle we've awarded, be it Car of the Year, Import Car of the Year, SUV of the Year, or Truck of the Year, can equal the impact, performance, and engineering excellence that is our Ultimate Car of the Year winner, the 2013 Tesla Model S.”https://t.co/1qS3T2zgVj|
155659213|13298072|1149104512851800064|@RonaldoHuerta oh|
155659213|13298072|1149103014923272192|@SteinwayRestore We would make it a policy for all interns to grow their own Tesla Mustaches but it turns out that is Against The Law|
155659213|13298072|1149100763936768000|(but they'd do an amazing job if they did)|
155659213|13298072|1149100649688129536|(and no, our intern does not do our social media.)|
155659213|13298072|1149100554481614848|These are our interns working in Energy Firmware, Infotainment, Battery Electronics, Cell Engineering and Communications.We offer year-round internship opportunities, at Tesla office locations around the world:https://t.co/SYYjLSIUuo|
155659213|13298072|1149100459937845248|“The present is theirs; the future, for which I really worked, is mine.”Happy Birthday Nikola Tesla! https://t.co/1wU9s5eXx2|
155659213|13298072|1149084379156639744|Model 3 and 5-star safety ratings: name a more iconic duo.Model 3 All-Wheel Drive just earned a 5-star safety rating overall, AND in every subcategory from @NHTSAgov ✔️|
155659213|13298072|1148709915491332096|@MinimalDuck @elonmusk is it possible to take a photo out to dinner|
155659213|13298072|1148708707213070338|Model 3 is not just Premium Electric Car of the Year but also THE👑2019 Car of the Year 👑 https://t.co/rFuOO6sC9X|
155659213|13298072|1148682180811358208|@MichelleBlum how can you even top that? Add on a dinosaur theme park? Free back rubs?|
155659213|13298072|1148680544361697281|@JoelSapp You have a lovely family :)|
155659213|13298072|1148679435056365568|oh wait we already do|
155659213|13298072|1148679382501715968|We want to live in a world where you can play in parks while you charge your car on your epic roadtrip https://t.co/hgFdNHwUR1|
155659213|13298072|1148338316917399552|(but obviously make sure they're still safe to drive, and also obviously don't actually peer-pressure your elderly relatives into anything you monsters, obviously)|
155659213|13298072|1148337894228021248|If you want to beat the record and win useless internet points, all you have to do is peer-pressure all your elderly relatives into buying a Tesla.|
155659213|13298072|1148337855581712384|Could Henk be the oldest owner of a Tesla?|
155659213|13298072|1148337226004062208|90-year-old Henk from the Netherlands proves it's never too late to embrace new technology AND buy your dream car. https://t.co/9Dpvi4UEVY|
155659213|13298072|1147913667943358466|shout-out to anyone who turns on Dog Mode even though the only dog in the car is themselves, a human, who wants to be a dog|
155659213|13298072|1147084848814809093|@RamLover69 https://t.co/tgXcGkrbbB|
155659213|13298072|1146951326573555712|🇺🇸 https://t.co/reBDWgPzVu|
155659213|13298072|1146889216942596096|@TESLORD1 brb googling how to turn autocorrect off...|
155659213|13298072|1146885589733642240|Happy #4thofJuly USA! Safe travels to everyone out on the road 🔌🚗 https://t.co/o1yHfDa76u|
155659213|13298072|1146600893850066944|All drivers need to pay attention and no car can prevent all accidents, but these features help make driving safer every day. So seriously, if you’re getting a car, why get anything else?|
155659213|13298072|1146600888695263233|Or a cyclist: https://t.co/CGH44L9Vbo|
155659213|13298072|1146600884417134592|Our next generation automatic emergency breaking system can even stop a car from hitting a pedestrian: https://t.co/6B2wuEpGNn|
155659213|13298072|1146600881455898625|It can also prevent a car from drifting towards a cliff by automatically guiding the car back into its lane: https://t.co/C7MAqj4pJs|
155659213|13298072|1146600879543349249|Emergency Lane Departure Avoidance applies corrective steering if it detects the driver is drifting into another lane with oncoming traffic: https://t.co/aVuO8bx2pB|
155659213|13298072|1146600878968729601|Tesla engineers leverage the data and capabilities of Autopilot to make accident-avoidance a reality. Here’s a look at the features that helped us earn the highest score yet in @euroNCAP’s Safety Assist category:|
155659213|13298072|1146357515073884160|Now, show of hands 🙋🏻‍♀️🙋🏾‍♂️, who wants one?|
155659213|13298072|1146357514465771522|This was made possible thanks to our exceptionally talented team of engineers 🧠🔧🚘🏆💪|
155659213|13298072|1146357513933086720|...not to mention it also earned the highest score that @EuroNCAP has awarded yet in their 2018/2019 Safety Assist category 🥇|
155659213|13298072|1146357513085837312|🥁🥁🥁   🥁🥁🥁   🥁🥁🥁  please:We are excited to announce that Model 3 just earned a 5-star safety rating from @EuroNCAP ⭐️⭐️⭐️⭐️⭐️  https://t.co/2oSQz4yaBB|
155659213|13298072|1146193916988817408|Our quarterly delivery numbers are in – 95,200 vehicles and six puppies delivered in Q2: https://t.co/2BTv4bFyLj|
155659213|13298072|1144682049934020608|Wish granted 💫. New Sketchpad features are rolling out in our next software update. What will you draw? 🎨 https://t.co/eXUm4k24qH|
155659213|13298072|1144395327568355329|K thx bye 👋 https://t.co/7l1BAybNcc|
155659213|13298072|1142189184741888000|@kathem_7757 @elonmusk So wrong it's right..?|
155659213|13298072|1142188889576050688|@Neo_Solanki @elonmusk And apparently soccer is football. Who knew|
155659213|13298072|1142188281989177344|@GeorgeZhulkov @elonmusk You won't say that after you try Beach Buggy Racing 2|
155659213|13298072|1142132387687489536|@ales_gaber The "correct" side|
155659213|13298072|1142128535080857600|@Self_Brian We made these by accident but it turns out they've been really popular in the UK|
155659213|13298072|1142127759021395970|@jgrano305 Like when driving on the left is right and right is wrong|
