155659213|29133952|1177503117086052352|And a delicious lunch at the Cafe inside Solitude Farm, made with millets, gourds, wild spinach, coconuts, other greens and legumes all grown at the farm. The produce in the basket is some of today’s harvest for cooking &amp; delivery...#farmtotable #permaculture#naturalfarming https://t.co/p5q3kdoA9L|
155659213|29133952|1177501512831889408|The connected article: https://t.co/mmpRCuN5qd|
155659213|29133952|1177501235080912900|In #Pondicherry for a few days to listen to writers at @PondyLitFest.Used the opportunity to follow a @thebetterindia article on Krishna McKenzie’s farm in #Auroville. Walking through a fully grown, food forest inspired by Masanobu Fukuoka is special 😊😍, so much to learn! https://t.co/QJvOQ9d156|
155659213|29133952|1177446823218143232|The stunning #westernghats in the monsoons; beautiful stone sculptures at the Chennakesava #temple in Somanathapura, near Mysore; Pykara #lake in the Nilgiris; long drives through beautiful Himachal. Truly #IncredibleIndia! Where have you traveled to recently? #WorldTourismDay https://t.co/DXfUc4ktAn|
155659213|29133952|1177427026275209216|Sunrise over the Bay of Bengal. Accompanied by a lovely morning walk on the #Pondicherry #Promenade. https://t.co/YnMGkKQ0gA|
155659213|29133952|1177270175697010689|Well, then more reason for @LeoDiCaprio to continue support to @SadhguruJV and @rallyforrivers.The entrenched NGO network that is complaining is essentially worried about becoming irrelevant and losing access to funds and influence. They really don’t care about the environment. https://t.co/oG1P3eENZG|
155659213|29133952|1177078709204865024|@DanAlluf Wishing you and your family a very happy new year Dan! And greetings to the entire team of Mashav in India. 🙏|
155659213|29133952|1176751688683675649|@ravi47770650 Yes, but time &amp; diversity need to be factored in. Once soil has been regenerated on a farm, its possible to steadily increase productivity. Farmer can grow many diff crops per sq meter through natural farming, harvest round the year, can’t be compared with mono-cropped fields.|
155659213|29133952|1176747346190721024|How To Write by Elizabeth GilbertMy favourite tip, and the one I find most difficult, because jargon slips in unnoticed: “Use radically simple sentences.” :-)  https://t.co/bEi3N2leM7|
155659213|29133952|1176745734898454531|"...we can be certain that agriculture will soon face another revolution. Today it runs on abundant, cheap oil for fuel &amp; to make Fertilizers. Supply of cheap oil won’t last forever. How do we speed the adoption of more resilient agriculture? "#SoilHealth https://t.co/25543IBcz6|
155659213|29133952|1175842739365089281|He underlines the clear and strong intent in abrogating Article 370. Reinforces the battle against terrorism. Huge support. Speaking to Indians across the world, but also to @ImranKhanPTI @BernieSanders and Co.#HowdyModi https://t.co/2Rvm5UUsDe|
155659213|29133952|1175836648031977472|Truly unprecedented.And Modiji completely in his element in campaign mode! 😍Almost midnight in India, but am pretty sure TRPs are continuing to hit record highs :) #HowdyModi 🇮🇳 🇺🇸 https://t.co/TjCUd3dJZR|
155659213|29133952|1175814829635858432|“Indian Americans are one of the most politically engaged immigrant groups in the U.S., with 62% casting their vote in 2016, just above the overall U.S. turnout rate of 61.4% and surpassing the rates for both Hispanics and African-Americans.” https://t.co/4dxpVkCPiy|
155659213|29133952|1175813305325084673|Way to go @isro!! With every new goal, and every journey into space, you help us engage with the joy of science, ambition and achievement. Looking forward to the excitement and learning. 🇮🇳🚀🛰 https://t.co/0wApaMMOoS|
155659213|29133952|1175626605172887552|What a beautiful thread, thank you @joybhattacharj , and for sharing with us anecdotes from their journey...how well your father understood the challenge of Alzheimers and designed simple happy spaces for her to dwell within. https://t.co/IgLJjJMrqk|
155659213|29133952|1175624821104791552|Glad that the Bill and Melinda Gates Foundation has ignored the usual naysayer gang of Activists &amp; NGOs and acknowledged the work being done in India on sanitation, under PM Modi’s leadership. We have a long way to go, no doubt, but #SwachhBharatAbhiyaan is a major step forward. https://t.co/CEMVwci0On|
155659213|29133952|1175302331706966016|Seriously?Did you even see the market numbers yesterday after the announcement @Jairam_Ramesh? Or review details enough to understand how this makes India super competitive for foreign investment now? How disconnected can @INCIndia be from what the nation needs? #FacePalm https://t.co/84mLVRYfzf|
155659213|29133952|1175300690182205441|Super line up, and really looking forward to spending 3 days absorbing insights, analysis and perspectives at the @PondyLitFest, curated by @KanchanGupta @ARanganathan72 https://t.co/lQaHfx0raz|
155659213|29133952|1175290646371848192|The announcement has widened the scope of CSR activities and companies can now contribute towards research across various fields such as science, technology, medicine. This is expected to attract more funds on research and development in the country. https://t.co/64IPEiSKKX|
155659213|29133952|1175248477002977281|A must-read background to Pakistan’s dilemmas, by ⁦@Vikram_Sood⁩ “Pakistan’s leadership has lost its way and is now left only with religious hyperventilation, largely alone except for some support from the New York Times, the Mayor of London &amp; BBC“ https://t.co/NTjnQHGHdg|
155659213|29133952|1174365335694319621|@Vikram_Sood @jainayush10 @akhileshsharma1 @priyankadeo @Madrassan_Pinky @VishnuNDTV @sushantsareen @TheJaggi @Iyervval @ARanganathan72 @majorgauravarya @palkisu And which, by itself is a great way to help them dig a deeper hole for themselves and widen the public perception of their undeniable immaturity. I am amazed that Pak keeps falling for this trick.|
155659213|29133952|1174170051869597696|@amargov @SwarajyaMag @Team_CRI Congratulations to the entire team @SwarajyaMag! Just 5 years?! Seems like I have been reading your content for a long time. Really enjoy learning from the perspectives you share. Wishing you the very best going forward, as always, stay #nationfirst|
155659213|29133952|1174000555716304896|@S_Sivakumar Congratulations Shiv! And your work has been inspiring for so many as well! Thank you, for always having been such a generous mentor, sharing so much from your experience with so many of us.|
155659213|29133952|1173903976451862528|Lovely pictures, always heartening to see the simple, strong bond between them. I feel it’s also important to appreciate how well the rest of the family cares for their mother, in such a quiet, dignified, committed manner. #strongmothers build #Champions https://t.co/WhsJ3N1Z1e|
155659213|29133952|1173828468087259141|For lemon trees I now use Waste Decomposer as the primary input. It’s an excellent product developed by the National Center of Organic Farming 🇮🇳 Trees roots drenched twice a month with a prepared solution &amp; FYM/ mulch added periodically#SoilHealth#organicfood #horticulture https://t.co/em9QD0g7yb|
155659213|29133952|1173825537761918976|@routetoexplore @FreshHarvestIND Both. The Banana is distributed through a couple of small retailers in Bangalore. Customers increase through word of mouth. Once you taste an organically grown, naturally ripened Yellaki, it’s very tough to eat any other variety!|
155659213|29133952|1173809442770415617|“When I read about, or listen to, someone interesting, I immediately reach out to them to see if they’d like to have a curiosity conversation with me.”Fabulous, insightful read. https://t.co/6rZxioO6Gm|
155659213|29133952|1173798754186481664|For the immense pride, passion and service that you evoke through your determined life as a Karma Yogi, thank you! Happy birthday @narendramodi ji. Wishing you health, always. #HappyBirthdayModiji https://t.co/OviQLccQQU|
155659213|29133952|1173545493776830465|@smitaprakash @ARanganathan72 It points to the absolutely useless, uninformed depths that TV news editors &amp; journalists have reached, if they cannot even fact-check basics before reporting on their channels. Can imagine the kind of junk they report as news with their parochial mindsets &amp; get away with it too.|
155659213|29133952|1173519620189278209|@ramanmann1974 @rwac48 @ikaveri @zoo_bear @manaman_chhina @GauravPandhi It’s not bizarre, is it? I feel it’s a good example to show that @DelhiTrafficPol is working to stop corruption that may be caused due to enhanced fines / MV act. It’s sad that old habits of bribes &amp; corruption exist...but this awakens both citizens &amp; those who take bribes.|
155659213|29133952|1173475310496440320|@SandipGhose True. Only those who never travel far, or take risks to do business in new environments, or prefer to always stay safe in familiar environments - only those folks complain about learning new languages. Everyone else is quite happy to learn, build language skills and prosper.|
155659213|29133952|1173462338550124545|@KanchanGupta And the clueless DEM leadership might need to watch out. Their empty Kashmir rhetoric, lack of clear economic plans, combined with a strong partnership between Modi ji, Indian diaspora &amp; Trump could impact 2020 elections...The gears of large Democracies are constantly moving!!|
155659213|29133952|1173461170054819840|Totally agree!Returning on a late night international flight last week, @kstdc guided me to a woman driver, pink cab. Very good driver, felt extra safe late night, and her competent handling of the interaction was truly commendable. I am only taking these cabs going forward! https://t.co/acPSakIu7l|
155659213|29133952|1173460102667366400|@sushantsareen Completely agree. Not having a driving licence for instance, yet driving and complaining about penalties is absurd. If high penalties can keep these dangerous people off the road, it will save lives.|
155659213|29133952|1172081239114711040|Well done Delhi Government. The fines are a very efficient deterrent and the impact of the fines is visible across cities. Stay with the strict rules, please do not dilute. States that are looking to dilute the rules must be dissuaded from doing so. https://t.co/dvJ6GmAL2N|
155659213|29133952|1172058626338410497|The ₹25000 traffic fine Memo has reached everyone in India, thanks  to Whatsapp and social media. 😊Even the chaos of #Bangalore #traffic seems tamed! Great to observe visible respect for traffic lights, zebra crossings and speed!@nitin_gadkari @OfficeOfNG @PMOIndia|
155659213|29133952|1171979536260423682|Light whisper of green across the fields, germination of avarakkai, tur dal, mustard &amp; ragi (finger millet) seeds. Will be ploughed &amp; thinned after next rain, before major growth starts. Learning each day, the nuances of working in tandem with the weather! #millets #womenwhofarm https://t.co/8RqJoGpULR|
155659213|29133952|1171976630194982913|“While govts across the world aim for nutrition security and better income &amp; livelihood for the smallholders, popularising locally available sustainable diets would benefit both farmers &amp; consumers, besides protecting our fragile agri-food systems in this era of climate change.” https://t.co/UMCUBX8HtC|
155659213|29133952|1171055388248047616|We are with you on this @PMOIndia @narendramodi 🇮🇳A critical step for our planet and its so great that we have a clear stated intention, as a country, to lead the world in putting an end to single use plastic. Proud to support your leadership.#plasticpollution https://t.co/vUTuBzsp1k|
155659213|29133952|1171024273118384128|“Woke" is defined by the Oxford Dictionary as “alert to racial or social discrimination and injustice". Nothing wrong with that per se. Except that “wokeness" is now a religion for many millennials, an illogical, intolerant religion of perceived victimhood https://t.co/sSVlslddM9|
155659213|29133952|1171018785567854593|@ramprasad_c True.And instead, agility and rapid decision making (leading to sure footed ness in dynamic journey) became a more necessary skillset to succeed.|
155659213|29133952|1171017707732340736|For those interested in learning from the Centres of Excellence established under the Indo-Israel partnership, this is a very useful link with contact details of the CECs across India. Immensely valuable knowledge resource.#agriculture#floriculture#horticulture https://t.co/LjoF2iAct0|
155659213|29133952|1170640798620143616|This is a beautiful story. We often lament how children of farmers don’t want to be farmers anymore. But look! They become great scientists like Dr. Sivan and Dr. Kalam.And maybe the loop will close when children of scientists go back to farming with new mindsets &amp; innovations! https://t.co/BKY4uQfEWU|
155659213|29133952|1170634768775385089|The lander has been located! So proud of the brilliant minds @isro working on this mission. It’s impossible to not feel that surge of irrational hope that we can now re-establish contact! ❤️🇮🇳#FingersCrossed #Chandrayan2landing #ISROMissions https://t.co/2mzPmMiq64|
155659213|29133952|1170534985352110082|Arrogance runs deep in this organization, even when they apologize, it’s an obligation. #fail https://t.co/93gFGXiRua|
155659213|29133952|1170225234626039808|My goodness! This is scary, awe inspiring nature at its most dramatic!Stay safe people, those who are in the path #Dorian https://t.co/QFtcXzo5iP|
155659213|29133952|1170172898633383937|“हर मुश्किल, हर संघर्ष, हर कठिनाई, हमें कुछ नया सिखाकर जाती है,” thank you for encouraging words &amp; warmth @PMOIndia However many missions go into space, when your own nation sends a mission to the moon it is deeply, personally special. Thank you @isro &amp; Dr. Sivan for leading us. https://t.co/k3NHWtJivX|
155659213|29133952|1170151846565961729|@ramprasad_c Shameful sense of entitlement by whoever this Pallav Bhargava is, insisting that Dr. Sivan should respond to journalists not some ‘junior’. That tone and arrogance, just because he carries a ‘journalist’ card.|
155659213|29133952|1170082595662467072|No failure in science, only learning! Still hopeful to establish communication with the lander. Stay courageous. Thank you @isro for such a great effort, onwards and upward.  🇮🇳 #JaiHind|
155659213|29133952|1170069240960839680|Every second gets us closer! Super exciting :) All the best Team @isro! 🇮🇳 https://t.co/HpJRNpzQmc|
155659213|29133952|1169517780216864768|@JoyAndLife @gyannagpal @AbhijitBhaduri @GautamGhosh And back for you too, thank you @JoyAndLife! For all the shared learning and the easy, accepting spaces you always create. #TeachersDay|
155659213|29133952|1169096785836425221|On 7 Sept, the lander, carrying the rover in its belly, will commence a powered descent to the lunar surface. The journey of a little over 15 mins, is the trickiest part of the mission, something the Chairman of ISRO described as “15 minutes of terror”. https://t.co/7LEIDtp9qG|
155659213|29133952|1168495923560738816|@CNNnews18 Brilliant! Great attempt to bring attention to a major issue in the city! Bad road infra is one of Bangalore’s most critical issues, needs urgent attention!@BJP4Karnataka @Tejasvi_Surya@JPNadda@BSYBJP|
155659213|29133952|1168473080143835141|@ramanmann1974 @Devinder_Sharma @jayantrld @sayantanbera @Dchautala @kkuruganti @_YogendraYadav @ikaveri @Sandhwan @neeleshmisra @RURALINDIA Agree. It’s a huge racket and with spurious Chinese products adding to the mix, farmers are out there having to survive on their own judgement &amp; expense. There really needs to be far better quality control, price management and a vision to protect soil, farmer and agri economy.|
155659213|29133952|1168448473105977347|@ArunBee @S_Sivakumar 😄 👌🏽👌🏽|
155659213|29133952|1168447604083970049|Great news for two reasons: 1. Swacch Bharat has truly demonstrated a pathway to shake off inertia &amp; bring cleanliness to the mainstream discussion in India.2. Because the NGO universe is full of self-righteous Modi-haters, unwilling to give credit when due. So, thank you BMGF https://t.co/PhdAnTKQ3p|
155659213|29133952|1168442369248653312|Forging the way ahead!! Congratulations Team @isro, more than a billion Indians following your path to the moon with bated breath. So close now. Wishing you Iuck and a safe landing! ❤️#Chandrayaan2 #ISROMissions https://t.co/ePuwsxnJ6w|
155659213|29133952|1168364069041999873|वक्रतुण्ड महाकाय सूर्यकोटि समप्रभ निर्विघ्नं कुरु मे देव सर्वकार्येषु सर्वदा 🙏#GaneshChaturthi https://t.co/Gs9bxMgWEa|
155659213|29133952|1168037427555921925|A neccessary sunday read, before the pace of the week picks up again and there is not enough time to stay abreast of all the information that is constantly in our timelines, waiting to be read, shared and digested.The glorious boredom of a long walk.https://t.co/b86wut27Zt|
155659213|29133952|1166701422580133888|What an intense deep dive into the primary texts of Bharath, with @bibekdebroy’s ability to thread it all together into relevance for today. This is a must hear discourse. Listen all the way till the end, some very insightful pieces are also in the Q&amp;A.@KanchanGupta thank you. https://t.co/9lRIniClWM|
155659213|29133952|1166700475778924544|@KanchanGupta @bibekdebroy @orfonline I took the opportunity on a long drive into the city today to hear this lecture. What an amazingly generous discourse by @bibekdebroy it felt like standing in front of a huge mountain, feeling infinitesimal. Your depth of knowledge and threading of ideas into coherence is a joy.|
155659213|29133952|1166693040649465857|@JoyAndLife Arrey....For me, you would be the source for most of this information!!|
155659213|29133952|1166555938796580866|Home after a few weeks of travel and its great to be back with the brood! Rain in August allowed the fields to be prepared for sowing. Ragi, Tuur Dal, Mustard and Avarakkai beans have just been planted, following the seasonal flow of cropping. https://t.co/InoSn0tH1E|
155659213|29133952|1166550599363694595|@RobGMacfarlane writes “I could not forget the image of that mysterious buried network, joining single trees into forest communities.” Once you learn about the ‘wood wide web’, it’s difficult to ignore the science it offers on life giving systems.https://t.co/XldHxitPQt|
155659213|29133952|1166547610573787136|Time for tinkering is over. ⁦@gchikermane⁩ on the point as always. India knows this govt can disrupt its way into delivering voter aspirations. Today that hinges on economic growth &amp; jobs. We need Narendra ‘Singur-to-Sanand’ Modi to drive it. Again. https://t.co/hx2SFLB3ax|
155659213|29133952|1166544316191268864|Since the opposition is trying to muddle the details, its best to read and understand what the transfer of funds means and its potential impact. And above all it’s important to remember that it’s not the corrupt ⁦@INCIndia⁩ at the helm anymore.  https://t.co/m3HZxF4sRj|
155659213|29133952|1166202833588244480|@ramkid I know! That’s the most memorable jingle I have heard in a long time. Brilliantly done.|
155659213|29133952|1166202403898580993|@Meetasengupta Several books, many biographies, because there is so much more layering there. But more recently a lot of podcasts, where we can hear leaders share their insights. One of my favourites is @tferriss he does a fabulaous job of navigating insightful dialogue with leaders.|
155659213|29133952|1166201192331931649|One of the reasons I love being on twitter is the diversity of perspectives. If you are willing to read ‘wide’ enough, meaning, a wide range of perspectives on any issue, it’s one of the most abundant platforms to help you analyse and develop an informed individual opinion.|
155659213|29133952|1166197972897431552|For those interested, here’s a different perspective on #AmazonFires by ⁦@ShellenbergerMD⁩It piqued my interest since some reports last week indicated a strong western media dislike of Brazil's new conservative President, Jair Bolsonaro. Interesting https://t.co/EieGzoXOYA|
155659213|29133952|1166188903776210944|Post this G7 there won’t be any difference between terrorism in India &amp; elsewhere in the world. Hundreds of hrs of work must have been devoted to getting the joint declaration with France sorted out. The FATF listing completes the picture.Well done India. https://t.co/EDurVEPgNq|
155659213|29133952|1166032400507236352|This is probably the crux of why humans deeply underestimate the damage we cause. Trees grow up to be 500-1000 years old, the Greenland shark grows up to be 500 yrs. While limited human lives revolve around consumption, the Earth &amp; its creatures understand time very differently. https://t.co/9c4scurg7e|
155659213|29133952|1165952079673741313|“Arun Jaitley taught me that at work, in politics or otherwise, you can’t rest on your past successes”Such a lovely tribute, written with so much humility and grace. Thank you @nsitharaman, we are lucky to have a leader like you who is ever willing to learn &amp; grow. #RoleModel https://t.co/X58YOatUkB|
155659213|29133952|1165919112150732802|@vikramsampath @PenguinIndia @premanka @PreetiMarketINK That’s a lovely clip...and she so beautifully encapsulates that feeling of intense sadness that engulfs the spirit on a visit to the cellular jail, and the cell where Savarkar was jailed. Look forward to picking up my copy at the book launch this week in Bangalore.|
155659213|29133952|1165909595774046214|And while individual trees are important, Wohlleben writes “Trees are important, but when trees unite to create a fully functioning forest, you really can say that the whole is greater than its parts... forests matter at a more fundamental level than most of us realize.” https://t.co/hnbdeLXOuL|
155659213|29133952|1165906993992753152|4/nImagine the physics here. Huge mass of nutrition, sugar &amp; water stored inside a tree, transformed rapidly into incredible energy. Fresh new leaves push outward to run the engine for the tree, to photosynthesise and grow. An incredible engine designed by nature for our planet.|
155659213|29133952|1165902733502636032|3/nThe first image, shot on 14th March is one of the large Peepul trees at the farm, totally bare, having shed all its leaves. The 2nd image is on 1st April, just two weeks apart. Millions of new leaves sprouting from every branch, photosynthesising at an unimaginable volume.. https://t.co/gWZenUUwzb|
155659213|29133952|1165901193614282752|2/n I found my experiments with farming awakening a lot more observation, similar to Wohlleben who spent a lifetime as a forester, managing lumber forests. As he started observing more..he began the journey to interpret the language of the forests...old, ancient forests.. 2/n|
155659213|29133952|1165900161173749761|With news of the #AmazonRainforest overrun with fire &amp; rapid degradation, it’s important to remind ourselves why these old, ancient forests are critical for the world. Reading Peter Wohlleben’s Hidden Life of Trees gave me a much deeper appreciation..so a thread to share.. 1/n|
155659213|29133952|1165684397971931136|@ColSanjayPande @vsengupta Great thread &amp; lots of tips to pick up! I am struggling with my knees, years of running on hard surfaces, the last few years of intense activity at the farm has had an impact on the knees. Docs say operate. But like you say, strengthening muscles, reducing weight is the key. 👍🏼👊🏻|
155659213|29133952|1165677561399001088|@amitabhk87 That’s a great list to work with! Have explored Tanjore Brihadeeswarar temple and Orcha already, so will add Puri Jagannath and Shankaracharya’s shrine in Kashmir to make my list of the next 15! #discovering #IncredibleIndia|
155659213|29133952|1165658755737931776|Congratulations @Pvsindhu1!!Such a well deserved victory! Incredibly inspired by the spirit you embody, never giving up. Super champion! 🇮🇳 🥇 https://t.co/8SmekKoSwT|
155659213|29133952|1165649310744104960|@ThirukumaranN @SharmaShradha @ninjacart Great!One of your collection centers opened close to our farm last year, and that really made a difference, since it significantly reduced the distance for us to transport vegetables from our farm. It’s been great to do business with your team, and to see the brand grow strong.|
155659213|29133952|1165328378515210240|@AdityaRajKaul @narendramodi Also the astute ability of PM @narendramodi to strengthen relationships that matter for India &amp; therefore emphasize the irrelevance of the Pak obsession our neighbourhood foreign policy has had previously. Making an ego-centric country like Pakistan irrelevant is truly brilliant.|
155659213|29133952|1165326073661288448|@meeraharish Thank you Meera.Bangalore 😊Have been traveling last few weeks, and am headed to the farm tomorrow. So just enough time to enjoy the home garden for a bit.How have you been? Are you in town? Will DM to catch up if you are.|
155659213|29133952|1165223789258346496|@Sneha19 Awesome, all the best! 😊🤗🤗|
155659213|29133952|1165195526351908864|Such an incredible loss for the nation.So quickly after Sushma Swaraj ji. August needs to end quickly. 😢😢Om Shanti#ArunJaitely https://t.co/XMSCgdbjOO|
155659213|29133952|1165192126415564800|@Sneha19 That’s the Red Bleeding Heart vine 😊 beautiful no? It blooms through the year, but is the most spectacular in the monsoons...needs abundant water and sunlight.|
155659213|29133952|1165107601744384000|Nothing more peaceful than some quiet time in the garden each morning. Monsoon showers in the last few weeks have been soaked up and all the plants are blooming. Such a joy to be back home to this. ❤️😍 https://t.co/l2i2Z7XeVT|
155659213|29133952|1164286752355491840|The Amazon has been on fire for 16 days! And I wonder why I missed this, or didn’t see it on any major news feed. I am just seeing a lot of pictures and news crop up today. It could be a huge crisis for the world if our largest rainforest is under such imminent threat. https://t.co/JGfuOHqcDb|
155659213|29133952|1164285318805303296|If we apply a tourism lens, then perhaps a modern, specially conceptualized take on our Chappan dukan (Indore) or Paranthe wali gali (Old Delhi), combining the food, with fresh produce &amp; farmer markets... each city in India has so much to offer!! https://t.co/DRNyMItbUP|
155659213|29133952|1164282127954993154|Another popular food &amp; fresh produce market, the Mercado de San Miguel, Madrid. Conceptualized as a closed market in 1835 for better hygiene, built in 1916, renovated to current state in 2009. Attracts millions of visitors each year, located in a major tourist hub of the city. https://t.co/trH983mX3N|
155659213|29133952|1164245646699913217|FinallyJai hoMuch awaited moment and the beginning of deep cleaning the corrupt corridors of the Congress leader’s ecosystem. Even Delhi High Court called him the ‘king pin’ in their report, so much evidence exists of his deep corruption &amp; money laundering.#ModiHaiToMumkinHai https://t.co/AjYbhqMauS|
155659213|29133952|1164045920855633920|Congratulations @isro! ❤️🙌🏻 🇮🇳 https://t.co/kSRmg2oLg9|
155659213|29133952|1163811247499821056|Insightful analysis by @MalikAshok culls out the three key intersecting frames of discussion in the noise around Kashmir: the civil liberties debate; Kashmir vis-vis Pak &amp; India; and China’s interest in Ladakh.The Modi Govt has leverage, its response can be slow &amp; considered. https://t.co/OqObXPpuSj|
155659213|29133952|1162736763997163520|@listenshahid Great effort @listenshahidWishing your team and all the people of Kashmir a steady, effective transition to peaceful normalcy. Great effort on your part to also use social media for effective communication and updates on behalf of Administration. All the best! @PMOIndia|
155659213|29133952|1162681091997818882|Oh no.Praying for his health and recovery. https://t.co/HvEXqdrDb7|
155659213|29133952|1162418110982479878|@Tejasvi_Surya Agreed.For traffic, key might be to get traffic rules implemented. Too many drivers breaking rules, two wheelers driving on pavements, everyone crossing lines in rush hours, no respect for zebra crossings or traffic lights. Tightening rules will improve efficiency significantly|
155659213|29133952|1162321952784158720|@ShamikaRavi @ARanganathan72 😄😄|
155659213|29133952|1162319535350804482|Well said!Phase 3 is the most enriching phase of work life. And the real value is created by establishing a strong foundation through Phase 1 &amp; 2, working hard on positive outcomes, leveraging every opportunity &amp; building a base of skills, discipline &amp; a positive growth mindset. https://t.co/1KKOs6qpsx|
155659213|29133952|1162316504840359938|@TheJaggi The festering Kashmir hubris. All established international &amp; aided Indian voices only discussing Kashmir, not a single voice supporting Jammu or Ladakh people. Easy to differentiate between those who really support democracy/ freedom &amp; those who are a part of the Kashmir hubris.|
155659213|29133952|1162312328034934785|@DrRonMalka Ooh...and that is a beautiful Saree worn so elegantly by your love! 😊❤️Happy #TuBAv @DrRonMalka and also to the entire team @IsraelinIndia @DanaKursh @DanAlluf @AdvaVilchinski and to those I met while visiting @RanNatanzon Happy #TuBAv|
155659213|29133952|1161921969727692800|@Gayatri__J Best decision ever! When my son went into college, I divested, kept aside funds to ensure his education, and I became a farmer and started an agri company to begin a new journey of learning and education for myself. What a blessed opportunity it is to keep growing, learning.|
155659213|29133952|1161919464654458880|@narendramodi ❤️🇮🇳|
155659213|29133952|1161917938238205952|@SandipGhose @PMOIndia Well said. In the last few years @narendramodi’s articulation of ‘Aakankshi Bharat’ has been a consistent focus of his I-day speeches...slowly and surely encouraging all of India to transform mindsets, be aspirational, be willing to pursue full potential, create a global impact.|
155659213|29133952|1161784127147970561|Happy Independence Day #India! #JaiHind🇮🇳 #73rdIndependenceDay#SwatantrataDivas https://t.co/2KrBvJr7ep|
155659213|29133952|1160567388204482561|We need to bring in a tourism lens to the way we design and manage the mandis....especially in big tourist hub cities...would be great to work on a pilot project in bangalore!|
155659213|29133952|1160566776247140352|I love the smells and sights in a vegetable and fresh produce Mandi..and have often been in the markets in the wee hours of the morning to sell our vegetable produce. Across India we are blessed with so much fresh produce and every town and city has its own fresh market hub... https://t.co/oEsHwZ73EQ|
155659213|29133952|1160564558248972294|Reminded me of another fabulous market I visited a couple years ago...the #MahaneYehuda in #Jerusalem...a delicious burst of flavor, color, smells and taste. It was joy to take a walk through and eat at the many small outlets along the way. https://t.co/puDWwftzqS|
155659213|29133952|1160563330546843648|A few days in Spain, exploring Barcelona, Madrid and Seville and my first stop in Barcelona is the absolutely gorgeous #MercadoDeLaBouqueria with a history dating to 1217. Such a joy to walk through the marketplace, smell and taste the fresh produce.. https://t.co/HJcCPFgocY|
155659213|29133952|1160558993099632640|@Vikram_Sood @DailyO_ “As Zorawar Daulet Singh, author of the book Power &amp; Diplomacy recently pointed out, the removal of Jammu and Kashmir’s special status ends ambiguity about its status &amp; snatches strategic initiative away from Pakistan..” and so a critical time to carefully watch their next moves.|
155659213|29133952|1160254208706265088|@frisgenoeg @EWestaway @impermfilm Yes....and well, we are on it :)|
155659213|29133952|1159430441792757761|A few days of light rain and there is just enough moisture to begin planting more trees. Added 4 Lime, 5 Pomegranate and a dozen young shoots of Yellaki bananas to intensify the little orchard section I am experimenting with. #bananas #yellaki #avocado #mango #jamun #monsoon https://t.co/pyUDynTm3z|
155659213|29133952|1159401134236135425|An excellent piece that provides a historical, geo-political depth to the events &amp; situation leading to the latest decision on Jammu-Kashmir and Ladakh &amp; explores possibilities ahead. Must read for those interested in understanding the new paradigm. https://t.co/ovRhRMB5xy|
155659213|29133952|1159400355295137792|@gchikermane Thank you for putting together this list. Excellent set of reading and viewing, very helpful to enable depth in understanding the perspectives.|
155659213|29133952|1159391876140552192|@chitraSD @Mint_Opinion “With India now a fully integrated country, Islamabad will have to find something other than religion to remain relevant on the world stage. For a country founded on faith, that’s a tall order.” Well said. India has effectively called their bluff.|
155659213|29133952|1158975117998751744|😢Sushma Swaraj will be deeply missed. What an incredibly invested person and an invaluable ability to bring the human touch to issues of people, policy. Someday we hope to see the return of Kulbhusan Jadhav to his home &amp; family. That will be a true shradhanjali for the late EAM https://t.co/tcE4A9N44C|
155659213|29133952|1158947040937689088|@AshimRoy1 @timesofindia Yes, he was really disappointing. While Congress is in opposition, there needs to be some ability to differentiate between issues that need opposing and issues that need nuanced discussion/ debate. He single handedly destroyed any credible point of view from opposition benches.|
155659213|29133952|1158800775302090752|No!!! So incredibly sad to read this news...I just read her comments on today’s Lok Sabha proceedings a little while ago. I can’t believe this 😢 @SushmaSwaraj will be deeply missed! She raised the role she held to such an immense level. Deeply sad to see this news. Om Shanti https://t.co/tjhsTZHV0X|
155659213|29133952|1158721830208733191|@vijayadar @ShefVaidya Yes, truly. He made some passionate, detailed points, and it’s really great to hear him especially given the critical need for opinion and voices from Ladakh and Jammu to be heard.|
155659213|29133952|1158697479581208577|Hearing Ladakh MP Tsering Namgyal @MPLadakh is the highlight from today’s discussion. Excellent, passionate representation by a young Parliamentarian. Epic takedown of the political games played with the region over 7 decades. Must hear him!|
155659213|29133952|1158681958030819330|While not every MP is an orator &amp; you won’t agree with every opinion &amp; perspective, listening to each one present their ideas really helps to deepen understanding on issues of national interest. Make time to listen in, we have fabulous speakers in the house#LokSabha#Articles370|
155659213|29133952|1158680012318318593|I increasingly believe that if you are truly interested in a critical issue, stay away from quick reading of news analysis, instead find a way to hear the discussions taking place in Parliament. Representatives present an enriching diversity of thoughts &amp; perspectives.|
155659213|29133952|1158678290384613376|Today’s Lok Sabha debate is an imp lesson on our history. Congress presented its narrow, convenient focus on the Kashmir narrative, as usual ignoring facts &amp; the people of Jammu &amp; Ladakh. In response, speeches of @DrJitendraSingh @OfPinaki @mpjugalkishore were very enlightening. https://t.co/i0YuEJDCrD|
155659213|29133952|1158263739419783169|Integrated.🇮🇳 https://t.co/bfiXMIvYrR|
155659213|29133952|1158260890283565056|The power of a clear, definitive electoral mandate to Leadership that believes in #IndiaFirst  Yes!@narendramodi @AmitShah 🇮🇳Jai Hind#article370#integration #JammuKashmir #Ladakh|
155659213|29133952|1157913120855080961|So true!The internet is a manifestation of a 'nuance-destruction machine as a platform'. When used for social media, Twitter, for eg., can't handle nuance. So even if you think your post is non-confrontational, it could create conflict if the reader assumes intent in the message https://t.co/Xf0tT6X9jx|
155659213|29133952|1157534938364665856|Excellent interview, lots of insights on life skills for #entrepreneurs from the life and work of Prof.Zschau. @tferriss navigates a wonderful conversation to cull out learning about commitment, consistent practice, individual agency to implement ideas &amp; maximising opportunities. https://t.co/DqAa79QLkz|
155659213|29133952|1156608195684470784|And along the route from Sirsi, Shimoga to Arasikere are abundant plantations of pineapples...with a lot of delicious produce sold on the highway, in season. I understand that Karnataka produces the 2nd largest tonnage of the fruit in India, after West Bengal.. https://t.co/Mwg5RVJpbo|
155659213|29133952|1156603964156071939|Stopped several times over the weekend drive to absorb the fresh, rain soaked green of a new crop of paddy. The Uttara Karnataka region has received adequate rainfall this July, and thousands of acres of farmland has rain-fed paddy, recently transplanted. #Monsoon2019 https://t.co/tlTHfJv1ZD|
155659213|29133952|1156476915496022016|@AjaySrivastav70 @KanchanGupta Thanks for correcting, yes, I meant the Amendment to the Right to Information, RTI. Sorry for the typo.|
155659213|29133952|1156433682841759745|@KanchanGupta Indeed. Both the RTE modification and the Triple Talak Bill demonstrating an effective approach to floor management by ruling party, navigating through the process, even with minority numbers in RS.|
155659213|29133952|1156418409468317698|“Lack of organic knowledge and ignorance of existing traditional knowledge of river systems have led to failure of floodplain zoning systems. This leads to floods being treated as ‘damage’, instead of an annual hydro-meteorological phenomenon.”  https://t.co/lccvA4QOHu|
155659213|29133952|1156109686502039552|Magod falls near Yellapur, Uttara Kanada. Lovely view of the falls, fresh rain water beginning its journey through the hills. The Bedti river falls 200 feet into the valley below...lovely walking route through the forest area surrounding the falls..#uttarakanada #Monsoon2019 https://t.co/osw13GL28D|
155659213|29133952|1156106970618880000|The gorgeous #JogFalls. It’s only half it’s usual thunder, hopefully more rains in the next few weeks will add to the flow....but its such a gem in #Karnataka. Was also very impressed by how clean and effective the infra was. We drove by on a Monday, so far lesser crowds. https://t.co/AUtRw1sz3i|
155659213|29133952|1156105783999963142|Mounted a GoPro onto the hood to get some of the rain and monsoon weather, watch some clips edited together to a #JasonMraz song 😊🌧☔️#GoPro #monsoondrive2019 #XUV500 #IncredibleIndia https://t.co/BBK0PsPU2P|
155659213|29133952|1156104438274306048|Happiest behind the wheel! 1200 km this weekend, across north Karnataka over 2-3 days, with folks joining with their vehicles from Karnataka, Maharashtra and Kerala. Roads were great, with some spectacular rains in intervals.#monsoondrive2019 #XUV500 #westernghats https://t.co/7Z1I0nk7Uc|
155659213|29133952|1156103369871843329|Three days off the grid, just driving through the beautiful monsoon soaked western ghats in the Uttara Kannada region. 🚘🌧🇮🇳Each year our tribe of #XUV500 drives as a group through a new section of the ghats. This year Dandeli, Yellapur, Sirsi #monsoondrive2019#IncredibleIndia https://t.co/plZYy7ToJ2|
155659213|29133952|1154300222287204352|11. The big opportunity is to attract a large number of new professionals, entrepreneurs into farm biz enterprises; at the same time help ensure traditional, deep knowledge of farming, ecology and environment is retained and innovated upon further by next gen agri-entrepreneurs|
155659213|29133952|1154298459643531264|10. To shift our agri into the next phase of growth, taking into account environmental degradation, climate change, complex markets &amp; investments, farmers will need to quickly ramp up to this dynamic sector. So a new generation of farmers need to step in.|
155659213|29133952|1154297272332517376|8. It is true that a huge % of current small holding farmers are moving out of agri due to terrible livelihoods &amp; limited opportunity. 9. But for India, it’s important to differentiate this development challenge from the challenge of enhancing agri sector &amp; its GDP contribution|
155659213|29133952|1154296631497334786|6. This growth mindset is beginning to work across a range of produce, slowly and steadily bringing in a need for balancing recognised standards in production and safety of ecology7. With so much change, India needs farmers to also evolve, learn, grow, transform, build capacity|
155659213|29133952|1154296004163674112|4. Massive global demand for specific Indian produce like Grapes, Pomegranates, Mangoes, Banana, Tamarind, Chillies etc is bringing huge focus on standards, processing and supply chain management. 5. Several entrepreneurial farmers across India have caught this wave of growth|
155659213|29133952|1154295279031504897|There are also simultaneous movements INTO farming and this is a major phase of transition in Indian Agri. 1. Horticulture is overtaking staple production2. Experiments in farm to fork are exponentially growing 3. Professionals are quitting jobs to build 2nd careers in farming|
155659213|29133952|1154294138679914496|This article presents a very limited perspective. The next generation of farmer families don’t want to do farming. But that’s in every sector almost? In every family, every new generation wants to do new things. Why should farmer families be different? https://t.co/dHQGwB3yfL|
155659213|29133952|1154032663344250881|@RajkummarRao Truly. Watching him in The Revenant was like watching excellence personified...he brought so much of himself to that role...can’t wait to see this next..|
155659213|29133952|1153987501599551488|@ShivAroor @Iyervval Agree. Prescient analysis, the next few weeks/ months will see this play out.|
155659213|29133952|1153570615640461323|@AmbLindnerIndia Welcome to Bangalore Ambassador. You will encounter some traffic, but it’s just one facet of our fast growing, beautiful city. Enjoy the monsoon weather. And incase you miss the red Amby, will be happy to drive you around in a red XUV 500 instead. Also a proud Indian car 🚘 🇮🇳 https://t.co/z1Sy4If2XV|
155659213|29133952|1153521620901859334|@ramprasad_c Lol :))|
155659213|29133952|1153520856800399361|@ARanganathan72 It was uncalled for rudeness @ARanganathan72. Was surprised by the tone in your tweet.@MEAIndia handled it so well. And @PMOIndia will respond appropriately.Guess passion gets the better of us all at times. Stay cool :))|
155659213|29133952|1153518099964071937|Thread. https://t.co/zuk3uwtu0F|
155659213|29133952|1153514130780905473|And the morning after a rain is a profusion of colour, washed and nourished by fresh water! The fragrance of the Chameli flowers fills the garden....#bangalorerains #homegarden https://t.co/DdHpZJBBnR|
155659213|29133952|1153505794387668992|@hrnext Yup. And unfortunately, this intentional obfuscation also dilutes attention from the real issue, which is to reform, enhance and strengthen the legal immigration policies and systems, across the world, as fragile populations increase.|
155659213|29133952|1153494198462685186|Hahahaaaaa.Silly banter, using Kashmir as conversation starter, because..what else can they talk about? @POTUS has enough fires burning in his own yard, and @ImranKhanPTI has no legitimacy even in his own country, forget the debt his country is dealing with.Grow up. https://t.co/L2TpSGScsa|
155659213|29133952|1153492194864652289|@hrnext Yes, and that’s what is interesting - how the ‘immigrant’ debate and narrative has become ubiquitous, covering all aspects of immigration. The real debate instead should be about legal, merit based immigration vs. illegal movement into a country. The obfuscation is intentional?|
155659213|29133952|1153470677153959936|Streamline the food &amp; fertiliser subsidies by converting them to direct cash transfers to identified beneficiaries through the JAM trinity. Will empower the poor &amp; farmers and also usher in policy shift that could save exchequer least Rs 50,000 cr annually https://t.co/CERLh0yxeq|
155659213|29133952|1153342068300877826|The gentle sound of slow, steady rain in the courtyard right now.So calming. #bangalorerains The rainwater tank has filled up over last few such rains &amp; water is overflowing into the recharge pit. Not raining at the farm yet, wish it would, but any rain is great right now. https://t.co/p7pYmmi2HV|
155659213|29133952|1153335433117478913|What fabulous images!!#Chandraayan2 https://t.co/S7xL0eIojm|
155659213|29133952|1153239694861307904|❤️ Wish we could follow a live feed over the next few weeks, from the cameras onboard! https://t.co/VMQU9I5sfi|
155659213|29133952|1153235253500289024|Congratulations Team @isro!! What a joy to watch the rocket lift off and vanish into those heavy clouds. I don’t think we will ever tire of watching the magic of the lift off. And thanks to @DDNewsLive for the detailed descriptions and commentary#ISROMissions #Chandrayaan2 🇮🇳 https://t.co/sKKXr4UkTD|
155659213|29133952|1153231272094896129|Watch now!!Livestream on DD Live via YouTubeLess than 2 minutes to go. #Countdown#ISROMissions #Chandrayaan2 #Chandrayaan2theMoon https://t.co/HSYJu1z8Lc|
155659213|29133952|1153221065923059712|@KanchanGupta @Twitter @TwitterIndia Yes, definitely something going on, I notice it on my account too. Doesn’t seem to be much transparency on this from @Twitter. I am thinking it’s an experiment - users stop caring about follower count, focus on quality of engagement instead. Maybe that’s the design?! Who knows 😄|
155659213|29133952|1153217560982298625|Haha. Nailed it. 😄😆But hopefully we will all enjoy the historic launch today by @isro. Ain’t important how you express, just find your own way to celebrate a momentous, historic day for India and the journey of #Chandrayaan2theMoon 🇮🇳 https://t.co/MohcF4zz1i|
155659213|29133952|1152987654952247296|@saffrontrail So many buds! Look forward to pictures of the open blooms :) One of my favourite flowers...a precious, single bloom. How amazing nature is, right?|
155659213|29133952|1152957898273820672|😍 https://t.co/NSF0LdAwHg|
155659213|29133952|1152942346365014018|@RonnieScrewvala @kunalb11 @Flipkart @riteshagar Agree. Let’s apply more energy to build long term businesses. The pursuit of the adrenaline filled start-up funding - exit cycle is just a lot of hubris. True value is created by a compounding effect, achieved with sustained effort and time on a few core ideas and solutions.|
155659213|29133952|1152494362464415744|@vivekagnihotri That’s really great @vivekagnihotri congratulations to the entire team. Totally deserved. Not just the movie, but also your personal pursuit to encourage people to watch. It sets a strong reference point for others who are keen to being similar stories to life &amp; reach an audience|
155659213|29133952|1152489159791009792|You are an inspiration @HimaDas8! What an incredible fortnight this has been. More power to you, for being such a bright, leading light of self motivation and inner strength. #champion #Athlete 🇮🇳 https://t.co/icoC3YcsS3|
155659213|29133952|1151765535597592577|Looking forward to the Launch! All the very best Team @isro! 🇮🇳 https://t.co/CguE9mbtFT|
155659213|29133952|1151340816759054338|@amitabhk87 Agree. Would be a good idea to mainstream the consumption of millets/ pulses, encouraging large scale production &amp; procurement. Unless embedded into core systems of public distribution, the millet/ pulses choice will continue to be niche or traditional only.|
155659213|29133952|1151148568725508097|It didn’t rain, but, oh this beautiful, beautiful moonlit sky! ❤️#GuruPurnima2019 #FullMoon #Purnima https://t.co/GfRJEi7zXL|
155659213|29133952|1151098571803881472|@rohanbabu Ayyo. I really wish I could. But that reminds me, a trip into Goa is due, to enjoy this beautiful season...Goa is the best in the rains!|
155659213|29133952|1151098311023058945|Since #SareeTwitter is a thing, and I am in one so often! ❤️😊#sareelove #sareeswag#IndianTextile#Handloom #tussar #kalamkari https://t.co/rk0QSIlKar|
155659213|29133952|1151095552282521600|All that build up! Hoping we get some rain. It’s been a rather dry July, and the freshly pruned rose bushes in the open fields are just about ready now for a good deluge.#Monsoon2019 #Dry #cumulonimbus https://t.co/wEF98yPNPU|
155659213|29133952|1150029783088029696|Managing pollution from fertilizers:Farmers are planting "cover crops" to capture nutrients that otherwise might wash away in Chesapeake Bay, installing fences to keep cattle out of streams, spreading manure only when it's likely to stay where it belongs. https://t.co/KyzcMt2Jgx|
155659213|29133952|1149950533311946752|While municipal waste mngt is a way to manage some of this, to really stem this pollution we need new role models - large FMCG companies willing to put money behind environmentally sustainable packaging; dis-incentivising use &amp; throw; incentivising segregation at consumer level|
155659213|29133952|1149947945476694017|Increasingly I believe that the biggest challenge of plastic comes from two sources:1. The rapid growth of the use and throw mindset 2. The insatiable need for FMCG companies to increase market share, reducing costs, multiplying packaging to meet very possible consumer segment|
155659213|29133952|1149946126100885504|This lot was collected after the deep tilling from just one section of the field today. Sachets of every possible product, designed for ‘rural, emerging markets’, but deeply polluting. The small empty packets blow around in the wind, get lodged in crevices, flow with the water... https://t.co/dgyig1hdTI|
155659213|29133952|1149945299143544833|A used, discarded sachet of Chik shampoo.Marketeers may tell you that Chik &amp; Cavincare were innovative, starting the great ‘Sachet revolution in India’, taking FMCG products into rural markets. But, years later, we keep unearthing these sachets from fields with every tilling. https://t.co/y4s3pPoaPP|
155659213|29133952|1149932599730528256|@anuradhagoyal @SumanaSiliguri I haven’t! Thank you for the recommendation, added to the reading list.|
155659213|29133952|1149927590594924544|Now reading: "The Hidden Life of Trees: What They Feel, How They Communicate..."The single discovery that changed the way scientists began to understand trees and plants has to do with things that happen unseen, below ground, but on an unimaginably colossal scale... https://t.co/Qo1rEx1BAs|
155659213|29133952|1149875983861727232|@Devarya Haha really. And in light of these missing emojis, I find it’s safer to just keep off that platform and retain sanity 🥴|
155659213|29133952|1149874948380344320|@jayanthsugavasi She truly is :)|
155659213|29133952|1149852304516034560|Quite interesting to see how this is playing out “Immense Twitter following and unique ability to command the news cycles” can be insubstantial in the real world where it’s more important to garner peer support and actual votes for proposals in parliament https://t.co/w0vWKJ1I2v|
155659213|29133952|1149754148847403013|@rogerfederer 🙌🏻❤️and looking forward to the finals against @DjokerNole https://t.co/guAdqpZYMV|
155659213|29133952|1149721907807150080|6 months ago it used to be tough to get any sustained phone signal at the farm. Today, watching the Nadal-Federer semi final live on Hotstar on a Jio connection now available in our village. How great is that?! Not a remote village anymore! Great service @reliancejio. Thank you https://t.co/EnDqJbzYc0|
155659213|29133952|1149663739743834113|Addressing the depleting state of our rivers: a) Source augmentation to increase tree cover across river basins; b) Demand mngt of irrigation by moving to community micro-irrigation; c) An economic solution that promotes sustainable implementation of above https://t.co/HOplHF9hyN|
155659213|29133952|1149596463560679426|The best part of getting back home to the farm! Cinnamon, my #GoldenRetriever has this thing where she has to meet me in the driveway &amp; get into the passenger seat for the drive into the farm. Whether I am out for a day or a week...she does this every time I drive back in. 🥰❤️ https://t.co/wktkIWhVnv|
155659213|29133952|1149368171759120384|Bringing children together around music, art and the opportunity to learn some valuable life skills. Great initiative @Nalandaway. https://t.co/ktaJpusK1Q|
155659213|29133952|1148983756188999693|My heart breaks for Dhoni. He was the only one who stood up and made it count today. Took us from 75 to 217. If only our first order had given us just a bit of a start. Dhoni is always the only one who will make it count, no matter what. #respect #leadership #MSD #Dhoni|
155659213|29133952|1148916935524061184|Slow, steady, keep the pace. Great opportunity for the middle order to shine. With some finishing by MSD. We can do this #TeamIndia 🙌🏻🙌🏻#Champions 🇮🇳  #INDvsNZL #ICCWorldCup2019|
155659213|29133952|1148520263828594688|With companies like Disney and AT&amp;T-HBO ending their shared content contracts with Netflix, and starting their own streaming services, the TV/ streaming industry is set for another big #innovation phase. Will #Netflix be able to stay ahead?  https://t.co/9MyHoXfdhM|
155659213|29133952|1148496760739979264|5% to 95% Green Cover: Delhi Park Turned to Forest, Boosts Air Quality. 👏🏻👏🏻 https://t.co/BI5TdStqxc|
155659213|29133952|1148490782128705537|@ErikSolheim Taxpayers are not above accountability. Yes, companies need to stop designing for this ‘use &amp; throw’ mindset, but unless we strive hard to change this mindset, any material/ resource will be misused for convenience. Next generation is key to transfkeming this mindset I guess..|
155659213|29133952|1148489938758963201|@ErikSolheim Yes, but that’s a very limited view. This level of pollution has been born of the ‘use and throw’ mindset...plastic by itself has good uses, but human need to prioritise convenience has misused this material, destroyed the planet. Public is equally responsible. Must own up.|
155659213|29133952|1148486821363535872|I learnt that this beautiful tree/ shrub, is also called Pride of India, or the common crape myrtle, Lagerstroemia Indica. Native to the Indian subcontinent, China, Japan &amp; Korea. They seem to thrive in humid summer temperatures, and here they are in the July heat of Washington! https://t.co/fEO8n38t0r|
155659213|29133952|1148353891160842240|The brilliant shades of pink in the blooms of Crape Myrtle...especially around George Town. ❤️#FloweringTrees#Trees#urbandesign#pink#MagentaInThePark https://t.co/J9bvMuaKPq|
155659213|29133952|1147535494399455232|“People without the monster inside are not capable of making the sacrifices required for success. What separates the capable man from the great man is whether the monster controls him or he controls the monster," Amish says. https://t.co/Hq8kXaqNLE|
155659213|29133952|1146908423834996737|If you disagree with a clear and strong democratic choice made by people, but don’t have the stomach to accept people’s choice, call it fascism. And deflect your own responsibility entirely by standing on the shoulders of others who happily call it fascism too. #fail https://t.co/rKqWaUmx5E|
155659213|29133952|1146905873664622593|Wow. A plagiarized speech, followed by much noise. A rapid meltdown is at hand. It’s hard to build credibility without personal composure. https://t.co/k3PY9hfB29|
