155659213|782648337597988864|1177272732255322113|@narendramodi जी आणि @AmitShah जी यांनी ३७० आणि ३५ अ रद्द केलेल्या निर्णयाचे समर्थन म्हणून खासदार @poonam_mahajan ताई यांच्या नेतृत्वाखाली चांदिवली वार्ड १५७ च्या वतीने वार्ड अध्यक्ष @maheshchouguler जी  यांच्या वाढदिवसानिमित्त ३७० आणि ३५अ रद्द चा केक कापला . https://t.co/jlAqXdrWzI|
155659213|782648337597988864|1177247877703163909|झी युवा वाहिनी वरील , झी युवा सन्मान मध्ये युवा नेतृत्व सन्मान हा मानाचा सन्मान खासदार पूनमताई महाजन यांना देण्यात येणार आहे . @poonam_mahajan Tai Congratulations..Proud of you😍😍 https://t.co/iZzgzeZfuQ|
155659213|782648337597988864|1177230717610127361|अभिमान नाही तर गर्व आहे ताई चे कार्यकर्ते असल्याचा.... https://t.co/cYyFMxrhvV|
155659213|782648337597988864|1176706598493990912|तुझा वाढदिवस म्हणजेआनंदाचा झुळझुळ झरा सळसळणारा शीतल वारा तुझा वाढदिवस म्हणजे सोनपिवळ्या उन्हामधल्या रिमझिमणाऱ्या श्रावणधारा...  !! वाढदिवसाच्या हार्दिक शुभेच्छा !!@maheshchouguler https://t.co/tmGRmWcgSj|
155659213|782648337597988864|1175717392749494272|#HappyDaughtersDay Daughter Real Boss😍😍@poonam_mahajan https://t.co/m0lfkuvWDl|
155659213|782648337597988864|1175672610060767232|Welcome @AmitShah ji जय श्री राम 🙏🏻🙏🏻@poonam_mahajan https://t.co/ZZYzLyRasz|
155659213|782648337597988864|1174907688003620864|Happy Birthday SweetHeart🎂🎂🎂🍫🍫 @Minal30009 https://t.co/k0eAO4BpIb|
155659213|782648337597988864|1174521069459234816|@Asifbhamlaa @ChDadaPatil @ShelarAshish @Dev_Fadnavis @poonam_mahajan @narendramodi @MPLodha @JaykumarRawal @BJPLive @bjp4mumbai_ @BJP4India @BJP4Maharashtra Congratulations|
155659213|782648337597988864|1174383439153229824|आदरणीय खासदार @poonam_mahajan  ताई यांच्या मार्गदर्शना खाली नगरसेवक - श्री @SushamSawant  यांना भारतीय जनता पार्टी उत्तरमध्य मुंबई जिल्हा अध्यक्ष पदी निवड झाल्या बद्दल हार्दिक अभिनंदन 💐 https://t.co/k5kDfLxLHC|
155659213|782648337597988864|1173946524952219649|Take a pledge on PM #NarendraModiBirthdayPledge to: - Avoid single-use plastic- Harvest rainwater- Tree plantation- Abide by traffic rules- Promote use of solar energy- Maintain cleanliness- Educate the poor &amp; deprived children@poonam_mahajan#EKBharatiyaEKSankalp|
155659213|782648337597988864|1173799646625292288|जन्मदिन के ये ख़ास लम्हें मुबारक,आँखों में बसे नए ख्वाब मुबारक,जिंदगी जो लेकर आई है आपके लिए आज…वो तमाम खुशियों की हंसीं सौगात मुबारक….!!!Happy Birthday @narendramodi ji💐💐💐💐|
155659213|782648337597988864|1173638673063014404|@poonam_mahajan @SushamSawant @MPLodha @ShelarAshish @parag_alavani Congratulations @SushamSawant ji|
155659213|782648337597988864|1173272587528355840|@HarishBhandirge @poonam_mahajan @narendramodi @OfficeofPoonamM @Madhukeshwar @Dev_Fadnavis @CMOMaharashtra खूपच सुंदर आयोजन दादा|
155659213|782648337597988864|1173270931088629760|@poonam_mahajan @narendramodi @AmitShah युवा की बुलंद आवाज...|
155659213|782648337597988864|1173251840579784706|When you meet your favourite Neta and you get click..इसे ज्यादा और क्या चाहिए...Fan of @poonam_mahajan Tai...😍 https://t.co/yvHiSQVvyH|
155659213|782648337597988864|1173247288501620737|@MrsGandhi ji Happy Birthday Mam. God will fulfil your all wishes..😍😍 https://t.co/Icols6YTNP|
155659213|782648337597988864|1171666561691717636|गणपती बाप्पा मोरया!! विविध ठिकाणी गणेश मंडळांना भेट देऊन विघ्नहर्ता श्री गणरायाचे दर्शन करून आशिर्वाद घेतला.बाप्पा आपणांस सुख-समृध्दी आणि आनंदी जीवन प्रदान करो,  हिच बाप्पा चरणी प्रार्थना!!मंगलमूर्ती मोरया!! https://t.co/mscC4chYha|
155659213|782648337597988864|1171640141120622592|@poonam_mahajan Cuteii 😍Happy Onam|
155659213|782648337597988864|1170911469082308608|कागदी मूर्ती २३ फूटी #मुंबईचामहाराजाधिराज #ecofriendlyganesha @poonam_mahajan https://t.co/1YOLvzam9C|
155659213|782648337597988864|1170371175806988289|नगर सेवक श्री हरीश भांदिर्गेजी यांच्या घरी गणपती बाप्पा दर्शन 🙏🏻🙏🏻 https://t.co/tgumPb5ddY|
155659213|782648337597988864|1170370333804642304|बीकेसी आपल्या सर्वांचे प्रधानमंत्री आदरणीय मोदीजींची सभा...@poonam_mahajan https://t.co/ll8hCsTdSd|
155659213|782648337597988864|1170367947241480192|Salute @narendramodi jiहमारे प्रधानमंत्री जो खुद्द को प्रधानसेवक कहते हैं! @poonam_mahajan https://t.co/xJN56t1peT|
155659213|782648337597988864|1170366236502327297|Proud feeling...#ISRO तुम्ही शान आहात देशाची, जान आहात देशाची....#Chandrayaan2 https://t.co/lZkDXy7Fbk|
155659213|782648337597988864|1168597880438808577|खासदार @poonam_mahajan ताई यांनी आज चांदिवलीतील गणेश मंडळाना भेट देवून बाप्पाचे  दर्शन घेतले. https://t.co/8K2FQ8WnkK|
155659213|782648337597988864|1168451707199574016|शाडूच्या मातीपासून बनविलेल्या पर्यावरणपूरक आमच्या घरची श्री गणेशाची मूर्तीगणपती बाप्पा मोरया🙏🏻🙏🏻#EcoFriendlyGanesha https://t.co/F4ynbRZUUG|
155659213|782648337597988864|1168419386886983680|।।वक्रतुंड महाकायसूर्यकोटी समप्रभनिर्विघ्नं कुरूमे देवसर्व कार्येशु सर्वदा।गणेशोत्सवानिमित्त चांदिवलीत @poonam_mahajan ताई यांचे हार्दिक स्वागत 🙏🏻गणेशोत्सवाच्या सगळ्यांना हार्दिक शुभेच्छा 🙏🏻गणपती बाप्पा मोरया 🙏🏻 https://t.co/t8Y2VUQeq6|
155659213|782648337597988864|1167737702151643136|@poonam_mahajan @F1RSTglobal Great Best of Luck to all|
155659213|782648337597988864|1167696407135805440|#EcofriendlyGaneshaगणरायाच्या स्वागताची जय्यत तयारी सुरू @VedanshChougule आपल्या घरच्या (शाडु मातीच्या) बाप्पा ला स्वतः रंग देताना.गणपती बाप्पा मोरया 🙏🏻🙏🏻@poonam_mahajan https://t.co/nDoeiLIlHs|
155659213|782648337597988864|1167404234452525056|माझे प्रेरणास्थान आदरणीय खासदार पूनमताई महाजन(राष्ट्रीय युवा मोर्चा अध्यक्ष) यांच्या नेतृत्वाखाली करण्यात आलेल्या कामाचा कार्य अहवाल सादर करताना.धन्यवाद @poonam_mahajan ताई https://t.co/42JIb8gb8y|
155659213|782648337597988864|1167380350143586304|Three generation in one pic 😍😍लाडक्या @poonam_mahajan ताई प्रेमळ आई ...Cuteeiii Advika..😍 https://t.co/dHuEnlyZMb|
155659213|782648337597988864|1166250395561127937|Happy Birthday @Deepakthakur_1 ji https://t.co/RsElKXoqa8|
155659213|782648337597988864|1165825131836366850|My Little क्रिष्णा@poonam_mahajan https://t.co/iquCRXm5O5|
155659213|782648337597988864|1165646348680486913|Proud of you @Pvsindhu1 ji https://t.co/vCZxhMyl6o|
155659213|782648337597988864|1165646215830097920|@PranjalC23 jiArticle 👌🏻https://t.co/psvFNGrJI3Via @ThePulseIndia|
155659213|782648337597988864|1165550876032827392|@Madhukeshwar ji Happy Birthday 🎂🎂 https://t.co/5mFsL2gFRV|
155659213|782648337597988864|1165525203474010112|@BhandirgeVarsha Superb|
155659213|782648337597988864|1165193597899042822|Big loss of Powerful Personality#ArunJaitley ji 😌😌 https://t.co/BfXF45QcAB|
155659213|782648337597988864|1163138055663783936|चांदिवली वार्ड १५८ मे उत्तर भारतीय मोर्चा आजोयित कजरी महोत्सव मे शामिल होने का मौका मिला. https://t.co/fFLv18xP9m|
155659213|782648337597988864|1163030478925914113|Happy Birthday @nsitharaman mam... https://t.co/XhiKP6dNvf|
155659213|782648337597988864|1162271262351097856|भारत रत्न आदरणीय अटल बिहारी वाजपेयी जी की पुण्यतिथि पर उन्हें कोटि-कोटि वंदन। https://t.co/vPNk5a6CWG|
155659213|782648337597988864|1161883546249596929|#स्वतंत्रतादिवस की हार्दिक शुभकामनाएँ।Happy Independence Day Jai Hind 🇮🇳 @poonam_mahajan https://t.co/5FwEH9O1UE|
155659213|782648337597988864|1159693809246060544|Under leadership of @BJYM National President @poonam_mahajan ji "BJP Membership Drive" at Chandrabhan Sharma College, Powai#BJPMembership #BEBJP https://t.co/IepTtwhDVD|
155659213|782648337597988864|1158799974324289536|Nation has lost one of strongest Lady...Can't Believe.... https://t.co/C7XHXTKXcb|
155659213|782648337597988864|1158268958471946240|Historical Day...@narendramodi@AmitShah@poonam_mahajan#370Gone #Remove35A #KashmirHamaraHai https://t.co/ueGQq08pkP|
155659213|782648337597988864|1158264310763626501|अपनी आज़ादी को हम हरगिज़ मिटा सकते नहींसर कटा सकते हैं लेकिन, सर झुका सकते नहींवक़्त की आवाज़ के हम साथ चलते जाएंगेहर क़दम पर ज़िन्दगी का रुख बदलते जाएंगेगर वतन में भी मिलेगा कोई गद्दारे वतनअपनी ताकत से हम उसका सर कुचलते जाएंगेएक धोखा खा चुके हैं और खा सकते नहींअपनी आज़ादी|
155659213|782648337597988864|1158230001143054338|जहाँ हुए बलिदान मुखर्जी वो कश्मीर हमारा हैवो #कश्मीर_हमारा_है ।।।#KashmirHamaraHai #IndiaForKashmir #KashmirParFinalFight|
155659213|782648337597988864|1158220174413058048|@PranjalC23 Waiting...|
155659213|782648337597988864|1157954380865269761|We all in same colour #bhagwa#BhagwaTwitter Special Thx to @poonam_mahajan Tai.. https://t.co/wVAlWYgqL3|
155659213|782648337597988864|1157940983603929088|Happy Birthday 🎂🎂@NareshPatelBJYM https://t.co/ZcwbDyS7DD|
155659213|782648337597988864|1157696865569083392|संस्कार...@narendramodi जी https://t.co/f1Zbc1i1W7|
155659213|782648337597988864|1157611978589782016|@arjungite12 @poonam_mahajan @OfficeofPoonamM @TheRahulMahajan @PranjalC23 यही ऊर्जा @poonam_mahajan ताई मे नजर आती हैं! Replica of her Father ...Salute🙏🏻🙏🏻|
155659213|782648337597988864|1156631090720727041|नमस्कार! आपण मुख्यमंत्रींजींसाठी पाठविलेली राखी मिळाली असून ती त्यांच्यांपर्यंत पोहोचवण्यात येईल.@poonam_mahajan@Dev_Fadnavis https://t.co/WUNd8kehbz|
155659213|782648337597988864|1156604484807643136|Under leadership of @poonam_mahajan Tai"BJP Membership Drive" Youth Love to join BJP#BJPMembership #BEBJP https://t.co/C1AwDrNaxo|
155659213|782648337597988864|1156079988447145990|हम तो दीवाने हैं इस मुस्कुरहाट के !@poonam_mahajan ताई  😍😍 https://t.co/zelbE32LsY|
155659213|782648337597988864|1156075266860470272|जंगल तब भी था...!जंगल आज भी हे...!बस पसंद अपनी अपनी...@narendramodi https://t.co/mxN688FHra|
155659213|782648337597988864|1155026934704644096|@poonam_mahajan ताईच्या नेतृत्वाखाली @HarishBhandirgeयांच्या मार्गदर्शनाखाली संघर्षनगर साठी आरक्षितअसलेले मैदान खेळाडूना त्वरित मोकळे करून देण्यात यावे यासाठी २१ मे रोजी DB विकासकाला पत्र देण्यात आले होते.सदर पत्राची दखल घेत लवकरच निर्णय घेण्याचे आश्वासन विकासकाकडून देण्यात आला. https://t.co/q0ugfrXWUM|
155659213|782648337597988864|1154691056929107968|कारगिल विजयी दिवस🇮🇳 मातृभूमिसाठी लढ़ताना शहीद झालेल्या पुत्राना विनम्र अभिवादन🙏#KargilVijayDiwas https://t.co/cFueqyLe0Y|
155659213|782648337597988864|1154609299592581120|वाढदिवसाच्या हार्दिक शुभेच्छा @Pankajamunde ताई.. https://t.co/xbgLdnHZVb|
155659213|782648337597988864|1154357960333647873|Lady Leader Our Inspiration@poonam_mahajan  Tai...Loksabha Speech on the Muslim Women Bill 2019https://t.co/cVZJz6ifnn|
155659213|782648337597988864|1154345398334447616|Happy Birthday @TheRahulMahajan Dada  🎂🎂💐💐|
155659213|782648337597988864|1154030169201369092|@poonam_mahajan @FinMinIndia @nsitharaman @MrChoudharyS @AnoopKaippalli True Issue raised @poonam_mahajan Tai.. Really it will help to every student.|
155659213|782648337597988864|1153867284831588352|@PranjalC23 😄😄|
155659213|782648337597988864|1153635250448162816|No Caption....@narendramodi ji https://t.co/0ZHuTCfek4|
155659213|782648337597988864|1153269712375037952|भारत माता की जय 🚩🚩 https://t.co/RrJBkXp1Nr|
155659213|782648337597988864|1153145605327224832|Happy Birthday @Dev_Fadnavis ji🎂💐 https://t.co/cXVxgMa2YB|
155659213|782648337597988864|1152837633589911552|Happy Birthday @AzamHyder ji 💐|
155659213|782648337597988864|1152579089665912832|हिंदुस्तानाचे अराध्यदैवत छत्रपती श्री शिवाजी महाराज यांना पुष्पांजली अर्पण करताना आदरणीय कार्यकारी राष्ट्रीय अध्यक्ष @JPNadda जी व मुख्यमंत्री @Dev_Fadnavis जी https://t.co/2QqbksN2OS|
155659213|782648337597988864|1152090689879937025|Great Initiative @poonam_mahajan Tai...Always Lead by example...महिलाच्या प्रगतीकरण्यासाठी सहभागी व्हा! https://t.co/B0kj865Z28|
155659213|782648337597988864|1152057375756435456|True Inspiration of every women.Timely manage home and politics and Cute Avika and Aadya..Our Iron Lady..@poonam_mahajan Tai...https://t.co/KnwA7gjFds|
155659213|782648337597988864|1151152102053298178|Saree Lover😍#SareeTwitter #sareeswag https://t.co/jdw6fjYTNn|
155659213|782648337597988864|1151080780921049089|गुरूब्रह्मा गुरूर्विष्णु गुरूर्देवो महेश्वर:गुरू साक्षात परंब्रह्म तस्मै श्रीगुरूवे नम:गुरूपौर्णिमेच्या हार्दिक शुभेच्छा !My inspiration giving me courage to work toward goal in life..Thanks for support...@poonam_mahajan #GuruPurnima https://t.co/7srW6Im7RA|
155659213|782648337597988864|1150303874772697088|Happy Birthday @HarishBhandirge Dada...गणपती बाप्पा तुमच्या सर्व इच्छा पूर्ण करो... https://t.co/p7JO5CyEdd|
155659213|782648337597988864|1149521393135968260|चंद्रभागेच्या तिरी, उभा मंदिरी तो पहा विठेवरी, विठ्ठल विठ्ठल जय हरी ....आषाडी एकादशीच्या आपणांस अनंत शुभेच्छा.🙏🙏राम कृष्ण हरी 🙏🙏 https://t.co/yqqdAwl9Q7|
155659213|782648337597988864|1148581327404335105|@poonam_mahajan @BJYM @narendramodi @AmitShah @ArunSinghbjp @anil_baluni @MrChoudharyS @AtulKumarBJP @JPNadda Sabka Sath Sabka Vikas Sabka Vishwas|
155659213|782648337597988864|1148510890674683904|@poonam_mahajan  ji launches BJP's membership drive on JNU campus - https://t.co/FZEWGE7LE6Get the Top News Stories from TOI on WhatsApp! Subscribe Here: https://t.co/tUa3M5z0Ug|
155659213|782648337597988864|1148268027550375936|@SantoshRanjan_ @narendramodi Congratulations|
155659213|782648337597988864|1147524479632809984|भाजपा एक कार्यकर्ता आधारित पार्टी है, इसका और अधिक विस्तार करने, नये लोगों को जोड़ने और नये भारत के निर्माण के लिये आज  सदस्यता अभियान को मुंबई मे शुरु किया।शुभहस्ते @Dev_Fadnavis जी https://t.co/Q9UxiLOj8w|
155659213|782648337597988864|1147477415821627392|I have taken membership of the Bharatiya Janta Party to contribute towards nation building. You too can join the BJP and join hands to help create a New India !!! #BJPMembership https://t.co/aZRT42Npt7|
155659213|782648337597988864|1146687583461658624|बेरोजगारी कोइ मुद्दा नही है, जिन्होने यह मुद्दा उठाया वे खुद बेरोजगार हो गए है !-@poonam_mahajan https://t.co/pkkO0yTiau|
155659213|782648337597988864|1146635779344441344|@poonam_mahajan Lovable Memories|
155659213|782648337597988864|1145958717847789568|@MumbaiPolice|
155659213|782648337597988864|1145955960986320896|चांदीवली संघर्ष नगर येथे विकासक सुमेर बिल्डर व शाह पुरजी पालनजी यांच्या चुकीच्या धोरणामुळे विभाग पाण्याखाली आणि जामिन खचून गेली.३ इमारतीना धोक्याची संभावना. https://t.co/VI27rg2sQ5|
155659213|782648337597988864|1145275069393801219|देवमाणूस..माणसातील देव ...@DrVDeogirkar DadaNo words to express about him....Late Post Happy Birthday Dada 💐💐 https://t.co/zq77w0S8EN|
155659213|782648337597988864|1145023394762485760|Loksabha Speech...@poonam_mahajan Tai...Great Tai..👏🏻👏🏻👏🏻👏🏻 https://t.co/1PTgXKNG1A|
155659213|782648337597988864|1143721379117711360|Young Dynamic MP...Inspiration of Young Generation... https://t.co/lPRR5IfPk9|
155659213|782648337597988864|1142068377839554560|International Day of Yoga is celebrated annually on 21st June since its inception in 2015. Yoga is a group of physical, mental and spiritual practices or disciplines which originated in ancient India. Even Children celebrate.#YogaForAll#InternationalYogaDay https://t.co/8n4HcbTujQ|
155659213|782648337597988864|1141928821412597760|@Rajivgupta1515 @poonam_mahajan @VedanshChougule @maheshchouguler @OfficeofPoonamM Thank you..|
155659213|782648337597988864|1141928792287432704|@KavitaKhairnar2 @poonam_mahajan @VedanshChougule @maheshchouguler @OfficeofPoonamM Thank you dear 😍|
155659213|782648337597988864|1141910990075781120|@DhruMehta3 @poonam_mahajan @VedanshChougule @maheshchouguler @OfficeofPoonamM Thank you...|
155659213|782648337597988864|1141910338067038208|@Anant_kmc @poonam_mahajan @VedanshChougule @maheshchouguler @OfficeofPoonamM Thank you so much|
155659213|782648337597988864|1141760752551784448|@Deepakthakur_1 @poonam_mahajan @VedanshChougule @maheshchouguler @OfficeofPoonamM Thank you so much @Deepakthakur_1 ji|
155659213|782648337597988864|1141541243425443841|Thank you @poonam_mahajan Tai for delisious Cake..@VedanshChougule very Happy his favourite fruite Cake😄😄 https://t.co/vBLqOlSLm2|
155659213|782648337597988864|1141192883514384385|When times are tough, all it takes are thoughts of you to pull me through. Your hugs and kisses nourish my soul, and I’m so grateful that I have a son as precious as you.Happy Birthday @VedanshChougule my Pillu 😍😍😍❤ https://t.co/MsOQHWlO4i|
155659213|782648337597988864|1140600336958152705|@poonam_mahajan Congratulations Tai..|
155659213|782648337597988864|1140595115401961473|Congratulations @poonam_mahajan Tai... https://t.co/3IIPvod9Zv|
155659213|782648337597988864|1140142435651055618|Congratulations @ShelarAshish ji https://t.co/QVgHYmBnQW|
155659213|782648337597988864|1139020605917818881|Happy Birthday @Prashant_M85 bhai 🎂🎂 https://t.co/qljH5VUgek|
155659213|782648337597988864|1135906232064045057|@poonam_mahajan Great Initiative.. will support...|
155659213|782648337597988864|1135473573881974789|महाराष्ट्राचे लाडके लोकनेते स्वा. गोपीनाथराव मुंडे साहेब यांच्या स्मृतीस विनम्र अभिवादन!!! https://t.co/aBNtqucvU5|
155659213|782648337597988864|1134099440732581889|आपल्या लाडक्या पुत्राचा देशाच्या पंतप्रधानपदी दुसर्‍यांदा शपथविधी होताना स्वतःच्या डोळ्यांनी पाहताना जगातील सर्वात भाग्यवान आई..!🙏🙏🙏@narendramodi @poonam_mahajan https://t.co/b2bC24rC2O|
155659213|782648337597988864|1133742918571765761|Miss you Baba. Please come back.😌😌 https://t.co/EDYEzjLbMS|
155659213|782648337597988864|1131797220288634880|Congratulations @narendramodi ji and @AmitShah ji Master Mind Personality...#VijayiBharat #LokSabhaElections2019 https://t.co/xOVw3zq2OR|
155659213|782648337597988864|1131638862403448832|@MrChoudharyS @BJYM @poonam_mahajan @narendramodi @AmitShah @BJP4India @BJP4Maharashtra @Madhukeshwar @rammadhavbjp @mariovoigt @MarkHauptmann @amritabhinder @The_NehaJoshi Really Proud moment for everyone.|
155659213|782648337597988864|1131627411005628416|वॉर्ड १५७ चांदिवली मधील सर्व मतदारांचे आणि भाजपा +शिवसेना +आरपीआय च्या सर्व पदाधिकारी, कार्यकर्ता यांचे मनःपूर्वक आभार आणि प्रचंड विजया बद्दल वार्डत जल्लोष साजरा करताना.@poonam_mahajan ताई यांचे मनपूर्वक अभिनंदन..#PoonamPhirSe #ModiPhirSe #ElectionResults2019#VijayiBharat https://t.co/3w7ElCbWW1|
155659213|782648337597988864|1131537217019568128|#VijayBharatआपका सपना साकार हूआ...Thanks to @narendramodi ji@AmitShah ji.Congratulations @poonam_mahajan.Proud of you Tai...Thanks to all...@BJP4India @BJYM कार्यकर्ता सबकी  मेहनत रंग लायी.... https://t.co/csMDHB2hp8|
155659213|782648337597988864|1131531699693559808|@poonam_mahajan @BJP4India @narendramodi @AmitShah Congratulations Tai|
155659213|782648337597988864|1131478255444226048|विजय आपलाच..तरुणांचे आशास्थान हिंदुस्तानाचा बुलंद आवाजभरघोस मताने पुन्हा खासदार निवडून आल्याबद्दल हार्दिक अभिनंदन...@poonam_mahajan #PoonamPhirSe https://t.co/OKr38FV3QJ|
155659213|782648337597988864|1131449133875621888|@MirrorNow @OfficeofPoonamM ये तो होना ही था|
155659213|782648337597988864|1131448895735681024|#LokSabhaElections2019 #PoonamPhirSe @poonam_mahajan https://t.co/UJvxtBClWc|
155659213|782648337597988864|1131416686756651009|फिर एक बार कमल खिलेगा !!@poonam_mahajan #PoonamPhirSe https://t.co/onE9WlQdek|
155659213|782648337597988864|1131173799485792257|जीत पक्की हैं...Once again we proud to say Our honourable MP @poonam_mahajan https://t.co/J3rxKMNkQL|
155659213|782648337597988864|1131096062863630336|#PoonamPhirSe @poonam_mahajan फिर एक बार खासदार https://t.co/use81TQRyz|
155659213|782648337597988864|1130321543366553600|मेरा Exit Pole :#AayegaToModiHi 3Days to GoOnce again our MP @poonam_mahajan#PoonamPhirSe https://t.co/hID5PXP8e3|
155659213|782648337597988864|1129630683855331329|Happy Birthday @ShlokBabuSpeaks ji|
155659213|782648337597988864|1128615892672102402|Thank you @BJYM President @poonam_mahajan ji to stands in solidarity with every karykarta. Thank you @Madhukeshwar for fighting this in the SC and @MrChoudharyS for making sure Priyanka is released properly.|
155659213|782648337597988864|1128576118880006145|ममता बनर्जी की उल्टी गिनती शुरू हो गई। @MamataOfficial|
155659213|782648337597988864|1128223487611379712|Kudos to @Madhukeshwar ji. https://t.co/vBAHsgLIpf|
155659213|782648337597988864|1128216499942871041|Always stand for everyone. Thanks @poonam_mahajan Tai Feel Proud.. https://t.co/rmXZ5fORRa|
155659213|782648337597988864|1128140429269000193|#ISupportPriyankaSharma Thanks @BJYM President @poonam_mahajan supporting her. https://t.co/see6MVBKP1|
155659213|782648337597988864|1127461267315146752|ज्या दोन शब्दांमध्ये माझे संपूर्ण विश्व सामावलेलेले आहे त्या माझ्या🙏 "आई" ला मातृदिनाच्या हार्दिक शुभेच्छा!!! https://t.co/k2V33pOBtE|
155659213|782648337597988864|1126702571442171904|राज तिलक की करो तयारी...#PoonamPhirSe @poonam_mahajan https://t.co/rY3DItLxKd|
155659213|782648337597988864|1125646739992526848|अक्षय राहो सुख तुमचेअक्षय राहों धन तुमचेअक्षय राहों प्रेम तुमचेअक्षय राहों नाते आपुलेअक्षय तृतीया व परशुराम जयंतीच्या  हार्दिक शुभेच्छा..|
155659213|782648337597988864|1124262320262209536|@Madhukeshwar Congratulations..|
155659213|782648337597988864|1124162681378824192|@poonam_mahajan एक संघटनशील आणि उमदं व्यक्‍तिमत्वस्व.प्रमोद महाजन यांचा आज स्मृतिदिन.त्यानिमित्त त्यांच्या स्मृतीस विनम्र आदरांजली!|
155659213|782648337597988864|1124161895563288576|भारतीय जनता पक्षाची पाळेमूळे महाराष्ट्रात रुजवण्यात महत्वाची भूमिका निभावणारे,  आधुनिक टेलिकॉम पॉलिसी आखून देशात मोबाईल क्रांती घडवून आणणारे द्रष्टे नेते स्व. प्रमोद महाजन यांना त्यांच्या पुण्यतिथीदिनी आदरपूर्वक नमन। विनम्र अभिवादन https://t.co/jXONbyR5Vv|
155659213|782648337597988864|1124160367402217472|@PranjalC23 @BJYM @AdityaPanse7 @BJYM4NCMumbai 🤪|
155659213|782648337597988864|1123544409616683009|महाराष्ट्र के गढ़चिरौली नक्सली हमले में C 60 कमांडो के 16 शहीदों को अश्रुपूर्ण 💐 श्रद्धांजलि 💐।|
155659213|782648337597988864|1123542814082527232|अभिमान आहे मराठी असल्याचा,गर्व आहे महाराष्ट्रीय असल्याचा….सर्वाना महाराष्ट्र दिनाच्या हार्दिक शुभेच्छा😊 https://t.co/4e20OlZqwk|
155659213|782648337597988864|1122908804608217088|#PoonamPhirSe https://t.co/AhN38nrc88|
155659213|782648337597988864|1122672770855231488|I appeal to all #Mumbaikars #VoteKar in large numbers.#VoteKarMumbai@poonam_mahajan https://t.co/9wWo187JZP|
155659213|782648337597988864|1122426494817427456|#PoonamPhirse @poonam_mahajan https://t.co/NCCacDMVtE|
155659213|782648337597988864|1122408789578174465|#PoonamPhirSe @poonam_mahajan https://t.co/kQwtWPVLv4|
155659213|782648337597988864|1122183485760757760|ताईसाहेब @poonam_mahajan My journey with Tai...We all experience leader who helps everyone. Stand behind everyone.Now its our duty..#PoonamPhirSe https://t.co/4idyovFrtr|
155659213|782648337597988864|1122147048537518080|#PoonamPhirSe @poonam_mahajan @Dev_Fadnavis@ShelarAshish https://t.co/oui3btKca9|
155659213|782648337597988864|1122103017136726016|@poonam_mahajan in 94 sec@poonam_mahajan @BJYM#PoonamPhirSe https://t.co/73pH1LeJI4|
155659213|782648337597988864|1122030227071201280|2Days left#MumbaikarVoteKar @poonam_mahajan #PoonamPhirSe https://t.co/6UH1qMVp6y|
155659213|782648337597988864|1121824750630658048|@poonam_mahajan @narendramodi @Dev_Fadnavis @PiyushGoyal @sureshpprabhu @raosahebdanve @ShelarAshish @iGopalShetty @manoj_kotak @shewale_rahul @GajananKirtikar @AGSawant #PhirEkBaarModiSarkar|
155659213|782648337597988864|1121671396344524800|Mumbaikar Votekar@poonam_mahajan #PoonamPhirSe https://t.co/zwSCISccGA|
155659213|782648337597988864|1121475320916393984|Had meeting with Raheja Vista Residents specially seniour citizens and appeal vote on 29th April for our beloved Candidate @poonam_mahajan ji.Response is very good. https://t.co/2CjY72cMXl|
155659213|782648337597988864|1121474066559524864|#PoonamPhirSe Today BJYM Chandivali team campianing near Sakinaka Metro Station. Appeal to vote on 29th April.@poonam_mahajan @narendramodi#PoonamPhirSe https://t.co/i1nzjPJwyy|
155659213|782648337597988864|1121342957968171008|प्रचार फेरी@poonam_mahajan #PoonamPhirSe https://t.co/G2YRDc8Kcd|
155659213|782648337597988864|1121334883232575489|#PoonamPhirSe @BJYM@poonam_mahajan https://t.co/EIuIOlYGuM|
155659213|782648337597988864|1120984235769094144|Orchid Enclave, Papillion Park,Lilum Lentana, Magnoliya, Nahar Amrit Shakti building building campaining done. Distributed Voter Slip and Pamplates.Appeal to Vote on 29th April for our Candidate @poonam_mahajan ji#PoonamPhirse https://t.co/DrAFoC43R6|
155659213|782648337597988864|1120979823898157061|सक्षमीकराणाच्या दिशेने पाउल@poonam_mahajan #PoonamPhirse https://t.co/45a1VLmhIf|
155659213|782648337597988864|1120941628993064961|Voice of India...देखिए देश के अल्पसंख्यक क्या सोचते हैं @narendramodi ji के बारे में 👇🏽👇🏽👇🏽@poonam_mahajan#PoonamPhirse https://t.co/tPCwXhqO3F|
155659213|782648337597988864|1120747715619643393|Had meeting at Datta mandir Safed Pool,Radhakrishna nagar &amp;Yellapa market jari-mari, @ankushparte03 ji ,Sudhakar Poojari ji explained them about development work.Great efforts taken by @santoshnaik Ji &amp; Mayur ji toappeal them to vote on 29th.@poonam_mahajan#PoonamPhirSe https://t.co/6si517tAWb|
155659213|782648337597988864|1120637150251192320|Today campaining at Chandivali Ward 157 Booth No.84  Appeal Voters to vote on 29th April for our beloved Candidate @poonam_mahajan ji.All residence response is very good.#PoonamPhirSe https://t.co/Z6tVyjJynz|
155659213|782648337597988864|1120552781121773569|Happy Birthday @PranjalC23 ji https://t.co/DYBek2g7Ea|
155659213|782648337597988864|1120394514743611393|Had meeting with Shiv Smruti Chawl ,Tunga Chandivali &amp; explained them about development work done in our constituency and appeal them to vote for our candidate @poonam_mahajan ji on 29th April. #VoteKar#PoonamPhirSe https://t.co/tKUAkyVbsD|
155659213|782648337597988864|1120286544089059328|आपला देश बळकत रहायला पाहीजे, समृद्ध व विश्वगुरु झालाच पाहीजे.आणि म्हणूनच भारत देशाच्या उज्वल भविष्यासाठी फक्त महायुतीला मतदान करुन मा. मोदीजींचे हाथ बळकट करुया 100% मतदान करुया.पूनमताई ना पुन्हा खासदार बनवूया.@poonam_mahajan #Votekar#PoonamPhirSe https://t.co/tA5uvL3Zjw|
155659213|782648337597988864|1120249541465272321|Today campaining in Mannubhai Chawl, Chandivali. Appeal Voters to vote on 29th April for our beloved Candidate @poonam_mahajan ji.All residence response is very good.#PoonamPhirSe https://t.co/LCEp9lSD0l|
155659213|782648337597988864|1120002912296427520|मतदान करो सद्बुद्धि से ... @poonam_mahajan @BJYM4NCMumbai @BJYM #VoteKar #PoonamPhirSe https://t.co/z0699m9p2W|
155659213|782648337597988864|1119998217779683328|बजरंग दल द्वारा आयोजित भव्य हनुमान जन्मोत्सव और भव्य शोभायात्रा संघर्षनगर चांदिवली.प्रमुख उपस्थिती :  @poonam_mahajan   ताई https://t.co/2F6AJiYn9o|
155659213|782648337597988864|1119904398501507072|Pray for Shrilanka#shrilanka https://t.co/GrxUPdB5hg|
155659213|782648337597988864|1119879854889979905|चांदिवली वार्ड क्र. १५७ बूथ क्रमांक ७० मध्ये घरो घरी जाऊन भाजपा + शिवसेना+ रिपाई+ रासप चे अधिकृत उमेदवार खासदार पूनमताई महाजन प्रचार करून पत्रक वाटप करण्यात आले.@poonam_mahajan#PoonamPhirSe https://t.co/atRQjnZt7C|
155659213|782648337597988864|1119653597485182976|Had meeting with Twilight ,Raheja Vihar Residents. Discussed about their issues. @MrChoudharyS ji and @ranjanard very nicely guide them &amp; we urged support to our candidate @poonam_mahajan ji ! #PhirEkBaarModiSarakar #PoonamPhirSe https://t.co/SV8CdjdLqd|
155659213|782648337597988864|1119594604863447043|Voice of Mumbai North CentralThank you @poonam_mahajan Tai@BJYM@narendramodi@OfficeofPoonamM#PoonamPhirse https://t.co/Ro9C8pXfsD|
155659213|782648337597988864|1119572058805899265|May The Vote be with You@BJYM4NCMumbai @poonam_mahajan #PoonamPhirse https://t.co/gzSioXCJq2|
155659213|782648337597988864|1119554496625963009|This is reason Why #PoonamPhirse@BJP4India@BJYM@poonam_mahajan https://t.co/1F8x62bsBT|
155659213|782648337597988864|1119534070675824641|Today campaign at Raheja Vihar Chandivali. Urged for vote on 29th April and larger turnout in favour of @poonam_mahajan ji. #PoonamPhirse https://t.co/SSgZls8VvP|
155659213|782648337597988864|1119281086737993730|@Guptarl1301 @narendramodi @poonam_mahajan आप कितने बार गये थे ओफिस|
155659213|782648337597988864|1119270036353343488|सलाम उन कलकारो को जो  नुक्कड नाटक के माध्यम से जनजन तक मोदीजीके कार्य और विचारो को पोचा रहे हैं!@narendramodi @poonam_mahajan #PoonamPhirse https://t.co/eRTBAZbVOh|
155659213|782648337597988864|1119103381832757248|अंजनीच्या सुता तुला रामाचे वरदान! एक मुखाने बोला, बोला जय जय हनुमान! हनुमान जयंतीच्या शुभेच्छा!|
155659213|782648337597988864|1118925718388232204|Today attended Inaugratation Ceremony of JN Tutorials Coaching Classes. https://t.co/T18WLKkL1q|
155659213|782648337597988864|1118834934985023488|Action Speak Louder than Words...Blessings from People to our MP@poonam_mahajan Tai#PoonamPhirse https://t.co/aCTSXLgo1p|
155659213|782648337597988864|1118739307479519232|हर युवा की यही पुकार पूनम ताई फिरसे खासदार..First time Voters ready to Vote for their bright future &amp; Development of our country...@poonam_mahajan@BJYM#NamoAgain2019 #PoonamPhirSe https://t.co/QI1jJQPTtN|
155659213|782648337597988864|1118737258020913152|पूनम ताई आगे बढो हम तुम्हारे साथ हैं..@poonam_mahajan@OfficeofPoonamM#PoonamPhirSe https://t.co/GGSV7XiKx6|
155659213|782648337597988864|1118010985283907589|जी जान लगा देंगे फिरसे ताई को ही खासदार बनायंगे..#PoonamPhirSe https://t.co/cQv6aF9dSf|
155659213|782648337597988864|1117830704807546880|भाजपा -शिवसेना -रिपाई- रासप के अधिकृत  उमेदवार @poonam_mahajan जी के प्रचारार्थ दिल्ली भारतीय जनता पार्टी के अध्यक्ष एवं सांसद @ManojTiwariMP जी ने चांदिवली विधानसभामे सभा संबोधीत की. https://t.co/4SYKtWYq3S|
155659213|782648337597988864|1117651015921127425|सामान्य लोकांमधील असामान्य व्यक्तिमत्त्व#माझा_खासदार_माझा_अभिमान@poonam_mahajan https://t.co/gZv4TURAtr|
155659213|782648337597988864|1117472333290074112|विश्व हिंदू परिषद अंतर्गत बजरंग दल ( कुर्ला जिल्हा ) राम नवमी पालखी उत्सव सोहळा https://t.co/teSNJG4jcc|
155659213|782648337597988864|1117359424572547073|Ward 157Door to Door campaign for @BJP4India  + @ShivSena + #RPI candidate @poonam_mahajan ji in Chandivali along with Team.#poonamphirse #NaMoForNewIndia https://t.co/SlMHddOsgX|
155659213|782648337597988864|1117322222127939585|माझी ताई @poonam_mahajan यांच्या प्रचार करताना @VedanshChougule #PoonamPhirSe https://t.co/N9v1RTyuvk|
155659213|782648337597988864|1117059933932019712|हर बच्चा बच्चा कहता हैं दिल से.. पूनम ताई खासदार फिरसे...@poonam_mahajan #PoonamPhirSe https://t.co/XprPfnMlxB|
155659213|782648337597988864|1116996185883996160|In 1:10 hrs from now,Smt @poonam_mahajan will be live from @TwitterIndia 's blue room to answer various questionYou too can ask your questions with the hashtag #AskPoonam@MrChoudharyS @Madhukeshwar @SagarMishraBJP @BJYM https://t.co/mTcdHzPUsQ|
155659213|782648337597988864|1116980115974451200|@poonam_mahajan ताई आगे बडो हम तुमारे साथ हैं..Our Next generation want @narendramodi ji for their own future.@BJYM@ShelarAshish@parag_alavani@OfficeofPoonamM@MrChoudharyS@Madhukeshwar#PoonamPhirSe https://t.co/PodsjOc475|
155659213|782648337597988864|1116966990525030400|I support Women Empowerment I support @poonam_mahajan ji#PhirEkBaarModiSarkaar #PoonamPhirSe https://t.co/K1gH3eNNfZ|
155659213|782648337597988864|1116937259541061632|Our Child our Strength..@poonam_mahajan https://t.co/svrL2Ib1yW|
155659213|782648337597988864|1116607219464716289|Together, Lets build a #NewIndia #PhirEkBaarModiSarkar #PoonamPhirSe https://t.co/JFjftXBgR3|
155659213|782648337597988864|1116308474600681473|I support Woman Empowerment I support @poonam_mahajan jiGo vote &amp; Be a responsible CitizenDont forget Date 29th April#PhirEKBaarModiSarkar#poonamphirse #VoteKar https://t.co/vfoNkFuJnv|
155659213|782648337597988864|1116234101164351489|माझे मत देशाच्या विकासाला माझे मत माझा मुलाच्या भविष्याला माझे मत सीमेवरील सैन्यालामाझे मत गरीब शेतकऱ्याच्या विकासाला माझे मत स्रीच्या प्रगतीला माझे मत मध्यमवर्गीयच्या उन्नतीला माझे मत मोदीजीना माझे मत माझा खासदाराला @poonam_mahajan@narendramodi#poonamphirse https://t.co/tAa0vPI4F3|
155659213|782648337597988864|1116056512378671104|आपला अधिकार आहे आपले मतदान २९ एप्रिल विसरू नका देशासाठी आपल्या भवितव्यासाठी @narendramodi ना देशाचे परत एकदा पंतप्रधान बनवा.@poonam_mahajan ताईना पुन्हा खासदार बनवा.#PoonamPhirSe https://t.co/Bxj1a7hMiJ|
155659213|782648337597988864|1116047586551631880|प्रचार फेरी चांदिवली वार्ड १५७ @poonam_mahajan ताई #PoonamPhirSe https://t.co/7FMUHgvBsh|
155659213|782648337597988864|1115973717224386561|https://t.co/aJOWOCyf2I|
155659213|782648337597988864|1115891004576497664|I don’t have to be perfect , I just want to be ME ! Be yourself , u ll look more confident✨💕Inspiration @poonam_mahajan https://t.co/DCExnjOZTR|
155659213|782648337597988864|1115311658346340352|Campaigned Door To Door at #Chandivali assembly in support of our MP @poonam_mahajan ji along with team,Recieved Overwhelming response from voters#PoonamPhirSe https://t.co/4FcnSRxLwr|
155659213|782648337597988864|1114937106378317825|Today campaigned Door To Door in ward 157 at #Chandivali assembly and urged voters to support our MP @poonam_mahajan ji Given Rose to First time voters and Congratulate them.#PhirEkBaarModiSarkar#PoonamPhirSe https://t.co/E5LCAq1rkR|
155659213|782648337597988864|1114933139279831040|While campaning for New voters small children even love @narendramodi ji @poonam_mahajan Ji@BJYM#MainBhiChowkidar https://t.co/YS7WvHWtYg|
155659213|782648337597988864|1114581722517999616|मेहनत इतनी खामोशी से करोकी कामयाबी शोर मचा दे....@poonam_mahajan https://t.co/YWqpF5I44M|
155659213|782648337597988864|1114416435114205184|खासदार - पूनमताई महाजन उमेदवारी अर्ज दाखल करतांना उमडला असंख्य जनसागरhttps://t.co/qVwh03ENZt@BJYM @poonam_mahajan @ShelarAshish @parag_alavani|
155659213|782648337597988864|1114407837684224000|One year back memories...Thanks to @poonam_mahajan Tai https://t.co/DSLCayQUQh|
155659213|782648337597988864|1114228412778811393|हमारी प्रेरणादायी सांसद एवं @BJYM अध्यक्षा @poonam_mahajan जी पूरे उत्साह और जोश से विजयी हुंकार भरते हुए कार्यकर्ताओं के साथ नामांकन भरने जाते हुए ! कहो दिल से, @poonam_mahajan जी फिर से#PoonamPhirSe https://t.co/TNfakCHUjf|
155659213|782648337597988864|1114064299121471489|#PoonamPhirSe @BJYM @poonam_mahajan https://t.co/FYC3WSqImM|
155659213|782648337597988864|1114035889355649024|@poonam_mahajan ताई विजय आपलाच|
155659213|782648337597988864|1114035745662980096|@poonam_mahajan गणपती बाप्पा मोरया|
155659213|782648337597988864|1113760391207641088|Very helpful &amp; interactive session with @MrChoudharyS ji.Guide @BjymFor Team for upcoming elections and how to intract with first time voters. The session was graced by the presence of @MrChoudharySJi.कहो दिल से ताई फिरसे @BJYM@poonam_mahajan#poonamPhirSe#NamoAgain2019 https://t.co/upyJugzvj4|
155659213|782648337597988864|1112959294671020033|I m ready for Prachar for @poonam_mahajan TaiAre you Ready??#PoonamPhirSe #NaMoAgain2019 https://t.co/IJqaqiw3PV|
155659213|782648337597988864|1112369102318981120|Attended #MainBhiChowkidar Programe. @narendramodi ji intracated with common public. Great feeling. #MainBhiChowkidar https://t.co/tKIgOFqeAY|
155659213|782648337597988864|1112057158210736129|महायुतीच्या लोकप्रिय उमेदवार पूनम ताई महाजन यांच्या प्रचारार्थ बूथप्रमुख - गटप्रमुख - कार्यकर्ता मेळाव्यात कार्यकर्तामध्ये खूप खूप उत्साह होता. ताईचा विजय पक्का आहे.@poonam_mahajan @ShelarAshish @parag_alavani https://t.co/uTjrUmCHz9|
155659213|782648337597988864|1111856326337015809|थांबला ना सुर्य कधी    थांबली ना धारा.... या धुंद वादळास     कोठला किनारा....@poonam_mahajan ताई https://t.co/nuhMsNU7m2|
