155659213|2465954575|1182496586913341440|@khanrizwan26 @divya_amanna Blessings for her.|
155659213|2465954575|1182496302300401664|@ShivAroor Khichdi aur dal chawal|
155659213|2465954575|1182495996372115456|@Punitspeaks @narendramodi @AmitShah @JPNadda @ManojTiwariMP Happy birthday li’l champ❤️|
155659213|2465954575|1181792079162118149|@sparkastronomy @PrinSciAdvGoI @PrinSciAdvOff @himdaughter @kvijayraghavan @ThePrintScience @sonamakapoor @Astro_Sandy @Astro_Suni @NASAJPL That looks amazing. Please check your DM.|
155659213|2465954575|1181790859206873088|@Jaishankar_Sing @nikhildadhich जन्मदिन की हार्दिक शुभकामनाएँ @nikhildadhich भाई। महादेव आप पर अपनी कृपा बनाएँ रखें।|
155659213|2465954575|1181472526079184897|@dhaval241086 @erbmjha Congratulations Dhaval Bhai.|
155659213|2465954575|1181239244401995776|@Sidbakaria @HarishKhuranna @Sunilthakurbjp @TheFroogie @amritabhinder @DarshanaJardosh @swatisharma_ss @SudhanshuTrived @KailashOnline @abbas_nighat @KapilMishra_IND God less you both.|
155659213|2465954575|1181121415442882560|@ankurkush @mygovindia @MSDESkillIndia @SandeepN9NE @ManojGoelBJP Great|
155659213|2465954575|1181096616129785856|This is the problem which plagues RW. They want to outrage for every non issue. https://t.co/AwGVxCMafc|
155659213|2465954575|1180850778090524673|@Reetesh777 @SonuNigamSingh Has mat. Address DM kar raha Hun 😂|
155659213|2465954575|1180849326819430401|@Reetesh777 @SonuNigamSingh I want this glare|
155659213|2465954575|1180768487918030849|@shaileshkpandey @INCIndia मोकामा-पटना डी॰ एम॰ यू॰ और पटना-गया पैसेंजर में तो ये रोज का सीन होता था। कभी कभी तो ट्रेन को रोककर ड्राइवर अपने घर खाना भी खा आता था।|
155659213|2465954575|1180411798505152512|@HarbanshB @isinghDheeru जन्मदिन की हार्दिक शुभकामनाएँ|
155659213|2465954575|1180360141805195265|@Jaishankar_Sing @Shanktan @Punitspeaks @SharmaKhemchand @ManishBajpaiBjp @HindustaniTweet @amitrajwant @iAbhiAcharya @nikhildadhich @iarunmani @SurajPrSingh @sarveshAkaruan आप भी मज़े लेने लग गए|
155659213|2465954575|1180359904650915840|@Shanktan @Punitspeaks @SharmaKhemchand @ManishBajpaiBjp @Jaishankar_Sing @HindustaniTweet सही है मज़े लेते रहो आप लोग 🤣|
155659213|2465954575|1180345852709048326|@Shanktan @Punitspeaks @SharmaKhemchand @ManishBajpaiBjp @Jaishankar_Sing @HindustaniTweet अब ई का बवाल है?😳|
155659213|2465954575|1179785313092194304|@iAnkurSingh Couldn’t agree more.|
155659213|2465954575|1179784219620335618|@anityakr Fir unka fatt ke flower 😜|
155659213|2465954575|1179739925060567041|@VaranasiSpeaks @iAbhiAcharya @iSinghVikash @PoddarVaishali @Jugnispeaks|
155659213|2465954575|1179739572101509121|@VaranasiSpeaks Tu nahi dikh raha is photo me?|
155659213|2465954575|1179606803622969344|Navratri gift by @narendramodi sarkar #VandeBharatMaaKeDwar https://t.co/Uv4Fs1eCAJ|
155659213|2465954575|1179602421955186688|Wishing @vikasbha a happy birthday. Many happy returns of the day|
155659213|2465954575|1179560686105481217|Praying for your good health https://t.co/72wmgdQuUx|
155659213|2465954575|1178975685605388288|@shaileshkpandey अब आप भी अंकुर जी वाली कैटेगॉरी में आ गए?|
155659213|2465954575|1178786241304645632|@NeetuGarg6 Check DM.|
155659213|2465954575|1178727746878365696|@AjaySengar_ @rajtiwari09 @SureshNakhua @nikhildadhich @snikhil_social @iPuneetSharma @Punitspeaks @RishiMishra_ @iPrabhakarSingP @VaranasiSpeaks @AjayKushwaha_ भाई ऐसी मन्दी तो बनी रहे|
155659213|2465954575|1178716244007981056|In last 30 days people spent over 700 crores to watch moviesAnd Amazon sold almost 750 crores worth of In last 2 days.Recession anyone? https://t.co/tA21Ahm1i7|
155659213|2465954575|1178361663994511361|@dasraghubar Ji. Pls help this girl. It appears she is in dire need of help @JharkhandPolice https://t.co/to1odHzOJi|
155659213|2465954575|1178360303840415745|@kaulsanjay @ankurkush @anityakr @SanthaVb @Arvindgmt @Chhabiy @AbhiUwach @abhishekifmr @impankajmani Happy Birthday. Cheers|
155659213|2465954575|1177865327331270656|@shaileshkpandey ज़बरदस्त|
155659213|2465954575|1177567048550907904|@upma23 @nanditathhakur 7.30 PM|
155659213|2465954575|1177097320111849472|Why is that @Twitter@TwitterIndia has suspended @AjaySengar_ @ravibhadoria @dinesh_chawla @sameerviews accounts.This is absolute partisan behaviour and autocrat action. You must immediately restore. #ISupportRaviBhadoria|
155659213|2465954575|1176907077471625216|@anityakr @ankurkush @Arvindgmt @ManojGoelBJP @priyanshu4Bjp @BJP4India @BJPHQ मोदी जी के समक्ष मुद्दा उटाया जाए कि अंकुर जी के इस कृत को आतंकवाद माना जाए😂|
155659213|2465954575|1176832327575429120|@ankurkush @Arvindgmt @ManojGoelBJP @anityakr @priyanshu4Bjp @BJP4India @BJPHQ आप लोगों को भगवान माफ़ नहीं करेगा|
155659213|2465954575|1176830739469365248|@NeelkanthAd माता जी को अश्रुपुरित श्रधांजलि। ॐ शांति🙏|
155659213|2465954575|1176567206005444608|You have an amazing voice Sudhir. Loved it. https://t.co/jYtHTnFCqa|
155659213|2465954575|1176510701474443264|@impksrivastava @sambitswaraj @atahasnain53 @narendramodi @UP_Silk @SureshNakhua @ankitasood13 @nishants79 @snikhil_social @nikhildadhich @RishiMishra_ @SonunigamsingH @AjaySengar_ Meet me at 1 PM tomorrow there.|
155659213|2465954575|1176492376937775108|Friends please join us tomorrow at Swatantrata Bhawan BHU for Kashi Manthan where BJP national spokesperson @sambitswaraj and @atahasnain53 will address a talk session on “Paradise Regained : Impact of Abrogation of Article 370 &amp; 35A" https://t.co/ntMjYaBqtN|
155659213|2465954575|1176063406153052160|@ravibhadoria Most powerful selfie of the world|
155659213|2465954575|1175844819924447233|The camaraderie between @narendramodi and @realDonaldTrump looks so comfortable. Shaking hands like pal, patting each other’s shoulders|
155659213|2465954575|1175840910950559744|Modi just Trumped Imran Khan #HowdyMody|
155659213|2465954575|1175839820674781184|@SureshNakhua Bina bhigaye|
155659213|2465954575|1175839574481723392|@5Forty3 @narendramodi About terrorism also. He almost hinted about Pakistan when he said The perpetrators of 26/11 and 9/11 are found in the same country.|
155659213|2465954575|1175838928504418304|Aur ye laga Modi Sixer.@ImranKhanPTI|
155659213|2465954575|1175838447530938369|Woaahhh.!!! @narendramodi mentions article 370 abrogation in front of @realDonaldTrump at #HowdyMody Ab Imran Khan kise complain karega US me?|
155659213|2465954575|1175806167487897600|Saw so many senators and representatives doing Namaste to @narendramodi at #HowdyModi It’s one powerful message to world community of India’s importance. Proud to be an Indian..!!!|
155659213|2465954575|1175432974877130753|@OpIndia_com @TheAngryLord @seriousfunnyguy Brilliant article @TheAngryLord Way to go brother 👍|
155659213|2465954575|1175429508767182848|@Shrimaan 🙏🙏|
155659213|2465954575|1175397540738424832|@KanchanGupta @muglikar_ Hahahah Dada..Superrrrr|
155659213|2465954575|1175354387180343297|Happy birthday @UP_Silk Atul Ji. May you have a blessed year ahead|
155659213|2465954575|1175111350952980480|@SonunigamsingH @narendramodi @ravi_pndey @bhav2406 @MODIfiedRK @Amrita_pandey1 @SagarMishraBJP @Skraivns @ihiteshbansal @PoddarVaishali Miss Khaja the most.|
155659213|2465954575|1174636167204982784|Look at the video. All these so called activists looks like typical left hooligans https://t.co/enslYRWPK5|
155659213|2465954575|1174617942752821249|Who goes to Thailand for meditation? 🤨 https://t.co/m4SaFKtcWE|
155659213|2465954575|1174579317751209984|And then was stopped by Rahul Gandhi and Sonia Gandhi? https://t.co/rM63E7cVOX|
155659213|2465954575|1174572489134891008|Jo hamari baat na maane wo stooge of establishment.Itna entitlement laate kahan se ho bhai https://t.co/SYTWEu9HHI|
155659213|2465954575|1174570865909882881|Happy birthday @iSanjuktaP Bachha. Stay blessed and stay rocking|
155659213|2465954575|1174569935516790784|@nistula @drajoykumar @AamAadmiParty @msisodia @rvmoorthyhindu @the_hindu Deeply saddened by this downfall. I still remember that bright, honest and daring SP City of Patna Dr Ajoy Kumar.|
155659213|2465954575|1174568807190290438|@ashamishra Good one.|
155659213|2465954575|1174350632448212999|😂😂😂😂 https://t.co/aac0abgykH|
155659213|2465954575|1174349803657945088|सर यहाँ तो बात फिर भी एक पिता की है। तेलंगाना में एक जानवरों के डॉक्टर पर FIR सिर्फ़ इसलिए हुई क्यूँकि वो मुख्यमंत्री के कुत्तों को बचा नहीं पाया।आपका ट्वीट नहीं देखा इस मुद्दे पर तो सोचा आपको बता दूँ। शायद पता न हो आपको। https://t.co/INYCeYAQm0|
155659213|2465954575|1174300654073856000|God will be so kind to you @MODIfiedVikas Take a bow.  I have done my bit. https://t.co/fgl5mzPjR5|
155659213|2465954575|1174267210384203776|Wish you many happy returns of the day @TrulyMonica Happy Birthday|
155659213|2465954575|1174053615889084416|@soulstage @indiantweeter @ayushmannk Yes actually.|
155659213|2465954575|1174053430693789696|@dhaval241086 @soulstage @indiantweeter @ayushmannk Yes, Vicky donor, Badhai ho, Andhadund|
155659213|2465954575|1174053134248759301|@A_Pogonophile @ShivaBhar I have extensively toured Rajasthan. Jodhpur, Udaipur, Bikaner, Jhalawar, Tonk even interiors like Sri Ganga Nagar. But they serve afeem to guests regularly. That’s part of ancient custom where they distribute Afeem in celebration and mourning|
155659213|2465954575|1174049527927472128|@soulstage @indiantweeter @ayushmannk He is brilliant in this movie. As always.|
155659213|2465954575|1174049290705985536|@indiantweeter Kashi..has most number of Padma recipients, Bharat Ratna in a single city. Know for Munshi Premchand, Bismillah Khan, Girija Devi, Pd Madan Mohan Malviya, Lal Bahadur Shashtri, Md Shahid, Famous Singh Sisters...And the list goes on.|
155659213|2465954575|1174047332943314944|@indiantweeter @ayushmannk Seriously. Loved him all through. Dream girl is out n out his his and Anu Kapoor’s movie.|
155659213|2465954575|1174011411418079232|फिर वही 500 लाया हूँ#ReplaceMovieNameWith500 https://t.co/QegqavXMMi|
155659213|2465954575|1173990537742807043|Congratulations and best wishes for the new endeavour. https://t.co/Oh0ylb94QZ|
155659213|2465954575|1173916769544572930|@rynkee Good nutritious diet|
155659213|2465954575|1173891898370445314|And they claim economy is down https://t.co/YovAetqaJZ|
155659213|2465954575|1173856776371855360|Dear @ANI @smitaprakash Ji, in case you don’t know, Arvind Singh Ji is a senior journalist too. https://t.co/6t5iA9XAnK|
155659213|2465954575|1173672400078028800|@TajinderBagga - 1@RiaRevealed  - 0Game on..!!! 🍿 https://t.co/93ad9iQVof|
155659213|2465954575|1173671764313825281|@TajinderBagga @RiaRevealed @Flipkart Hahaha. Kya jaleel kiya hai😂😂|
155659213|2465954575|1173668635623051264|Happy birthday Prime Minister @narendramodi Ji.Under your leadership India has attained global reputation for its rich art, culture and heritage. You inspire billions of Indians with your hard work and leadershipPraying for your good health and long life#HappyBdayPMModi|
155659213|2465954575|1173518319573295104|@TajinderBagga @01Karn Usko apko tag karke RT aur mention Lena hai.|
155659213|2465954575|1173500511888297985|मध्य प्रदेश के मुख्यमंत्री और सिख दंगो के आरोपी कमलनाथ के आवास के बाहर बेरोज़गार युवक धरना दे रहे थेअचानक पुलिसवालों ने न सिर्फ़ डंडों से बेरहमी से पिटाई की बल्कि माँ बहन की गंदी गंदी गालियाँ दीइस पर कुछ कहना चाहेंगे? @vinodkapri @TheSamirAbbas @manakgupta @priyankagandhi https://t.co/lLlsiBVeIb|
155659213|2465954575|1173495818944471040|Yet another burnol moment for Libbies in India. https://t.co/0JaeKJyz9N|
155659213|2465954575|1173491068366536705|Today Supreme Court cause a big blow to #PakPremiGang and Those who were running propaganda on Kashmir lockdown.SC said security and safety of people are paramount and it’s for govt to decide. Can’t issue a direction to themhttps://t.co/BSJ8lR2urr|
155659213|2465954575|1173475158142541825|Left parties and their ecosystems had problem with @narendramodi that’s understood.But bcoz of political vendetta, they tried to discredit India and Indians globally through #AwardWapsi Listen from the horse’s mouth as @SitaramYechury accepts Left’s role for Award Wapsi. https://t.co/An91TVcfyo|
155659213|2465954575|1173284907369390081|@iAnkurSingh Lekin Akele khaane me maza nahi.|
155659213|2465954575|1173281316516663297|@iAnkurSingh #अउर_का_है_जीवन_में https://t.co/IElvjteZjo|
155659213|2465954575|1173114099745452037|Slow claps for this octogenarian https://t.co/R9u3ooOH4R|
155659213|2465954575|1173113035893772289|@iAnkurSingh 😂😂😂|
155659213|2465954575|1172946609480425472|@ravibhadoria 🙏🙏|
155659213|2465954575|1172930963913027584|@vikramsampath @muglikar_ Welcome Sir|
155659213|2465954575|1172930666322808832|@TheAngryLord @iAnkurSingh 😂😂😂|
155659213|2465954575|1172922239550771201|@iAnkurSingh Vibhor Anand|
155659213|2465954575|1172904681896439808|@muglikar_ I finished it yesterday. Busts all the myth around #VeerSavarkar Great work by @vikramsampath|
155659213|2465954575|1172864044971126784|सही कहा समीर भाई। ईद और बक़रीद वाले दिन भी जब बाइक वाले दिल्ली की हर एक सड़क पर हुड़दंग मचा रहे थे तब भी दिल्ली पुलिस कहीं दिखाई नहीं दी थी। https://t.co/MqKTPRnmw1|
155659213|2465954575|1172861186406137856|Check this thread. Typical by a Congressi. https://t.co/P1nzX8Pop4|
155659213|2465954575|1172783610245464064|@MissSingh16 @inextlive Congratulations Ankita. Way to go👍|
155659213|2465954575|1172769808271589377|@ananddubeybjp @ajmalparjapat पहले सच जानिए फिर ट्वीट या RT कीजिए। नर्मदा नदी के किनारे नगर निगम के कहने पर लोगों ने वहाँ मूर्तियाँ रखीं। ताकि नदी प्रदूषित ना हो।|
155659213|2465954575|1172769378321846273|@MODIfiedVikas Kya dushmani thi hamse jo aapne ye dekhne ko bola🙄|
155659213|2465954575|1172734578471030785|@ajmalparjapat @ananddubeybjp Fake news. This is from Ahmedabad.|
155659213|2465954575|1171794859604074498|@shilpitewari Depends where you actually start from|
155659213|2465954575|1171714260835041282|+1 https://t.co/MYUrA3x9Sf|
155659213|2465954575|1171326478274850816|@seriousfunnyguy Ok great.|
155659213|2465954575|1171324375263404032|@seriousfunnyguy If you allow I can send across lots of books and exercise note books for these kids for their studies.|
155659213|2465954575|1171086823398883329|Send the details on my whatsapp. Have sent you my number on your DM https://t.co/IpTiV43rjC|
155659213|2465954575|1171072271827402753|Rajdeep surprises Rajdeep  https://t.co/zuusMti1By|
155659213|2465954575|1170767634272403456|@Satynistha बहुत डरावना है|
155659213|2465954575|1170693485814403072|Congratulations Ankita https://t.co/NSWMkpltRo|
155659213|2465954575|1170600532722892801|This thread https://t.co/8dmYsKGHVB|
155659213|2465954575|1170595462589501440|I pity the student at @StevensBusiness and pity more at those who have RTed his tweets. He shared two pictures taken at two different times and now have audacity to mock people as Bhakt. Typical #LeLi https://t.co/k6or3NGqA2|
155659213|2465954575|1170572568023035904|Before PadMan release @mrsfunnybones said Govt puts GST on Sanitary Pads bcoz policies r made by 65 yr old men with erectile dysfunctionBut not a word on Govt initiative to sell the pads at Rs 1 now.Passion for their cause is limited to movie promotion only#MODIfied100 https://t.co/CIHbn4Zei2|
155659213|2465954575|1170427102815899649|There are some sane voices in Pakistan. https://t.co/p0R2YgfLqG|
155659213|2465954575|1170401637736669185|@Kumar_VinodR Rasgulla is bonus Vinod bhai|
155659213|2465954575|1170281852218662917|@jkd18 @TheAngryLord Rather unbelievable 😂|
155659213|2465954575|1170222977033486341|It’s such a moving video.@narendramodi ‘s gesture brought tears in my eyeshttps://t.co/A2x6D3w0Gt|
155659213|2465954575|1170091087362318336|कोशिश करने वालों की कभी हार नहीं होती। https://t.co/LaaV78cTFE|
155659213|2465954575|1170086782387404800|@pradeepsingh83 No.|
155659213|2465954575|1170086260871856128|Calling it a day with these words from Abdul Kalam.@isro TAKE A BOW https://t.co/oQgl3m0MKz|
155659213|2465954575|1170084663303426048|Fled? Really? He was there all d time, addressed them, congratulated them for their efforts. Smell some coffee dude. https://t.co/J8tBCsB8o0|
155659213|2465954575|1170082533909729282|Liberals never disappoint.For them India’s failure is Modi’s failure. And they celebrate (period) https://t.co/Q3GEflkykM|
155659213|2465954575|1170078364859678720|Dear team @isro Entire nation is proud of you.|
155659213|2465954575|1170077239741861890|PM @narendramodi message while leaving ISRO..“Be Courageous” What we achieved is not less.#Chandrayan2 #VikramLanding|
155659213|2465954575|1170076425006641152|@Priyank92678508 Bhikhari Saale. Khud To kisi laayak hai nahi.|
155659213|2465954575|1170076051193516033|@Priyank92678508 Sab achha hoga. @isro will do it. Fingers crossed 🤞|
155659213|2465954575|1170075846662443011|@Priyank92678508 ??|
155659213|2465954575|1170075565480562688|Hope..pray..sab achha ho. Jai Mata Di Adrenaline rushing|
155659213|2465954575|1170075057843888128|@Priyank92678508 Bhikhari chalu ho gaye. Such a bastardhttps://t.co/EngOMpOWZG|
155659213|2465954575|1170073716425838592|Modi hai to mumkin hai. https://t.co/PHH8uPY6lN|
155659213|2465954575|1170073335478116352|Is it? Such a devastating news if it’s true.#Chandrayan2 Come on..!! https://t.co/2AVKuyHcsi|
155659213|2465954575|1170071912262713345|OMG. PM @narendramodi is leaving @isro Sad faces all around. Hopes &amp;pray All is Well.#Chandrayan2|
155659213|2465954575|1170071171640938496|What happened? It’s all quite now. Vikram Lander has deviated from the path. No fresh data. ॐ नमः शिवायHaving goosebumps. Such a nail biting moment. #Chandrayan2|
155659213|2465954575|1170068480344739845|Just 10 minutes from now and #Chandrayan2 will land on moon 🌓 Historic achievement|
155659213|2465954575|1169703697456091136|Happy birthday to my brother @TheAngryLord May you continue to slay in ur own unique way. Cheers 🍻|
155659213|2465954575|1168982853033611266|@ugtunga @Shehla_Rashid It was a fake news.|
155659213|2465954575|1168972417429061633|@Rajput_Ramesh @ippatel @TajinderBagga @ShefVaidya @PoddarVaishali @muglikar_ @MODIfiedVikas @gauravstvnews @AmitShah @amritabhinder @ashokepandit @DeepikaBhardwaj @SureshChavhanke @SureshNakhua @Sanju_Verma_ @PrajwalBusta @narendramodi Ganpati Bappa Morya Ramesh Bhai|
155659213|2465954575|1168911109455319040|@Isoumyas Oh great. Most welcome|
155659213|2465954575|1168905072069238793|@Priyank92678508 @narendramodi @Rajput_Ramesh @srikanthbjp_ @PMOIndia Very sad new. May his soul rest in peace.|
155659213|2465954575|1168765954655846406|@upma23 It’s very beautiful.|
155659213|2465954575|1168753030067449856|@saket71 @modivanibharat @dhaval8456 Saket bhai. He is one of d most sweetest boy you will find around. Big shout out to him.|
155659213|2465954575|1168752685782142976|@Isoumyas Come over and see for yourself.|
155659213|2465954575|1168504221387280384|Warm birthday greetings to BJP UP Sah Prabhari, my guardian, great motivator Shri @sunilozabjp Ji. He has always influenced me with his hard work and leadership. May Mahadev bestow his blessings on you always🙏 https://t.co/qjd1BoxvcV|
155659213|2465954575|1168328230199156739|@dhaval241086 गणपति बप्पा मोरया|
155659213|2465954575|1168181135483928576|@JayaRjs I miss it like anything 😋|
155659213|2465954575|1168180215308115968|@TheAngryLord Cheers brother 🍻|
155659213|2465954575|1167980023489298433|@ugtunga @majorgauravarya My friend had come back covering the same Stretch from Chandigarh last week. He didn’t encounter any problem.|
155659213|2465954575|1167692926593294337|भाजपा के राष्ट्रीय मीडिया सह प्रभारी,  @drsanjaymayukh जी को जन्मदिन की हार्दिक शुभकामनाएँ । आप पर महादेव की कृपा सदैव बनी रहे। https://t.co/yiAGab4Rka|
155659213|2465954575|1167691137361989633|RT if you agree that she can’t even pronounce full form of GDP https://t.co/d2lRlCZGDi|
155659213|2465954575|1167690603020333058|😂😂 https://t.co/LxzvjAfpRA|
155659213|2465954575|1167183923610189824|You lose 100s of @INCIndia supporters daily with tweets like this 😂😂 https://t.co/Yg0INBtYfv|
155659213|2465954575|1167094452789231617|Can’t believe Pakistan has just 138 trains running daily? I mean seriously? https://t.co/02PIjpnSMx|
155659213|2465954575|1166400706720305152|@TheAngryLord @vibhor_anand @arunjaitley @RahulGandhi CH2SO4 hai|
155659213|2465954575|1166393820688216064|@TheAngryLord @vibhor_anand @arunjaitley @RahulGandhi Why were you following him at first place? He is a crook.One should ask him, what happened to all the FIRs he has filed against so many people?|
155659213|2465954575|1166028090578882560|And he is nobody. You are exposed @AatishTaseer https://t.co/hlrNecMeuz|
155659213|2465954575|1165957881205624832|Is thappad ki goonj Islamabad me sunai de rahi hogi @ImranKhanPTI https://t.co/vlKgXuJuYj|
155659213|2465954575|1165908217131520000|@SachetParampara All d best|
155659213|2465954575|1165855366661341186|@AasthaVarma Happy birthday. God bless you|
155659213|2465954575|1165738079677665280|@ashutri74 Happy birthday Kanishka. God bless you|
155659213|2465954575|1165357716253990912|Mujhe thank you na Bolne ke liye @iAnkurSingh double party dene ko ready hain. https://t.co/Ye37FNukJo|
155659213|2465954575|1165349210599784448|@deepakshah11 @atti_cus Deepak..just see in his bio. Do u expect better from @ndtv @thewire_in guy?|
155659213|2465954575|1165346680436228096|Happy birthday to one and only @iAnkurSingh bhai. May Mahadev bless you always.|
155659213|2465954575|1165274228716756992|आज जिस जिस ने #ArunJaitely जी की मृत्यु के बाद घटिया ट्वीट कर अपने घटिया परवरिश और गटर वाली मानसिकता का परिचय दिया है सबको ब्लाक मारा हूँ।ये कुछ नमूने हैं। https://t.co/Wi71q9TMrx|
155659213|2465954575|1165273290606145537|शायद इनकी आत्मा मर गयी है या इंसान कहलाने के लायक़ नहीं हैऔर कहते ख़ुद को पत्रकार हैं।Blocked https://t.co/j8gz0BGmqz|
155659213|2465954575|1165260023741603845|Friends meet Dr Om Shankar @omnamrata from IMS-BHU. He is a cardiologist and Assistant Professor at BHU. Typical anti BJP and anti Modi, but look at his comments for #ArunJaitely ‘s death. Let’s make him famous. https://t.co/yGbh40qgCC|
155659213|2465954575|1165190410156687360|ऐसे विचार और संस्कार सिर्फ़ उन्ही के हो सकते हैं जिसकी पूरी ज़िंदगी एक परिवार के तलवे चाटने पर टिकी हुई है। Here I block her. @ShilpiSinghINC https://t.co/O4pEqvnljY|
155659213|2465954575|1165181703972802560|Passing away of #ArunJaitley ji is a very disturbing news. His demise will leave a void in political space of India. His debate in parliament will be greatly missed. Rest In Peace Sirॐ शांति🙏 https://t.co/0Qd0qSEYAz|
155659213|2465954575|1164908088689868802|@iPurohitHarshal @VodafoneIN @airtelindia @Idea @reliancejio @nikhildadhich @dhaval8456 @bhav2406 @SonunigamsingH @HIT3N @ihiteshbansal @KingSinghHitesh @nishants79 @nishant_india @iAnkurSingh Hahahaha|
155659213|2465954575|1164884493531901952|@sardanarohit @indiantweeter Hahaha.!! Jabardast Rohit bhai.|
155659213|2465954575|1164559918986334209|@UnSubtleDesi Don’t. It’s your trademark DP now. So much of recall value for all the good work u have done.|
155659213|2465954575|1164542229181919238|@Divsbabs MG Hector had to close down its booking. Slowdown anyone?|
155659213|2465954575|1164538347022249984|Lol 😂.!! Somebody should remind her about Sikh Genocide on the streets of Delhi in 1984 https://t.co/GOGUqfs5vW|
155659213|2465954575|1164525449726300160|@Shanktan @TwitterIndia @TwitterVideo @TwitterSupport It happens in Video uploaded through Android. Not in iOS|
155659213|2465954575|1164242994167345152|@jkd18 @INCIndia Tabhi to leader of opposition banane jitni seat bhi nahi aati|
155659213|2465954575|1164238866615681030|@dhaval241086 I was waiting for this tweet from you😂|
155659213|2465954575|1164207846386388992|@ipankaj_raj AMU and Aligarh police has denied this incident|
155659213|2465954575|1164148421864722433|@Skraivns @MishraVns @MishraVn मुझे ब्लाक मार कर भाग गए|
155659213|2465954575|1164137530326806528|Congratulations @muglikar_ https://t.co/jlas6AiHcw|
155659213|2465954575|1164133102886633473|भाई @mishravns से पूछ लो। उनके चश्मे से सही लगना चाहिए पहले। https://t.co/v9VwBYsWy3|
155659213|2465954575|1164132672484126720|@AvanindrSingh @Arvindgmt @shreyashsingh07 @Pushpendrad15 @MishraVn @GangaVarunaAssi @ShivKum12203872 @KumarMis5 @Bhadainimirror @pankhuripathak @ravishndtv @narendramodi @DrMNPandeyMP @Saurabhmlaup @IAMehulPatel @kamlesh2977 @kmrnavinsingh मेरे किसी ट्वीट में मेरी भाषा शैली में एक भी आपत्तिजनक बात निकाल दीजिए पत्रकार महोदय। ट्विटर छोड़ दूँगा। फिर मुझे क्यूँ ब्लाक मारा? https://t.co/fCzd9QIHwf|
155659213|2465954575|1164105661661114369|@fayedsouza Yes me✋|
155659213|2465954575|1164051843216859136|जन्मदिन की बहुत बहुत शुभकामनाएँ @saket71 भाई जी।महादेव आप पर अपनी कृपा बनाएँ रखें।|
155659213|2465954575|1163875548830957568|Must read article if you want to know about #NDTVFrauds Take a bow Nupur @UnSubtleDesi https://t.co/CSD8ErLtfP|
155659213|2465954575|1163862387750948864|Another amazing thread on propaganda on #KashiVishwanathCorridor Thank you @meenakshisharan Ji. https://t.co/Xaux3gK6Zu|
155659213|2465954575|1163835518200664065|@csharitha Jannat Zubair|
155659213|2465954575|1163824248680411136|@MishraVn @ShivamB39772651 @2002_yogesh @narendramodi Like this one by Intach Please have a look at this clip, they did real work on the ground , they did not talk much about it ...And no photo-op too.  https://t.co/yYQYlVc9Of|
155659213|2465954575|1163824017137999874|@MishraVn @ShivamB39772651 @2002_yogesh @narendramodi Totally agree , Mujhe Nahi Pata , and it would be really enlightening for me if you could share the Good work that apart from giving suggestions and studying water quality what concrete work has been done towards improving water quality ?? 1/2|
155659213|2465954575|1163823270832959488|Congratulations Anna. More power to you. https://t.co/8EEt3559fz|
155659213|2465954575|1163809558675902465|Just today only I read his story in #IndiasMostFearless2 by @ShivAroor Young boy just 6 month old into Army and fought with so much bravery and presence of mind. Salute to him. https://t.co/nyZasHQSZS|
155659213|2465954575|1163807493392175104|@MishraVn @narendramodi राजनीतिक होना कोई बुरा नहीं है,लोकतंत्र की यही बढ़िया बात है।पर अजीब लगता है जब बहुत ही योग्य व प्रबुद्ध लोग बातें तो गैर राजनीतिक होने की करते हैं लेकिन होते नहीं हैं। @INCIndia को अब तक आपको कम से कम काशी की कमान तो दे ही देनी चाहिए थीआपका काँग्रेस मोह सर्वविदित है @MishraVn https://t.co/3q8L0nf09a|
155659213|2465954575|1163793508945158145|@ShivamB39772651 @2002_yogesh @MishraVn @narendramodi Maine Kashi Vishwanath Corridor ke upar question kiya? Ganga ke upar nahi. Unka tweet fake news tha.Aur Sankat Mochan Foundation 30 saal se Ganga Cleaning hi to kar raha hai. Baat nikli To dur tak jaayegi.|
155659213|2465954575|1163791106321948673|@MishraVn @narendramodi Really? Then Do you support d words n d ways of this Swami Shri ji?? Saints &amp; Humility r almost synonyms. Is this d way U address PM of India and CM of UP.And you eagerly led from front, you are a very simple man indeed. You did whatever U could. Masks are off now @MishraVn Ji. https://t.co/JExLcINXqy|
155659213|2465954575|1163760888785956865|These are absolutely disgusting conversation. @DelhiPolice @IPSMadhurVerma pls look into this. https://t.co/rdgfkMtIKl|
155659213|2465954575|1163749705727139840|@dranujoshi1 🙏🙏|
155659213|2465954575|1163734497319358464|Those who want to know the truth can read this thread. Fake news peddlers are deliberately giving misleading information to create propaganda @vivekagnihotri https://t.co/fik9ITjvG1|
155659213|2465954575|1163733480376811527|This is a deliberate and vicious  attempt to create propaganda n fake news. And @mishravn ji I am sure you are happy that Pakistani's are targeting PM @narendramodi ji about Kashi, thanks to propaganda by you,Swami Shri &amp; team .. good job done .. you should celebrate now. https://t.co/G03UfMG3WE|
155659213|2465954575|1163694622482292736|@SonunigamsingH @bhav2406 @AshishMerkhed @dhaval8456 @modivanibharat @AjaySengar_ @Manesha76 @ihiteshbansal @ankitasood13 @nishants79 @SureshNakhua @PoddarVaishali @IKaransharma27 @rajamaka @BJP_for_MCGM @PranjalC23 Badhai ho|
155659213|2465954575|1163671237425426432|@ugtunga @narendramodi @SadhguruJV @KapilMishra_IND @SureshNakhua @AjaySengar_ @nikhildadhich @snikhil_social @RakeshSinha01 @RishiMishra_ @DrShobha Welcome ma’am 🙏|
155659213|2465954575|1163669359623118849|@MishraVn @AvanindrSingh @GangaVarunaAssi @Bhadainimirror @pankhuripathak @INCIndia @narendramodi Oh yes , I do see your Ghat walks where in you walk on the clean Ghats and never have a word of praise for the poor people keeping them clean .. and I wonder if it was the same before 2014 in terms of cleanliness !!|
155659213|2465954575|1163669134066012166|@MishraVn @AvanindrSingh @GangaVarunaAssi @Bhadainimirror @pankhuripathak @INCIndia @narendramodi Simple indeed , your simplicity is splattered all over your TL..😀😀😀I am impressed by the fact that you did not find a single work done by @narendramodi ji in #Kashi worth praising or appreciating, while lesser mortals like me could see them all around !!|
155659213|2465954575|1163540090582233088|@samirbhasin @AvanindrSingh @manojdhopchandi @yadavakhilesh @pankhuripathak @priyankagandhi @MishraVn @Ms_Aflatoon @DineshMishraNBT @drdineshbjp @kpmaurya1 @myogiadityanath @BJP4India @narendramodi @PIBHindi @dmvaranasi2016 @CVaranas @RahulGandhi @AnupriyaSPatel @DrMNPandeyMP @HomeDepttUP @DrJitendraSingh @RavindraJaisMLA @Saurabhmlaup @narendramodi_in Good keep it up|
155659213|2465954575|1163538762711744512|@samirbhasin @AvanindrSingh @manojdhopchandi @yadavakhilesh @pankhuripathak @priyankagandhi @MishraVn @Ms_Aflatoon @DineshMishraNBT @drdineshbjp @kpmaurya1 @myogiadityanath @BJP4India @narendramodi @PIBHindi @dmvaranasi2016 @CVaranas @RahulGandhi @AnupriyaSPatel @DrMNPandeyMP @HomeDepttUP @DrJitendraSingh @RavindraJaisMLA @Saurabhmlaup @narendramodi_in Ignore nahi? Inki jhooth ka jawab sach se dete rahiye. Propaganda chalana inka kaam hai.|
155659213|2465954575|1163537178485329920|@AvanindrSingh @manojdhopchandi @yadavakhilesh @pankhuripathak @priyankagandhi @MishraVn @Ms_Aflatoon @DineshMishraNBT @drdineshbjp @kpmaurya1 @myogiadityanath @BJP4India @narendramodi @PIBHindi @dmvaranasi2016 @CVaranas @RahulGandhi @AnupriyaSPatel @DrMNPandeyMP @HomeDepttUP @DrJitendraSingh @RavindraJaisMLA @Saurabhmlaup @narendramodi_in Bhaiyon inke tweet padhne ke baad jara is tweet ke video ko bhi dekh lijiyega. Water logging is a problem some of the best cities in the world also faces..but the roads are cleared within few hours..that’s commendable https://t.co/MBqlJ7cMGA|
155659213|2465954575|1163533495244742656|@TheAngryLord @seriousfunnyguy @theskindoctor13 May be more. ICJ?|
155659213|2465954575|1163532996713992192|@indiantweeter Aap to “Heera” ho “Heera”|
155659213|2465954575|1163532748725686273|@anityakr Yes bhai. Bcoz of blind hatred for @narendramodi ppl like @MishraVn and his minions are doing a mischievous propaganda and playing out in the hands of enemy. He must be very happy today.|
