155659213|96113154|1177680508932612096|The more I see 'The Family Man' more I am convinced it has been funded by fiberals backing Pakistan|
155659213|96113154|1177646640351461376|Hum sabhi sthano ke liye apnepan ka bhav rakhte hain.|
155659213|96113154|1177590322865401857|Humne duniya ko yuddh nahi Buddh diye hain|
155659213|96113154|1177462493129478144|The family man is just another show to justify terrorism. They show people become terrorists because of the riots but it is only Muslims who become terrorists? Why?|
155659213|96113154|1177386393879756800|@sunandavashisht All we can be accused is working against the environment by Greta Thunberg.|
155659213|96113154|1177386123884056576|@BDUTT @msisodia Who would have the time to watch such footage and what if it is used by people with bad intentions. We did well without CCTV in classrooms|
155659213|96113154|1177134406491754497|@desimojito Well bciz we have dirty toilets really dirty ones. It wud be so reliving to stand and pee|
155659213|96113154|1177100769205424129|@ExSecular Malala was atleast shot before she she shot to fame. Yeh to aagayi khaali haath hilate hi|
155659213|96113154|1177021632893743104|Talking that about several unmarried popes, very bad. 😂 https://t.co/ZH6gXrHina|
155659213|96113154|1176824095100375045|@TimesNow @INCIndia @ShashiTharoor Ain't it Juvenile|
155659213|96113154|1176458870312460290|@sachin__i @RenukaJain6 That even a pvt sector bank can send u. Those are exceptional time. Lending of cooperative banks are being done frequently.|
155659213|96113154|1176458543416786944|Fawad Choudhary just farted https://t.co/vaZJGCPYze|
155659213|96113154|1176458243129794562|The epicenter was North of Lahore, Modi ne karaya hai|
155659213|96113154|1176456225543770112|@RanaAyyub @suketumehta Earthquake aagaya 😄|
155659213|96113154|1176456137958232065|@khanumarfa And ur living in poverty|
155659213|96113154|1176455703474528256|@sachin__i @RenukaJain6 Commercial  banks comes directly under RBI it will be difficult. Mergers are necessary|
155659213|96113154|1176454651136245760|@indiantweeter Bheeshan|
155659213|96113154|1176452706065473536|#DelhiEarthquake|
155659213|96113154|1176448645912117250|@republic So very predictable|
155659213|96113154|1176448596842971136|@MoiSherni Agreed. Her acting is too much to digest|
155659213|96113154|1176446922216722432|@sachin__i @RenukaJain6 Are u comparing cooperative bank with public sector bank?|
155659213|96113154|1176446714015703040|@nanditathhakur Over acting thi madam. NSD graduate se karwao tab aap dekhoge|
155659213|96113154|1176446471207407616|@seriousfunnyguy @theskindoctor13 @PiyushGoyal @sureshpprabhu Sir, the ICAI is run like a fiefdom of few people. The elections is more about money power. The overall education level has gone down. We are not able to produce CA with ethics. Half of the corruption in corporate sector can go down if we good CAs|
155659213|96113154|1176440085232807938|@muglikar_ Jab Rahul Gandhi ko mil sakta hai to kisi ko bhi milsakta hai|
155659213|96113154|1176439784522178561|@Abhina_Prakash Over acting|
155659213|96113154|1176437276877844480|@AmritaDhawan1 Naya Maakan aur uski aabohawa ka moina to karna padega Madamji ko|
155659213|96113154|1176437037999611904|#dearicaipleasechange I never know I would live to see this day when the Institute would be challenged in this way.|
155659213|96113154|1176412283796254720|@theskindoctor13 @PiyushGoyal It has been like this ever since. Telling from experience|
155659213|96113154|1176366997686210560|@desimojito Hotel wale se shaadi karni padegi|
155659213|96113154|1176361548379348997|@UnSubtleDesi He has resolved to delete Pakistan and hence removed the tweet itself|
155659213|96113154|1176074476766806017|@ShefVaidya @Twitter U r fake liberal slayer.|
155659213|96113154|1176044316986241024|@zLaTanIkPiKaChU Kannad Or konkanis|
155659213|96113154|1176004882077278208|Mata tum rehne do https://t.co/mxIhntuKRZ|
155659213|96113154|1176001974623277061|NRI are deshdrohis but Amir Khan who intends to leave India for his wife is scared is a desh Bhakta. NRI are deshdrohis but those who sing Bharat Tere Tukde honge are nationalist. NRI are desh drohis but MF Hussain who accepted the Citizenship of UAE was desh Bhakta|
155659213|96113154|1175839766425718785|Yeh bhut bura hua @peaceforchange ji. Afsos hai|
155659213|96113154|1175839515962855424|President Trump puri majbooti ke sath Aatank ke khilaf khade huen hain|
155659213|96113154|1175839190371598337|@AbhiNationalist Big time.|
155659213|96113154|1175839108096094208|Article 370 se unko dikkat ho rahi hai jinse Apna desh sambhal nahi raha hai.|
155659213|96113154|1175838748593930242|Standing ovation for all MPs for Article 370|
155659213|96113154|1175838459686113280|@zLaTanIkPiKaChU Kahi aag lagi hai|
155659213|96113154|1175838277997170688|Article 370 from USA,. Jammu, Kashmir and Ladakh being mentioned separately|
155659213|96113154|1175837992054747136|@ShefVaidya Sleepless.|
155659213|96113154|1175837647933100032|@GappistanRadio Translator available|
155659213|96113154|1175837470212014080|@MichaelKugelman Thand rakh kake|
155659213|96113154|1175837360631607297|Corruption Farewell. Chidambaram in Tihar|
155659213|96113154|1175837166577971200|Welfare and Farewell..... Farewell to. Open defecation|
155659213|96113154|1175836346956410880|@ChhabraGeeta Pakistan also|
155659213|96113154|1175835927190466561|1 GB data ki keemat tum. Kya jano Trump babu|
155659213|96113154|1175835191232741376|@AdityaRajKaul He is the real mole|
155659213|96113154|1175834097324707841|@shekharkapur @narendramodi @POTUS Because he has made people Feel special|
155659213|96113154|1175833851957895169|@RaisinaSeries Ends the artificial debate created by media|
155659213|96113154|1175833591504199681|@PadmajaJoshi Ends the useless Hindi Imposition debate created artificially|
155659213|96113154|1175833004981096448|@AbhiNationalist Nobody did but he ended it in style.|
155659213|96113154|1175832795169472513|@realDonaldTrump @narendramodi Partnership will bring out the best|
155659213|96113154|1175832346605453312|Howdy Modi reply in so many languages. Stops the Hindi debate|
155659213|96113154|1175831827501576192|Howdy Modi? Bharat main sab acha hai|
155659213|96113154|1175831192450387968|@MrSinha_ Padosan movie ki tarah, sab lip sync ho raha hai|
155659213|96113154|1175830670263717888|History and chemistry creates in Texas|
155659213|96113154|1175830603805028353|@BDUTT Indeed.|
155659213|96113154|1175830484628066305|Yeh jo drishya hai, yeh jo mahual  hai, akalpaniye hai #HowdyMody|
155659213|96113154|1175830239458365440|@AbhiNationalist @BernieSanders @narendramodi Drawing parallel he recognize the stature of India|
155659213|96113154|1175830020264099841|Mitron.... @narendramodi  plij|
155659213|96113154|1175829951079055362|Ab Hindi main stage set hai|
155659213|96113154|1175829348076490753|Islamic terrorism, Pakistan ke pet mein dard ho raha hai|
155659213|96113154|1175828976855470080|@AbhiNationalist @BernieSanders @narendramodi Now he speaks about illegal immigration. Wow ..|
155659213|96113154|1175828784722743296|@AhmAsmiYodha Baat nikli hai to trend kar jayegi|
155659213|96113154|1175828535996403713|@AbhiNationalist @BernieSanders @narendramodi Border Security......|
155659213|96113154|1175828100615045126|@AbhiNationalist @BernieSanders @narendramodi Irrelevance like never before|
155659213|96113154|1175827979152158722|@ExSecular Btw us bus ka kya, raste mein puncture hogaya|
155659213|96113154|1175827808880193536|Bhai yeh to business deal hai pakki wali|
155659213|96113154|1175827240258428928|@nailainayat Dost dost na raha.... Pyar pyar na raha|
155659213|96113154|1175826913522139136|@AbhiNationalist @BernieSanders @narendramodi Pakistan has been sidelined like never before.|
155659213|96113154|1175826764695625728|Bas ek hi partnership hogi. Howdy Modi|
155659213|96113154|1175826496281174016|LOTUS endorses POTUS|
155659213|96113154|1175825748386385920|@zLaTanIkPiKaChU With begging bowl|
155659213|96113154|1175825632065814528|@AbhiNationalist @BernieSanders Some heart burn|
155659213|96113154|1175825296009773056|@ExSecular Is time to Gilgit, Baltistan, Sindh aur Balochistan bhi|
155659213|96113154|1175825006967672832|Us bus ka kya hua???|
155659213|96113154|1175824491835846656|@AbhiNationalist No denying|
155659213|96113154|1175824353780326400|Modi ji to Trump, "zara aur green card dedo, agle baar Trump sarkar"|
155659213|96113154|1175823515880083456|@AbhiNationalist Let's see....|
155659213|96113154|1175822918233645057|Trump is looking not so confident|
155659213|96113154|1175822832334303234|@muglikar_ Pakistan os going to have sleepless nights. Jayen to Jayen kahan|
155659213|96113154|1175822639014658048|Trump ne Modi ko campaign ke liye bulaya hai|
155659213|96113154|1175822213699686400|@indiantweeter Usne sabko Hindi sikha di|
155659213|96113154|1175821107619758080|@Ish_Bhandari Rana|
155659213|96113154|1175819973328949248|@indiantweeter Jane di bheekh to wo maangta rehta hai, kuch aisaa jugaad banao ki jab woh ghar phunche to us ke desh 4-5 tukde ho jayen|
155659213|96113154|1175395489514020864|@jgopikrishnan70 Yes we can't be that cruel.|
155659213|96113154|1175395327727136771|Now pay salary to ur employees https://t.co/g5jYid5D3l|
155659213|96113154|1175390020355555328|@AhmAsmiYodha Her IQ is so low that I don't know what would be the further fall|
155659213|96113154|1175389606423842821|@The_NehaJoshi @timesofindia He looks like one|
155659213|96113154|1175370079707398144|Shame on u then https://t.co/xFACoebKCW|
155659213|96113154|1175369843601600512|@nailainayat Imran Khan Gives them on platter|
155659213|96113154|1175343847267807232|Bas ek khabar chaiyeeee, https://t.co/1hlYddH33A|
155659213|96113154|1175250310521999360|@nanditathhakur Identical low IQ and brain capacity|
155659213|96113154|1175247106900029440|@RenukaJain6 @nsitharaman @narendramodi Yes salaried class bears the burden. The standard deduction was also good for nothing. All my money is deducted at source. Tax planning option for me is limited. The govt punishes the salaried class.|
155659213|96113154|1175246644293423104|@YRDeshmukh I believe their is always a trickle down effect of rate cut to corporate|
155659213|96113154|1175244698794905601|@ShefVaidya Nehru  se pehle sat nahin thaa, asat bhi nahi, antariksh bhi nahin, akash bhin nahin thaa, chhipaa thaa kyaa kahaan, kisne dhakaa thaa? us pal to agam, atal jal bhi kahaan thaa|
155659213|96113154|1175208413489352704|Only two days ago u were being snubbed by Tulsi Gabbard and not many days ago SC commented on your book. Have some moral authority before u lecture about being a joke. The joke is on you. https://t.co/jWcMU0Mdpy|
155659213|96113154|1175207681612632064|@rsantozrao @TVMohandasPai @Jairam_Ramesh No doubt a good thing but linking it to a foreign tour is a bit exaggerated|
155659213|96113154|1175059869239578625|@rsantozrao @TVMohandasPai @Jairam_Ramesh It's on domestic Company. Foreign companies will either have to have Indian subsidiary to avail lower rates|
155659213|96113154|1175029095962267655|@zLaTanIkPiKaChU @narendramodi I agree, get rid of the leftist of Lutyen. Ame to dhanda karaane che|
155659213|96113154|1174984666874400768|@TVMohandasPai @Jairam_Ramesh Can he explain how corporate tax in India will effect NRIs or Trump for that matter.|
155659213|96113154|1174969922859884544|@KaliKaEkka Ahhh.|
155659213|96113154|1174721042893266944|@BajpayeeManoj Sir can u stop using car for traveling?|
155659213|96113154|1174644243748360192|@ShefVaidya @abasitpak1 @DeShobhaa 500 pakistani rupees per tweet|
155659213|96113154|1174601360462888961|Abdul Basit tips... https://t.co/qD56AjoEJY|
155659213|96113154|1174507099021144064|@ExSecular @TajinderBagga @iSanjuktaP Danteshwari|
155659213|96113154|1174488291703263233|Khisiyani Billi khamba noche https://t.co/yOLjJrrpwJ|
155659213|96113154|1174488104335396869|@DFS_India 5 croores|
155659213|96113154|1174322084601712640|@rose_k01 Dilli ki Chachi 420|
155659213|96113154|1174321744447885317|Inspirational to say the least https://t.co/RDr3abkES2|
155659213|96113154|1174319575401291778|@TajinderBagga Yesterday she said she got limelight and today it is maligning. Kya bhaiya aapne 500 wali dukaan band hi karwa di, ab victim card ki baari hai|
155659213|96113154|1174319085946982400|@MiniMenon Govt Servant,  will u stop using that too????|
155659213|96113154|1174318722120470528|@vivekagnihotri All we have to is to look leftttt|
155659213|96113154|1174307140908879873|@nailainayat It is all because of the extra efforts of Shri Fawad Choudhary. He controlled it all through his mind with 40 GB space.|
155659213|96113154|1174301695494385664|U won't ever understand what was Amar Chitra Katha for kids  , u were born old and commiee https://t.co/48KKXNPOA9|
155659213|96113154|1174301479139569664|@vivekagnihotri I wish they could quote the in same depth verses from Quran and Hadith which they want to be taught to kids.|
155659213|96113154|1174259944062889985|@RanaAyyub The enthusiasm with which u tweeted the article can't be overlooked|
155659213|96113154|1174259687673552897|@KaliKaEkka Hawwww|
155659213|96113154|1174203451078844416|Misogyny. https://t.co/bb1CTEyC4s|
155659213|96113154|1174200141177376772|@DeShobhaa Abdul Basit has told u to. Say this|
155659213|96113154|1174180924256346113|@pbhushan1 Dogs too getting into IIT campus, u missed that. U were friends to some Humans of IIT few moons ago|
155659213|96113154|1174169913709203457|@ShefVaidya @INCIndia @YasminKidwai @narendramodi Help required for construction of functional toilet for Madam. May be we can go for crowd funding|
155659213|96113154|1174167889517010944|@KabirTaneja @khalidbshah Was the pun intended Khan Market apples are shiny then they actually are|
155659213|96113154|1174161332418957313|Resembles u so much https://t.co/C19rgg6XNb|
155659213|96113154|1173835365527932929|@TajinderBagga 1000 dedo, tweet na karne ke liye|
155659213|96113154|1173829857228120064|Congress ke baad BJP main jayenge to jyada oouch hoga toh isliye Shiv Sena wala route https://t.co/DnRtkOnFo8|
155659213|96113154|1173824516704722945|Happy Birthday @narendramodi sir . Hope u serve India with same vigour and dedication.|
155659213|96113154|1173760288157421569|@pritsi2101 @TajinderBagga @RiaRevealed Yaar uska 500 ka business band hi hogaya. Ab kaun tweet karayega|
155659213|96113154|1173758388267700224|@sushantsareen The revenge of steamed bhauturas|
155659213|96113154|1173656807018917889|@TajinderBagga Le lo wapis. Waise bhi aunty kya karengi 500 ka|
155659213|96113154|1173654737155084288|I wish to have it ASAP #MysorePak|
155659213|96113154|1173608786453356544|@NetflixIndia Stranger Things|
155659213|96113154|1173588164620906497|@Always4Country Banker's kid🙂|
155659213|96113154|1173587897896718337|@RenukaJain6 Nothing will ever happen to them.|
155659213|96113154|1173587522674249730|@OpIndia_com Who is Thikhla then????|
155659213|96113154|1173586131159404546|Born in Delhi, brought up in Cochin, Secunderabad, Delhi, Jaipur, Mumbai, Kottayam, Lucknow, Vadodara, Ahmedabad, Ooty.Can speak Hindi &amp; English, can understand&amp; speak basic Gujarati, can understand basic Marathi, have learnt few sentences of Malyalam and Telugu. Who am I? Indian|
155659213|96113154|1173551315865210881|@nistula And put such journalist to jail... Wat a waste of time.|
155659213|96113154|1173516911952269312|He stood with India? https://t.co/nugEFL6zxM|
155659213|96113154|1173486954370912256|@indiantweeter Warrior bola hai, khush ho jao|
155659213|96113154|1173483840217600001|@Iyervval Curious case of N Ram, suffers from  selective blindness and amnesia|
155659213|96113154|1173472255696764931|@KarunaGopal1 The judge and the jury and the journalist|
155659213|96113154|1173471857162350594|@BDUTT @TVMohandasPai Labels aren't bad.|
155659213|96113154|1173471645610082304|@chetan_bhagat India should drink Irani Chai more...|
155659213|96113154|1173458344801181697|@Malala may be u get some time for condemning this too https://t.co/EsBEAdmwP4|
155659213|96113154|1172679496702382081|Visa Kisne diya isko Russia ka https://t.co/u4fCbxrdZ3|
155659213|96113154|1172679314485104640|@anupmudgal He wants to be trolled|
155659213|96113154|1172679214291542017|Khikhikhi. Because they were created after states were organised on linguistic basis after independence https://t.co/P7RVpYjx5X|
155659213|96113154|1172502306262147072|@ChhabraGeeta @IndiaToday Ultimately it benefits people on road, not only drivers and pillion riders but also people who walk on roads. If some sense is instilled in people just by fines, why not. Many of us have scant regard for rules, this is need of the hour.|
155659213|96113154|1172501375244095488|@IndiaToday @hamzaameer74 Yes he stood for 30 minutes, he can keep standing for 30 more minutes.|
155659213|96113154|1172500237484605440|@ChhabraGeeta @IndiaToday The law must also include that the fines cannot be reduced more than 10 percent|
155659213|96113154|1172499626143830016|@Ya_2317 @manujosephsan @noidatraffic In morning, while one car was busy honking horn, the car in front was before zebra line and he signalled this to the honking car too. Things look good|
155659213|96113154|1172454608897069057|@devadabel Khikhikhi|
155659213|96113154|1172451626285559808|Aapka channel bhi band hogaya 😆 https://t.co/xrvIVjbESq|
155659213|96113154|1172407168454184962|@muglikar_ Unorganized sector workforce has to be regulated, we can also see major portion of unorganized sector like house helps and laborers contributing much to income of the country. By bringing them under the purview we might be able to tap them well|
155659213|96113154|1172105358057197568|@utkarsh_aanand He should have resigned 17 years back|
155659213|96113154|1172084230165188609|@jahanbakshi If no one comes out, the discrimination would persist. Unless people share their success stories despite discrimination, the horror will continue|
155659213|96113154|1172040297175322624|Those who advocate, penalty should be low for traffic violations hardly speak about following rules for a change!|
155659213|96113154|1172040061019230213|@fawadchaudhry Wow, I am happy that Pakistan has such a scientific temperament. U would be soon sending someone to space using this  , why not u ride it|
155659213|96113154|1172038664940949504|500 ka helmet khareed lo, bhaiya. Jaan se jyada hai kya https://t.co/z7P8aSkUdF|
155659213|96113154|1172034393994448896|Just don't break rules, u end up being rich https://t.co/ikqnkqIc67|
155659213|96113154|1172034217179406336|@suhasinih Well why were pandits killed if it was not a religious issue. So much for Kashmiriyat|
155659213|96113154|1172016372412321792|@ShashiTharoor @davidfrawleyved Misbehaviour of few in the name of Hindutava has given mistaken impressions about Hindus being violent but the world wide violence in the name of Islam if gives a wrong impression it is termed as Islamophobia why not then the former as Hinduphobia.|
155659213|96113154|1172004745017323526|Whether I marry or I don't, whether I marry in my caste or out of my caste, whether in my religion or out of my religion, it is my life, SC should stick to their job of interpretation of law. My suggestion why not encourage judges to SC and HC without nepotism|
155659213|96113154|1171794184220463104|@madversity You should not say that to a 'Fe'male.All ladies have iron element in them, we are iron women. 😁|
155659213|96113154|1171776270528466945|@brahmavidvariya @RahulEaswar @ShashiTharoor Ok, Bring Back Rahul|
155659213|96113154|1171772977924333569|@TiwariNivedita Got that. ☺ Language changes, and so do grammars. Possibly Wren and Martin might be rest in peace or pieces in times to come|
155659213|96113154|1171772042145714176|@Sanjay_Dixit @husainhaqqani Good sense prevailed.|
155659213|96113154|1171771893830934528|@brahmavidvariya @RahulEaswar @ShashiTharoor So u want RaGa. Only entertainment is what you need. 😝|
155659213|96113154|1171771600795889664|@TiwariNivedita The way you use Don't for Do not. 😄|
155659213|96113154|1171771296981479424|@indiantweeter Makkar No 1. Acha number 2 pehle wale dengu macchar ko kathit taur par aaj kal maar rahe hain|
155659213|96113154|1171770110412877824|@RahulEaswar Would love to see the baton of Congress president being transferred to @ShashiTharoor . A non Gandhi, a not so regular politician, without doubts far more knowledgeable than a dozen of politicians put together|
155659213|96113154|1171768504611000321|Sad Sad. https://t.co/Slhfs4NO6U|
155659213|96113154|1171768366375165953|@vivekagnihotri Bollywood is busy with their parties and award shows unless someone makes it a hot potato. They will enter when scene is set. Controversy and maximum coverage is the fodder the feed upon.|
155659213|96113154|1171767669957124097|@vivekagnihotri Your DBA identity will not be made public without your knowledge. They think this is something to be ashamed off|
155659213|96113154|1171766752381820930|@madversity But that happened during emergency not exactly now. seems that was a high point for Indian democracy. 🙏|
155659213|96113154|1171765116695564288|@ShefVaidya Wat is the medicine, may be cold cow milk, sure shot remedy for acidity, but will they 😁|
155659213|96113154|1171764555355058176|@madversity Giving bail is subject matter of courts discretion.|
155659213|96113154|1171744772886679558|@narendramodi Sir, the Bankey Bihari Temple at Vrindavan Or the Goverdhan is so dirty. Why not have swach bharat for all religious places|
155659213|96113154|1171742931356504065|@ShefVaidya @NCPspeaks I wish they knew what was Mohharam about|
155659213|96113154|1171742497996865537|@AnchorAnandN I hope hefty fine introduced on people throwing garbage and defacing property too.|
155659213|96113154|1171740041275568128|@madversity What happened to Indian democracy when Modi was hounded|
155659213|96113154|1171739890091839488|@sunandavashisht @ANI @nsitharaman And the whole Indian media is now running this news like a wild fire. Even I trusted them. Morals, have to cross check news by newswallahas|
155659213|96113154|1171737299316461568|@ExSecular Gau Raksha nahi karoge to yehi hoga|
155659213|96113154|1171735356237942784|@gary_agg @RW_Bhakta I wish the unorganized labour is somehow organized so that such people do have recourse of their savings|
155659213|96113154|1171733177506746368|@virsanghvi A teetotaller and a vegetarian but this article can make me sound learned in food groups where I am in minority.|
155659213|96113154|1171730586177654784|@gary_agg Same has happened with my maid. 😣|
155659213|96113154|1171729734356463616|But Birla is not Brahmin https://t.co/EmxM04Mfzh|
155659213|96113154|1171717187498737664|Kuch acha khud bhi bol liya karo, 40 GB https://t.co/jHbDX93Jop|
155659213|96113154|1171689034336178176|By cars really https://t.co/ZlhdvipwYp|
155659213|96113154|1171684928607535104|For years known faces gund from no where to call for independence in Kashmir why were they given legitimacy https://t.co/J4pXGI9DMp|
155659213|96113154|1171682122391683072|@suman__sardar @sunandavashisht No she will not be known as terrorist that is my humble point of submission. She is nobody but we give her importance and unknowingly make her bigger in her stature then what it is. Such people feed on publicity|
155659213|96113154|1171680675855917056|@CaRANJEET @theicai ICAI os in cohoots with the Big 4 can never take action against the corrupt|
155659213|96113154|1171679807626563584|@bhootnath Traits: shouting without accurate factsbody language: A general appearance of superiority over rest of others.|
155659213|96113154|1171671847970078720|@tuhins @gunjakapoor Being obsessed with India is now in their DNA. How long will the world be held ransom to their utter stupidity|
155659213|96113154|1171668941757771776|@suman__sardar @sunandavashisht She needs martyrdom and ppl don't report these handles instead keep on trolling her. Why to make her a known person, why not stop her employment in fake liberation movement|
155659213|96113154|1171630106537652224|Fawad Khan maanga tha Fawad Hussian mila. https://t.co/X2uVB0f70n|
155659213|96113154|1171629570178469889|@Peerry_platypus @ExSecular Steps not for a little baby like her|
155659213|96113154|1171629211062345728|@sunandavashisht Request not to quote tweet or tag her.|
