155659213|163817624|1177651713009946626|इमरान खान ने #UNGA में @RSSorg और हिंदुस्तान को टार्गेट करने के लिये कांग्रेस का फिर सहारा लिया । https://t.co/UHpjdsxKzG|
155659213|163817624|1177609980905758725|मियाँ इमरान #UNGA में कटोरा पकड़ कर कह रहा है अल्लाह के नाम पर दे दो .....|
155659213|163817624|1177591253023764483|भारत ने दुनिया को युद्ध नहीं बुध दिए हैं @narendramodi का दुनिया को संदेश #ModiUNGASpeech|
155659213|163817624|1177570822103298049|आधुनिक युग में शिक्षा के साथ सुशिक्षा की भी काफी जरूरत है, ऐसी सुशिक्षा जो ऐसे समाज और राष्ट्र का निर्माण करें...हमें हमारी गौरवशाली संस्कृति की पहचान दिलाए... जिस पर हम गर्व महसूस कर सके #Sushiksha @News18UP की क्रांतिकारी मुहीम में आज देश के शिक्षा मंत्री अपनी बात रखी । https://t.co/lsOnqMvUWd|
155659213|163817624|1177526570820481024|#BiggestPublicDebate Unmissable #ModiUNGASpeech खुलेगी इमरान की आतंक की किताब‘पापी’स्तान का होगा UN में हिसाब!“इस्लामी आतंकवाद से मोदी निपट लेंगे”#AarPaar शाम 6:57 ब​जे https://t.co/dQxi8uA7fe|
155659213|163817624|1177519624717357056|Glad to be part of new beginning of the Students of Delhi University PGDAV college from new batch to New students union great interactive session along with Eminent Lawyer &amp; MP @M_Lekhi https://t.co/Au4zlwKJRS|
155659213|163817624|1177248621672062979|असम से लेकर पूरा हिंदुस्तानघुसपैठियों पर घमासान! घुसपैठियों पर दिल्ली में गृहयुद्ध! #टक्कर रात 8:57 बजे https://t.co/dZAJ0YjhGs|
155659213|163817624|1177187636726902785|#BiggestPanel #RamMandirHearing होगा वही जो राम रचि राखा        मंगल भवन अमंगल हारी                             राम मन्दिर की करो तैयारी?#AarPaar शाम 6.57 बजे https://t.co/DCTkhpEy7E|
155659213|163817624|1176874276961452032|#SuperDebate #FatherOfNation ट्रम्प मोदी की तारीफ करे, विपक्ष को मिर्ची लगे! देखिए #TakkarOnAwaaz में रात 8:57 बजे सिर्फ #CNBCAwaaz पर। https://t.co/5XMAWVqdJh|
155659213|163817624|1176816197385576449|#BiggestDebate #DelhiVsIslamabad मोदी का प्रहार इमरान ने मानी हारमोदी-ट्रम्प की जोड़ी का असरकश्मीर पर इमरान का सरेंडर#AarPaar शाम 6:57 बजे https://t.co/sL45eGstEv|
155659213|163817624|1176518317504253953|ट्रंप ने इमरान खान से पूछा ऐसे रिपोर्टर कहां से लाते हो ? उसका नमूना देखिए... https://t.co/48PKZ6E0L1|
155659213|163817624|1176517477758451714|#ComingUp | मोदी ने बढ़ाई साख, इमरान की कटी नाक! देखिए #TakkarOnAwaaz में रात 8:57 बजे  सिर्फ #CNBCAwaaz पर। https://t.co/kx4wymkHOU|
155659213|163817624|1176470111412088832|#BigExpose #ImranFlopShow इमरान का डर बेनक़ाबसबसे बड़ा ख़ुलासान ‘घर’ के न ‘घाट’ के इमरान!#AsrPaar 6:57 बजे https://t.co/ADA3zZJrve|
155659213|163817624|1176098689619812352|#BiggestDebate #HowdyModi Impact #DelhiVsIslamabad Live मोदी के ‘ट्रम्प कार्ड’ का तोड़ नहीं!अबकी बार ‘इस्लामी आतंकवाद’ पर प्रहार#AarPaar शाम 6:57 बजे https://t.co/Qrk9TD1MAC|
155659213|163817624|1175968446418432000|#Breaking आज कांग्रेस पार्टी की वरिष्ठ नेता सोनिया गांधी और देश के पूर्व प्रधानमंत्री मनमोहन सिंह करेंगे पी चितम्बरम से मुलाकात तिहाड़ जेल के सूत्रों के मुताबिक है खबर .....तिहाड़ जेल में कैद कांग्रेस पार्टी के वरिष्ठ नेता ।जेल नम्बर 7 में कैद हैं पी चितम्बरम|
155659213|163817624|1175830123523772416|#HowdyModi कट्टर इस्लामिक आतंकवाद से मिलकर लड़ेगें @realDonaldTrump|
155659213|163817624|1175827339265093634|#HowdyModi वन्देमातरम् , जय हिंद , भारत माता कि जय|
155659213|163817624|1175826030113767426|#HowdyModi भारत के लिये एतिहासिक दिन ।|
155659213|163817624|1175483879374958595|Action Speaks louder than words. https://t.co/ShiOPvyp9Y|
155659213|163817624|1175334134346129409|#RamMandirDebate @SudhanshuTrived @swamidipankar Vs @AcharyaPramodk #shoiabIqbal तारीख़ पर तारीख़ अब और नहीं!ये दिवाली राम मन्दिर वाली!ये देश है हमारा 9PM @News18UP @News18Bihar @News18Punjab @News18Rajasthan @News18MP https://t.co/SbohxeGq8e|
155659213|163817624|1175008630472491008|#BiggestPublicDebate Tonight #RamMandirHearing अयोध्या पर 'अन्तिम अध्याय'       ये दिवाली राम मन्दिर वाली?        #AarPaar शाम 6.57 बजे @News18India https://t.co/MNgmlcDaXU|
155659213|163817624|1174755090361720832|@SuPriyoBabul के साथ मारपीट करना किस विचारधारा का हिस्सा कल तक लोकतन्त्र के सूरमा बन कर चिल्ला रहे थे आज दूसरी विचारधारा के नेता- मंत्री को जाने पर मार रहे हैं । https://t.co/hLzbcR9vyF|
155659213|163817624|1174672539685023747|#BiggestPublicDebate मोदी कश्मीर सजायेंविपक्ष हाय-तौबा मचाये        'नए कश्मीर' वाला मोदी प्लैनविपक्ष क्यों परेशान?      #AarPaar शाम 6.57 बजे https://t.co/WZJodGU90U|
155659213|163817624|1174620404960227328|#YogiToNews18 गोरखपुर से सन्यासी योगी का सियासी इंटरव्यू रात 8 बजे @News18UP पर https://t.co/A3sS7qCg9y|
155659213|163817624|1174336027202211843|#HindiDebate एक राष्ट्र, एक विधानएक राष्ट्रभाषा पर क्यों घमासान? हिंदी, हिंदू, हिंदुस्तानछिड़ गया घमासान! #टक्कर रात 8:57 बजे https://t.co/0hl5HFOuCj|
155659213|163817624|1174298292030562305|#BiggestDebate #RamMandir ख़त्म होगा राम लला का '​टेन्टवास’?राम मन्दिर की करो तैयारी...?   #AarPaar शाम 6.57 बजे https://t.co/LqzkeJLZHC|
155659213|163817624|1173974812764434432|#SuperDebate #HappyBdayPMModi मोदी जैसा कोई नहीं! देश ही नहीं दुनिया के लीडर मोदी!#टक्कर रात 8:57 बजे https://t.co/jUvQkoVZym|
155659213|163817624|1173932581143928832|#BiggestDebate #HappyBdayPMModi देश ही नहीं दुनिया के नेता मोदी?               मोदी बढ़ाएँ देश की शानविपक्ष क्यों परेशान?                 #AarPaar शाम 6.57 बजे https://t.co/9tPCpfseio|
155659213|163817624|1173798467451400193|जन नायक प्रधानमंत्री @narendramodi जी को जन्मदिन की शुभकामनाएँ । He is a game changer be it CM or PM . #HappyBdayPMModi|
155659213|163817624|1173608562104270854|#SuperDebate दुनिया देखेगी भारत का दम, रैली में मोदी-ट्रम्प संग बोलेगा अमेरिका #Howdy मोदी!#टक्कर रात 8:57 बजे https://t.co/Vby8ozcfM7|
155659213|163817624|1173573781530411010|#BiggestDebate #KashmirKaSach  कश्मीर में हालात ख़राबया विपक्ष का झूठा प्रलाप?        कश्मीर पर विपक्ष का ‘सच से सामना'                           #AarPaar शाम 6.57 बजे https://t.co/lmlp4Xgj8G|
155659213|163817624|1173047864823562241|#SuperSundayDebate Unmissable @sambitswaraj vs @Drrehmani RSS को ‘अच्छे’ मुसलमान पसन्द हैं!औरंगज़ेब को भूलो, दारा शिकोह हीरो! डर के आगे...सियासत है!#YehDeshHaiHamara 5:45PM @News18India https://t.co/FOpPWJHjlR|
155659213|163817624|1172808909704200192|@Radhika_Khera Happy Birthday .|
155659213|163817624|1172483887278067713|#BiggestPanel #PokHamaraHai #DelhiVsIslamabad Live कान खोल के सुन लो इमरान!POK लेकर रहेगा हिन्दुस्तानजब तक तोड़ेंगे नहींतब तक छोड़ेंगे नहीं#AarPaar शाम 6.57 बजे https://t.co/OtKIHNJnSe|
155659213|163817624|1172165893029105664|#SuperFaceoff कांग्रेस भूली संस्कार, सियासी मर्यादा तार-तार!​ इकोनॉमी पर सियासी लड़ाईवित्त मंत्री के अपमान पर आई! #टक्कर रात 8:57 बजे https://t.co/QCrIRbPZeu|
155659213|163817624|1172121631252045825|#BiggestDebate #SuperPanel बँटवारा पॉलिटिक्स को देशभक्त मुस्लिमों का आईना!'600 साल राज, 16 करोड़ तादाद  फिर क्यों डरें मुसलमान?'#AarPaar शाम 6.57 बजे https://t.co/GjwxtpjOyV|
155659213|163817624|1171851998729265152|Commendable Work &amp; much needed . https://t.co/RiEPFj5Gv8|
155659213|163817624|1171840275624407041|Disgraceful https://t.co/aJPGn33F2r|
155659213|163817624|1171734629734375424|आज कल क्या कर रहें हैं सपा-कांग्रेस के प्रवक्ता जब से 2019 के नतीजों के बाद बहस में नहीं आ रहे हैं ज़रूर देखें ...... @News18UP , @News18India पर https://t.co/PTaLIXEdl7|
155659213|163817624|1171729478218899461|#BiggestMission #PoKHamaraHai पाकिस्तान देखता रह जाएगाPOK भारत में मिल जाएगा        इमरान पर भारी मोदी का 'POK प्रण'                   #AarPaar शाम 6.57 बजे https://t.co/wmtDzJGZHK|
155659213|163817624|1171710385948221440|Wishing you a very Happy Birthday @RajuKher1 . https://t.co/ikaN47W0uU|
155659213|163817624|1171472485184724992|इनके भ्रम में न जनता है न मीडिया सिर्फ़ ‘कुछ’ जिनका कुछ नहीं हो सकता। https://t.co/F8YqRsbfG7|
155659213|163817624|1171392881182965760|#BigStory #BiggestPanel #DelhiVsIslamabad Live पाकिस्तान के ख़िलाफ़इमरान के MLA की गवाही        दुनिया की पंचायत मेंइमरान के झूठ का 'चीरहरण'!   #AarPaar शाम 6.57 बजे https://t.co/K6CtSAiigD|
155659213|163817624|1171390185990316032|भाई जान मुहर्रम त्योहार नहीं है इसलिए बधाई  नहीं दी जाती https://t.co/jDt3YegugH|
155659213|163817624|1171073557859729410|#SuperDebate @JhaSanjay ExclusivE कांग्रेस को ज़ीरो से बचाने की ‘थरूर थ्योरी'हताश कांग्रेसियों का क्या  होगा ‘जोश हाई’?‘ना मुंह छुपा के जियो’  #टक्कर रात 8:57 बजे https://t.co/IKlbkRoTMq|
155659213|163817624|1171025640654606336|#BiggestFaceoff #DelhiVsIslamabad Live पाकिस्तान के ख़िलाफ़ POK में 'विद्रोह'                                    जिहादियों ने ठाना है ख़ुद ही पाकिस्तान को मिटाना है #AarPaar शाम 6.57 बजे https://t.co/J76Qs5zbgj|
155659213|163817624|1170629236916445184|#SundayDebate #MoDified100 @SudhanshuTrived @Shehzad_Ind Vs #Nishant &amp; #SatishPrakash मोदी की गड़गड़ाहट, विपक्ष में हड़बड़ाहट!मोदी सरकार, '100' नॉट आउट! मोदी के 100 दिनविपक्ष के बुरे दिन!                #YehDeshHaiHamara  5:45 बजे @News18India https://t.co/SkOiZXG4EP|
155659213|163817624|1170302274133823488|#SaturdaySpecial मोदी की गड़गड़ाहट, विपक्ष में हड़बड़ाहट!मोदी सरकार, '100' नॉट आउट! मोदी के 100 दिनविपक्ष के बुरे दिन!                #YehDeshHaiHamara 9 बजे @News18Bihar @News18UP @News18Punjab @News18MP @News18Raj https://t.co/PYBWQWp3FT|
155659213|163817624|1170054218817908736|एक ‘तथाकथित’ विदेश में विलाप कर रहें हैं दूसरे आज़ादी का जश्न मना रहें हैं पर दोनो का दर्शकों से मिलाप नहीं हुआ । दिल को बहकाने के लिये ...... कुछ भी बोलो । #Chandrayaan2Live के इंतज़ार में|
155659213|163817624|1169947708276322304|#BiggestPublicDebate Tonight #Modi100Days सरकार के 100 दिन का 'रिपोर्ट कार्ड'                  मोदी के 100 दिन      VS विपक्ष के बुरे दिन!                #AarPaar शाम 6.57 बजे https://t.co/VgT1ZblYFu|
155659213|163817624|1169588505955246080|#BiggestPublicDebate आतंक से लेकर घुसपैठ तक 'धार्मिक कार्ड' कब तक? देखिए देश की सबसे बड़ी बहस #AarPaar सिर्फ #News18India पर. 7 बजे https://t.co/17esVGU0OC|
155659213|163817624|1169583772779499520|तिहाड़ जाएँगे पी चिदंबरम 14 दिन के लिए जेल भेजे जाएँगे  #ब्रेकिंग|
155659213|163817624|1169322518584467456|जो नेता सत्ता के अहंकार में मर्यादा भूल जाते हैं समय उनको करारा जवाब देता है यह सब पर लागू हैं ‘कल आज और कल’ के सभी नेताओं पर । https://t.co/0LY1sUTskQ|
155659213|163817624|1169265140178403330|#SuperDebate भ्रष्टाचार वाली सियासत, कांग्रेस की आफत!​ भ्रष्टाचार पर वार याबदला ले रही सरकार? #टक्कर रात 8:57 बजे https://t.co/E2x3FtSNSx|
155659213|163817624|1169204834945458176|#BiggestFaceoff #BigExpose इमरान के 'आतंक चरित्र' परबड़ा ख़ुलासा                                       अपने आतंक का ज़िन्दा सबूत देखो इमरान                  #AarPaar शाम 6.57 बजे https://t.co/QzbYBOMq4F|
155659213|163817624|1168904851243372546|#SuperDebate Tonight इकोनॉमी की थमी रफ्तार, विपक्ष का प्रहार मंदी पर क्यों मचा सियासी महाभारत?  अर्थनीति पर फुल राजनीति!   #टक्कर रात 9 बजे https://t.co/eGlI2c5z5a|
155659213|163817624|1168852155643465731|#BiggestDebate Tonight Unmissable कश्मीरी युवाओं की ललकारपाकिस्तान में मचा हाहाकार      कश्मीर में 'जय हिन्द'मोदी विरोधियों की उड़ी नींद   #AarPaar शाम 6.57 बजे https://t.co/gnAFWY5Ute|
155659213|163817624|1168493048881455104|#BiggestDebate Tonight #DelhiVsIslamabad Live सिखों, हिन्दुओं के ख़िलाफ़ना'पाक' जिहाद                         पाकिस्तान में ग़ैर-मुस्लिम होना गुनाह है!       #AarPaar शाम 6.57 बजे https://t.co/et8vn1Do9h|
155659213|163817624|1168224851427057664|Asking for a CV is a insult &amp; asking for Azaadi is pride! God save them https://t.co/lUhduxN7l0|
155659213|163817624|1167844270683955200|जो कहा साँच कहा जय हिंद https://t.co/u0zXjQRAn8|
155659213|163817624|1167744541530697728|#SuperFaceOff देशहित से बड़ा दल हित क्यों?देशहित पर विरोध सेविपक्ष की बिगड़ी सेहत!​#YehDeshHaiHamara 9PM @News18MP @News18Bihar @News18UP @News18Punjab @News18Raj https://t.co/6YLMxk0Bi1|
155659213|163817624|1167385190257348609|#BiggestPublicDebate Unmissable देशहित पर विरोध सेविपक्ष की बिगड़ी सेहत!                        देशहित पर भारी विपक्ष का दलहित!    #AarPaar शाम 6.57 बजे https://t.co/fLl7BnSFPu|
155659213|163817624|1167134180196716544|हाफ़िज़ और तालिबान खान के चहेते कुछ ‘तथाकथित’ हो सकतें है पर एक पार्टी और उसके नेता को चुनाव तो हिंदुस्तान में लड़ना हैं ?|
155659213|163817624|1167092391888556032|#SuperFaceOff राजनीति के लिए ताक पर राष्ट्रहित? देशहित पर विरोध से बिगड़ी विपक्ष की सेहत​! #टक्कर रात 8:57 बजे https://t.co/phLuFwgZri|
155659213|163817624|1167052111428763648|#BiggestPublicDebate Tonight पाकिस्तान में ख़ौफ़ 'हाई' है    कश्मीर पर ख़त्म लड़ाईअब POK पर चढ़ाई                  #AarPaar शाम 6.57 बजे https://t.co/4tYUkiViVb|
155659213|163817624|1166689279273099264|#BiggestDebate Tonight #RahulKaBlunder मोदी विरोध में देशहित पर चोट क्यों?               UN में पाकिस्तान की चालराहुल गाँधी बने ढाल!                #AarPaar शाम 6.57 बजे https://t.co/TRj44CzaGx|
155659213|163817624|1166574622273343495|यह लिखा पटिशन में पाकिस्तान ने https://t.co/6i34eLxDLg|
155659213|163817624|1166567067425869826|पाकिस्तान ने अपनी UN Petition में राहुल गांधी के बयान का हवाला दिया है ।|
155659213|163817624|1166362676085297155|#SuperDebate unmissable राहुल ने फिर मचाया ‘चोर’ वाला शोर! मंदी को भगाना हैRBI का ‘खजाना’ है? #टक्कर रात 8:57 बजे https://t.co/mjRvh4dcjd|
155659213|163817624|1166320729136058368|#BiggestDebate #DelhiVsIslamabad Live कश्मीर पर 'पिटे' इमरानतो याद आए मुसलमान                   चले थे कश्मीर का सपना सजानेPOK बचाने के पड़े लाले                  #AarPaar शाम 6.57 बजे https://t.co/CQsxuYu4CR|
155659213|163817624|1166211289523326977|11 बजे जा रहें हैं प्रधानमंत्री https://t.co/4DvahaOt9Q|
155659213|163817624|1166188274811047938|सुबह 10 बजे प्रधानमंत्री मोदी जाएँगे स्वर्गीय अरुण जेटली के घर । कल देर रात लोटें हैं ।|
155659213|163817624|1166041077960400896|Happy Birthday Madhur Bhai . https://t.co/wz4Rm1L36x|
155659213|163817624|1166001675984752640|#SuperDebate मोदी-ट्रम्प की यारी, इमरान को पड़ी भारी!​ ट्रम्प तो समझ गएराहुल कब समझेंगे?#टक्कर रात 8:57 बजे https://t.co/2H4RbESM31|
155659213|163817624|1165960498413633537|#BiggestPanel कश्मीर पर मोदी ने चला ‘ट्रंप कार्ड’370 पर सब माने बारी-बारीकांग्रेस पर राहुल की ज़िद भारी!      कश्मीर पर राहुल की ‘आत्मघाती सियासत'          #AarPaar शाम 6.57 बजे https://t.co/qhnlnVHr2D|
155659213|163817624|1165641743448059904|Our Nation Proud . 🙏 https://t.co/mnIltiXsmR|
155659213|163817624|1165298097859321858|Fear God . No one is permanent . https://t.co/5tzUf7e2q7|
155659213|163817624|1165162438762749952|You will be missed Arun ji ॐ शांति ॐ #ArunJaitley https://t.co/5oPLmRd60e|
155659213|163817624|1165090206913060864|श्रीकृष्ण जन्माष्टमी की शुभकामनाएं। जय श्रीकृष्णा https://t.co/JE1LYOO69O|
155659213|163817624|1164951330563248129|Your negativity is professional. Hope you get well soon . https://t.co/7pcn7luEms|
155659213|163817624|1164915064601661441|#SuperFaceoff Tonight विरोधी भी बोले मोदी-मोदी!मोदी ने ठाना है भ्रष्टाचार मिटाना है!#टक्कर Weekend स्पेशलरात 8:57 बजे https://t.co/e9EowwsAfc|
155659213|163817624|1164850752386265089|#BiggestFaceoff #DelhiVsIslamabad Live कभी झूठ, कभी धमकी                       कश्मीर पर परेशान ‘तालिबान ख़ान’             मोदी के 'चक्रव्यूह' में फँसा पाकिस्तान!          #AarPaar शाम 6.57 बजे https://t.co/LH6gZdfm7G|
155659213|163817624|1164812426195296256|पाक सीनेटर रहमान मलिक ने चिदम्बरम की गिरफ्तारी का विरोध करते हुऐ निंदा की है ।|
155659213|163817624|1164752449803972610|@AmitShah pens down brilliant piece Must read . प्रधानमंत्री मोदी की मज़बूत इच्छाशक्ति https://t.co/9gKw7v8EnI|
155659213|163817624|1164506284726636544|#BiggestPanel on  #PChidamabaramArrestedचिदम्बरम प्रेम में कांग्रेस  का भ्रष्टाचार से 'गठबंधन'?      चौकीदार ने वादा निभाया भ्रष्टाचारियों को जेल पहुँचाया     #AarPaar शाम 6.57 बजे https://t.co/txtK8nE7Kg|
155659213|163817624|1164257529234415617|जब चिदम्बरम की हुई गिरफ़्तारी...#ChidambaramArrested https://t.co/laATxwokoU|
155659213|163817624|1164256513403342848|चिदम्बरम की गिरफ़्तारी पर बहुत तथाकथित ज्ञान बाँट रहे है । पर PM  @narendramodi कि ये बयान उनका वादा याद दिलाता है ।   #ChidambaramArrested https://t.co/Fjn1sekmMN|
155659213|163817624|1164165212313968640|@SwetaSinghAT Wish you a very Happy Birthday .|
155659213|163817624|1164144668335939584|#BiggestDebate #ChidambaramMissing मोदी सरकार का भ्रष्टाचार पर वारकांग्रेस में हाहाकर!                             चिदम्बरम डर से मुँह छुपाएंकांग्रेस सच्चाई की लड़ाई बताए     #AarPaar शाम 6.57 बजे https://t.co/RbAKMdhSpp|
155659213|163817624|1164112653834473472|He was an economist ? https://t.co/RKxksuCFp3|
155659213|163817624|1164091763658645504|चिदम्बरम का फ़िलहाल कोई पता नहीं और उनकी याचिका डिफ़ेक्टिव है केस लिस्ट नहीं हुआ है , कुल मिलाकर भ्रष्टाचार के केस में बच नहीं पाएँगे ।|
155659213|163817624|1164084978692476929|कोर्ट कहता चिदम्बरम Inx घोटाले के किंग-पिन है , यह भ्रष्टाचार का मामला है , यह सच्चाई कि लड़ाई कैसे बनाया जा सकता है ।और मीडिया पर ग़ुस्सा ना उतारे कांग्रेस के नेता , चिदम्बरम अगर 20 घंटे से ग़ायब होंगे तो रिपोर्ट किया जाएगा। #PChidambaram|
155659213|163817624|1163830417289408513|#SuperDebate Tonight #ChidambaramFacesArrest कांग्रेस के भ्रष्टाचार पर सबसे बड़ा प्रहार भ्रष्टाचार पर वारचिदंबरम होंगे गिरफ्तार? #टक्कर रात 8:57 बजे https://t.co/gGTbQi39QL|
155659213|163817624|1163787469772353537|#BiggestDebate #TargetRSS Unmissable Tonight मुद्दों पर हार तो RSS पर वार    विपक्ष और इमरान ‘संघ' से परेशान!         #AarPaar शाम 6.57 बजे https://t.co/OADyRAIiRR|
155659213|163817624|1163722531053817856|सरकार और वित्त मंत्रालय को ध्यान देना होगा आज रात 9 बजे अर्थव्यवस्था पर #Takkar का दूसरा edition ज़रूर देखें @CNBC_Awaaz पर । https://t.co/4H9BPRrODa|
155659213|163817624|1163649063302107136|Why you want to be fodder for Pakistan every-time. You don’t trust India but Pakistan. #SAD Get well soon . https://t.co/x5RtSuoXgV|
155659213|163817624|1163462909491437570|#SuperDebate Tonight #EconomyDebate इकोनॉमी पर मोदी’नॉमिक्स’ फेल या पास? मंदी की आहट या सिर्फ घबराहट? #टक्कर रात 8:57 बजे https://t.co/Gcj6ESzjvz|
155659213|163817624|1163425705595555840|#BiggestDebate कश्मीरियों की तरक़्क़ी'टुकड़े गैंग' को लगी मिर्ची                'जन्नत' में नई सुबह का आगाज़ विपक्ष कब आएगा बाज़?                #AarPaar शाम 6.57 बजे https://t.co/Swqpqnd5hW|
155659213|163817624|1162716744063938560|ॐ शांति ॐ 🙏 https://t.co/FYh4gIjapN|
155659213|163817624|1162693875212795904|#SaturdayDebate @SalmanNizami_ Vs @sambitswaraj  छोटा परिवार, देशभक्त परिवार!370 का काम तमामअब जनसंख्या पर लगाम ? #YehDeshHaiHamara 9PM @News18Rajasthan @News18MP @News18Bihar @News18Punjab @News18UP https://t.co/srM682FFZb|
155659213|163817624|1162337500985057280|HappyBirthday @ArvindKejriwal god bless you.|
155659213|163817624|1162336862125477888|इन जनाब को पंजाब के कप्तान ने ही लहरा दिया है । https://t.co/QmXO7mBpiP|
155659213|163817624|1162325785975255040|#BiggestPublicDebate Tonight आबादी पर लगाम तभी देश महान!        भारत भाग्य विधाता   #AarPaar शाम 6.57 बजे @News18India https://t.co/MwwukswS8P|
155659213|163817624|1162223330172141569|@rainarajesh Congratulations Samay truly deserved .|
155659213|163817624|1162199626683805696|@juhiesingh ji Happy Birthday.|
155659213|163817624|1162009595801493504|Attended At-Home Reception at @rashtrapatibhvn glad to meet &amp; interact with @PiyushGoyal &amp; @prasoonjoshi_ . https://t.co/tV8CdlN6fy|
155659213|163817624|1161971313520590849|#IndependenceDay Spl #PublicDebate @SalmanNizami_ Vs @sambitswaraj  ये अगस्त क्रांतिकारी है!           लाल क़िले से लाल चौक तक ‘जय हिन्द’                                 #AarPaar शाम 6.57 बजे @News18India https://t.co/zVHuvUrvPE|
155659213|163817624|1161710162014613504|लालक़िले से लालचौक तक जय हिंद #HappyIndependenceDay 🇮🇳 भारत आगे बड़े । आज का दिन पावन है ,बिना 370 वाली आज़ादी ।|
155659213|163817624|1161687104260313091|Frustrated Man who is helpless https://t.co/AR5tdRPWr5|
155659213|163817624|1161653913621164032|#SuperDebate #BalakotAirStrikes मोदी से घबराए इमरान, PoK पर सहमा पाकिस्तान अखंड भारत पर विपक्ष की महाभारत! #टक्कर रात 8:57 बजे https://t.co/kGeVNfjoHu|
155659213|163817624|1161640439947988992|बालाकोट पर इमरान खान ने सबूत गैंग को सबूत दे दिये सिधू का पता करना चाहिये वो कहाँ हैं ?|
155659213|163817624|1161604051462754304|बालाकोट पर इमरान खान ने सबूत गैंग को सबूत दे दिये अब सब ख़ुश हैं ? सिधू से पता करना चाहिये ? https://t.co/hqvgfOEGZy|
155659213|163817624|1161594580816551936|पाकिस्तान के स्वतंत्रता दिवस पर Pok में बोले इमरान खान, 'हमारे पास जानकारी है कि भारत आज़ाद कश्मीर में बालाकोट से भी बड़ा कुछ कर सकता है’  #DarPolitics कश्मीर में 'आज़ादी' का त्योहारविपक्ष का डर वाला दुष्प्रचार!         #AarPaar शाम 6.57 बजे https://t.co/az10EL1HCe|
155659213|163817624|1161291972830797824|#SuperDebate कश्मीर पर दुनिया भारत के साथ, कांग्रेस को क्यों नहीं ऐतबार? कश्मीर में 'सरकार' पर भरोसा करो! #टक्कर रात 8:57 बजे https://t.co/RFUVaeDeBC|
155659213|163817624|1161248094861680641|#BiggestDebate #KashmirMeriJaan मोदी-शाह का वार                कश्मीर पर पाकिस्तान लाचार   भारत का जोश हाई पाकिस्तान की जगहँसाई   #AarPaar शाम 6.57 बजे https://t.co/Tr23Ec89Ia|
155659213|163817624|1161116478789361664|Haha https://t.co/CVzUYj96tr|
155659213|163817624|1160965872934146049|@narendramodi First Indian Prime Minister to be on #ManVsWild , India has majority of young ppl lot to learn fitness, Mother Nature &amp;  ......Life .|
155659213|163817624|1160959226606432259|#ManVsWild  @narendramodi edition is Trending on top in India, Worldwide trending at No2 , the way program is done tells how Modi &amp; India has become strong worldwide. https://t.co/F5f7l1PlNp|
155659213|163817624|1160889192911556608|#BiggestDebate Tonight 370 से कश्मीर को आज़ादीकांग्रेस की सोच निराशावादी ?कश्मीर पर जान क़ुर्बान कांग्रेस करे हिन्दू-मुस्लिम!    #AarPaar शाम 6.57 बजे https://t.co/XwyuNj8e6L|
155659213|163817624|1160769852820414464|सावन के चौथे सोमवार की शुभकामनायें ॐ नमः शिवाय 🙏|
155659213|163817624|1160761032530415616|Wishing everyone happiness, peace and prosperity #EidMubarak #EidAdhaMubarak 🙏 https://t.co/tIRPkiZnk2|
155659213|163817624|1160468566665302016|#SundayDebate @sambitswaraj #sushilpandit Vs @SalmanNizami_ #HafizLone कश्मीर में 370 इतिहास, अब सिर्फ़ विकास@narendramodi ने कश्मीर में कर दिखाया!मोदी की 56 इंच सीने वाली 'कश्मीर क्रान्ति'!#YehDeshHaiHamara 5:45PM @News18India https://t.co/ML0NaW2Dt9|
155659213|163817624|1160243718827520000|तीन महीने बाद सोनिया गांधी कांग्रेस अध्यक्ष बनी वैसे अध्यक्ष गांधी परिवार के बाहर का होना था राहुल गांधी के अनुसार । फिर भी ....... https://t.co/nldBF6Dttc|
155659213|163817624|1160241620677251074|सोनिया गांधी बनी कांग्रेस की अंतरिम अध्यक्ष , रात 11बजे कांग्रेस वर्किंग कमिटी की PC होगी ।|
155659213|163817624|1160188904592629764|#WeekendDebate कश्मीर में 370 इतिहास, अब सिर्फ़ विकासमोदी ने कश्मीर में कर दिखाया!मोदी की 56 इंच सीने वाली 'कश्मीर क्रान्ति'!#YehDeshHaiHamara 9PM @News18UP @News18MP @News18Rajasthan @News18Punjab @News18Bihar https://t.co/wrN2Q7DzpO|
155659213|163817624|1160184838617387008|NSA #AjitDoval in Anantnag Mkt latest video show Kashmir is coming back on track . https://t.co/UugfCUJ9TN|
155659213|163817624|1160118345301155841|NSA #AjitDoval in Anantnag Mkt latest video show Kashmir is coming back on track . https://t.co/6qpo8RjcVL|
155659213|163817624|1159803658055241728|#BiggestPublicDebate Tonight ‘मन्दिर मार्ग' में मुस्लिम पक्ष का रोड़ा!     राम मन्दिर के लिए और कितना इंतज़ार?   #AarPaar शाम 6.57 बजे https://t.co/1FNNtOUUVC|
155659213|163817624|1159533646321201152|आगरा में अच्छे अच्छे ठीक हो जातें हैं यह भी हो जायेंगे । https://t.co/d21FQqbpcd|
155659213|163817624|1159418237043580928|#BiggestDebate Tonight  कश्मीर में ‘नया सवेरा’कांग्रेस के लिए सियासी अंधेरा! कांग्रेस के लिए कश्मीरी बिकाऊ हैं?  #AarPaar शाम 6.57 बजे https://t.co/zShrJ55xAl|
155659213|163817624|1159116758487224320|#SuperDebate Tonight कश्मीर की गलियों में डोभाल का ‘हीलिंग टच’ ​कश्मीर में मोदी ने कर दिखाया #TakkarOnAwaaz  रात 8:57 बजे https://t.co/2FXkjOetQr|
155659213|163817624|1159069563251638272|#BiggestDebate Tonight #PakistanTrapped खाने को नहीं दाने चले इमरान ख़ान धमकाने!     370 पर मोदी-शाह का वारपाकिस्तान लाचार                   #AarPaar शाम 6.57 बजे https://t.co/N4iVumtcKN|
155659213|163817624|1158799103507292161|क्या पता था यह उनका आख़री दिन होगा सुषमा जी शानदार वक़्ता जानदार शख़्सियत।ईश्वर ने आपको जल्दी बुला लिया ॐ शांति 🙏 https://t.co/Ksc7CQDfSI|
155659213|163817624|1158755276553506817|#SuperDebate Tonight कश्मीर पर कांग्रेस की अलगाववादी सोच 370 पर बाजी मारीअब PoK की तैयारी! #टक्कर रात 8:57 बजे https://t.co/vDYYgExPC6|
155659213|163817624|1158703121406857219|#BiggestDebate कश्मीर पर कांग्रेस की ‘आत्मघाती सोच'!                     कश्मीर के नाम पर जान भी दाँव पर !                        #AarPaar शाम 6.57 बजे https://t.co/iQdZDpzdAN|
155659213|163817624|1158702377748369411|चौधरी जी यह भारत का विषय है आपकी और इमरान की भाषा वैसे एक कैसे हो सकती है ? क्या ये भी निजी राय की श्रेणी में आएगी ? https://t.co/kEyOqWGvO7|
155659213|163817624|1158439953338195968|ग़ुलाम नबी आज़ाद ने आज जिस क़दर 370 के लिये बैटिंग की है उस से कांग्रेस का स्कोर ज़रूर शून्य कर दिया है इतना अलगवादि नहीं बोले की ऐटम बम फोड़ दिया है । जब पंडित भगाये थे तब कौन सा बम था ?|
155659213|163817624|1158394758953226241|#SuperDebate Tonight बन गया इतिहास, 370 से कश्मीर आजाद​ कश्मीर से कन्याकुमारीएक हिन्दुस्तान, एक संविधान #टक्कर रात 8:57 बजे https://t.co/w1TIRgfShS|
155659213|163817624|1158333367668133888|#BiggestDebate Tonight #KashmirHamaraHai एक विधान, एक प्रधान, एक निशान                कश्मीर के  क्रान्तिवीर                      #AarPaar शाम 6.57 बजे https://t.co/PxghKQnNhx|
155659213|163817624|1158318732789161984|जिसके ऊपर ज़िम्मेदारी थी संसद में कांग्रेस के विरोध का मोर्चा संभालने की, वो खुद पार्टी छोड़ कर निकल लिए. भुवनेश्वर कलिता ने कांग्रेस छोड़ते हुए कहा कि आज की विचारधारा से लगता है कि कांग्रेस आत्महत्या करने की तैयारी में है. #KashmirParFinalFight https://t.co/iEx4LNRTTX|
155659213|163817624|1158260265420578816|अब जम्मू-कश्मीर केंद्र शासित प्रदेश होगा. लद्दाख को जम्मू-कश्मीर से अलग किया गया और वो भी केंद्र शासित प्रदेश होगा । #Kashmir|
155659213|163817624|1158256628707340288|कश्मीर से कन्यकुमारी देश एक है जयहिंद|
155659213|163817624|1158255822612422656|@narendramodi सरकार ने 35A और 370 हटाया @AmitShah ने बिल पेश किया ।|
155659213|163817624|1158254522906677248|@AmitShah राज्य सभा मे : आर्टिकल 370 के सभी खण्ड लागू नही होंगे, राष्ट्रपति से बदलाव की सिफारिश की । #KashmirSolution|
155659213|163817624|1158248436904468485|@AmitShah nation awaits your statement as Kashmir heads for solution.|
155659213|163817624|1158074325158834177|कश्मीर में जय हिंद और जय हिंद की सेना होगा । क़समीरियत ख़ालिस हिंदुस्तानी होगी अब । वहाँ के ‘सियासी ख़ानदान’ अफ़वाह न फेलाएँ ।|
155659213|163817624|1157325481374572546|Surender Nagar आ रहें हैं https://t.co/yyucyk3KL4|
155659213|163817624|1157276360987086848|#ComingUp on #PublicDemand @sambitswaraj &amp; @sonal_mansingh Vs #NaseerAbdullah &amp; #ShoiabJamai https://t.co/chx00z3ZxG|
155659213|163817624|1156847209796833280|#BiggestPublicDebate Unmissable मुस्लिम महिलाओं को आज़ादी इस्लाम पर ख़तरा कैसे?                     #AarPaar शाम 6.57 बजे https://t.co/4Z85PpQ1l8|
155659213|163817624|1156528666538438656|#BiggestPublicDebate तीन तलाक़ का अन्त, अब 35A की बारीराम मन्दिर की भी तैयारी?                           मोदी हैं तो मुमकिन है!             #AarPaar शाम 6.57 बजे https://t.co/5i75wH4YRL|
155659213|163817624|1156513780551098368|अब टाइगर के स्टैचू भी मिलें हैं चोरी वाले । https://t.co/ScPw7uGPpw|
155659213|163817624|1156468080970629120|आज़म खान की जौहर यूनिवर्सिटी में मदरसा आलिया से चोरी हुई किताबें और अलमारी मिली है । अब इन्हे क्या कहा जाए ? चोर-ए .........!!!|
155659213|163817624|1156224058855309313|मुस्लिम महिलाओं को इंसाफउन्नाव की बेटी को कब? #TrippleTalaqBill|
155659213|163817624|1156219417186881536|#SuperDebate #UnnaoCase मोदी राज में मुस्लिम महिलाओं का 'मंगल' ​मुस्लिम महिलाओं को इंसाफउन्नाव की बेटी को कब? #टक्कर रात 8:57 बजे https://t.co/mOBiFVmCjd|
155659213|163817624|1156160670339149824|#BiggestDebate #TripleTalaqBill  मुस्लिम महिलाओं कोमोदी भाईजान का तोहफ़ा  15 अगस्त से पहले'तीन तलाक़ मुक्त' भारत   #AarPaar शाम 6.57 बजे https://t.co/kV7ms43OTw|
155659213|163817624|1155859814200696833|#SuperDebate Tonight 15 अगस्त पर कश्मीर से शुभ समाचार!पटेल का ख्वाब पूरा करेंगे शाह! #टक्कर रात 8:57 बजे https://t.co/kPL0xaYjts|
155659213|163817624|1155808675371483137|#BiggestDebate #KashmirModiPlan कश्मीर में ऐतिहासिक भूल काहोगा सुधार?                                     मोदी शाह की 'कश्मीर क्रान्ति''जन्नत' में लौटेगी पूर्ण शान्ति #AarPaar शाम 6.57 बजे https://t.co/PN8DuDXqgM|
155659213|163817624|1155487540134256640|Trump , Putin &amp;  @narendramodi now this is worlds political order for India it is not small thing . https://t.co/CK7uDTEtgY|
155659213|163817624|1155382038184243200|#SundayDebate @sambitswaraj @sonal_mansingh Vs  #NasirAbdulah #ShoaibJamai मोदी सरकार पर ‘सिलेक्टिव’ प्रहार!49 बुद्धिजीवी VS 61 कलाकार!‘राम’ को किया बदनाम......#YehDeshHaiHamara 5:45PM @News18India https://t.co/Znvo9BGa5C|
155659213|163817624|1155029408077549570|#SaturdaySpecial मोदी सरकार पर ‘सिलेक्टिव’ प्रहार!49 बुद्धिजीवी VS 61 कलाकार!‘राम’ को किया बदनाम......#YehDeshHaiHamara 9PM @News18Rajasthan @News18MP @News18Bihar @News18Punjab @News18UP https://t.co/mPkWo5OJQV|
155659213|163817624|1154743391906721794|#BiggestPublicDebate'अवॉर्ड वापसी गैंग' को आईना!          Round 1....2...3 और फ़ाइनल राउंड एक बेहद नए अन्दाज़ में #AarPaar शाम 6.57 बजे https://t.co/QYMlnecf5p|
155659213|163817624|1154718573517873153|#BiggestPublicDebate Tonight 'बुद्धिजीवी ब्रिगेड' पर 61 कलाकारों की 'स्ट्राइक'!    'अवॉर्ड वापसी गैंग' को आईना!          एक बेहद नए अन्दाज़ में #AarPaar शाम 6.57 बजे https://t.co/xmoPGgwo3w|
155659213|163817624|1154355418795167746|#BiggestDebate Tonightमुस्लिम महिलाओं की आज़ादी विपक्ष को नामंज़ूर?           तीन तलाक़ से मुक्ति के ख़िलाफ़विपक्ष का 'महागठबन्धन'!                 #AarPaar शाम 6.57 बजे https://t.co/Cq5RVaCZSr|
155659213|163817624|1154045426653204480|#SuperDebate Tonight कर्नाटक में ‘हाथ’ की सफाई से कांग्रेस को सबक? कर्नाटक झांकी मध्य प्रदेश, राजस्थान बाकी? #टक्कर रात 8:57 बजे https://t.co/D1njgDs1HS|
155659213|163817624|1153998682347339778|#BiggestDebate #IntoleranceGangExposed ‘इन्टॉलरेंस' बहाना मोदी सरकार निशाना?               राम के नाम पर बुद्धिजीवियों की 'बारूदी चिट्ठी'! #AarPaar शाम 6.57 बजे https://t.co/1INLJicvpC|
155659213|163817624|1153900674217926656|आप बीमार हैं जल्दी स्वस्थ हों https://t.co/QXGe2igK37|
155659213|163817624|1153722995891986437|यह कराटे भी जानते है क्या ? https://t.co/vW91SX8smZ|
155659213|163817624|1153690444837974016|A small mistake happened in today’s Aar Paar show due to system error. Wrong image of MEA spokesperson was aired for few seconds. However, it was corrected soon. We regret error.|
155659213|163817624|1153683080529375232|#SuperDebate #KarnatakaTrustVote कुमारस्वामी सरकार का काम तमाम कर्नाटक में खिलेगा कमल! 'कांग्रेस मुक्त' कर्नाटक #टक्कर रात 8:57 बजे https://t.co/rxkv0aumSG|
155659213|163817624|1153648401323569152|#BiggestDebate Tonight #TrumpKashmirLie मोदी के सच से ट्रम्प बेनक़ाब         राहुल को ट्रम्प का झूठ क़ुबूल है?    #AarPaar शाम 6.57 बजे https://t.co/RcpP7DtjFt|
155659213|163817624|1153276234115108866|#BiggestDebate Tonight 'गन'तंत्र के लिए भड़काओसियासत चमकाओ!                          बन्द करो बँटवारे की 'दुकान'         #AarPaar शाम 6.57 बजे https://t.co/08cMc0uFjp|
155659213|163817624|1152530904352526336|दिल्ली कांग्रेस अध्यक्ष #SheilaDixit का ओखला स्तिथ एस्कॉर्ट में निधन, आज सुबह एस्कॉर्ट अस्पताल में कराया गया था भर्ती । #RIP|
155659213|163817624|1152476339871657985|#SaturdaySpecial घुसपैठियों पर शाह की 'सर्जिकल स्ट्राइक'‘इंच-इंच ज़मीन' से घुसपैठिए होंगे बाहर!#YehDeshHaiHamara 9PM @News18Bihar @News18Rajasthan @News18UP @News18Punjab @HindiNews18 @News18MP https://t.co/s8ektRx4pf|
155659213|163817624|1152194389210521600|#BiggestPublicDebate Tonight घुसपैठियों के लिए 'धर्मशाला' नहीं है हिन्दुस्तान      'इंच-इंच ज़मीन' से घुसपैठिए होंगे बाहर!      #AarPaar शाम 6.57 बजे https://t.co/QJsEcsWKnc|
155659213|163817624|1152192499731111936|#BiggestPublicDebate Tonight घुसपैठियों के लिए 'धर्मशाला' नहीं है हिन्दुस्तान      'इंच-इंच ज़मीन' से घुसपैठिए होंगे बाहर!      #AarPaar शाम 6.57 बजे https://t.co/MSSqkEGlO2|
155659213|163817624|1152041056248238082|कर्नाटक में जो कल स्पीकर ने किया वो क्या लोकतंत्र कि रक्षा है क्या ? पर Champion मौन है ।|
155659213|163817624|1151823497724755970|#BiggestDebate‘जय श्री राम' पर झूठा बवाल'हनुमान चालीसा' पर भी सवाल!  हनुमान चालीसा पर 'संग्राम'बंगाल में हालात... हे राम ! #AarPaar शाम 6.57 बजे https://t.co/cKycYYGuku|
155659213|163817624|1151448087862419456|#BiggestPublicDebate Tonight #KulbhushanVerdict नया पाकिस्तान नया हाफ़िज़ ड्रामा  फिर होगी पाकिस्तान की'इंटरनैशनल पिटाई'!               सच का बोलबाला पाकिस्तान का मुँह काला       #AarPaar शाम 6.57 बजे https://t.co/9OGfoqmiB1|
155659213|163817624|1151103588233465856|#BiggestDebate Tonight कांग्रेस के भविष्य पर छाया संकट!       'मुस्लिम प्रेम' पर कांग्रेस सांसद का पार्टी को आईना                                    कांग्रेस का द ग्रेट कर'नाटक'  #AarPaar शाम 6.57 बजे https://t.co/P6XuR6Ke5y|
155659213|163817624|1150986503683739648|Are tribals not Hindu’s why we keep on dividing Hindu’s only . Not fair analysis. https://t.co/LgrmztS9OW|
155659213|163817624|1150833588016943109|कहाँ है तमाम लोग इस पर क्या कहेंगे FOE के champion , सब चुप । चुनाव में फ़ायदा हुआ नहीं तो चैनल बंद  । https://t.co/J0tYDmb1BS|
155659213|163817624|1150831170441142272|कांग्रेस के दो विकल्प हो सकते हैं  1) #BackToSonia 2) #PriyankaGandhiTakesCharge दोनो में परिवार रहेगा As Per Sr sources|
155659213|163817624|1150828378020294656|आज Owaisi जी सामना @AmitShah से हो गया देखने वाला था सिर्फ़ 2 मिनट का था उसी में डर लग गया । https://t.co/5kXOgdEQaT|
155659213|163817624|1150785578905960448|#SuperPanel Tonight #CongressCrisis 50 दिन बीते, कांग्रेस को नेता नहीं सूझे!  देखिए #TakkarOnAwaaz में रात 8:57 बजे https://t.co/kCJ4z6S0bc|
155659213|163817624|1150746956748115968|#BiggestDebate Tonight #OwaisiKiClass  “देश के साथ कौन, गद्दार कौन ?"​ मज़हब के नाम पर 'डर' का एजेंडा   #AarPaar शाम 6:57 https://t.co/f4hgjnrC4p|
155659213|163817624|1150476668907196416|वर्ल्ड कप चैम्पीयन बनी England पहले मैच टाई फिर सुपर ओवर में भी टाई बाउंड्री ज़्यादा होने की वजह से जीता । #NewZealand को सलाम शानदार गेम के लिये । #CWC19Final|
155659213|163817624|1150433234171416576|अगर वीर सावरकर ग़लत थे तो आपके Great Grand Father की तारीफ़ कैसे सही ? #Logic वैसे आप बहुत अच्छे लेखक हैं । https://t.co/RaA63xJrVv|
155659213|163817624|1150351925520547845|एक महीने पहले इस्तीफ़ा दिया था किसको पर ? अध्यक्ष तो कोई नहीं था । यह इस्तीफ़े से ज़्यादा फ़रमान लगता है । https://t.co/2hvRHVb3ih|
155659213|163817624|1150337405037228032|Look at your language and you calling me fascist . Get well soon . https://t.co/kjYNAmEEuL|
155659213|163817624|1150313618346524672|#SundayDebate  @sambitswaraj Vs #Rashidi देशविरोधी नारे फिर भी 'डर' के मारे कौन डर रहा है - कौन डरा रहा है?#YehDeshHaiHamara 5:45PM @News18India https://t.co/1l8poZt9Gn|
155659213|163817624|1150225327890632704|Omar ji it’s symbolic to make ppl aware , so ppl get inspired . If we can’t be positive let’s be neutral . 🙏 https://t.co/DP95ydDHLa|
155659213|163817624|1150022245051277312|#WeekendDebate देशविरोधी नारे फिर भी 'डर' के मारे कौन डर रहा है - कौन डरा रहा है?#YehDeshHaiHamara 9PM @News18UP @News18Bihar @News18Rajasthan @News18Punjab @News18MP https://t.co/lThBgiTKZu|
155659213|163817624|1149644973815394305|#BiggestDebate #DarKiDukaan @sambitswaraj Vs #Rashidi चुनाव हारे तो डर की सियासत के सहारे?   कौन डर रहा है ? - कौन डरा रहा है?#AarPaar 6:57 बजे @News18India https://t.co/VITCSQSgm3|
155659213|163817624|1149338206778691584|#SuperFaceOff #CongressCrisis कांग्रेस मुक्त भारत कितना दूर?कांग्रेस का क्या होगा? #टक्कर का स्पेशल शोरात 8:57 बजे https://t.co/4aTWkyGaa2|
155659213|163817624|1149280917786988545|#BiggestDebate #CongressCrisis पंजे वाली पार्टी में भागम भाग देख तमाशा कांग्रेस का !#AarPaar शाम 6:57 बजे https://t.co/AsAG9bIyxz|
155659213|163817624|1149187392957538304|@bhupendrachaube wishing you a very Happy Birthday.|
155659213|163817624|1149018741432291330|What happened to your hand ? https://t.co/DKQvLPu8OG|
155659213|163817624|1148971858143748096|#SuperDebate Tonight #AwardWapsiGangBJP-RSS का ‘डर’ दिखाओ, अपनी दुकान चलाओ!अवार्ड वापसी गैंग का ‘RSS फोबिया’ #टक्कर रात 8:57 बजे https://t.co/kuIDBKbTS2|
155659213|163817624|1148908182074515456|To be part of the Indian Team , you don’t need to be in the team. It’s time to go beyond just being a fan of the Indian Cricket team, it’s time to be their 12th man! #BeThe12thMan #CWC19 #CricketWithCoke|
155659213|163817624|1148894530227310592|#BiggestDebate Tonight #DarKiDukaanहिन्दुस्तान को कर के बदनामहोगा नाम?                       देश में 'डर की दुकान' का ठेकेदार कौन?                   #AarPaar शाम 6.57 बजे https://t.co/SE13bAmpJH|
