155659213|70118786|1177586347810254854|कोई कल्पना कर सकता है कि सेना को आतंकवादियों जैसा कहने का कारनामा हमारे ही देश के फिल्मकारों का है? हाल ही में आई वेब सीरीज़ #FamilyMan फिल्मों/TV धारावाहिकों के बाद भारत विरोध और #jihad_for_kashmir का ये बिल्कुल नया रूप है!@PrakashJavdekar@AmitShah https://t.co/vfRarIBCSn|
155659213|70118786|1176800275882860544|'युगों में जन्म लेते हैं पंडित दीनदयाल उपाध्याय जैसे लोग.उनका चिंतन राष्ट्र को आत्मनिर्भर बनने की प्रक्रिया में प्रत्येक भारतीय नागरिक के लिये मन्त्र के समान है।'@prahladspatel का विशेष लेख। https://t.co/L2zkOVFdrL|
155659213|70118786|1176446618368790528|@ShashiTharoorऔर अगर यह जानना चाहते हैं कि शादी ब्याह में रंग जमाने से लेकर बाल केंद्रों तक का इस्तेमाल करते हुए भीड़ जमा करने के लिए सोवियत  प्रचार विभाग कैसे दौड़ाया जाता था, तो रूसी जासूस यूरी बेजमेनोव को सुनिये, जिन्होंने इसके लिए जीतोड़ काम किया था। https://t.co/h4aD7LpN52 https://t.co/lykpxQg4z3|
155659213|70118786|1175687241848328192|तिज़ारत के ख्याल बहुत हैं लेकिन कितने गधे बेचोगे  @ImranKhanPTI😉#Pakistanपाकिस्तान ने बिना किसी यात्री के उड़ा दिए 82 विमान, लगी 18 करोड़ की चपत https://t.co/lHH8qUiiA8|
155659213|70118786|1175429962330849280|कांग्रेस स्थापना दिवस 28 दिसंबर पर पार्टी को नया office मिल जाएगा। इस मुख्यालय में 2 गेट हैं। एक कोटला रोड की ओर  दूसरा DDU road पर। दीनदयाल से कतराने वाली पार्टी ने कोटला रोड को main gate बनाना तय किया है। लेकिन सच है कि  दीनदयाल के मार्ग पर आए बगैर अब किसी का काम नहीं चलेगा।;)|
155659213|70118786|1174709824824545281|क्यों, अब ठीक है! 'ओला-उबर की वजह से युवा अब कार खरीदना जरूरी नहीं समझते और इसकी जगह वे ज्यादा पैसा गैजेट्स पर लगाते हैं. वित्त मंत्री निर्मला सीतारमण का हाल का बयान 'सही' है.'-आर.सी. भार्गव, चेयरमैनमारुति सुजुकी इंडिया#NirmalaSitharaman#OlaUber  https://t.co/UwU4NTI01r|
155659213|70118786|1173947037936566274|@anandmahindra Out of the box design. ये मामूली डिजाइनर के 'बस' की बात नहीं!|
155659213|70118786|1173882310971641856|@ImranKhanPTI  का कहना है कि कश्मीर में लोगों को दवाएं नहीं मिल रहीं जीना मुहाल है। अभी श्रीनगर से लौटा हूँ। रैनावाड़ी में दवा की दुकानों पर भीड़, लाल चौक के करीब स्थानीय बाजार, तमाम ATM सब खुला हैजिन्हें सब बन्द दिख रहा है वह मानते हैं कि लोगों के दिमाग बन्द हैं।#KashmirIssue https://t.co/aUNMgYSre1|
155659213|70118786|1169101267840323584|लीजिए... ये है रोमिला थापर का असली सीवी: https://t.co/gdgubFndye via @|
155659213|70118786|1168794749458739202|RSS के लिए ISI रुट से  'फंड रेजिंग' करते कार्यकर्ता।#digvijayasingh https://t.co/IwEN7S2LmY|
155659213|70118786|1168359884645027841|सभी को श्री गणेश चतुर्थी की हार्दिक शुभकामनाएं। गणेश जी हम सभी के विघ्नों को हर कर सुख एवं समृद्धि प्रदान करें। गणपति बप्पा मोरया 🙏|
155659213|70118786|1168049012642942976|हैरानी नहीं कि अब दुनिया में पाकिस्तान के अस्तित्व से जुड़े बुनियादी पहलुओं पर मंथन शुरू हो जाए। इस मंथन का पहला सवाल यह होगा कि शेष विश्व के लिए पाकिस्तान आखिर है क्या?#ImranKhan #KashmirAtDecisionPoint https://t.co/mDyMmYcfQ8|
155659213|70118786|1167813376707153920|शशि थरूर की पत्नी सुनंदा पुष्कर की संदिग्ध  मौत के मामले में बकौल सुनंदा  की दोस्त नलिनी सिंह - थरूर और पाकिस्तानी पत्रकार मेहर तरार जून 2013 में दुबई के होटल में तीन रात ठहरे थे।(बहरहाल, आजकल थरूर कांग्रेसी आलाकमान की त्योरियों के बावजूद 'सरकार साधना' मन्त्र का जाप कर रहे हैं)|
155659213|70118786|1167737620446629888|लाहौर के ननकाना साहिब इलाके  से जबरन धर्मांतरण और निकाह के बाद गायब होने वाली सिख लड़की के भाई ने  कहा,' मेरी बहन अब तक  नहीं लौटी है.  मामले में  कोई गिरफ्तारी भी नहीं हुई है. मैं इमरान , आर्मी चीफ और पंजाब गवर्नर से न्याय की अपील करता हूं .''(इमरान के दोस्त सिद्धू कहाँ हैं?)|
155659213|70118786|1167666101632872448|Himachal passes Bill against ‘forced conversion’As per the Bill, anyone seeking to convert will need to give a month’s notice to the district magistrate, stating that the person is converting on his/her own.|
155659213|70118786|1167665015278723072|Barkha dutt : As India continues to notch up diplomatic win after win when it comes to J &amp; K issue, Pakistan is left with just one option: to stoke another Pulwama-like attack within the Kashmir valley or, dare I say, a big, impactful terror attack elsewhere in the country,|
155659213|70118786|1167664420388036609|Analysing what Pakistan could do after being diplomatically pulverised by India over the Kashmir issue, Barkha Dutt, an Indian journalist, has said that Pakistan has no option but to instigate terrorist attacks in India.|
155659213|70118786|1167471073614413824|वीर सावरकर, जिन्हें दोहरे आजीवन कारावास की सजा हुई, कांग्रेस उन्हें वीर नहीं मानती. राजस्थान की कांग्रेस सरकार के अनुसार न  सावरकर ‘वीर’ थे और न महाराणा प्रताप ‘महान’। https://t.co/tfhPYeWiUb|
155659213|70118786|1162325203898126336|अजातशत्रु। जननायक। शिखर-पुरुष...कितने ही विशेषणों से संबोधित कर सकते हैं हम भारतीय राजनीतिक-साहित्यिक-सामाजिक जगत की महाविभूति मुदितमना #अटल_बिहारी_वाजपेयी को https://t.co/8CmcI1l0M2|
155659213|70118786|1162324716503179266|चीन को आगे कर #UNSC बैठक का पैंतरा या अफगानिस्तान में फंसे अमेरिका की बांह कश्मीर पर ऐंठने को तैयार पाकिस्तान ने अमेरिका को जताया है कि बदली परिस्थितियों में उसे अफगानिस्तान सीमा से हटाकर अपने सैनिक कश्मीर से लगती सीमा पर भेजने पड़ सकते हैं। वैसे उसकी इन चालों का भी पिटना तय है। https://t.co/ZdghmU4tLw|
155659213|70118786|1161881113033236481|तान नए भारत की, गान नए भारत का।सभी हों संकल्पित कदम मिलाकर चलने के लिए।#राष्ट्ररक्षासंकल्पदिवस#iAmProudOfMyBharat https://t.co/fW0XQCPuvC|
155659213|70118786|1161881087557033984|क्या आप जानते है?-राजगुरू राष्ट्रीय स्वयंसेवक संघ की मोहिते बाड़े शाखा के स्वयंसेवक थे।#राष्ट्ररक्षासंकल्पदिवस#iAmProudOfMyBharat https://t.co/dxgAVMpRM4|
155659213|70118786|1161283279531708417|रस्सी जल गई, बल नहीं गए! https://t.co/31IUkAhzCz|
155659213|70118786|1160923158070738946|Javed Ahmad Ghamidi is not a Modi, BJP or RSS supporter. He is aQuran scholar Pakistani Muslim. Listen carefully what he said about madarsas and crazy Islamists.पाकिस्तान में बोला जा सकता है, भारत में बोलते तो क़यामत आ जाती। https://t.co/ZeWJsluWAT|
155659213|70118786|1159833402440183811|हमने ईस्ट पाकिस्तान की जंग हारी थी, मैं इस पर नहीं जाना चाहता। इसके बहुत से मसले हैं, लेकिन हमारा आधा अंग टूट चुका था। इसी तरह आज हमारा कश्मीर का आधा अंग टूट चुका है : आसिफ अली जरदारी https://t.co/b7jvgO9BLw|
155659213|70118786|1159408913676025856|'सुराज' आया 'सुषमा' चली गईं: https://t.co/xy1DO30tgk|
155659213|70118786|1158582771519877120|पुरानी बातें, नई सूरते हाल।#Article370 https://t.co/cPmbXpAKdf|
155659213|70118786|1158281875292430336|कश्मीरी अलगाववादी -आज़ादी का मतलब क्या?अमित शाह बीच में रोकते हुए-ला, लद्दाख इधर ला..#Article370|
155659213|70118786|1158269737454845953|केसर क्यारी की कलियों में नागफनी धरने वालो,नंदनवन की पुण्यधरा में रक्तबीज रखने वालों,एक देश मे दो विधान  की ओ रचना करने वालो....जहां हुए बलिदान मुखर्जी वो कश्मीर हमारा है।@AmitShah @narendramodi@PMOIndia#Article370 #Article370revoked|
155659213|70118786|1157331066090184705|Terror has no religion.आतंक का कोई मजहब नहीं होता।#ISLAMISTS https://t.co/bfe3GU91vc|
155659213|70118786|1156085124351401984|Shameless and Painless. She is saying, "it was beautiful to have them die in this (Baptized at deathbed) way"https://t.co/EjHpLShjei|
155659213|70118786|1155858902371586048|बलूचिस्तान की आजादी के लिए लड़ रहे डॉ. अल्लाह निजार बलोच ने ट्रंप  को चिट्ठी लिखकर कहा कि बलोच आतंकी नहीं हैं। अगर ताकत से अंग्रेजी हुकूमत को उखाड़ फेंकने का संकल्प करने वाले जॉर्ज वाशिंगटन को भी आतंकी मान लिया गया होता तो अमेरिका आजाद होता!https://t.co/9sw8iPVISQ#Balochistan|
155659213|70118786|1155835885293727744|देश के विभिन्न राज्यों में हर साल आने वाली बाढ़ ही समस्या है या समस्या कुछ और है। दरअसल बाढ़ का पानी अगर समस्या रहा होता तो लोग हर साल बाढ़ में डूबने वाले इलाके छोड़ कर कम पानी वाले इलाकों में चले गए होते |https://t.co/t1Qg5jVIrZ#Floods2019|
155659213|70118786|1155835663607930880|#JaiShriRam https://t.co/fU4LZqlKrg|
155659213|70118786|1155475614914109441|हिन्दू शिल्पकला का एक छोटा सा नमूना,पत्थर की श्रृंखला (चेन)।The stone chain at the Varadharaja Perumal Temple. Kanchipuram, Tamil Nadu, BHARAT (India) https://t.co/vYfeC3zIx4|
155659213|70118786|1155475591845408769|जयपाल रेड्डी यानी वह शख्स जो राजनीतिक पारदर्शिता की वजह से न तो सोनिया और न ही मनमोहन सिंह का करीबी बन सका। आज अम्बानी-अडानी राज का आरोप लगाने वालों को जानना चाहिए कि जब रेड्डी ने मुकेश अंबानी पर सख्त हुए तो सोनिया ने  उनका मंत्रालय ही बदलवा दिया था!#JaipalReddy|
155659213|70118786|1153669855142264832|@ArvindD39424719 ऐसी किस्से सुने हैं, तथ्य नहीं मिले।तथ्य मिलें तो साझा करें।|
155659213|70118786|1153669225233256449|@_KapishGoyal आहत न हों, किसी भी चित्र की सकारात्मकता-नकारात्मकता शेष सामग्री में निहित तथा उसी से परिभाषित होती है।|
155659213|70118786|1153246238814269443|कुछ रोज़ पहले की बात है। ...इससे  कुछ रोज़ और पहले बेईमान भी बताया था। https://t.co/Ziy5bcotN4 https://t.co/ghGUgUEj6S|
155659213|70118786|1152956794232115201|If you don't like this country, you can leave.. 👌 https://t.co/42xWp4itqx|
155659213|70118786|1152052091457695744|Shame!15th century Brundavana of Saint Vyasaraja Swamy, Rajaguru of Vijayanagara Emperor Krishnadevaraya – was desecrated &amp; destroyed in Hampi@AmitShahhttps://t.co/fratcgW4dS|
155659213|70118786|1151804559997562880|केरल वन विभाग ने केंद्र सरकार को पर्यावरण पर्यटन से जुड़ी एक रिपोर्ट सौंपी है, जिसमें शबरीमला में भजन-कीर्तन को ‘ध्वनि प्रदूषण’ और तीर्थस्थल को ‘पर्यावरण के लिए खतरे’ की सूची में डाला गया है।https://t.co/n3nkeVb7qz|
155659213|70118786|1151709414333636608|@Pushback_stream @yesmrsuraj @Y_mahaakaal @keith_zta @esha1970 @Singhs__Queen @roro_domo_255 @Aabhas24 @KADDUUUU1 @PetaIndia @Awadheshkum @ShekharIyer9 @roshangaur @prafullaketkar Good, now u r talking like Hindu,appreciate. सर्वे भवन्तु सुखिनः सर्वे सन्तु निरामयाः, सर्वे भद्राणि पश्यन्तु मा कश्चिद् दुःख भाग्भवेत्। ॐ शांतिः शांतिः शांतिः Hindu is well-wisher 4 all (n not just for Hindus, quote some wise thoughts frm Quran (I hope its not full of hate)|
155659213|70118786|1151500880459395072|Don't consider following as news, it is mentality...9 साल की बच्ची से रेप के आरोप में AMU का मौलवी गिरफ्तारhttps://t.co/t8buVBY3O7For them 9yr girls r marriage materialhttps://t.co/ActNwU2YQr|
155659213|70118786|1148595831152549888|प्रेमजाल में फंसाकर आरोपी परवेज खान ने हिन्दू युवती से किया रेप, गर्भवती हुई तो करवाया अबॉर्शन, रचाई फर्जी शादी.https://t.co/oxBQNUTGYTvia @GoogleNews|
155659213|70118786|1148225087255928834|Driver of the year🚜🚜👇🏾👇👇🏾👇👇🏾 https://t.co/fmk6JkCll3|
155659213|70118786|1148157515424645120|नेहरू के लेखक होने से इनकार नहीं किन्तु वे न शिक्षाविद थे न इतिहासकार। हैरानी है कि उनकी लिखी, इतिहासकारों द्वारा खारिज किताब की टीका 2019 में भी  बच्चों को रटाई जा रही है!इतिहास को इतिहास और किताब को किताब रहने दो। बाजार से शेल्फ तक की दूरी कोई किताब अपने दम तय करे तो ही अच्छा! https://t.co/kGiTLwIVxP|
155659213|70118786|1146620055083352066|5 जुलाई शाम को सोनिया और राहुल इंग्लैंड जा सकते हैं, रॉबर्ट वाड्रा और प्रियंका पहले से वहां हैं....|
155659213|70118786|1143784798034382848|इंसान के हाथों की बनाई नही खातेहम आम के मौसम में मिठाई नही खाते https://t.co/58jE8boKLy|
155659213|70118786|1143057448342675456|दारुल उलूम देवबंद के फतवे के अनुसार 'भारत माता की जय' बोलने पर मनाही है. ईद पर गले मिलना- इस्लाम की नजर में अच्छा नहीं है.https://t.co/vo6SmUeSz6|
155659213|70118786|1142365896951754752|Another take on the Gandhi tweet... NEW INDIA vs OLD INDIA https://t.co/rPMHUa79LO|
155659213|70118786|1141198038615986177|@nitin_gadkari https://t.co/xFinpUiHA5|
155659213|70118786|1141049059358068736|जहां कुछ लोग दिल्ली #SikhDriver मामले को उन्माद की आग में झोंक रहे थे वहीं कुछ 'अमृतधारी' शांत भाव से सही-गलत का अंतर और इस तरह की घटनाओं के बड़े खतरे बता रहे थे।जरूरत के वक़्त सराहनीय पहल।! https://t.co/fKusQeOJ0i|
155659213|70118786|1140886483777142784|ये हुई ना बात! भारतीय भाषाएं बढ़ेंगी तो बढ़ेगा भारतीय विचार।नई पहल के लिए खूब बधाई.. @balendu @Microsoft @Windows https://t.co/T1CFcGAeBk|
155659213|70118786|1139215406726430720|@ArvindKejriwal https://t.co/kzH6cPOQsY|
155659213|70118786|1138759949134180352|मोमबत्ती की रोशनी में सेकुलरिज्म और प्रगतिशीलता।#AligarhMurderCase https://t.co/ZZ2XIIwj4i|
155659213|70118786|1138427551074754560|पाञ्चजन्य पढ़ें, राष्ट्रीय विचारों से जुड़ें।@epanchjanya https://t.co/Sv5nZ4FMKM https://t.co/7w7dajXqgX|
155659213|70118786|1138427426428428289|पाञ्चजन्य पढ़ें, राष्ट्रीय विचारों से जुड़ें।@epanchjanya https://t.co/Sv5nZ4FMKM https://t.co/ynamaYcJMe|
155659213|70118786|1138427303694725122|पाञ्चजन्य पढ़ें, राष्ट्रीय विचारों से जुड़ें।@epanchjanya https://t.co/HkgvmS40pb|
155659213|70118786|1138427246740267009|पाञ्चजन्य पढ़ें, राष्ट्रीय विचारों से जुड़ें।@epanchjanya https://t.co/7r4UJVqT6Y|
155659213|70118786|1138427189601288193|पाञ्चजन्य पढ़ें, राष्ट्रीय विचारों से जुड़ें।@epanchjanya https://t.co/TEZCl9qkBL|
155659213|70118786|1137224583797284865|सेकुलरिज्म का नक़ाब खींचते ही फ़ेक न्यूज़ का हल्ला मचाने वह पहुँचे जिन्होंने अपनी पहचान छिपा रखी है. https://t.co/bALq99Ds7v|
155659213|70118786|1137221602402193408|@journo_jitendra @RSSorg आपने मुझे साधिकार टैग किया अच्छा लगा किंतु उस महिला पत्रकार और वक़ील को टैग क्यों नहीं किया?|
155659213|70118786|1137205605754580993|बाड़मेर/ जनप्रतिनिधियों की नहीं सुनने पर बोली एसपी, ओ! मिस्टर मैं कांग्रेस कार्यकर्ता नहीं हूं, गलत काम नहीं होने दूंगी.https://t.co/t5NxG7Kqs8via @GoogleNews|
155659213|70118786|1137200097697996800|निर्भया के बलात्कारी को सिलाई मशीन देने वाले, केरल की जिगिषा की मौत दबा देने वाले, #Aligarh के हत्यारे-बलात्कारी हैवानों को पहचानने के बाद चुप्पी ओढ़ें तो नया क्या है!सेकुलरिज्म का निशान टोपी और सलीब है, इसलिए आतंक और अपराध का (हिन्दू के अलावा) कोई मजहब नहीं होता। https://t.co/rB7XvMiMvE|
155659213|70118786|1137197300873195520|कचरे वाला नहीं, सफाई वाला : सोच बदलो, देश बदलेगा! #NewIndia #IndiaFirst #SwachhBharat https://t.co/BtmkRR3hNe|
155659213|70118786|1137194380404518912|जनता जाति को नकार रही है, जातीय गठबंधनों को बुहार रही है, लेकिनमीडिया है कि मानता नहीं! https://t.co/HQqA1s6qKP|
155659213|70118786|1136934932998057984|ऐसा हो तो अच्छा। https://t.co/KsztToqVr7|
155659213|70118786|1136158548914630656|@mipatel_ बात भाजपा, राजनीति या सेकुलरिज्म पर नहीं इस्लामी छद्म और वास्तविकता पर हो रही है। सन्दर्भ समझे बिना टिप्पणियों का कोई अर्थ नहीं।|
155659213|70118786|1136157475319603201|भारत में चांद कमेटी, मीनारों की चढ़ाई जैसे टोटकों की क्या जरूरत?ईद के चांद की गणना के लिए  हिन्दू ज्योतिष से बढ़िया क्या है! इससे दुनिया को ठीक 'गंगा-जमनी' सन्देश दिया जा सकता है। इससे पहले कि मौलाना मुसलमानों के लिए 'पंचांग के चांद' को भी हराम बता दें प्रगतिशील पहल  होनी चाहिये!|
155659213|70118786|1135914023357038592|@mipatel_ बात फ़ैज़ सैयद की हो रही है।|
155659213|70118786|1135785114468675585|अब हिन्दू ईद की बधाई देने से कतराएं तो दोष हिंदुओं को नहीं ऐसे मौलानाओं को देना होगा। यदि मौलाना की बात और नज़रिया इस्लामी कसौटी पर जायज ठहरे तो इंसानियत और भाईचारा खत्म करने का दोषी इस्लाम है।https://t.co/dHAC5Z9Bmz|
155659213|70118786|1134084383462158337|@rashtrapatibhvn17 वीं लोकसभा के लिए प्रधानमंत्री @narendramodi_in तथा मन्त्रिमण्डल का शपथ ग्रहण समारोह शुरू होने को है.. https://t.co/jPKcna0g3h|
155659213|70118786|1134053316202119168|कश्मीर में पत्थरबाज RSS के आदमी है :- पत्रकार माजिद हैदरीतो गोली मार दो उनको, हमको बिल्कुल ऐतराज नही होगा…😂😂😂|
155659213|70118786|1133913193770655744|'वो' तो बहुत काम करना चाहते हैं लेकिन 'कोई' उन्हें काम करने दे तब ना!https://t.co/kWiflNCePW|
155659213|70118786|1132264188737286144|ये हुई ना बात!परिवारवाद है ही नहीं, पार्टी में पूर्ण लोकतंत्र है। इसलिए कोई बहाना नहीं... अध्यक्ष तो आपको ही रहना होगा।....... .कांग्रेस अध्यक्ष बने रहेंगे राहुल गांधी, कार्यसमिति ने खारिज किया इस्तीफा https://t.co/coJAhkHbwp via @aajtak|
155659213|70118786|1131965202323214336|प्रियंका की अगुवाई वाले यूपी में राहुल गांधी का गढ़ ढह गया!.. संयोग या कुछ और?स्मृति ईरानी की अमेठी में मेहनत के साथ साथ यह भी न भूलने वाली बात है कि दोनों 'वाड्रा' बहुत समय से राजनीति में ताल ठोकने के लिए बैचेन हैं। क्या राहुल की सियासत में कील ठोककर प्रियंका आगे बढ़ रही हैं?|
155659213|70118786|1131962986522763265|मध्यप्रदेश में कांग्रेस के डूबते जहाज को छिंदवाड़ा का सहारा।चुनाव भँवर में डूबते नकुलनाथ को इस तिनके का सहारा कि पिताजी के नाम में'कमल' आता है!;)#ElectionResults2019|
155659213|70118786|1129657244428013569|https://t.co/mpHfzVVHTu|
155659213|70118786|1129608256320561152|Self explanatory... https://t.co/5DIw44fwSZ|
155659213|70118786|1129358130221969408|@PMOIndia @narendramodi की प्रेस कांफ्रेंस के लिये खुद @RahulGandhi ने कहा, '' मैं तो 2-3 पत्रकार भेजने वाला था लेकिन पता लगा वहां पर दरवाज़ा बंद है...'' यानी बुलाने,भेजने सवाल पूछने और कुनबे को माफिक आने वाली रिपोर्ट लिखने के लिए कांग्रेस ने कुछ पत्रकार रखे हुए हैं!|
155659213|70118786|1129330378693414914|@epanchjanya  के साथ उत्तर प्रदेश के मुख्यमंत्री @myogiadityanath का विशेष साक्षात्कार.पढ़िए : https://t.co/Sv5nZ4FMKM पर. https://t.co/bHYKraHjIR|
155659213|70118786|1129330210870980608|@epanchjanya  के साथ उत्तर प्रदेश के मुख्यमंत्री @myogiadityanath का विशेष साक्षात्कार.पढ़िए : https://t.co/Sv5nZ4FMKM पर. https://t.co/5yMxZXHHgq|
155659213|70118786|1128563991922368512|गोधरा, गुजरात दंगे और मोदी पर इस तथ्यात्मक मुस्लिम नज़रिए की बात भारतीय मीडिया या मुस्लिम जगत क्यों नहीं करता! https://t.co/adAjReSusS|
155659213|70118786|1128503245695881220|Seated male sculpture, or "Priest King" from Mohenjo-daro (41,42,43). Material: white, low fired steatiteDimensions: 17.5 cm height, 11 cm widthMohenjo-daro, DK 1909National Museum, Karachi, 50.852Marshall 1931: 356-7, pl. XCVIII#Elections2019 https://t.co/9kRbdv7dMz|
155659213|70118786|1128305156141899783|बयानबाजी - प्रियंका वाड्रा- जब पंजाब आजादी के लिए लड़ रहा था, संघ के लोग अंग्रेजों की चमचागिरी कर रहे थे.तथ्य - खुद सरसंघचालक डॉ हेडगेवार ने स्वतंत्रता संग्राम में जेल काटी जबकि एक अंग्रेज की बनाई कांग्रेस आजादी का उद्रेक दबाने में, 1946 का नौसेना आंदोलन दबाने में जुटी थी।#RSS|
155659213|70118786|1128293668736004096|PAK पर बम बरसाने वाले पूर्व फाइटर ने किया रडार पर मोदी के बयान का बचाव - Former air vice marshal defended modi statement on radar tst - AajTak - https://t.co/0stfZqUtxt https://t.co/vhJnoGzPLL|
155659213|70118786|1127985758382333952|HS Phoolk : PMO directly gave instructions to kill Sikhs in 1984(और राहुल के मुताबिक शर्मिंदा सिर्फ पित्रोदा को होना चाहिये)#sikhgenocide1984Read more at:https://t.co/HN7gV9EbTl|
155659213|70118786|1127985029701750784|Why nobody is talking about this heinous crime now? Where is the placard gang who stood up for #Kathua rape? #Bandipora #Kashmir https://t.co/w9Ud7VfkK8|
155659213|70118786|1127983937815367681|राहुल गांधी ने पंजाब में कहा, सैम पित्रोदा को 1984 दंगों के बयान पर शर्मिंदा होना चाहिए. ठीक! लेकिन क्या राहुल सिख नरसंहार को बढ़ाने, जायज ठहराने वाले अपने पिता राजीव गांधी के ऐतिहासिक बयान के लिए रत्तीभर भी शर्मिंदा हैं? https://t.co/xcXxM2OpBY#sikhgenocide1984|
155659213|70118786|1127881708336848896|Dutch Orchestra Walked Out on Muslim guest conductor's lecture on Quran. Most liberal country in Europe pulls d plug on Islam.Queen Beatrix  of Netherlands attended concert in Amsterdam.staff of the hall escorted  conductor off-stage and after questioning to leave the building. https://t.co/N2RWq10KnR|
155659213|70118786|1127814190096216064|बकौल चर्च, 'योग से शैतानी ताकतें बढ़ती हैं।'  दुनियाभर के प्रगतिशील-सेकुलर सो रहे हैं क्योंकि चर्च के अंधविश्वास और पाखण्ड पर उंगली उठाने से 'पाप' लगता है।https://t.co/J3jxr6YoQY|
155659213|70118786|1127245174378131457|कन्हैया कुमार के इस वीडियो का सच क्या है? कोई जानकारी! https://t.co/6ITaQhHOyH|
155659213|70118786|1127215581231370240|RTI से पता लगा कि मोदी अपने कपड़ों का खर्च खुद उठाते हैं, केंद्र सरकार नहीं। लगे हाथ यह भी पूछ लेते कि नेहरू जी के कपड़े पेरिस में कौन धुलवाता था?https://t.co/NP31I3ffzV|
155659213|70118786|1127212887397634049|इस मासूम युवा के आम आदमी पार्टी पर 4 संगीन आरोप हैं :- पार्टी का  टिकट बेचना- 6 करोड़ ₹ कालाधन कमाना-शून्य राजनीतिक योगदान अनुभव वाले व्यक्ति पर अन्ना आंदोलन का फर्जी ठप्पा लगाना-और एक युवा के उच्च शिक्षा के सपनों को कुचलनाhttps://t.co/XRcSVCOCLp|
155659213|70118786|1127153749816856576|क्या हरियाणा क्या दिल्ली क्या पंजाब, पूरे देश में नफरत का वातावरण कांग्रेस ने पैदा किया. 84 दंगे में हजारों सिख कांग्रेस नेताओं की अगुआई और उकसावे से हुए, राजीव गांधी के खिलाफ मेनका गांधी लड़ रही थीं। उनके खिलाफ नारे लगे -बेटी है सरदार की, कौम है गद्दार की! #HaryanaVoteForNation|
155659213|70118786|1126691452057030656|भले ही आर.के. लक्ष्मण खुद इस दुनिया में न हों, लेकिन उन्हें राजीव गांधी जो कि इस दुनिया में नहीं हैं, के  बारे में ऐसा झूठ तो नहीं बोलना चईये था! ;)#RajivViraatVacation # https://t.co/ZV20oEvIIR|
155659213|70118786|1126580822159454208|कश्मीरी कहानी बहुत हुई अब कुचली जा रही बलूच हसरतों पर भी बॉलीवुड ध्यान दे। https://t.co/kRPEGP283E|
155659213|70118786|1126545734931632128|● Rajiv Gandhi's holiday tour on Lakshadweep archipelago scheduled in 1987, while Laxminarayan Ramdas was Navy chief from 1 Dec 1990 to 30 Sep 1993. https://t.co/xC7D5WrN5u|
155659213|70118786|1126542213666594816|हज़ारों सिखों की जान लेने वाले कांग्रेसी गुंडों और पित्रोदा की जबान ओर लहज़े में क्या फर्क है? राहुल के गुरु और राजीव के  करीबी रहे हैं @sampitroda https://t.co/utVea8VBmH|
155659213|70118786|1126540129214930944|@AtishiAAP के आंसू या @ArvindKejriwal की सियासत?बढ़िया काम @KapilMishra_IND कोर्ट के लिये तैयार रहो। https://t.co/QDUtUOtpxs|
155659213|70118786|1126504981559824384|कामरेड! यह मार्कशीट नहीं तुम्हारी खूनी राजनीति के मुंह पर पड़ा तमाचा है।तुम्हारे गुंडों ने विस्मया के पिता की हत्या की लेकिन उस बच्ची का हौसला न तोड़ सके।10वीं बोर्ड परीक्षा में विस्मया हर विषय में ए़+ ग्रेड लाई है।बधाई विस्मया!https://t.co/6CMGGovb4V|
155659213|70118786|1126354966019338240|...जब स्वरा भास्कर के साथ सेल्फी लेकर बोला फैन- आएगा तो मोदी ही;) https://t.co/0vLsuRLg7s|
155659213|70118786|1126184228473987072|@vivekagnihotri #Signed|
155659213|70118786|1124553674179600384|ठीक तो है! श्यामा प्रसाद मुखर्जी के मामले में हम भी सरकार को ही जिम्मेदार मानते रहे हैं.(yasin Malik: परिवार की चेतावनी, अगर यासीन मलिक को कुछ भी हुआ तो सरकार होगी जिम्मेदार ) https://t.co/VTN5vMelKe|
155659213|70118786|1124233769320271872|भरोसा है कि @ivskdelhi की इस पड़ताल के बाद टूटेगा #भगवा_आतंकवाद का भ्रमजाल, सामने आएंगे असली षड्यंत्रकारी चेहरे।इंतज़ार कीजिये कल दोपहर तक!@rajivtuli69 @ArunAnandLive https://t.co/8LlmFf6yow|
155659213|70118786|1122555164466929664|लोग समझते थे कांग्रेस के पास 'वो' अपनी तरह का अकेला है... लोग गलत थे, उनके पास एक और है!;) https://t.co/wOfXORpjV0|
155659213|70118786|1122553592521474048|जातिवाद के आधार पर नाम बदलने वाली प्रगतिशील कामरेड आतिशी मारलेना ने बताया कि शरारत कांग्रेस कर रही है मनीष सिसोदिया ने निशाना सुधारते हुए भाजपा को लपेटा। ठीक ही है! अब, कांग्रेस में रखा क्या है! https://t.co/Ozo4kzzhqJ|
155659213|70118786|1122549422779293697|जो इलाहाबाद का नाम प्रयागराज किये जाने पर 'नाम में क्या रक्खा है,' कहते हुए शेक्सपियर हुए जा रहे थे, कामरेड के जातिवाद की यह कहानी उनके लिए :ABP News: आतिशी मार्लेना, फिर आतिशी और अब राजपूतानी, जानें AAP नेता के नाम रखने की कहानी.https://t.co/GKKV6sZDvyvia @GoogleNews|
155659213|70118786|1122518456887152641|@msisodia क्यों चिंतित हैं! कामरेड का 'धर्म' होता ही कहाँ है? https://t.co/D3rAtfZXju|
155659213|70118786|1122374923706675201|जिस राजनीति को लोक अपने गीतों में उतारने लगे, दिल से स्वीकारने लगे उसे सिर्फ राजनीतिक विरोध के बूते हराना नामुमकिन है। #ModiAaneWalaHai https://t.co/kdHoRJoZka|
155659213|70118786|1122363610720653312|धन्यवाद @AmitShah जी, स्पष्टता के साथ हर सवाल का जवाब देने के लिए। https://t.co/3hTKWjAF3E|
155659213|70118786|1122363297385181184|@AmitShah  चुनाव के बाद पाकिस्तान भी हो आएं, 'आवाम' चाहती है। https://t.co/9BvL2ZRf4c|
155659213|70118786|1121114927584858112|@RahulGandhi ने चुनाव आयोग से बोला बड़ा झूठ. RSS अवमानना केस में वक़ील ने उनके लिए व्यक्तिगत पेशी से छूट माँगी किंतु चुनाव आयोग को राहुल ने हलफ़नामा देकर बताया कि समन ही नहीं मिला! कोई कार्रवाई होगी?@ECISVEEP @AmitShah @narendramodi https://t.co/e1JyivRXCm|
155659213|70118786|1121070292141404161|She used hacked social media accounts to discuss possible attacks with self-proclaimed members of the IS. She also tried to recruit IS supporters to carry out attacks and provided them with information on making explosives and poisons. https://t.co/OowyQiycaJ|
155659213|70118786|1120293694689533952|राउल विंसी के नाम से की थी ‘रागा’ ने डिग्री, ब्रिटिश नागरिकता पर अभी सफाई नहीं                            https://t.co/fN97lmk1Th|
155659213|70118786|1119251517247123456|" Congratulations @TheRitamApp for achieving the milestone of 100,000 downloads! All this without any big media organisation or funding agency backing it! Have YOU downloaded the Ritam App yet?"|
155659213|70118786|1119108020854640642|बंगलादेश के फिल्मी हीरो से प्रचार करवाकर आखिर किसके वोट पाना चाहती हैं ममता: https://t.co/7tpUwga7W0|
155659213|70118786|1118685736272683008|कब्रिस्तान की दीवार पर भी लिख आये हैं की 2019 में "सम्पूर्ण कांग्रेस" आ रही हैं..😊👌 https://t.co/tOVPARzJXz|
155659213|70118786|1118454520193748992|दिल्ली में @RahulGandhi के सामने इंडिया गेट पर कांग्रेसी गुंडों ने उनकी बहन प्रियंका गांधी से बदतमीजी की थी अब पार्टी प्रवक्ता प्रियंका चतुर्वेदी को निशाना बनाया... https://t.co/yAWfMbj1JE|
155659213|70118786|1118388960374468608|मनोरंजन में @RahulGandhi से कमी रह जाए तो कोई और कांग्रेसी कसर पूरी कर देता है।https://t.co/2BNdNjcANp|
155659213|70118786|1118059333084835840|मोदीराज में असहिष्णुता वास्तव में बढ़ गई है.https://t.co/a6XV84YP0a|
155659213|70118786|1118059254928142337|किस पूर्व प्रधानमंत्री का बेटा बोस्टन में नशे के सामान और अवैध नकदी के साथ पकड़ा गया था! अंदाजा लगाएं, सबसे पूछें सबको बताएं। https://t.co/QoKmsPNzXE|
155659213|70118786|1117967386680840193|सेकुलरिज्म का तकाजा है कि मस्जिदों के साथ भी समान व्यवहार हो! https://t.co/NxzfsR4n7y|
155659213|70118786|1116943296708763648|#JallianwalaBagh तो श्रद्धाजंलि दे दी @RahulGandhi जी, 1984 के उन निर्दोष सिखों के लिए कब हाथ जोड़ेंगे जिन्हें कांग्रेसी गुंडों ने मौत के घाट उतार दिया! हज़ारों परिवार बर्बाद कर दिए.. https://t.co/JxTbzEovBB https://t.co/Cf2s8U6ylh|
155659213|70118786|1116649598460628992|एक दिन पहले वामपंथी आतंकियों के (नक्सली) हमले  में पति की अंत्येष्टि और अगले दिन  पत्नी और पिता अपने पुत्र के कारवां को आगे बढ़ाते हुये लोकतन्त्र पर आस्था रखते हुये वोट करने पहुंचे , परिस्थिति कुछ भी हो वोट देने ज़रूर जायें,शायद ओजस्वी मन्डावी हम सबको यही संदेश दे रही है।# https://t.co/hYXUJbyQ2g|
155659213|70118786|1116371432051625990|साजिश या शरारत!राजीव गांधी के हत्यारों का समर्थन करने वाले दलों से हाथ मिलाकर सरकार चलाने वाली @INCIndia के लिए @RahulGandhi की कीमत क्या है! https://t.co/2HOBhDpeBT|
155659213|70118786|1116292092324536321|किश्तवाड़ में स्थिति तनावपूर्ण, संघ पदाधिकारी की शवयात्रा में बवाल, दिनभर लोगों व पुलिस में हुई झड़पें.https://t.co/lL0hfQ4ZG9via @GoogleNews|
155659213|70118786|1116282854445469696|Robert Vadra's campaign in Amethi will benefit BJP, farmers will come out to save land: Smriti Irani https://t.co/5CJWApHz9K|
155659213|70118786|1116282817049030656|Robert Vadra's campaign in Amethi will benefit BJP, farmers will come out to save land: Smriti Irani https://t.co/5CJWApHz9K|
155659213|70118786|1115673258227933184|आतंकी हमले में मारे गए चंद्रकांत जी को विनम्र श्रद्धांजलि:चन्द्रकांत जी बाल्यकाल से ही राष्ट्रीय स्वयंसेवक संघ के जुड़े थे. जिला, विभाग कार्यवाह सहित विभिन्न दायित्वों का निर्वहन करते हुए वर्तमान में प्रांत सह सेवा प्रमुख थे. https://t.co/ptbeQSdcvI|
155659213|70118786|1114533958660677634|फ्री-फंड के 72000 रुपये भी कोई घोषणा हुई! जान मोहम्मद ने घोषणाबाजी के अखाड़े में राहुल गांधी को पटक दिया है।;)#BattleOf2019 https://t.co/chJ8apqej4|
155659213|70118786|1113047736381669381|@ashwani_mahajan जी पहले भी ऐसा हो चुका है।  यदि कोई याची खुद बहस करता है तो उसे इसकी अनुमति है। न्यायालय की मदद के लिए उस भाषा के जानकार वकील की सेवाएं ली जाती हैं। https://t.co/PgGZNerPun|
155659213|70118786|1112609050762448896|गजब कामरेड! इस्लाम के ठेकेदारों को यूं खरीदा कि अब चीन में इन्हें मुसलमान नहीं दिखता?वामपंथ के पूंजीवाद और 'उम्मत' वालों के अलगाव का उम्दा नमूना। #oxymoron#dawnnews https://t.co/ncfRR4KLs0|
155659213|70118786|1112606851105869825|@RahulGandhi उन योजनाओं की घोषणा में लगे हैं जो @narendramodi सरकार के दौरान पहले से अमल में हैं या जिन पर काम हो रहा है।ऐसे में सवाल यह है कि राहुल अपनी फजीहत कराने में खुद माहिर हैं या कांग्रेस ने इसके लिए अलग से कोई टीम रखी है? https://t.co/0ZWYFaq0w4|
155659213|70118786|1111305561344098304|राहुल ने इसके माथे से पसीना न पौंछा होता तो यकीनन बेचारे की जान चली जाती।#World_theatre_dayhttps://t.co/dFraeKp4Vz https://t.co/z1VRMVPuUJ|
155659213|70118786|1108715346381291522|#HappyHoli https://t.co/mmQ7JHRbpw|
155659213|70118786|1106202221807439873|@ArvindKejriwal यूँ रंग बदले कि गिरगिट भी शर्मा जाए। https://t.co/zUMlcZ5a9O|
155659213|70118786|1106037941510377472|@RahulGandhi उत्तर भारतीयों की इज़्ज़त दक्षिण भारत में उतारेंगे और राजनीति में चढ़ने के लिए उत्तर प्रदेश को ही सीढ़ी बनाएँगे. @smritiirani @myogiadityanath ये तो हद हो गई. https://t.co/I7UndGKRtB|
155659213|70118786|1105828230911721474|किसने कहा कि @ArvindKejriwal  किसी के साथ कोई गठबंधन करना चाहते हैं? ;) https://t.co/IDt2ggiCpP|
155659213|70118786|1105825227748057088|खास उनके लिए जिन्हें सुबूत चाहिए :अब 200 जिहादियों के ऊपर जाने की बात तो पाकिस्तानी फौजी खुद कह रहे हैं! #Airstrike https://t.co/gr342vTsJv|
155659213|70118786|1104761131212529666|#LokSabhaElections2019  schedule https://t.co/lCjaaEq9ve|
155659213|70118786|1103493476224720897|सरजी की पॉलिटिक्स को इस आम आदमी ने दे दी पटखनी! https://t.co/glaklU9ta4|
155659213|70118786|1102180047773827073|भारत में सीरिया संघर्ष में मारे जा रहे बच्चों के फोटो वायरल कर मुसलमानों  में आक्रोश भरने प्रगतिशील और कट्टरपंथी इन मुस्लिम बच्चों की लाशें देखकर चुप हैं।मरने वाला मुस्लिम हो और मारने वाला पक्का इस्लामी तो ऐसी सूरत में आतंक का कोई मज़हब नहीं होता।#Muslims #secular https://t.co/R43OCX7fC1|
155659213|70118786|1102179971781410821|मसूद अजहर ज़िंदा है या....!#AirSurgicalStrikes #AirStrikes|
155659213|70118786|1101692577227534336|पाकिस्तानी कानून में F -16 औऱ भारतीय कानून में M -21 की एज मे  बालिग माने जाते हैं , पीछा इसी उम्र में होता है ,मौसम बसन्त का है 😜|
155659213|70118786|1101089917076029440|1 ) मोहतरमा की मानें तो ''जंग से बच्चे यतीम हो जाते हैं।''2) क्या जिहाद के बारे में किसी कठमुल्ले से  सिकुलर तक किसी की ऐसी कोई राय देखने मे आई ! (यानी दोनों एक हैं)निष्कर्ष : हूरों के लिए छुहारे लेकर जाने वालों और उनके कुनबे को कुछ नहीं होता, सवाब मिलता है#AirSurgicalStrikes https://t.co/gmwAZzT8HP|
155659213|70118786|1101062611339116544|एक्सक्लूसिव: बलूच बोले छेड़ा है छोड़ो नहीं: https://t.co/5reWoqbRvA|
155659213|70118786|1100751053555810304|@pjoshi23 सर, आपने वह सवाल किया जिसपर कई वकील भी चकरा जाते हैं।दिलचस्प यह है कि संविधान में तलाशने पर अनु. 35A नहीं मिलेगा...तरतीब से छिपाया यह अनुच्छेद आपको annexure में मिलेगा।|
155659213|70118786|1100748080201125888|@INCIndia का आईटी सेल इस समय किस सोच में है और क्या काम कर रहा है गौर फरमाइए...@SharmaKhemchand @TajinderBagga @amitmalviya https://t.co/tFmNTxreth|
155659213|70118786|1100326824737787906|एक्सक्लूसिव: भारत के हमले से बलूचिस्तान में खुशी की लहर: https://t.co/PyF2CTOLn4|
155659213|70118786|1100298036117262336|नया भारत- हम मारेंगे और घर में घुसकर मारेंगे: https://t.co/FOmrz7UTmI|
155659213|70118786|1100245876423811072|#PakistanTerroristNation अब ठीक! कहा था न.. ना भूलेंगे ना माफ करेंगे।धन्यवाद @IAF_MCC @narendramodi @nsitharaman भारत की भावनाएं समझने और उन्हें ठीक से व्यक्त करने के लिये।|
155659213|70118786|1097696410990870529|जिनको संघ राजनीतिक लगता है वह यहां आकर आंखों का इलाज करा सकते हैं: https://t.co/BoYPdiXSAS|
155659213|70118786|1097694717230215168|शर्मनाक ! भारतीय जवानों की 'जान' की बात करने की जगह कमल हसन कश्मीर में 'जनमत' वाली पाकिस्तानी सुर्री छोड़ रहे हैं। पाकिस्तानी कब्जे वाले कश्मीर को आजाद कश्मीर बता रहे हैं।यकीनन यह सोच पाकिस्तान की गुलाम है। https://t.co/C8UbchYZzF|
155659213|70118786|1093847501436669952|@epanchjanya तथा @eOrganiserके वार्षिक परिसंवाद में@MD_Nalapat :  पांडवों ने 5 गांव मांगे थे, मैं मानता हूँ कि मथुरा, अयोध्या, काशी 3 गांव ही हैं, सेकुलर बिरादरी को सेकुलरिज्म की खातिर यह 3 गांव हिंदुओं को दे देने चाहिए।@smritiirani@SHAKTISINHA20@kg_suresh @ramkripalsingh1 https://t.co/vKNbf1SMjK|
155659213|70118786|1093841284312162304|#बात_भारत_की @epanchjanya तथा @eOrganiserके वार्षिक परिसंवाद में।सत्र : जनाकांक्षाएं और राजनीतिक सीमाएं। @ramkripalsingh1 : मोदी की सबसे बड़ी ताकत है जोखिम लेने की ताकत।@smritiirani@shaktisinha@MD_Nalapat @kg_suresh https://t.co/bp5cjE4KQJ|
155659213|70118786|1093834729810345984|#बात_भारत_की @epanchjanya तथा @eOrganiserके वार्षिक परिसंवाद में।सत्र : जनाकांक्षाएं और राजनीतिक सीमाएं। @ramkripalsingh1 : महत्वाकांक्षाएं रेंगती भी हैं उड़ान भी भरती हैं। मोदी शासन में जनाकांक्षाएं उड़ान भरने लगी हैं।@smritiirani@shaktisinha@MD_Nalapat @kg_suresh https://t.co/BcS40cRe9k|
155659213|70118786|1093832288775811073|#बात_भारत_की @epanchjanya तथा @eOrganiserके वार्षिक परिसंवाद में @shaktisinha : इस सरकार ने साबित किया है कि जिस तन्त्र को ठप बताया जाता था वही तन्त्र, वही अफसर जोरदार काम कर सकते हैं।@smritiirani@MD_Nalapat @kg_suresh https://t.co/lTi49sQZ12|
155659213|70118786|1093830204277968896|#बात_भारत_की @epanchjanya तथा @eOrganiserके वार्षिक परिसंवाद में @smritiirani : हम वो हैं जो चुनौतियों को चुनौती देकर उन्हें समाधान तक लाएंगे।@shaktisinha @MD_Nalapat @kg_suresh https://t.co/WNIAoJX8av|
155659213|70118786|1093747747813916672|#बात_भारत_की@epanchjanya @eOrganiserवार्षिक परिसंवाद। विकास और जनादेश सत्र। @ianuragthakur : यूपीए दौर में जनादेश के बाद "मिडिलमैन" ( बिचौलियों) के लिए विकास होता था, भाजपा शासन में मिडल क्लास (मध्यम वर्ग) के लिए विकास हुआ है।@AnuragPunetha@Awadheshkum https://t.co/SMk7bE75y9|
155659213|70118786|1093016454666973186|@KapilMishra_IND ...और महागठबंधन में ये जनेऊधारी के साथ हैं https://t.co/I7jZCkm2K8|
155659213|70118786|1090890435399012352|मुद्दे आम जनजीवन से जुड़े, बात भारत की।8-9 फरवरी को विविध क्षेत्रों के दिग्गजों के साथ शामिल हों @epanchjanya @eOrganiser परिसंवाद में। https://t.co/BdVXjk9kBx|
155659213|70118786|1090113367027544065|2019 predictions आम जनता की प्रतिक्रिया उन लोगों के लिए जो आम लोगों को मूर्ख समझते हैं. https://t.co/B062Sv1puj|
155659213|70118786|1088868391480287232|@aajtak 2014 लोकसभा चुनाव से पहले आपके मुताबिक देश का मिजाज ऐसा था (जबकि  नतीजों से साफ असल तस्वीर कुछ और ही थी) इस बार देश का मिजाज नहीं बताएंगे! https://t.co/nYhamAcI2S|
155659213|70118786|1088774318190845952|@RahulGandhiक्या इस फजीहत का इलाज प्रियंका के पास है?https://t.co/A8NgTc7V8cvia @GoogleNews|
155659213|70118786|1087256993255940096|@smitaprakash 🤣 Punjabi by nature ..|
155659213|70118786|1086333107727302656|@Rajabinani मुद्दे साझा करने के लिए धन्यवाद।|
155659213|70118786|1085762324542107648|Mustafa Ali Hamad  : “I hope Allah can forgive me in this moment of weakness for eating the flesh of both of my deceased wives, but I could not control myself, I was so hungry.”  https://t.co/6cKmFgsqCs|
155659213|70118786|1085755309669281795|चर्च की करतूतों पर कामरेड चुप न रहें कैसे हो सकता हैं?#Sabarimala https://t.co/KtjRTJp74v|
155659213|70118786|1085536818781511686|केरल सरकार द्वारा शबरीमला अय्यप्पा मन्दिर की प्राचीन परम्परा को तोड़ने की साजिश व दमन चक्र के विरोध में 21 जनवरी स सायं 5.00 बजे राजीव चौक मेट्रो स्टेशन के ऊपर, सेन्ट्रल पार्क में एकत्र होकर श्रद्धालु बहनों द्वारा कनाट प्लेस सर्कल पर दीपमालिका का आयोजन होगा।#Sabarimala|
155659213|70118786|1084820623434502145|दुःखद सूचना-  अध्ययनपूर्ण लेखन द्वारा राष्ट्रीय विचारों का  प्रतिपादन करने वाले पाञ्चजन्य के पूर्व सम्पादक  देवेन्द्र स्वरूप जी का निधन अंतिम दर्शन-15 जनवरी प्रातः 10-1 बजे तक सहयोग अपार्टमेंट, मयूर विहार फेज 1 इसके बाद मेडिकल विद्यार्थियों की शिक्षा के लिए देहदान हेतु प्रस्थान https://t.co/Q6tunH06ZS|
155659213|70118786|1084662447506522112|@Abhijit42089572 @drsheikhRSS @BJP4India @narendramodi @TarekFatah @SureshChavhanke @Akashtv1Soni @Republic_Bharat @spathak1980 @SuhasBhagatBJP @ShyamSJaju ढेर सारी शुभकामनाएं।|
155659213|70118786|1084661333532921856|#RahulGandhiInDubai की सचाई, जो जनता से गई छिपाई।@SharmaKhemchand https://t.co/LfkHmH2zLB|
155659213|70118786|1084647414739292161|गांधी जी ने अहिंसा का विचार भारत के प्राचीन दर्शन, यूँ कहें कि इस्लाम से लिया था ...पप्पू उवाच इन दुबई 😂#PappuPhirFail https://t.co/iSQjj3DkGp|
155659213|70118786|1083988561861304321|यदि स्वयं में विश्वास करना और अधिक विस्तार से पढाया और अभ्यास कराया गया होता, तो मुझे यकीन है कि बुराइयों और दुःख का एक बहुत बड़ा हिस्सा गायब हो गया होता।#MyHeroNarendra https://t.co/GJI3OvrzNd|
155659213|70118786|1083986070897737728|पवित्रता, धैर्य और उद्यम- ये तीनों गुण मैं एक साथ चाहता हूं।#MyHeroNarendra https://t.co/zJyhdCQTjX|
155659213|70118786|1083983609332097024|उठो और जागो और तब तक रुको नहीं जब तक कि तमु अपना लक्ष्य प्राप्त नहीं कर लेते।#MyHeroNarendra https://t.co/cbgVFNEscH|
155659213|70118786|1083945957157351425|भाई लोग बेधड़क फोटो खींच रहे हैं और नसीर भाई को डर लगता है.#NaseeruddinShah https://t.co/nQcfg1FoVZ|
155659213|70118786|1083942242866188290|भारत के सत्यानाश का कारण यह है कि देश की सम्पूर्ण विद्या-बुद्धि राजशासन और दम्भ के बल से केवल मुट्ठीभर लोगों के अधिकार में रखी गई है। यदि हमें फिर से उन्नति करनी है, तो हमको उसी मार्ग पर चलना होगा अर्थात् जनता में विद्या का प्रचार करना होगा।-स्वामी विवेकानंद#Vivekananda|
155659213|70118786|1082949243936006144|मार्क्सवादी कम्युनिस्ट पार्टी यकीनन भारत में भी कट्टरता के विरुद्ध इस तरह के सेकुलर-प्रगतिशील कदम का समर्थन करेगी। https://t.co/Wc7nOcUhuY|
155659213|70118786|1082635739345481728|विश्व पुस्तक मेला के दौरान पिछले वर्ष की तरह इस बार भी #शब्दउत्सव का आयोजन हो रहा है। 09 जनवरी 2019 (बुधवार) को शाम 3.00 बजे से हॉल संख्या 12 के लेखक मंच में सत्र में आप सादर आमंत्रित हैं। कार्यक्रम के पास के लिए प्रगति मैदान मेट्रो स्टेशन के नजदीक  (9818774661) से संपर्क करें। https://t.co/qRaG0blWOA|
155659213|70118786|1082490919138422784|When Schools, Colleges Closed and Exams already postponed due to Cold wave CITU step forward for Bharat Bandh .#Courageouscommunisthttps://t.co/5TVnHdcso6via @GoogleNews|
155659213|70118786|1082476201791303680|भारतीय मीडिया में एनडीटीवी की जगह बित्ता भर है ...इसी तरह नॉर्वे भारत के मुकाबले 5 फ़ीसदी भी नहीं ठहरता...मगर दोनों मिलकर भारत-पाकिस्तान का मुद्दा सुलझाने को बेकरार हैं. इसे कहते हैं  बड़ा हाथ मारने की बेचैनी. https://t.co/XxLItw1RMl|
155659213|70118786|1081930621700587520|सच कहूं तो @smitaprakash ने @narendramodi का जो इंटरव्यू लिया वो कतई साधारण था। ना कठिन सवाल,  ना उलझाने वाला तथ्य। नयी पीढ़ी के पत्रकारों को इससे कुछ सीखने का मौका भी नहीं मिलेगा। सीखना ही है तो अपने जमाने के महान पत्रकार राजीव शुक्ला द्वारा लिया सोनिया का यह इंटरव्यू देखें। https://t.co/b3r6Vv0WFc|
155659213|70118786|1081815407709716480|परम सेकुलर पत्रकार ने हरियाणवी ताऊ से सवाल पूछा :“चौधरी साब, 2019 में आप किसे प्रधानमंत्री देखना चाहते हो… Mayavati , Akhilesh Yadav या RahulGandhi..”..चश्मा साफ करता ताऊ बोल्या..“जब नास ही कराणा है तो सपना चौधरी के बुरी सै!!”😂😂😝|
155659213|70118786|1081808250910126086|@ShabdUtsav #शब्दउत्सव आज की चर्चा, सबका स्वागत है।@CPism@rajivtuli69 @shantanug_ @AnuragPunetha @PTI_News @firstpost https://t.co/9IvXqasARm|
155659213|70118786|1081761857227182080|जब कचरा कांग्रेस का हो और बुहारने के लिए आआपा की झाड़ू दिखे जाए तो समझ लो ... सब मिले हुए हैं सरजी! https://t.co/yT40cEMWpB|
155659213|70118786|1081563133695520768|नमस्कार,विश्व पुस्तक मेले के दौरान गत वर्ष की तरह इस बार भी आइये  #शब्दउत्सव में। पहला सत्र 6 जनवरी,रविवार,  शाम 3.00 बजे (हॉल12,  लेखक मंच)विषय: # हिंदुत्व_और_हिंदुइज्म वक्ता- श्री ओ.पी. गुप्ता (पूर्व राजदूत)श्री तरुण विजय (पूर्व राज्यसभा सांसद)संचालन- श्री हितेश शंकर https://t.co/Bl7vBmqnDl|
155659213|70118786|1080701213862055936|अगर मुसलमानों का 'वन्देमातरम' कहना इस्लाम के खिलाफ है, ...तो काफिरों का मोहम्मद को हज़रत या पैगम्बर कहना सही कैसे है?#मोहम्मद|
155659213|70118786|1080673785387184128|BBC सफदर को याद भी करेगा मगर कांग्रेसी हत्यारों को हेडिंग में बचाते हुए।हत्या को 'अलविदा' का  मासूम कफ़न जिस खूबसूरती से पहनाया है उस क्रिएटिविटी के लिए एक ' वाह' तो बनती है।#safdhttps://t.co/2F5hUsSOBD|
155659213|70118786|1080485798120546304|@smitaprakash जब ‘अभिव्यक्ति की आज़ादी’ पर @RahulGandhi चाबुक चला रहे थे पत्रकारिता का दम भरने वाले ‘पत्रकार’ ताली बजा रहे थे. https://t.co/i0A4ueAvi3|
155659213|70118786|1079082057509220352|मंसूबों पर फिरा पानी! https://t.co/Oh0aqyHGOI|
155659213|70118786|1078980617570738177|@pramila2710 @SanjayAzadSln बढ़िया।|
155659213|70118786|1078950820144529408|Human rights are for common man, not for criminals &amp; terrorists - @myogiadityanath👏👏👏👏👏ठीक बात! क्योंकि सेकुलर-प्रगतिशील, मानव की आड़ में दानवाधिकारों की डफली बजाते है।|
155659213|70118786|1078695835662049280|7 डायलॉग जिनसे सहमी हुई है कांग्रेस..बहुत खूब @AnupamPKher https://t.co/RwfjBgQd9e|
155659213|70118786|1078659736805924864|नसीर अधकचरी बात को नैरेटिव के तौर पर स्थापित कर रहे हैं। बात सिर्फ उनकी नहीं, बात सिर्फ गाय की नहीं बात उस लामबंदी की है जो शांत, भावुक, संवेदनशील भारतीय समाज की गलत छवि गढ़ रही है। सेकुलर तस्बीह फिराती भारत तोड़ो ब्रिगेड को इस समाज की शांति-एकता से डर लगता है#NasiruddinShah https://t.co/eZ9m99l7RT|
155659213|70118786|1078350151536656384|एक वीडियो उनके लिए जिन्हें 3 #talaq पर मोदी सरकार के रवैये से ऐतराज है।#TripleTalaqbill https://t.co/Lyit7Kkt8w|
155659213|70118786|1078348130918092800|@vinodkapri  मेरठ के बदमाश बुलेटप्रूफ जैकेट पहनकर सुतली बम फोड़ते हैं या तमंचे को रॉकेट लॉन्चर में रखके चलाते है? आतंकी मासूम लगते हैं तो खुलकर बोलो! https://t.co/goKq0NRJy7|
155659213|70118786|1073785349954985984|#ElectionResults2018कांग्रेस की जीत ठीक है परंतु इसे लेकर दिए जा रहे तर्क गलत हैं।जानिए क्या हैं इन परिणामों के असली संकेत और सबक।@narendramodi@AmitShah https://t.co/4xv2KRBhRR|
