155659213|1006954027718991872|1177111226481922048|युगपरिवर्तक नहीं -  युगप्रवर्तक लिखें ,सोशल मीडिया टीम से सादर निवेदन 🙏🏽@myogiadityanath https://t.co/vuAKCBtHrU|
155659213|1006954027718991872|1176807910195679232|Please take necessary actions @dasraghubar @JharkhandPolice https://t.co/lQfOUHxfOE|
155659213|1006954027718991872|1176721501162070017|शर्मनाक https://t.co/Rh4wA6Ni6K|
155659213|1006954027718991872|1176414038621745152|Is there anything good on planet that remains forgiven by Church &amp; Missionaries??Well now they are wrong if they are thinking that their ‘#CulturalDigestion’ formula will work in 21st century &amp; that too against Rising Bharat. https://t.co/T8Ci7ogTZJ|
155659213|1006954027718991872|1176202708786659328|Mummy se bolo #Burnol pilayen https://t.co/leC4QhnSiP|
155659213|1006954027718991872|1176201732604301313|@iKapoorSid क्या हुआ भइया??|
155659213|1006954027718991872|1176015600046374912|His name will be written in Golden LettersThe LEADER who gave Bharatiyans a hope for supreme success &amp; showed them ways to achieve it, - the HERO who tirelessly stood for our nation,- the SAGE who brought back the glory of #VishwaGuru.#HowdyModi #MondayMotivation https://t.co/pDOBLgUzxe|
155659213|1006954027718991872|1175623338342797313|@narendramodi Bharat Mata ki Jai🇮🇳🇮🇳 https://t.co/XraXOWi2D7|
155659213|1006954027718991872|1175622603928506369|Nailed it bhai sahab 😂🤣👍🏼 #RomilaThapar https://t.co/VCE715Zq5b|
155659213|1006954027718991872|1175593629944963072|भरत भू के पुत्र सारे, जाति बंधन मुक्त होकर,जीत लें विश्वास सबका, स्नेह श्रद्धा युक्त होकर,बुद्ध-नानक-जैन-वैदिक, प्रकृति पूजक धर्म धारी,#भारती_माँ के उपासक, मातृ मंदिर के पुजारी... #SundayMorning https://t.co/CD9nPdlUti|
155659213|1006954027718991872|1175422786476490753|You will not succeed @SuPriyoBabul ,Ears of the editors of @ttindia are dumped with too much of naxalism &amp; chinese currency. https://t.co/px48V3Hedz|
155659213|1006954027718991872|1175408866713948163|My Article in @SeemaSanghosh on the Mega Border Study Project of @DefenceMinIndia .@rajnathsingh https://t.co/MvedPjy3YD|
155659213|1006954027718991872|1175300103440977920|इसे बोर्ड को कहीं और लगा देते कमलनाथ जी @OfficeOfKNath 😂🤣,जिसे @ChouhanShivraj ने पर्यटन केंद्र के रूप में विकसित कर दिया था, उस अच्छे खासे मध्यप्रदेश का आप बिलकुल ठीक प्रकार से बंटाधार करने में लगे हुये हैं👍🏼✊🏼@CMMadhyaPradesh @INCIndia @BJP4MP @INCMP @BJP4India https://t.co/DWj96T9YRh|
155659213|1006954027718991872|1175282559967625216|The reason why we feel ashamed of our opposition, they are so addicted of power &amp; post that they lose their minds without it. https://t.co/CXXhzMBC8H|
155659213|1006954027718991872|1175280507073912832|Jai Shri Ram didi 🚩 https://t.co/lxFoVOfXv7|
155659213|1006954027718991872|1175277576983433217|@desimojito Me too 🖐🏻|
155659213|1006954027718991872|1175147503311736833|Hats off 🙏🏽😂🤣 #UrbanNaxals now seems to be challenging some of the best comedians &amp; I’m pretty sure that there they will be quite successful. https://t.co/hlDs4y7uMC|
155659213|1006954027718991872|1175139519839948800|@UP_Silk @narendramodi @Real_Anuj @kushwahPooja19 @AmitShah @BJP4India @DrSanjKPandey @drvsharma99 @KapilMishra_IND @snikhil_social @SureshChavhanke महान स्वतंत्रता सेनानी चंद्रशेखर आजाद जी की|
155659213|1006954027718991872|1174607528803438593|ममता बनर्जी (अमित शाह से मुलाकात के बाद) : -“हौम खिसियाई बिल्ली है, खौम्भा नोचता था - नौचता रहेगा” #MahaJanadeshWithModi @MamataOfficial @AmitShah https://t.co/JDkGuOlgSu|
155659213|1006954027718991872|1174602376830808064|Firstly try to learn some basic Mathematics @RahulGandhi ji, economics is far more tough for you to understand. Aur ab to aapke economics guru bhi Tihar chal pde😂😜 @PChidambaram_IN https://t.co/aGNirKEnc5|
155659213|1006954027718991872|1174551379064418309|@rajnathsingh सर्वदा गगने चरेतसर्व व्याधि विनाशनम् https://t.co/h94brFio5X|
155659213|1006954027718991872|1174550403179896832|सर्वदा गगने चरेतसर्व व्याधि विनाशनम् @rajnathsingh @RajnathSingh_in #Tejas @RaviRanjanIn https://t.co/68LhiZDsXb|
155659213|1006954027718991872|1174548938684108800|Our fine, bold &amp; brave defence dinister Sh @rajnathsingh flying in the indigenous-built light combat aircraft(LCA) #Tejas from the HAL airport Bengaluru.He is first defence minister to fly in this aircraft. Waiting eagerly for #Rafael🇮🇳✊🏼@DefenceMinIndia @RaviRanjanIn https://t.co/fI219FW2rT|
155659213|1006954027718991872|1174414922479849472|निकृष्टता की सीमा पार करने की क्षमता है इस @PJkanojia में,एक नगण्य व्यक्ति नजर में आने के लिये कितना सोच सकता है इसका साक्षात उदाहरण #देशद्रोही https://t.co/SDEizBkWym|
155659213|1006954027718991872|1174409661191057409|👍🏼💐 https://t.co/FU1BcXrYmT|
155659213|1006954027718991872|1174409010092494848|@theskindoctor13 @TajinderBagga 😂🤣|
155659213|1006954027718991872|1174385686754914305|One of the dream projects of Swargiya Atal Bihari Vajpayee ji.शत् शत् नमन🙏🏽 https://t.co/ExPUcvEyoW|
155659213|1006954027718991872|1174384299363074049|Still not enough for more than 59,300 pending cases in top court. Govt is needed to take revolutionary steps to reform the judicial system of Bharat. And of course we can expect such measures only from a MODIfied government. @rsprasad @narendramodi https://t.co/JGECFXRR3z|
155659213|1006954027718991872|1174286859234508800|सुरक्षित सीमा - समर्थ भारत https://t.co/uaNx3zmvIx|
155659213|1006954027718991872|1174281394320633858|कदम बढ़ रहा है कभी न रुकेगान सूरज के सम्मुख अंधेरा टिकेगानिडर हैं सभी हम, अमर हैं सभी हमके सर पर हमारे वरदहस्त करतागगन में लहरता है #भगवा हमारा🚩#AyodhyaHearing https://t.co/wlxocUukri|
155659213|1006954027718991872|1174205864053547014|भारत में अंग्रेज गुप्तचर पुलिस के प्रमुख अधिकारी कर्जन वायली को उसी की धरती लंदन जाकर उसका वध करने वाले,तत्पश्चात फांसी(1909) के फंदे पर झूल कर मातृभूमि की स्वतंत्रता हेतु सर्वोच्च बलिदान देने वाले महान स्वतंत्रता सेनानी श्री #मदन_लाल_ढींगरा जी को उनकी जयंति पर शत् शत् नमन।🙏🏽 https://t.co/rjH39VQhnF|
155659213|1006954027718991872|1174167649275629568|Miles to go.... भारत माता की जय🚩🇮🇳 https://t.co/blDBi1XBYb|
155659213|1006954027718991872|1173971551789539328|This dull-witted lady nowadays is placing every comment on terrorists as it’s done for all Kashmiris. I warned you @narendramodi ji earlier that elimination of art. 370 can have adverse effect on Pakistani Zombies. https://t.co/MTjMb7eOmn|
155659213|1006954027718991872|1172758403380215814|हिंदी हैं हम #हिंदी_दिवस https://t.co/Utb2fElCo9|
155659213|1006954027718991872|1172123538280464384|@MumbaiMirror @LalbaugchaRaja 🙏🏽💐|
155659213|1006954027718991872|1172122741975072770|द्वन्द कहाँ तक पाला जाए, युद्ध कहाँ तक टाला जाए?तू वंशज है महाराणा का, फेंक जहाँ तक भाला जाए॥🚩🇮🇳⚔️Troops ready, govt to decide on PoK: Army chief - India News https://t.co/GmJdjDcAUk|
155659213|1006954027718991872|1172119399882317825|आवरण सुधार के ऐसे प्रयास काँग्रेस के लिये पूर्व में व्यर्थ सिद्ध हुये हैं, पुन: व्यापक समाजिक स्वीकार्यता पाने के लिये आवश्यक है @INCIndia अपनी आत्मा में सुधार करे।स्वाभाविक है इस राह में पार्टी के लिये गाँधी परिवार एक बड़ी दीवार है।https://t.co/5ggya7cvUJ|
155659213|1006954027718991872|1171758494258647041|@narendramodi उठो, जागो और लक्ष्य प्राप्ति तक रूको मत, विवेकानंद जी के यह वाक्य मोदी जी पर बिलकुल खरे उतरते हैं https://t.co/KBEae5AVu1|
155659213|1006954027718991872|1171691367229095936|@haryannvi @Uppolice please take necessary actions|
155659213|1006954027718991872|1171675777298911232|गुजरात में तेजी से बढ़ रहे जिहाद व हिंदुओं पर हमलों को तुरंत रोकने के लिये सरकार को तत्काल प्रभाव से व योजनानुसार कार्य करने की आवश्यकता है। @vijayrupanibjp @Nitinbhai_Patel @GujaratPolice @dgpgujarat #ManoharVaria https://t.co/XX0RSSR0Tg|
155659213|1006954027718991872|1171511699955781635|Shameless act... @Furkan_Khan &amp; @NPR should immediately apologise https://t.co/qP7mtq44Wq|
155659213|1006954027718991872|1171317361971875840|@iSinghVikash @santoshtbjp @navneetancon हमारे युवा नेतृत्वकर्ता @iSinghVikash जी को भविष्य हेतु शुभकामनायें|
155659213|1006954027718991872|1171315721608937472|@narendramodi भारत-नेपाल मैत्री में एक और मील का पत्थर 🇮🇳🇳🇵चीन जैसे विस्तारवादी से यदि छोटे दक्षिण एशियाई देशों को बचाना है तो उन्हें सशक्त करना जरूरी है। नेपाल भारत का मित्र ही नहीं बल्की आत्मीय राष्ट्र है, यह आपसी सहयोग की परंपरा पौराणिक है।चीन को घेरने के लिये #मोदी_सरकार प्रतिबद्ध है।|
155659213|1006954027718991872|1171169988645769216|If I am not wrong, she is the same person who said "Acting has disturbed my relationship with Allah!"What happened Zaira Wasim?? Now Acting is not against Islam or Allah gave you some sort of Religious Break to get done a few Commercial Activities? @ZairaWasimmm https://t.co/kHnmaKO4k0|
155659213|1006954027718991872|1170557499285692419|दक्षिण कोरिया का पाक अधिकृत कश्मीर में कार्यरत सभी विदेशी कंपनियों को संदेशमोदी है तो मुमकिन है🇮🇳@narendramodi @rajnathsingh @BJP4India #SundayThoughts  https://t.co/MEJtQZvOOK|
155659213|1006954027718991872|1170552512518057984|@narendramodi ॐ शांति शांति शांति|
155659213|1006954027718991872|1170085275550146561|@narendramodi @isro Success is not final, failure is not fatal. It is the courage to continue that counts &amp; we #Bharatiya are best known for it in both the circumstances.Proud of you @isro ❤️Bharat Mata ki Jai 🇮🇳🇮🇳🇮🇳🇮🇳|
155659213|1006954027718991872|1170083792687468544|@RaisinaSeries And here comes the Pakistani dogs, thinking this is the best chance they can get to bark|
155659213|1006954027718991872|1170082512682438656|Success is not final, failure is not fatal. It is the courage to continue that counts &amp; we #Bharatiya are best known for it in both the circumstances.Proud of you @isro ❤️Bharat Mata ki Jai 🇮🇳🇮🇳🇮🇳🇮🇳|
155659213|1006954027718991872|1170080548003270656|@narendramodi @isro भारत माता की जय🇮🇳|
155659213|1006954027718991872|1170074761533120512|हम विजय की ओर बढ़ते जा रहे...🇮🇳🇮🇳🇮🇳✊🏼 https://t.co/rOJo9rGatL|
155659213|1006954027718991872|1169868392683098113|I req. @myogiadityanath &amp; @Uppolice to have this properly investigated and proper measures also should be taken at the same time throughout the state to avoid these radical-jihadi activities. @NCWIndia please don’t ignore these cases, authorities have made it a taboo nowadays. https://t.co/hWk3H8vGGY|
155659213|1006954027718991872|1169682590883663872|10 rupee ki pepsi,@BhaveshSingh111 bhai Saxxxxxy 😁😜🥰✊🏼जन्मदिन की हार्दिक शुभकामनायें भाई❤️🎂🍰 https://t.co/fiOmZt7hxZ|
155659213|1006954027718991872|1168494853711220737|श्री गणेशाय नम: 🙏🏽🚩|
155659213|1006954027718991872|1167218098266501120|@vinn269 @TajinderBagga @RiaRevealed 😂|
155659213|1006954027718991872|1167181425205899264|@TajinderBagga आपके इस ट्वीट के बाद @RiaRevealed जी धर्मसंकट में है कि 1) ट्वीट डिलीट न करके अपने स्वाभिमान की रक्षा करें #या2) ट्वीट डिलीट करके अपनी रोजगार की रक्षा करें 😂😜 https://t.co/FfioKJc7Zc|
155659213|1006954027718991872|1166286382144163840|तैयारियाँ पूर्ण...✊🏼💐#SeemaSanghosh @SeemaSanghosh @BSF_India @ITBP_official @DGSSB @adgpi @rajnathsingh @DrJitendraSingh @DefenceMinIndia https://t.co/ZVuVpeUA3m|
155659213|1006954027718991872|1166022406592290816|Join Us at the launch event of Special Edition of @SeemaSanghosh Magazine in presence of Sah-Sarkaryawah of @RSSorg Dr Krishna Gopal Ji @KGopalRSS &amp; Minister Of State @DrJitendraSingh Ji.Tuesday, 27th August, 2019 (05:30 pm)#SeemaSanghosh https://t.co/0iU12R2YOU|
155659213|1006954027718991872|1165884085547364352|@RahulGandhi पाकिस्तान से पैसे कैश में आ रहे हैं या सीधे विदेशी बैंक खाते में??|
155659213|1006954027718991872|1165658511855894532|@Darsh_vats स्वागत है आपका🙏🏽|
155659213|1006954027718991872|1165142942551404546|वंदे मातरम्🇮🇳 https://t.co/tVBQweuU52|
155659213|1006954027718991872|1163821316064993285|शोक संदेश -यह सूचित करते हुये अत्यंत पीड़ा हो रही है कि मेरी वयोवृद्ध दादी माँ का आज प्रात:काल आजमगढ़ स्थिति हमारे पैतृक आवास पर स्वर्गवास हो गया। देवी त्वं निर्मिता पूर्वमर्चितासि मुनीश्वरैः नमो नमस्ते तुलसी पापं हर हरिप्रिये॥ https://t.co/DcCgefO9rN|
155659213|1006954027718991872|1163484625080967168|@BhaveshSingh111 Thank u mere bhai ❤️💐|
155659213|1006954027718991872|1163386881477763073|#FreeHongKong https://t.co/5n9W3tZj9M|
155659213|1006954027718991872|1162352540643500032|The International Community immediately needs to take action against the Chinese Communist Army, for the sake of #HongKong &amp; its people, specially students.China needs to answer about each Bullet fired by PLA on the peaceful democratic protesters.@UN &amp; @hrw #UNSC #Democracy https://t.co/VPKz9LtFK1|
155659213|1006954027718991872|1162348709826273280|आप शीघ्र स्वस्थ हों, ऐसी मेरी भगवान विश्वनाथ से कामना है🙏🏽 @arunjaitley #ArunJaitley|
155659213|1006954027718991872|1162225655620096001|उजियारे में, अंधकार में,कल कहार में, बीच धार में,घोर घृणा में, पूत प्यार में,क्षणिक जीत में, दीर्घ हार में,जीवन के शत-शत आकर्षक,अरमानों को ढलना होगा।कदम मिलाकर चलना होगा॥अटल बिहारी वाजपेयी #FridayThoughts|
155659213|1006954027718991872|1162225265562419200|उजियारे में, अंधकार में,कल कहार में, बीच धार में,घोर घृणा में, पूत प्यार में,क्षणिक जीत में, दीर्घ हार में,जीवन के शत-शत आकर्षक,अरमानों को ढलना होगा।कदम मिलाकर चलना होगा॥ #अटल_बिहारी_वाजपेयी जी को उनकी पहली पुण्यतिथि पर शत् शत् नमन🙏🏽 #AtalBihariVajpayee https://t.co/hYAE1HmXd4|
155659213|1006954027718991872|1162026466684485632|@deepanshu0407 @noidatraffic @sspnoida @Gzbtrafficpol @SspGhaziabad Hey @Uppolice please this take into notice|
155659213|1006954027718991872|1161851059322535936|मैं - पहली बार 90 मिनट से अधिक लंबे भाषण में @narendramodi जी विपक्ष पर अधिक आक्रामक नहीं हुयेचायवाले मनोज भाई - कऊन से विपक्ष पर हमला करितन भइया, धीरे धीरे कुल सांसदवन के त शाह जी बीजेपीए से जोड़ थऊवन!!??? मैं - जय हो - विजय हो 😂👍🏽 #स्वतंत्रता_दिवस #IndependenceDay2019|
155659213|1006954027718991872|1161593643192295424|@narendramodi @ians_india स राष्ट्रधर्म निष्ठावान अखंडं भारतं स्मरेत्‌ ॥भारत माता की जय🚩 #ModiHaiToMumkinHai 🇮🇳🇮🇳ये पाकिस्तानी डर अच्छा है @ImranKhanPTI #AbhinandanVarthaman #IAMINDIAN #BalochistanIsNotPakistan @narendramodi https://t.co/jvFmHmg9Co|
155659213|1006954027718991872|1161593516927021058|@narendramodi स राष्ट्रधर्म निष्ठावान अखंडं भारतं स्मरेत्‌ ॥भारत माता की जय🚩 #ModiHaiToMumkinHai 🇮🇳🇮🇳ये पाकिस्तानी डर अच्छा है @ImranKhanPTI #AbhinandanVarthaman #IAMINDIAN #BalochistanIsNotPakistan @narendramodi https://t.co/aGWK5dPsex|
155659213|1006954027718991872|1161589372099018753|स राष्ट्रधर्म निष्ठावान अखंडं भारतं स्मरेत्‌ ॥भारत माता की जय🚩 #ModiHaiToMumkinHai 🇮🇳🇮🇳ये पाकिस्तानी डर अच्छा है @ImranKhanPTI #AbhinandanVarthaman #IAMINDIAN #BalochistanIsNotPakistan @narendramodi https://t.co/huaemJr7lW|
155659213|1006954027718991872|1161565356093083649|As an Indian I Himanshu Chaturvedi hereby swear by all that I hold dear that I will completely boycott @BikanervalaIN &amp; @ColorsTV , because I won't let my money go into the pockets of those who are against my Nation!#DontSponsorPakiArtists https://t.co/CBVAHuwYsj|
155659213|1006954027718991872|1161557426912448513|1) भारत में हुये पाक द्वारा प्रायोजित एक भी आतंकी हमले का ये कलाकार विरोध नहीं किये2) पाक में भारतीय फिल्मों पर बैन3) भारत में कार्यरत पाक कलाकारों का कश्मीर को लेकर भारत विरोधी मतक्या @ColorsTV और @BikanervalaIN के पास भारतीय विकल्प नहीं है ? #DontSponsorPakiArtists https://t.co/RzBYdYv8e4|
155659213|1006954027718991872|1161514697075691520|Pakistan will have to pay for each genocide, rape &amp; abduction. We Bharatiyans can feel the pain of each #Balochistani &amp; will avenge it together and united. @UN @hrw should take immediate action against Pak Army #FreeBalochistan  #BalochistanSolidarityDay #14AugustBlackDay https://t.co/7ahlLVD0xv|
155659213|1006954027718991872|1161505639555850242|आँखें खोलिये @digvijaya_28 जी, आप के इन रिश्तेदारों की सेवा के लिये ही सीमा पर @BSF_India @ITBP_official @ChinarcorpsIA @official_dgar के वीर तैनात हैं और भूलिये मत की प्रधानमंत्री नेहरू नहीं @narendramodi है वैसे भी डोकलाम-बालाकोट की सेवा के बाद अब तक उन्हें दर्द नहीं हुआ है https://t.co/HnmeiNq0ZY|
155659213|1006954027718991872|1161304754804256773|हमारी थोड़िये, अपने पाकिस्तानी टमाटरों की चिंता करिये... https://t.co/KxuIMABAG2|
155659213|1006954027718991872|1161303421846081536|@narendramodi वंदे भारत मातरम् 🙏🏽🇮🇳|
155659213|1006954027718991872|1161297716074299398|पाक मीडिया में भारत में पाकिस्तान के शीर्ष समर्थकों की सूची जारी... 1) कांग्रेस  @INCIndia @priyankagandhi 2) ममता बनर्जी @MamataOfficial 3) कम्यूनिस्ट पार्टी @cpimspeak 4) अरुंधति रॉयसोचता हूँ ... इसमें हमारे लिये कौन सी आश्चर्य की बात है🤔😓 https://t.co/MxGdI23sId|
155659213|1006954027718991872|1161290196257792004|हैं भी तो इंदिरा गांधी की पोती.... मीडिया वालों को बजाने का हुनर होगा ही  @priyankagandhi https://t.co/odV1gZZudx|
155659213|1006954027718991872|1161240255204225026|@drharshvardhan ॐ शांति🙏🏽|
155659213|1006954027718991872|1161236845503496193|@narendramodi @AnupamPKher राष्ट्रीय अखण्डता व कश्मीरी पंडितों के लिये आप दोनों का संघर्ष इतिहास के पन्नों में स्वर्णिम अक्षरों में लिखा जायेगा।भारत माता की जय🇮🇳|
155659213|1006954027718991872|1161229292266651648|कांग्रेस की #कब्र को खोदने में @RahulGandhi से जो कमी रह गई है उसे @priyankagandhi जी पूरा करने की पूरी कोशिश कर रही हैं👏🏼#CongressWithPakistan #AntiNationalCongress @INCIndia https://t.co/ssuFWYJKhq|
155659213|1006954027718991872|1161150798237093888|And now US prez @realDonaldTrump takes a #U_turn, A matter of great shame for America &amp; again a tight slap to #Pakistan &amp; @ImranKhanPTI “US will never mediate in Kashmir matter until India invites” - India's Ambassador to the US, @HarshShringla #ModiHaiToMumkinHai 🇮🇳 https://t.co/6a4cs2T4nv|
155659213|1006954027718991872|1161121374712152064|खिसियानी बिल्ली खम्भा नोचे... https://t.co/nkZiCHHdLa|
155659213|1006954027718991872|1161113405689716736|@DeShobhaa चल झूठी😒|
155659213|1006954027718991872|1160942846720925696|Apne Modi ji jaisa koi hardichh nhi ho sakta😎⚔️✊🏼🇮🇳 #ManVsWild @narendramodi @BearGrylls https://t.co/T8xEfKVP7h|
155659213|1006954027718991872|1160912351605866496|@iamberagarwal @narendramodi @HardeepSPuri @kishanreddybjp @RaoMlc @MoCA_GoI @PMOIndia @BJP4Telangana @BJP4India @AmitShah @DeccanChronicle @KTRTRS सकारात्मक प्रयास, राजीव गाँधी व गाँधी परिवार जी के नाम पर अनगिनत इमारतों के नाम रखे जाने के कारण पर्यटक भ्रमित हो रहे हैं|
155659213|1006954027718991872|1160880639786094593|@NishantSandily @bhatvicky73 समयानुसार यदि ये औषधीय वायु के प्रभाव में आये और सकारात्मकता ग्रहण करने की इनकी क्षमता उस समय तक तृण मात्र भी बची रही तो इनके स्वस्थ होने की संभावना है।|
155659213|1006954027718991872|1160797246327099394|#EcoFriendlyEID #EidMubarak #EidAdhaMubarak #Stop_Killing_Animals https://t.co/9krs3lJ4Ck https://t.co/YjZXptq0rp|
155659213|1006954027718991872|1160763359521697792|जिनको ईश्वर ने बनाया उन्हें मारने का अधिकार हमें किसने दिया? वह भी उसी ईश्वर के नाम पर...  गजब की मूर्खता है #EidAdhaMubarak #EidMubarak #Stop_Killing_Animals https://t.co/6YuDaOJ1zw|
155659213|1006954027718991872|1160420159019864065|@ivivekbansal तन समर्पित, मन समर्पित और यह जीवन समर्पित।चाहता हूँ माँ तुझे कुछ और भी दूँ॥@RSSorg भारत माता की जय🙏🏽|
155659213|1006954027718991872|1160385646743048193|न अभिषेकों न संस्कारः सिंघस्य कियते वने । विक्रमाजिर्तस्त्वस्य स्वयमेव मृगेंद्रता ।। अर्थ - सिंह(शेर) को जंगल का राजा बनने के लिए राज्याभिषेक समारोह की आवश्यकता नही होती वह अपने कार्यों तथा साहस से स्वयं राजा बनता है ।#स्वयमेव_मृगेंद्रता   #SundayThoughts https://t.co/rdtc3w2n1C|
155659213|1006954027718991872|1160353140937334784|इतनी ‘नयी’ बात....  इतनी अनोखी...मुझे तो दिल का दौरा पड़ गया🤣😂😂 https://t.co/z7jFQGAL2D|
155659213|1006954027718991872|1160106642278514688|No wonder #NDTVWithPakistan|
155659213|1006954027718991872|1160103685130637312|“मेरे संस्कार मुझे किसी जीव को मारने की अनुमति नहीं देते” - @narendramodi वन में रहने की वैष्णवी रीति-नीति से विश्व का साक्षात्कार होगा🙏🏽🕉🚩#ManVsWild  @BearGrylls @DiscoveryIN https://t.co/66TvHXLwp0|
155659213|1006954027718991872|1160078073720475648|“कश्मीर ना भारत का हिस्सा है, ना ही पाकिस्तान का”“अगर कश्मीरी हमें बाहर जाने के लिये कहेंगे तो हम कश्मीर छोड़ देंगे” - #जवाहरलाल_नेहरू कश्मीर समस्या के जनक का @ABPNews (अम्रिता बाजार पत्रिका) को साक्षात्कार, 2 जनवरी, 1952@TajinderBagga @Jangid @ippatel @ShefVaidya https://t.co/HudQKkgOKT|
155659213|1006954027718991872|1159887669721088003|शाह नहीं पटेल है🇮🇳@AmitShah https://t.co/W9jlBt4PZG|
155659213|1006954027718991872|1159887143692451840|@PrateekJain28 वंदे मातरम्|
155659213|1006954027718991872|1159788290381193216|रामलला के वास्ते, खाली कर दो रास्तेजय जय श्रीराम🚩 https://t.co/qnpGiVjpxN|
155659213|1006954027718991872|1159787748242280454|शाह नहीं पटेल है 🇮🇳@AmitShah https://t.co/NwiwEpk0ry|
155659213|1006954027718991872|1159714848483053568|ओसामा बिन लादेन: सिविल इंजीनियर याकूब मेमन: चार्टर्ड एकाउँटैंटहाफिज सईद: दो मास्टर डिग्रीमोहम्मद असगर: साफ्टवेयर इंजीनियर रियाज भटकल: इंजीनियर मुसलमानों के आतंकी बनने का कारण शिक्षा/धन की कमी नहीं बल्कि #कुरान हैगैरमुसलमान पढ़ें, इसके विचार को समझें व सतर्क रहें|
155659213|1006954027718991872|1159708205032755200|आज: केरल का निवासी ISIS आतंकी सैफुद्दीन अफगानिस्तान में मारा गया7 दिन पहले: केरल का निवासी ISIS आतंकी मुहासिन को अफगानिस्तान में अमेरिकी ड्रोन ने मारा जून 19: केरल ISIS के प्रमुख राशिद को अमेरिकी सेना ने अफगानिस्तान में मारा(ये सभी केरल के सुशिक्षित व धनाढ्य परिवारों से थे)|
155659213|1006954027718991872|1159458678124138498|संवेदनशील समाजसेवी, उत्कृष्ट रणनीतिज्ञ, महान राजनीतिज्ञ और @RSSorg की पौधशाला द्वारा समाज को समर्पित शीर्ष विभूतियों में एक श्री नानाजी देशमुख को मरणोपरांत भारत रत्न से सम्मानित किये जाने की पृष्ठभूमि में उन्हें शत् शत् वंदन🙏🏽#BharatRatna Nanaji Deshmukh https://t.co/LK8pFiE9dW|
155659213|1006954027718991872|1159308100341395456|ये नया भारत है, बदलता भारत है, बढ़ता हुआ भारत है🇮🇳हमारे गौरवशाली प्रधानमंत्री @narendramodi जी को साधुवाद https://t.co/PQ1xfB7dqa|
155659213|1006954027718991872|1159093456028856320|हमें @iKapoorSid @ThePlacardGuy @sudhirpandey851 @iashutosh23  @Darsh_vats संसद मार्ग थाने से छोड़ दिया गया है। थाने में आकर हमारी चिंता करने के लिये @TajinderBagga भइया का विशेष रूप से आभारपुलिस हमें थाने लाने का अब तक कोई कारण नहीं बतायी है।#KashmirMeriJaan  @kaushkrahul https://t.co/4Nsuw9c5Q8|
155659213|1006954027718991872|1159051985053601792|जहाँ बलिदान हुये मुखर्जी वो #कश्मीर हमारा है- देशविरोधियों और पाकिस्तान प्रेमियों का अहिंसक विरोध करने का इनाम - तिरंगा फहराने का इनाम -   #गिरफ्तारी, संसद मार्ग थानानोट - शेहला राशिद प्रशासन से अनुमति नहीं ली और किराये की भीड़ ले आयीं, वाह @DelhiPolice @TajinderBagga https://t.co/0IltjRsvYy|
155659213|1006954027718991872|1158927933831913472|Lets give her a taste of some Real Patriotic Company🇮🇳Join me at Mandi House Metro Station Gate No. 1 at 10:30am with our National flags🇮🇳Contact : 8512838225देश के गद्दारों को, पाकिस्तान भेजो सारों को@TajinderBagga @kaushkrahul @sharmaAvl @MODIfiedVikas @ThePlacardGuy https://t.co/rdvp9jaOIM|
155659213|1006954027718991872|1158815312558481408|भारती माँ के उपासक, मातृ मंदिर के पुजारी🇮🇳#sushmaswaraj #RestInPeace https://t.co/Kq8vdvjC8Z|
155659213|1006954027718991872|1158808381211045888|@SushmaSwaraj @narendramodi आपका अध्ययन करना हमारे विशाल वैचारिक दृष्टिकोण का प्रतीक होगा...आपका अनुसरण करना हम युवाओं के लिये गौरव का विषय होगा...भारत व भारतीयता के मार्ग में आप सदा अमर रहेंगी...शत् शत् नमन🙏🏽   #SushmaSwaraj https://t.co/T9MtMkGpEN|
155659213|1006954027718991872|1158807727293911040|@narendramodi आपका अध्ययन करना हमारे विशाल वैचारिक दृष्टिकोण का प्रतीक होगा...आपका अनुसरण करना हम युवाओं के लिये गौरव का विषय होगा...भारत व भारतीयता के मार्ग में आप सदा अमर रहेंगी...शत् शत् नमन🙏🏽   #SushmaSwaraj https://t.co/udbHNCqonj|
155659213|1006954027718991872|1158803154651058176|आपका अध्ययन करना हमारे विशाल वैचारिक दृष्टिकोण का प्रतीक होगा...आपका अनुसरण करना हम युवाओं के लिये गौरव का विषय होगा...भारत व भारतीयता के मार्ग में आप सदा अमर रहेंगी...शत् शत् नमन🙏🏽   #SushmaSwaraj https://t.co/64qEVxXj2d|
155659213|1006954027718991872|1158709040211349504|अब -1) कश्मीर भारत का आंतरिक नहीं अंतर्राष्ट्रीय विषय हैपहले -1) जेएनयू में देशविरोधियों का साथ देना2) जिहादी अफजल गुरू के नाम के आगे ‘जी’3) सर्जिकल स्ट्राइक व सेना का उपहासभारतियों को अब राष्ट्रहित में नये और सशक्त विपक्ष पर भी विचार करना चाहिये #ShameOnCongress|
155659213|1006954027718991872|1158701628200906752|श्रीराम मंदिर - अयोध्या मामले की उच्चतम न्यायालय में प्रतिदिन सुनवाई शुरू...देशव्यापी, विकासकारी, सकारात्मक व ऊर्जावान अभियान में शीघ्र ही एक और मील का पत्थर स्थापित होगा।जय श्रीराम🚩|
155659213|1006954027718991872|1158592687664091136|@kaushkrahul He is one of the dogs of ISI|
155659213|1006954027718991872|1158578932238544896|Bhai that’s not the problem but the best part of love story❤️....  Miliye kabhi to sikhaonga how to make it two sided😉 https://t.co/jwlBCsVoL4|
155659213|1006954027718991872|1158438802953650176|@NishantSandily 😂😂👌🏼|
155659213|1006954027718991872|1158392868555255808|गीत - मेहबूबा ओ मेहबूबा❤️ @MehboobaMufti  #KashmirMeinTiranga🇮🇳 https://t.co/GtN42AMQKr|
155659213|1006954027718991872|1158295419547316224|गर्व है अपने प्रधानसेवक पर...@narendramodi जी हमें गर्व है आप पर https://t.co/7VONXZhnwX|
155659213|1006954027718991872|1158282016397250560|हमारे बनारस में एक कहावत बोली जाती है : ‘#|*ड में दम नहीं, हम किसी से कम नहीं’ वाह मोदी जी वाह🙏🏽🇮🇳#56इंच @narendramodi #370Scrapped #Article370 #ModiHaiToMumkinHai @OmarAbdullah https://t.co/T6Fo4W3Pq9|
155659213|1006954027718991872|1158276963137540096|जिहादियों की हालत😂🤣..... वैसे फटा कुछ और है, दिख कुर्ता रहा है😉#Article370 #370Scrapped #ModiHaiToMumkinHai #Kashmir https://t.co/C1GXrdTwSj|
155659213|1006954027718991872|1158200606433017856|@iKapoorSid @kaushkrahul 🤣😂👌🏼|
155659213|1006954027718991872|1158185375661060096|1) महबूबा मुफ्ती और उमर अब्दुल्ला नजरबंद2) जम्मू कश्मीर में विद्यालय व उच्च शिक्षण संस्थान अगले आदेश तक बंद3) गवर्नर ने पुलिस-सेना के वरिष्ठ अधिकारियों के साथ देर रात की बैठक4) राज्य में अधिकतर क्षेत्र में इंटरनेट सेवा व मोबाइल सेवा बंद5) ये तो बस #ट्रेलर है🇮🇳🇮🇳🇮🇳🇮🇳🇮🇳|
155659213|1006954027718991872|1158073862459805696|NIA summons Kashmir MLA Engineer Rashid to Delhi over terror funding case🇮🇳Kashmiri Panditon ka, Amarnath Baba ka, Gau Mata ka....Ek-Ek ka badla lega re apna Modi @narendramodi|
155659213|1006954027718991872|1157640639208517633|Latest Swag of Security Forces in Kashmir 🇮🇳⚔️ https://t.co/Gx1r5w1DRO|
155659213|1006954027718991872|1157550859418394625|@Shivam_h9 @AshokTanwar_INC @mlkhattar Waaah|
155659213|1006954027718991872|1157547208503201794|ये डर अच्छा है @MehboobaMufti 🇮🇳 https://t.co/76lqM9LBWO|
155659213|1006954027718991872|1157170001477898240|आया ऊँट पहाड़ के नीचे😂✊🏼🚩देर से ही सही, @ZomatoIN को अपनी औकात पता चल गई.... #ZomatoUninstalled https://t.co/lywSpDJR3Q|
155659213|1006954027718991872|1156952200779665413|राधे राधे ❤️💐 https://t.co/DBKsuVFzbd|
155659213|1006954027718991872|1156905772732653570|गऊ सेवकों की हत्या, गऊ तस्करों का आतंक व तथाकथित बुद्धिजीवियों की दोहरा रवैया... भारत व भारतीयता के विरूद्ध इस अघोषित युद्ध का यह मात्र एक छोटा सा पक्ष है https://t.co/poVyHlURSW|
155659213|1006954027718991872|1156291942709202944|A very happy and happening dayToday:1. Rajya Sabha passes the Triple Talaq bill.2. Karnataka Govt banned Tipu Sultan Jayanti.3. Malaysia refuses asylum to Zakir Naik.Cheers to new India. #MODIfied_India @narendramodi|
155659213|1006954027718991872|1155830781643591686|PM @narendramodi &amp; @BearGrylls on 12th August 2019 at 9pm❤️ #PMModionDiscovery https://t.co/Rsdnk6GFuf|
155659213|1006954027718991872|1155685824316375041|@vivekagnihotri @PJkanojia Nailed it 🤣😂👍🏽👌🏼|
155659213|1006954027718991872|1154724102487171072|@narendramodi वंदे मातरम्🇮🇳|
155659213|1006954027718991872|1154723569961558019|@hardoipolice @pk_msra66 @SanjayGupta____ @tiwari_ashish1 @Uppolice @Uppolice, दोषी को सज़ा मिले इसकी जिम्मेदारी आपको लेनी चाहिये, प्रशासनिक दबाव व भाग दौड़ की समस्या से बचने के लिये अक्सर सामान्य जन समझौता कर लेते हैं। इससे समस्या का समाधान नहीं हो सकता।|
155659213|1006954027718991872|1154721899466780672|धर्म की रक्षा हेतु अपना सर्वस्व अर्पित करने वाले गुरु श्री  हरकिशन साहिब जी को उनकी जयंती पर सादर प्रणाम🙏🏽सत श्रीअकाल 🚩 https://t.co/lKIHOIUghI|
155659213|1006954027718991872|1154644642362642432|भारती माँ के उपासक, मातृ मंदिर के पुजारी।शहीदों को शत् शत् नमन🙏🏽  #KargilVijayDiwas 🇮🇳 https://t.co/ReCGI6AmVN|
155659213|1006954027718991872|1152511466425073666|समय की पुकार है कि विश्व समुदाय इन बहनों की पीड़ा को समझे और आर्थिक स्वार्थों को दरकिनार करके मनुष्यता के शत्रु, इस्लाम और कट्टरपंथ, के खिलाफ एक हों। आग दूसरे शहर से अपने शहर तक आये उससे पहले वहीं उसे बुझाने का प्रयत्न होना चाहिये। https://t.co/w2R0KPmfg5|
155659213|1006954027718991872|1151063052701356033|ओजस्वी छात्र, उत्कृष्ट विचारक व माँ भारती के श्रेष्ठ पुत्रों में से एक प्रिय अनुज @Goswami1600 को जन्मदिन की हार्दिक शुभकामनायें https://t.co/n7f7sPlwc9|
155659213|1006954027718991872|1150990139344035842|यह तन विष की बेल री, गुरु अमृत की खान।शीश दिए जो गुरु मिले तो भी सस्ता जान ॥माता-पिता, गुरू व प्रकृति के हर तत्व को जो जीवन में धर्म के मार्ग पर प्रेरणा देते हैं, उन्हें प्रणाम🙏🏽#गुरुपूर्णिमा https://t.co/X6bZjrXQ8h|
155659213|1006954027718991872|1150346364808601607|Are we still in 21st century !!!?  I wonder where #Islam &amp; #Kuran is leading Muslims😞 https://t.co/TKdFg32Lzk|
155659213|1006954027718991872|1148673202433867777|Dare not to do anything or even think against Bharat MaaChowkidar Sher Hai @NarendraModi https://t.co/YJ5VQ2y0Iv|
155659213|1006954027718991872|1148604162797690880|@theskindoctor13 @realDonaldTrump 🤣🤣😂|
155659213|1006954027718991872|1148601996926214145|95% मुस्लिम आबादी के बीच स्थित श्री दुर्गा मंदिर (लाल कुआँ, चावड़ी बाजार) में मूर्तियों की प्राण प्रतिष्ठा के अवसर पर एकत्रित हुये हिंदू शेरों की एक झलक...जय जय श्रीराम🚩(इसी मंदिर में पिछले दिनों जिहादियों ने तोड़-फोड़ की थी)#ReclaimCivilisation @VHPDigital https://t.co/qiMFMjEGZj|
155659213|1006954027718991872|1148476902648057856|95% मुस्लिम आबादी में विश्व हिंदू परिषद व बजरंग दल के कार्यकर्ता दहाड़ते हुये,लाल कुआँ दुर्गा मंदिर, चावड़ी बाजार में मूर्तियों की प्राण प्रतिष्ठा संपन्न... जय जय श्रीराम🚩#ReclaimCivilisation https://t.co/2ZZOwOUZH3|
155659213|1006954027718991872|1148282260291932160|Ab Hoga NYAY 😜🤣 #JusticeInKarnataka https://t.co/uwCt6DAbsa|
155659213|1006954027718991872|1148276218283749377|Seems similar to Madarasas of Kashmir, mostly operated by ISI funded Jihadis..Venom for Nation’s peace &amp; sovereignty. https://t.co/V4isVebzOv|
155659213|1006954027718991872|1147560875357696000|कलियुग https://t.co/ygdzv5Zkei|
155659213|1006954027718991872|1147442543325372416|Proud on @ITBP_official ❤️🇮🇳भारत माता की जय https://t.co/MKMNKqSU7n|
155659213|1006954027718991872|1147434850825097217|इन मौलिवियों को पहले सामान्य नागरिक संस्कार सिखने की आवश्यकता है https://t.co/usTIn6EJT3|
155659213|1006954027718991872|1146994689934938112|पहली बार लतखोर बिना लात खाये ही लात खाने का दावा कर रहे हैं...और कितने अच्छे दिन चाहिये !?? https://t.co/79GT6X9MYY|
155659213|1006954027718991872|1146620928391966720|ॐ नमो भगवते वासुदेवाय🙏🏽🚩सकल विश्व का मंगल करने वाले भगवान श्री कृष्ण की #RathYatra के लिये आप सभी को हार्दिक शुभकामनायें https://t.co/RS2CD4pSG4|
155659213|1006954027718991872|1146619937558941697|शत् शत् नमन🙏🏽 #SwamiVivekananda https://t.co/NS5N3qqcTr|
155659213|1006954027718991872|1146276684351643648|सोशल मीडिया पर सेना व राष्ट्रीय स्वाभिमान को अपमानित करने वालों को चिन्हित कर उनपर कार्यवाही सुनिश्चित करवाने वाले@ThePlacardGuy @sharmaAvl @kaushkrahul @RishiUvaach @AroraPrteek व @CleanTheNation1 के अन्य सदस्य आज के समय में हम युवाओं के लिये प्रेरणाश्रोत हैं। वंदे मातरम्🇮🇳|
155659213|1006954027718991872|1146276680106950656|पत्रकारिता को अधिक समय समर्पित करने के बाद एक समाचार पत्र किस प्रकार #न्यायालय व एक पत्रकार किस प्रकार #न्यायाधीश बन सकता है, इसके सर्वश्रेष्ठ उदाहरण हैं @IndianExpress और @sagarikaghose वैसे @CleanTheNation1 के नाम से जाहिर है कि इस समूह से दर्द किसे हो सकता है#SocialGarbage https://t.co/z01qLIZVuB|
155659213|1006954027718991872|1146060296416460801|वर्तमान समय में ग्राम्य समाज की प्रासंगिकता व महत्व को अच्छी तरह से परिभाषित करते @RKSinhaBJP जी का यह लेख युवाओं द्वारा पठनीय है। https://t.co/o67lxqUo8B|
155659213|1006954027718991872|1145937643269586944|Standing Ovations to @ArvindKejriwal &amp; @AamAadmiParty MLA @ImranHussaain for watching #TempleTerrorAttack peacefully.https://t.co/oJXOqQbGlJ|
155659213|1006954027718991872|1145918844361252864|#TempleTerrorAttack https://t.co/6IT6vYEJuI|
155659213|1006954027718991872|1145766763100921856|समय आ गया जब हिंदू समाज संपूर्ण रूप से जागृत होकर भारतीय समाज से राष्ट्रविरोधी, विदेशी व कट्टरपंथी सांप्रदायिक ताकतों का समूल नाश कर दे।अहिंसक माध्यमों की विफलता की स्थिति में सशस्त्र अभियान होना चाहिये। #TempleTerrorAttack|
155659213|1006954027718991872|1145548975899942912|@kaushkrahul @DrMohanBhagwat One of the best steps by RSS to connect with youths. Bhaiya organisation should also determine that they are in active state, @DattaHosabale ji’s accounts was already made &amp; was verified too but hasn’t tweeted anything since November, 2018.|
155659213|1006954027718991872|1145543808647495680|@narendramodi @_DigitalIndia Proud to have a PM with the best progressive mind.Vande Mataram 🇮🇳|
155659213|1006954027718991872|1145045726012907521|भारतीय सेना को तो छोड़ा ही नहीं इन दोगलों ने...... हमारी क्रिकेट टीम का इस तरह मजाक उड़ाना तो छोटी बात हैइन अलगाववादियों से भारत व भारतीयता के किसी भी सकारात्मक आयाम पर इससे अच्छी टिप्पड़ी की अपेक्षा नहीं की जा सकती https://t.co/WKjtCz4snU|
155659213|1006954027718991872|1144892380325093376|Is only me noticing that @priyankagandhi is trying her best to become a ‘Feminist Icon’ at least on social media.|
155659213|1006954027718991872|1144846573135790080|Best best best https://t.co/crIYkYTONj|
155659213|1006954027718991872|1144845714914021376|@RaviRanjanIn  A very happy birthday bhaiya 🥳😇🎂|
155659213|1006954027718991872|1144573082847178757|@rajan0031 @mssirsa @TajinderBagga @amritabhinder @rajjorani Whoever knows a bit history of Sikhs can never dream to put question mark on the patriotism our #SaviourLions Sat Shri Akal🙏🏽Vande Mataram 🇮🇳|
155659213|1006954027718991872|1144570916178817024|इस्लाम में शराब व वैश्यावृत्ति मात्र इसलिये हराम है ताकि मुसलमान जीवित रहते जिहाद व आतंक पर पूरा ध्यान केंद्रित करे, बाकी जन्नत की पवित्रता में कोई कमी नहीं है जहाँ परम सुख एक मर्द का 72 हूरों (कुँवारी लड़कियाँ) के साथ शारीरिक संबंध व नशा है #माशाअल्लाह👌🏼 https://t.co/z8BLTohkHF|
155659213|1006954027718991872|1144253350726250496|उड़ता पंजाब ⁦@INCIndia⁩ के राज में गजब का प्रदर्शन कर रहा है, अफीम की तस्करी में प्रशासन की भी बढ़ चढ़ कर भागीदारी👏🏼 अब होगा #न्याय  https://t.co/Q0ZXtJC3lx|
155659213|1006954027718991872|1144247980817559554|G-20: जापान में पीएम मोदी के संबोधन के बाद लगे 'जय श्री राम' के नारे, #गर्व_है आप पर ⁦@narendramodi⁩ जी https://t.co/19nTbdfayO|
155659213|1006954027718991872|1144156746039955456|I am not surprised why the Blacks are being shot in the streets of USA, authorities are too busy in international affairs. Hey @realDonaldTrump , @USCIRF &amp; @USAndIndia have some concrete action on your own ppl first who kill if the colour of skin doesn’t match. https://t.co/eB4E19K2vg|
155659213|1006954027718991872|1144152879525060615|गुनाह - हिंदू होनासजा - जिंदा जलाया गयान्यायाधीश - इस्लाममरने से पहले दिया गया बयान चीख चीख कर भारतीय समाज और भारत के भविष्य को चेतावनी दे रहा है #SaveBharatFromIslam  https://t.co/Bcj15SgZSs|
155659213|1006954027718991872|1143969394973790208|कभी कभी लगता है अपुहिछ भगवान है🤔😎 https://t.co/ymrGZrJX4H|
155659213|1006954027718991872|1143963105602367488|Well you girls were so enthusiastic after watching ‘Twilight’!!! This is what it leads to &amp; now you are blaming ‘men’ for that... https://t.co/KfbQ8lgtJX|
155659213|1006954027718991872|1143958052967596032|@SanataniRudra @Shivam_h9 @vikrantkumar @anjanaomkashyap जीजा के घर आने पर आम जनता ऐसा व्यवहार नहीं करती, आप किसी और प्रजाति के प्रतीत होते हैं|
155659213|1006954027718991872|1143953274761928704|@SanataniRudra @Shivam_h9 @vikrantkumar @anjanaomkashyap भाई अपना पता भेज.... विक्स, इच गार्ड, बरनॉल जो भी नहीं खरीद पा रहे हो मैं अपने पैसे से भेजवा दूँगातुझ जैसों दर्द मुझसे अब देखा नहीं जा रहा|
155659213|1006954027718991872|1143951397416648704|Congratulations #TeamBharat &amp; @BCCI for the new colour which suits better on our players as per the glorious cultural heritage of our motherland. #MenInOrange|
155659213|1006954027718991872|1143949977435029504|कुरान एक ऐसा जहर है जो ना सिर्फ गैर-मुस्लिम समुदायों के लिये घातक है बल्कि स्वयं इस्लाम के अनुयायियों के लिये भी भस्मासुर है। अरब देशों में मुसलमानों के बीच आपसी लड़ाई में हो रहा नरसंहार इसका प्रत्यक्ष प्रमाण है। #NoToAllahHuAkbar|
155659213|1006954027718991872|1143943236890664960|@lkopolice @adgzonelucknow @Igrangelucknow @up100 @Uppolice @myogiadityanath Thanks, @Uppolice is doing very well under the new government.|
155659213|1006954027718991872|1143863175596478464|Pls take necessary action against accused &amp; also against hospital &amp; authorities denying to admit the girl @adgzonelucknow @Igrangelucknow @up100 @Uppolice @myogiadityanath @lkopolice https://t.co/HN3AtST2Hc|
155659213|1006954027718991872|1143399656254144512|@ArvindKejriwal आपातकाल की आलोचना और ‘आप’ के भविष्य पर संतुलन बनाने का प्रयास करतीं इन पंक्तियों को लिखनें में आपको कितनी पीड़ा हुई यह हर शब्द चीख चीख कर बता रहा है।|
155659213|1006954027718991872|1143010202888757248|ॐ नम: शिवाय🙏🏽 #MondayMotivation|
155659213|1006954027718991872|1142862355644108800|वंदे मातरम्🇮🇳 https://t.co/9hdSLu5Laj|
155659213|1006954027718991872|1142822570514714624|शर्मनाक, अभद्र😡भारत के मदरसों में नाबालिग लड़कियों व महिलाओं के शोषण को रोकने के लिये तत्काल प्रभाव से भारत सरकार को कार्यवाही करना चाहिये@PMOIndia @HRDMinistry @smritiirani https://t.co/mdK1BRMMsc|
155659213|1006954027718991872|1142531785193996289|Didi @bprerna ji pls clarify https://t.co/1rU9N5ORI6|
155659213|1006954027718991872|1142318899670552578|मुस्लिम बच्चियों व महिलाओं पर होते अत्याचार को उजागर करता लेख, @myogiadityanath जी कृपया संप्रदाय के आड़ में हो रहे इस प्रकार के गंभीर अपराधों को रोकने के लिये उत्तर प्रदेश में अलग से कानून बनायें https://t.co/pKWKei6b1c|
155659213|1006954027718991872|1142314729618079744|सर्वोपर यह विषय है कि @smritiirani जी मंत्री होते हुये भी एक साधारण माँ की तरह ही अपनी बेटी के पक्ष में प्रतिक्रिया दी,नहीं तो विद्यालय प्रबंधन को उनके पी.एस. के एक कॉल से ही ‘साँप भी मर जाता और लाठी की आवाज तक नहीं आती’ ॥नया भारत, सर्वश्रेष्ठ नेतृत्वकर्ता॥ https://t.co/vVmVt7vtfz|
155659213|1006954027718991872|1142151907164557312|@ShashiTharoor @narendramodi ऐडवीना जैसी योग गुरू हो तो नेहरू-जिन्ना जैसे कितने करने लग जायेंगे, हमारे भोले भावे मोदी जी में इतनी प्रतिभा नहीं है ना...|
155659213|1006954027718991872|1141910795992719360|Happy #YogaDay2019 https://t.co/GnmwSNBicS|
155659213|1006954027718991872|1141389817051152384|@AyushmanNHA @MoHFW_INDIA @PMOIndia @narendramodi https://t.co/TcuVHDDaFq|
155659213|1006954027718991872|1141389307665457152|सरबजीत मामले पर सबसे सटीक और न्यायप्रिय टिप्पड़ी https://t.co/jyYo4I2nIY|
155659213|1006954027718991872|1141219487544303616|किसी भी शुभ कार्य से पूर्व ‘जय श्री राम’ के जयकारे शुभकामनायों व आशीर्वाद के प्रतीक होते हैं, आपकी इस नारे के प्रति आपत्ति आपकी भारतीयता के प्रति हीन भावना को प्रदर्शित करती है। https://t.co/Tbkhy9YWSP|
155659213|1006954027718991872|1140964191961939968|From boycotting Vande Mataram to breaking India, the intentions of ‘peacefuls’ is needed to be understood by truly democratic citizens of Bharat &amp; measures should be taken before it’s too late. https://t.co/rcRRNyPZUd|
155659213|1006954027718991872|1140923977327452161|This is the best for Singers to go hit mean while their songs are worst.Too much of Identity Crisis nowadays...https://t.co/i79tqbFKem|
155659213|1006954027718991872|1140577060563251200|Seriously 🤣😂 https://t.co/4y5tHfCVF0|
155659213|1006954027718991872|1140574554630152192|@rajivtuli69 यदि सरदार जी की गलती वाली विडियो नहीं सामने आती तब स्थिति भयावह हो सकती थी..... मौक़ापरस्त ताक में बैठे हैं|
155659213|1006954027718991872|1140409542661959680|प्रचण्डं प्रकृष्टं प्रगल्भं परेशं अखण्डं अजं भानुकोटिप्रकाशम् ।त्रयः शूल निर्मूलनं शूलपाणिं भजेऽहं भवानीपतिं भावगम्यम् ॥शुभ सोमवारॐ नम: शिवाय🙏🏽#MondayMotivaton #MondayMorning https://t.co/2TwYAjRazk|
155659213|1006954027718991872|1140173882847948800|Someplace other than Varanasi..! Bhai bhai..!❤️ https://t.co/hxOQflSpNT|
155659213|1006954027718991872|1139922311602040835|दावा द्रुमदंड पर, चिता मृग झुंड पर,भूषण बितंड पर जैसे मृगराज हैं।तॆज तम अंशपर, काह्न जिम कंसपर,त्यॊंमिलेच्छवंसपर शेर #शिवराज हैं 🚩As fire is to forest trees,a leopard to deers, lion to elephants,as Krishna to Kansa, so was #Shivaji, towards Evil #HinduSamarajyaDiwas|
155659213|1006954027718991872|1139754677828894720|जय हनुमान ज्ञान गुन सागर 🙏🏽जय श्रीराम🚩 #SaturdayMotivation|
