155659213|733175185688264705|1177641934396911616|ರೇವಣ್ಣ ದೇವೇಗೌಡರ ಮಗ ಅನ್ನೋ ಕಾರಣಕ್ಕೆ ಸುಮ್ಮನಿದ್ದೇನೆ : ಶಿವರಾಮೇಗೌಡ ಅವರೆ ರೇವಣ್ಣ ಅವರದು ಸ್ವಾತಿ ನಕ್ಷತ್ರ,ಈ ನಕ್ಷತ್ರದವರ ವಿರುದ್ಧ ಕೈ ಹಾಕಿದ್ರೆ ರಿವರ್ಸ್ ಆಗುತ್ತಂತೆ ಯಾವುದಕ್ಕೂ ಹುಷಾರಾಗಿ ಇದ್ರೆ ಒಳ್ಳೆಯದು 🤣😂|
155659213|733175185688264705|1177639620265119746|@sansaatvik29 ಯಾವಾಗ next year ಗಾ|
155659213|733175185688264705|1177639458360872961|@mohankumargm86 Nota|
155659213|733175185688264705|1177595607613001731|ಕನ್ನಡಿಗರು ಬೇರೆ ಗ್ರಹದವರು ಮತ್ತು ಉತ್ತರ ಕರ್ನಾಟಕ ಭಾರತದ ಭಾಗವಲ್ಲವೆಂದು ಕೇಂದ್ರ ಸರ್ಕಾರ ಭಾವಿಸುತ್ತಿದ್ದಾರೆ. ಕನ್ನಡಿಗರು 25ಸಂಸದರನ್ನು ಗೆಲ್ಲಿಸಿದ್ದರೂ ಕೇಂದ್ರ ಸರ್ಕಾರಕ್ಕೆ ನೆರೆ ಸಂತ್ರಸ್ತರ ಬಗ್ಗೆ ಕಿಂಚಿತ್ತೂ ಚಿಂತೆಯಿಲ್ಲ. ನಮ್ಮ ಶಕ್ತಿಯೇನೆಂಬುದನ್ನು ಅವರಿಗೆ ತೋರಿಸುವ ಸಮಯ ಬಂದಿದೆ..#uttarakarnatakabelongstoindia|
155659213|733175185688264705|1177577625058852864|ನೆರೆ ಸಂತ್ರಸ್ತರಿಗೆ ಕೇಂದ್ರದ ಮೊರೆ ಹೋಗುವ ಅನಿವಾರ್ಯತೆ ಇಲ್ಲ ರಾಜ್ಯ ಸರ್ಕಾರದಲ್ಲಿ ಸಾಕಷ್ಟು ಹಣ ಇದೆ ಅಂತ ತೇಜಸ್ವಿ ಸೂರ್ಯ ಹೇಳಿದ್ದಾರೆ ಹಾಗಾಗಿ ಕುಮಾರಸ್ವಾಮಿ ಅವರೆ ತಾವು ಪರಿಹಾರ ಕೇಳೋದಿಕ್ಕೆ ದೆಹಲಿಗೆ ಹೋಗಬೇಕಾಗಿಲ್ಲ ಇಲ್ಲೇ ಇರುವ 25 ಸಂಸದರನ್ನು ಕೇಳಿ.#SaveUttaraKarnataka#uttarakarnatakabelongstoindia|
155659213|733175185688264705|1177577377892667394|@hd_kumaraswamy @BSYBJP ನೆರೆ ಸಂತ್ರಸ್ತರಿಗೆ ಕೇಂದ್ರದ ಮೊರೆ ಹೋಗುವ ಅನಿವಾರ್ಯತೆ ಇಲ್ಲ ರಾಜ್ಯ ಸರ್ಕಾರದಲ್ಲಿ ಸಾಕಷ್ಟು ಹಣ ಇದೆ ಅಂತ ತೇಜಸ್ವಿ ಸೂರ್ಯ ಹೇಳಿದ್ದಾರೆ ಹಾಗಾಗಿ ಕುಮಾರಸ್ವಾಮಿ ಅವರೆ ತಾವು ಪರಿಹಾರ ಕೇಳೋದಿಕ್ಕೆ ದೆಹಲಿಗೆ ಹೋಗಬೇಕಾಗಿಲ್ಲ ಇಲ್ಲೇ ಇರುವ 25 ಸಂಸದರನ್ನು ಕೇಳಿ.#SaveUttaraKarnataka#uttarakarnatakabelongstoindia|
155659213|733175185688264705|1177498464466305026|@PradeepMatagod @narendramodi @AmitShah 👍👍👍👍👍|
155659213|733175185688264705|1177446251039608834|ಅಂದು ಮೋದಿ ಮುಖ ನೋಡಿ ಮತ ನೀಡಿ ಎಂದು ಬಿಜೆಪಿಯವರು ಮನೆ ಬಾಗಿಲಿಗೆ ಬಂದು ಭಿಕ್ಷೆ ಬೇಡಿದರು. ಇಂದು ಆಪರೇಷನ್ ಕಮಲಗೆ ತೋರಿಸಿದ ಉತ್ಸಾಹ, ವರ್ಗಾವಣೆ ದಂಧೆಗೆ ತೋರಿಸುವ ಆಸಕ್ತಿ,ನೆರೆ ಸಂತ್ರಸ್ತರ ನೆರವಿಗೆ ತೋರಿಸುತ್ತಿಲ್ಲ ಯಾಕೆ,ನಮಗೆ ಭಿಕ್ಷೆ ಬೇಡ ಪರಿಹಾರ ಕೊಡಿ.#NorthKarnatakaBelongsToIndia#SaveUttaraKarnataka|
155659213|733175185688264705|1177434636588216320|@Ravikiranreddy2 🤣|
155659213|733175185688264705|1177409232418660352|@NamoViresh @VINAYPUJARI33 @AkshayVandure1 ಆಪರೇಷನ್ ಕಮಲಗೆ ತೋರಿಸಿದ ಉತ್ಸವ ಯಾಕೆ ಪರಿಹಾರದಲ್ಲಿ ತೋರಿಸುತ್ತ ಇಲ್ಲ ಎಲ್ಲಾ ವಿಷಯದಲ್ಲೂ ಸಪೋರ್ಟ್ ಮಾಡೋದು ಸರಿ ಇಲ್ಲ..  ಇದು ನನ್ನ ಅನಿಸಿಕೆ|
155659213|733175185688264705|1177282582087487488|@VINAYPUJARI33 @AkshayVandure1 @NamoViresh|
155659213|733175185688264705|1177280377804603392|ಮೋದಿ ಅವರ ಹೆಸರು ಹೇಳಿಕೊಂಡು ಚುನಾವಣೆಯಲ್ಲಿ ಪ್ರಚಾರ ಮಾಡಿದ್ರಿ ನಾವು ಕೂಡ ಹಿಂದುಮುಂದು ಯೋಚನೆ ಮಾಡದೆ ನಂಬಿಕೆ ಮೇಲೆ ಕಮಲಗೆ ಮತ ಹಾಕಿ 25ಸಂಸದರನ್ನು ಗೆಲ್ಲಿಸಿದ್ದೀವಿ ಈಗ ಉತ್ತರ ಕರ್ನಾಟಕದ ಜನರನ್ನು ಕಾಪಾಡುವುದು ನಿಮ್ಮ ಕರ್ತವ್ಯ, ನಿಮ್ಮ ಜವಾಬ್ದಾರಿಯನ್ನು ಪಾಲಿಸಿ..#SaveUttarKarnataka#NorthKarnatakaBelongsToIndia|
155659213|733175185688264705|1177277729495867392|@NamoViresh #SaveUttarKarnataka|
155659213|733175185688264705|1177276791842410496|@MonicaGRaju ಹೌದು ಭಾರತ 🇮🇳ಹಿಂದೂ ರಾಷ್ಟ್ರ 🚩|
155659213|733175185688264705|1177242389724876801|@Ravikiranreddy2 ಕಾಂಗ್ರೆಸ್ ಗಿಡ|
155659213|733175185688264705|1177221281072046080|@Chandu2315 ಒಂದು ರೂಪಾಯಿ ಅವರ ಭಿಕ್ಷೆ ತಟ್ಟೆಗೆ ಹಾಕಬೇಕು|
155659213|733175185688264705|1177199809100279808|ಕೊಡಗು‌ ನಮಗೆ ಕಾವೇರಿ ನೀರನ್ನು ನೀಡಿದೆ ಆದ್ರೆ ಕೊಡಗಿನಲ್ಲಿ ಯಾವುದೇ ಸೂಪರ್ ಸ್ಪೆಷಾಲಿಟಿ ಆಸ್ಪತ್ರೆ ಇಲ್ಲ ,ಕೊಡಗಿನ ಜನರು ಚಿಕಿತ್ಸೆಗಾಗಿ ಮೈಸೂರು, ಬೆಂಗಳೂರಿಗೆ ಬರಬೇಕಾದ ಪರಿಸ್ಥಿತಿ ಇದೆ ಹಾಗಾಗಿ ಕೊಡಗಿಗೆ ಸೂಪರ್ ಸ್ಪೆಷಾಲಿಟಿ ಆಸ್ಪತ್ರೆಯ ಅವಶ್ಯಕತೆ ಇದೆ.@sriramulubjp @CMofKarnataka#WeNeedEmergencyHospitalInKodagu|
155659213|733175185688264705|1177181486295830528|@RameshV19230877 👍|
155659213|733175185688264705|1177175322598330369|@iam_rajeshraju ಹಾಗೆ ಹೇಳಿ ಹೇಳಿನೇ ಒಂದು ಕಡೆ love jihad ಇನ್ನೊಂದು ಕಡೆ ಕ್ರಿಶ್ಚಿಯನಗೆ  ಮತಾಂತರ ಆಗುತ್ತಾ ಇರೋದು...  Kerala ದೇವರ ನಾಡು ಹೋಗಿ ಮಿನಿ ಪಾಕಿಸ್ತಾನ ಆಗಿರೋದು...|
155659213|733175185688264705|1177170832893726720|@RaghuTheRed https://t.co/40cJUySfYE|
155659213|733175185688264705|1177170546942869504|@RaghuTheRed https://t.co/9dhy454Dwv|
155659213|733175185688264705|1177170160622243840|@pulchar_papanna 👌|
155659213|733175185688264705|1177168732881182720|@RaghuTheRed Google ನೋಡಿ ಒಂದು ಸಾರಿ ಗೊತ್ತಾಗುತ್ತದೆ|
155659213|733175185688264705|1177165534107844609|@Kanneeru_Swamy @ukvsm @AkshayVandure1 @mvmeet @PostcardKannada @BSYBJP https://t.co/STxONu7cKS|
155659213|733175185688264705|1177164409346506752|@MirajakarRavi ನಿಜ|
155659213|733175185688264705|1177164320251109376|@RaghuTheRed ಆ ಭಿಕಾರಿ ರಾಷ್ಟ್ರ ಜೊತೆ ಯಾವನ್ನು comparison ಮಾಡುತ್ತಾರೆ 😂 ಇಲ್ಲೇ ಹುಟ್ಟಿ ಬೆಳೆದು ಪಾಕಿಸ್ತಾನಗೆ ಜೈ ಅನ್ನೋರಿಗೆ ಏನ್ ಹೇಳೋದಿಕ್ಕೆ ಆಗೋದಿಲ್ಲ|
155659213|733175185688264705|1177163761175543808|@ukvsm @AkshayVandure1 @mvmeet @PostcardKannada @BSYBJP ನಿತ್ಯಾನಂದ|
155659213|733175185688264705|1177157529186422785|@Kanneeru_Swamy ಅದೇ ನಮ್ಮ ರೈತರಿಗೆ ಹೋಳಿಗೆ ಊಟ ಹಾಕಿಸಿದ್ರೆ ಪಕ್ಕಾ 10 ಸೀಟ್ ಬರುತ್ತಾ ಇತ್ತು ಅಲ್ವೇ|
155659213|733175185688264705|1177157283848916992|@Kanneeru_Swamy ಪ್ಯಾಲೇಸ್ ಗ್ರೌಂಡ್ ನಲ್ಲಿ ಕೆಲವರನ್ನ ಮೆಚ್ಚಿಸೋದಿಕ್ಕೆ  ಬಿರಿಯಾನಿ ಊಟ ಹಾಕಿಸಿ ಒಂದೇ ಒಂದು ಸೀಟ್ ಬಂತು 😂|
155659213|733175185688264705|1177154782013771776|ಬಹುಸಂಖ್ಯೆ ಇರುವ ಪಾಕಿಸ್ತಾನ ಮುಸ್ಲಿಂ ರಾಷ್ಟ್ರ ಅಂತ ಕರೆಯಬೇಕಾದರೆ, ಬಹುಸಂಖ್ಯೆ ಹಿಂದೂಗಳಿರುವ ರಾಷ್ಟ್ರವನ್ನು ಹಿಂದೂರಾಷ್ಟ್ರ ಅಂತ ಕರೆಯುವುದರಲ್ಲಿ ತಪ್ಪೇನಿದೆ ಅಲ್ವಾ ಬುದ್ಧಿ ಜೀವಿಗಳೆ...... !#ಭಾರತ_ಹಿಂದೂ_ರಾಷ್ಟ್ರ_ಏನಿವಾಗ|
155659213|733175185688264705|1177134568010182656|@kumaridhruti @narendramodi @lalitha_loks @CongressDahan @ambik4ever @sagenaradamuni @BJP4Karnataka @Aryavart_Bhumi 🚩🙏|
155659213|733175185688264705|1177071829271207936|ಸೋಶಿಯಲ್ ಮೀಡಿಯಾದಲ್ಲಿ ಒಂದು ಕಡೆ ಸೀರೆ ಚಾಲೆಂಜ್ ಇನ್ನೊಂದು ಕಡೆ ಪಂಚೆ ಚಾಲೆಂಜ್ ಅಂತೆವಿಪರ್ಯಾಸ ಅಂದ್ರೆ ಸಿಎಂ ಯಡಿಯೂರಪ್ಪ ಹಾಗೂ25 ಸಂಸದರು ನೆರೆ ಪರಿಹಾರ ಚಾಲೆಂಜ್ ನಲ್ಲಿ ಸೋತು ಹೋಗಿದ್ದಾರೆ🙄#SaveUttaraKarnataka|
155659213|733175185688264705|1177067367664250882|@bopsbn_kodava ಖಂಡಿತ ಅದು ನಮ್ಮ ಕರ್ತವ್ಯ|
155659213|733175185688264705|1177065962769547264|@MrCMofKA @shakkuiyer @ShakunthalaHS @AkshayVandure1 @AkshayKatariyaa @AnjaliKoundinya @sathi249 @nirbhaavuka 😂🤣😂🤣🤣👌|
155659213|733175185688264705|1176883711251341314|ಉತ್ತರ ಕರ್ನಾಟಕ ಪ್ರವಾಹ ಪೀಡಿತ ಜನರಿಗೆ ಪೂಜೆ ಮಾಡಿಸಬೇಕು ಅಂತಾ ಜ್ಞಾಪಕಕ್ಕೆ ಬರಲಿಲ್ಲ ಆದ್ರೆ ಡಿಕೆಶಿ ಅವರಿಗೆ ಜಾಮೀನು ಸಿಗಲಿ ಅಂತಾ ಪೂಜೆ ಮಾಡಿಸಿದ್ದಾರೆ ದೊಡ್ಡ ಗೌಡ್ರು,ಅಂದು ಚುನಾವಣೆ ಸಮಯದಲ್ಲಿ ಹೋಮ,ಹವನ ಮಾಡಿಸಿದ್ದರೂ ಯಾಕೆ ನೀವು ಮತ್ತು ನಿಖಿಲ್ ಗೆಲಲಿಲ್ಲ..?#ನ್ಯಾಯ_ಎಲ್ಲರಿಗೂ_ಒಂದೇ|
155659213|733175185688264705|1176877055507456001|@BasavarajBhaj10 😂|
155659213|733175185688264705|1176853154605912066|@jairaj_shyam 🤔😂|
155659213|733175185688264705|1176849820859826177|ಡಿಕೆಶಿ ಜಾಮೀನು ಅರ್ಜಿ ವಜಾ – ಡಿಕೆಶಿಗಾಗಿ ಲಕ್ಷ್ಮಿ ಹೆಬ್ಬಾಳ್ಕರ್ ಮಾಡಿಸಿದ ಚಂಡಿಕಾ ಹೋಮ ಫಲ ಕೊಡಲಿಲ್ಲ. ವಿಪರ್ಯಾಸ ಅಂದರೆ ಇಡಿ‌ ಅವರು ಗಣೇಶ ಹಬ್ಬದ ದಿನದಂದು ಡಿಕೆಶಿ ಅವರಿಗೆ ತಮ್ಮ ಪೂರ್ವಿಕರಿಗೆ ಎಡೆ ಇಡೋದಿಕ್ಕೆ ಬಿಡಲಿಲ್ಲ ಈಗ ಪಿತೃಪಕ್ಷಕ್ಕೆ ಎಡೆ ಇಡೋದಿಕ್ಕೆ ಅವಕಾಶ ಕೊಟ್ಟಿಲ್ಲ.. !|
155659213|733175185688264705|1176806670644563968|ಕುಮಾರಸ್ವಾಮಿ ಅವರೆ ಎಲ್ಲಾರು ಬಿಜೆಪಿ ತರ ಅಧಿಕಾರ ಕೊಟ್ಟು ಸರ್ಕಾರ ಮಾಡಿ ಅನ್ನೋದಿಲ್ಲ.ಅಂದು ಬಿಜೆಪಿಗೆ ಮಾಡಿದ ಮೋಸವನ್ನು ಸರಿ ಮಾಡಿಕೊಳ್ಳುವ ಅವಕಾಶ ಇದ್ದರೂ ಕೂಡ ಕಾಂಗ್ರೆಸ್ ಜೊತೆ ಮೈತ್ರಿ ಮಾಡಿಕೊಂಡು ಹೋದ್ರಿ ಈಗ ಕುರ್ಚಿ ಹೋದ ನಂತರ ಕಾಂಗ್ರೆಸ್ ನನ್ನನ್ನ ಬಳಸಿಕೊಂಡು ಬಿಸಾಕಿದರು ಅನ್ನುತ್ತಿದ್ದೀರಾ..!|
155659213|733175185688264705|1176753145688444928|ಜೆಡಿಎಸ್ ಕಟ್ಟಿ ಬೆಳೆಸಿದ್ದೇ ನಾವು,ಎಚ್‍ಡಿಕೆ ಅಲ್ಲ ಸಿದ್ದರಾಮಯ್ಯ : ಅಂದು ಪಕ್ಷ ಕಟ್ಟಿ ಬೆಳೆಸಿದ್ದು ನೀವೇ,ಕುಮಾರಣ್ಣ ಮುಂದೆ ಕೈ ಕಟ್ಟಿಕೊಂಡು ಮೈತ್ರಿ ಮಾಡಿಕೊಂಡಿದ್ದು ನೀವೇ,ಆಮೇಲೆ ಆಪರೇಷನ್ ಕಮಲ ಮೇಲೆ ಗೂಬೆ ಕೂರಿಸಿ ಸೇಡು ತೀರಿಸಿಕೊಂಡಿದ್ದು ನೀವೇ ಅಲ್ವಾ...?|
155659213|733175185688264705|1176743351082606592|@Srihars47664037 ಪಾಪ|
155659213|733175185688264705|1176731217057611776|@praveenbanagere @BlrCityPolice @CPBlr @ShakunthalaHS @AkshayVandure1 @blrcitytraffic ಹೇಳೋದು ವೇದಾಂತ ತಿನ್ನೋದು....|
155659213|733175185688264705|1176719831657148416|@htg13684 ಕನ್ಫರ್ಮ್ ಆಗಿಲ್ಲ ಅಲ್ವಾ|
155659213|733175185688264705|1176708843482619904|@DacchuYargal7 https://t.co/nYJgz9pF7Y|
155659213|733175185688264705|1176703680323751936|"ಹೌಡಿ ಮೋದಿ" ಇದ್ದದ್ದು ಅಮೇರಿಕಾದಲ್ಲಿ🤔ಖರ್ಚು ಮಾಡಿದು ಅಮೇರಿಕಾದವರು🤔ಭಾಷಣ ಮಾಡಿದು ಮೋದಿ ಅವರು🚩ಹೊಗಳಿದ್ದು ಟ್ರಂಪ್ ಅವರು😍ಆಸಿಡಿಟಿ ಆಗಿದು ಪಾಕಿಸ್ತಾನದವರಿಗೆ🤒ಆದ್ರೆ ಜೆಲ್ಯೂಸಿಲ್ ತೊಗೊಂಡಿದ್ದುಟೌನ್ ಹಾಲ್ ಓಲಾಟಗಾರರು😂|
155659213|733175185688264705|1176546924612079616|@ImSudhakarRao @AkshayVandure1 @BSYBJP @BJP4Karnataka ಎಲ್ಲಾರು ಒಂದೇ ಸಾರ್|
155659213|733175185688264705|1176483286283145217|ಸಿದ್ದು ಕೊಟ್ಟ ಏಟಿಗೆ ಕುಮಾರಣ್ಣ ಒದ್ದಾಟ -ನೀನು ಸತ್ತಂಗೆ ಆಡು,ನಾನು ಅತ್ತಂಗೆ ಆಡುತ್ತೇನೆ.ಚುನಾವಣೆ ಸಮಯದಲ್ಲಿ ದಿನಕ್ಕೊಂದು ಡ್ರಾಮಾ ದಿನಕ್ಕೊಂದು ಸುಳ್ಳು,ಚುನಾವಣೆಗಿಂತ ಮೊದಲು ಹದ್ದು ಗಿಣ್ಣಿ ಗುದ್ದಾಟ ಚುನಾವಣೆ ಆದ ನಂತರ ದೋಸ್ತಿ ಸರ್ಕಾರ ರಚನೆ..!|
155659213|733175185688264705|1176472987714719744|@AkshayVandure1 @BSYBJP @BJP4Karnataka 👍👍👍👍|
155659213|733175185688264705|1176470795649859585|@AkshayVandure1 @BSYBJP @BJP4Karnataka ನಾವು ಇವರ ವಿರುದ್ಧ ಮಾತನಾಡಿದ್ರೆ ಸಮರ್ಥನೆ ಮಾಡಿಕೊಳ್ಳೋ ಜನರು ಇದ್ದಾರೆ... ಎಷ್ಟೇ ಆದ್ರೂ ಬಕೆಟ್ ಗಳು ಏನ್ ಮಾಡೋದಿಕ್ಕೆ ಆಗೋದಿಲ್ಲ ಸುಮ್ಮನೇ ನೋಡಿಕೊಂಡು ಇರೋದಿಕ್ಕೂ ಆಗೋದಿಲ್ಲ|
155659213|733175185688264705|1176470018537611264|@DKSHETTYBAI @Kanneeru_Swamy @CTRavi_BJP @cowinspector_ @SuitecaseSwamy @BlackBallBoy1 👍👍👍👍💛❤️|
155659213|733175185688264705|1176451980413169665|@swamy_js @KiranKS @girishalva @shakkuiyer @rishibagree @TajinderBagga @ugtunga @shivuvgowda @ChethanAzaad @srihampana @HoldeRamesh @kamath_neeraj 🚩🙏|
155659213|733175185688264705|1176440581087580161|@kushblr ಸಿಗೋದು ಇಲ್ಲ|
155659213|733175185688264705|1176440416280829952|@PrabhuYadlapur @tv9kannada @MonicaGRaju @publictvnews 🤣|
155659213|733175185688264705|1176440361704550402|@sumanthsharmas @BSYBJP We must change|
155659213|733175185688264705|1176440273208934400|@bheereshk 🤣|
155659213|733175185688264705|1176436820843741184|@sumanthsharmas @BSYBJP ಅಲ್ವಾ|
155659213|733175185688264705|1176436724836102144|ಕುಟುಂಬದಿಂದ ಯಾರೂ ಚುನಾವಣೆಗೆ ಸ್ಪರ್ಧೆ ಮಾಡಲ್ಲ ಸಾಮಾನ್ಯ ಕಾರ್ಯಕರ್ತರನ್ನು ನಿಲ್ಲಿಸಿ ಗೆಲ್ಲಿಸಿಕೊಂಡು ಬರ್ತೀವಿ ಕುಮಾರಸ್ವಾಮಿ : ತದನಂತರ ನನ್ನ ಇಚ್ಛೆ ಮೇರೆಗೆ ಅಲ್ಲ ಕಾರ್ಯಕರ್ತರ ಒತ್ತಾಯದಿಂದ ನಮ್ಮ ಕುಟುಂಬದಿಂದ ನಿಖಿಲ್ ಸ್ಪರ್ಧೆ🙄🤔😏|
155659213|733175185688264705|1176433753612152833|@JeevanJGowda2 @BSYBJP ಸಮರ್ಥನೆ ಇರಲಿ ಆದ್ರೆ over ಆಗಿ ಬೇಡ|
155659213|733175185688264705|1176429511040061441|ಬೆಂಗಳೂರು ನಗರಾಭಿವೃದ್ಧಿಗೆ 8900 ಕೋಟಿ ಉತ್ತರ ಕರ್ನಾಟಕಕ್ಕೆ 1500 ಕೋಟಿ ರೂಪಾಯಿ ಅನುದಾನ.25 ಸಂಸದರನ್ನ ಗೆಲ್ಲಿಸಿ ಕೊಟ್ಟಿದ್ದಕ್ಕೆ ಇದೇನಾ ನೀವು ಕೊಡುತ್ತಿರುವ ಬಹುಮಾನ? ಸದ್ಯಕ್ಕೆ ಬೆಂಗಳೂರುನಲ್ಲಿ ಕಿತ್ತೋಗಿರೋ ರಸ್ತೆ ಬಿಟ್ಟರೆ ಇನ್ನೇನು ಸಮಸ್ಯೆ ಇಲ್ಲ ಈ ಹಣವನ್ನು ಪ್ರವಾಹ ಪೀಡಿತ ಗ್ರಾಮಗಳಿಗೆ ನೀಡಿ ಪುಣ್ಯಕಟ್ಟಿಕೊಳ್ಳಿ.@BSYBJP|
155659213|733175185688264705|1176428829654437888|@Vishwasri7 @BSYBJP @Office_of_BSY @RAshokaBJP @drashwathcn ಅವರು ಮತ ಕೇಳೋದಿಕ್ಕೆ ಬಂದಾಗ ಪ್ರಶ್ನೆ ಮಾಡಿ|
155659213|733175185688264705|1176428602251808768|@KittyShivaraj @ds79131542 @ImSudhakarRao @BalachandraBh20 @CTRavi_BJP @Sukumar_Bng @nayanabhat79 ಚಾನ್ಸ್ ಇಲ್ಲ|
155659213|733175185688264705|1176422084508971008|@madumkobal 😣|
155659213|733175185688264705|1176421080916881410|@Gurudevnk16 @mepratap @JoshiPralhad @ShobhaBJP @BYRBJP @mpbijapur @Tejasvi_Surya @SureshAngadi_ @GMSBJP @PCMohanMP ಕಾಣೆ ಆಗಿದ್ದಾರೆ|
155659213|733175185688264705|1176418840424484870|@BSYBJP @Office_of_BSY @RAshokaBJP @drashwathcn|
155659213|733175185688264705|1176418629962698752|@MurthyMaga 👍|
155659213|733175185688264705|1176418540192092162|@murthybav1 Visited 👌👌|
155659213|733175185688264705|1176410450583416832|@kiranmn01 😍|
155659213|733175185688264705|1176410428605206529|@murthybav1 I hate chutney|
155659213|733175185688264705|1176410378785284096|@RajuPs1992 ಬನ್ನಿ|
155659213|733175185688264705|1176410357927034887|@AkshayVandure1 😍|
155659213|733175185688264705|1176410263655895042|@Kanneeru_Swamy 🤔😂🤣|
155659213|733175185688264705|1176410155279253504|@walikar_laxman 😁|
155659213|733175185688264705|1176408562265808897|ಬೆಂಗಳೂರು ನಗರಾಭಿವೃದ್ಧಿಗೆ 8900 ಕೋಟಿ ಉತ್ತರ ಕರ್ನಾಟಕಕ್ಕೆ 1500 ಕೋಟಿ ರೂಪಾಯಿ ಅನುದಾನ.25 ಸಂಸದರನ್ನ ಗೆಲ್ಲಿಸಿ ಕೊಟ್ಟಿದ್ದಕ್ಕೆ ಇದೇನಾ ನೀವು ಕೊಡುತ್ತಿರುವ ಬಹುಮಾನ? ಸದ್ಯಕ್ಕೆ ಬೆಂಗಳೂರುನಲ್ಲಿ ಕಿತ್ತೋಗಿರೋ ರಸ್ತೆ ಬಿಟ್ಟರೆ ಇನೇನು ಸಮಸ್ಯೆ ಇಲ್ಲ ಈ ಹಣವನ್ನು ಪ್ರವಾಹ ಪೀಡಿತ ಗ್ರಾಮಗಳಿಗೆ ನೀಡಿ ಪುಣ್ಯಕಟ್ಟಿಕೊಳ್ಳಿ.|
155659213|733175185688264705|1176337689043333121|#idly #sambar 😍 https://t.co/Qv3Yq4l4qO|
155659213|733175185688264705|1176296152846585857|@girishkumarp @deepolice12 @blrcitytraffic @BlrCityPolice So rude|
155659213|733175185688264705|1176186236521730050|@AkshayVandure1 ಅದೇ ರಾಗ ಅದೇ ಹಾಡು|
155659213|733175185688264705|1176184457507655680|@AkshayVandure1 ಆ ₹8900 ಕೋಟಿಯಲ್ಲಿ ಒಂದು ರೂಪಾಯಿ ಕೂಡ ಖರ್ಚು ಮಾಡೋದಿಲ್ಲ|
155659213|733175185688264705|1176169592814620678|@DacchuYargal7 😁|
155659213|733175185688264705|1176169440276180992|@thirumalabadige 😂|
155659213|733175185688264705|1176169391790018560|@ukvsm @BJP4Karnataka @BSYBJP @AkshayVandure1 @Iam_Indian1 ಕರ್ನಾಟಕ ರಾಜಕೀಯ ವರ್ಸ್ಟ್ ಆಗಿದೆ|
155659213|733175185688264705|1176164880014987265|ಆಕಡೆ 'ಹೌಡಿ ಮೋದಿ' ಕಾರ್ಯಕ್ರಮದಲ್ಲಿ ಭಾರತೀಯರು ಮೋದಿ ಅವರ ಭಾಷಣ ಕೇಳೋದರಲ್ಲಿ ಬ್ಯೂಜಿ ಆಗಿದ್ರೆ,ಈಕಡೆ ಪಾಕಿಸ್ತಾನ ಮತ್ತು ಭಾರತದಲ್ಲಿ ಇರೋ ಮೋದಿ ವಿರೋಧಿಗಳು ಖಾಲಿ ಖುಚಿ೯ ಹುಡುಕೋದರಲ್ಲಿ ಫುಲ್ ಬ್ಯೂಜಿ ಆಗಿದ್ರೂ 😂|
155659213|733175185688264705|1176160930406658048|@ImSudhakarRao 😂🤣😂🤣|
155659213|733175185688264705|1176136327722463233|@Mallayyass101 @DrmallikarjunB3 @ShakunthalaHS @AkshayVandure1 @sathi249 ಧೋನಿ|
155659213|733175185688264705|1176135618201440257|@ukvsm @BlackBallBoy1 @Kanneeru_Swamy @News18Kannada @AkshayVandure1 @ShakunthalaHS @MadhukumarVP1 @narendramodi @VVani4U @Vijaykarnataka @OneindiaKannada @BJP4Karnataka @udayavani_web @suvarnanewstv 👌|
155659213|733175185688264705|1176124468344717312|@BValibasha ನಾವು ಅಲ್ಲ ಗಂಜಿ ಗುಲಾಮರು ನಾಚಿಗೆ ಪಡಬೇಕು|
155659213|733175185688264705|1176118292425007104|ಅಮೆರಿಕದಲ್ಲಿ ನೆಲೆಸಿರುವ ಭಾರತೀಯರು ಹೌಡಿ ಮೋದಿ ಕಾರ್ಯಕ್ರಮದಲ್ಲಿ ಅಮೇರಿಕಾ ರಾಷ್ಟ್ರ ಗೀತೆಗೆ ಎದ್ದು ನಿಂತು ಗೌರವಿಸಿದ್ದರು ಅದು ನಮ್ಮ ಸಂಸ್ಕೃತಿ. ಆದ್ರೆ ಭಾರತದಲ್ಲಿ ಬಿಟ್ಟಿ ಭಾಗ್ಯಗಳು ಪಡೆದು ಸಿನಿಮಾ ಥಿಯೇಟರ್ ಗಳಲ್ಲಿ ರಾಷ್ಟ್ರ ಗೀತೆಗೆ ಯಾಕೆ ಎದ್ದು ನಿಲ್ಲಬೇಕು ಅಂತಾ ಕೇಳೋ ಸೆಕ್ಯುಲರ್ ಗಳು ಇದ್ದಾರೆ.|
155659213|733175185688264705|1176115664341221378|@ShakunthalaHS Next time ❤️|
155659213|733175185688264705|1176115631843753985|@jagatthu1999 😍|
155659213|733175185688264705|1176095103506501633|ಹೊಟ್ಟೆಕಿಚ್ಚಿನಿಂದ ‘ಹೌಡಿ ಮೋದಿ’ ಫ್ಲಾಪ್ ಶೋ ಎಂದ ಪಾಕ್- ನಿಮಗೆ ನರಿ ಬುದ್ದಿ ಇರೋದಿಕ್ಕೆ ಭಿಕಾರಿ ಇಮ್ರಾನ್ ಖಾನ್ ಗೆ ಕಾಲು ಒರೆಸುವ ರೆಡ್ ಕಾರ್ಪೆಟ್ ಹಾಕಿ ಸ್ವಾಗತ ಮಾಡಿದ್ದು .ಹೌಡಿ ಮೋದಿ ಫ್ಲಾಪ್ ಶೋ ಅಂತ ಹೇಳ್ತ ಇರೋದು ಪಾಕಿಸ್ತಾನ ಹಾಗು ನಮ್ಮ ದೇಶದ ಪಾಕಿಸ್ತಾನ ಪ್ರೇಮಿಗಳು ಮಾತ್ರ 😏|
155659213|733175185688264705|1176089583999541249|@VeronicaD_souza 😍😍😍😍😍😍😍|
155659213|733175185688264705|1176088893898149888|ನಾನೂ ಮಿಸ್ಸಿಂಗ್ 😏🙄 https://t.co/TZQdymbzpq|
155659213|733175185688264705|1176088810427277312|@ShakunthalaHS Next time 😍|
155659213|733175185688264705|1176082222077448194|@ShakunthalaHS 😍😍😍😍|
155659213|733175185688264705|1176046760055099392|ಮರ್ಯಾದೆ ಹೋಯ್ತು,ನಾನ್ ಮನೆಗೆ ಬರಲ್ಲ ಹಲ್ಲೆಗೊಳಗಾಗಿದ್ದ ಸುನೀಲ್ ಫೋನ್ ಸ್ವಿಚ್ ಆಫ್. ಟ್ರಾಫಿಕ್ ಪೋಲಿಸ್ ಮೇಲೆ ಕೇಸ್ ಹಾಕಬೇಕಾಗಿತ್ತು ಆದ್ರೆ ಸುನೀಲ್ ವಿರುದ್ಧವೇ ಟ್ರಾಫಿಕ್ ಪೊಲೀಸ್ ದೂರು ನೀಡಿದ್ದಾರೆ.ಸರ್ಕಾರ ಯಾಕೆ ಕಣ್ ಮುಚ್ಚಿಕೊಂಡು ಇದ್ದಾರೆ.@blrcitytraffic @deepolice12 ಅವರೆ ಈ ಕುರಿತು ತಕ್ಷಣ ಕ್ರಮ ಕೈಗೊಳ್ಳಿ.|
155659213|733175185688264705|1175951707966078976|@GURURAJSNAVALE @narendramodi 💛❤️|
155659213|733175185688264705|1175948391341182976|💛ಎಲ್ಲಾ ಚನ್ನಾಗಿದೆ❤️ ಹೂಸ್ಟನ್‌ ನಲ್ಲಿ ಕನ್ನಡ  ಧನ್ಯವಾದಗಳು  @narendramodi ji 🇮🇳🚩ನಮ್ಮ ಕನ್ನಡ ನಮ್ಮ ಹೆಮ್ಮೆ ನಮ್ಮ ಮೋದಿ 💪 https://t.co/gKYoMNkdG2|
155659213|733175185688264705|1175845739391401984|ಕಾರ್ಯಕ್ರಮದಲ್ಲಿ ಮೋದಿ ಮೋದಿ ಅನ್ನೋ ಕೂಗು ಕೇಳಿ ಟ್ರಂಪ್ ಗೆ ಕನ್ಫ್ಯೂಸ್ ಆಗಿರುತ್ತದೆ..!"ನಾನೂ ಅಮೇರಿಕಾದಲ್ಲಿ ಇದ್ದೀನಾ ಅಥವಾ ಹಿಂದೂಸ್ತಾನ್ ದಲ್ಲಾ " ಅಂತ🤔🤔🤔#HowdyModi #Modi 🇮🇳|
155659213|733175185688264705|1175842904692019205|@narendramodi Tussi great ho modiji 🇮🇳🇮🇳🇮🇳🇮🇳🇮🇳🇮🇳🇮🇳🇮🇳🇮🇳🚩🚩🚩🚩🚩🇮🇳🇮🇳💪💪💪🙏🙏 jai sri raam|
155659213|733175185688264705|1175839830032310272|@RekhaBasavaraju @RGowda1619 @Kannadathi365 @ShakunthalaHS @AkshayVandure1 @PawanWali 😂🤣😂🤣😂🤣ಪಾಪ ಹುಡುಗರು|
155659213|733175185688264705|1175839344013148160|@royalarjun @AkshayVandure1 🇮🇳|
155659213|733175185688264705|1175813841449472000|@pokerfires @VikramSavitri @deepolice12 @blrcitytraffic @BlrCityPolice 😣|
155659213|733175185688264705|1175813660419080192|@Surviving_Sid @iamsush9945 @satheesh_ds @Srivatsa_94 ಏನೋ ಪಾಪ ಬಿಡಿ 😂|
155659213|733175185688264705|1175813442713706497|@Kannadathi365 @RGowda1619 @RekhaBasavaraju @ShakunthalaHS @AkshayVandure1 @PawanWali Cyber ಗೆ ಹೋದ್ರೆ ಗೊತ್ತಾಗುತ್ತದೆ ಯಾರ್ ಯಾರ್ ಎಷ್ಟು ಮೋಸ ಹೋಗಿದ್ದಾರೆ ಅಂತಾ|
155659213|733175185688264705|1175811484862926849|@ShakunthalaHS @BalachandraBh20 @AkshayVandure1 🇮🇳🇮🇳🇮🇳🇮🇳🇮🇳🇮🇳🇮🇳😍|
155659213|733175185688264705|1175811280180895745|@RGowda1619 @RekhaBasavaraju @Kannadathi365 @ShakunthalaHS @AkshayVandure1 @PawanWali ಫೇಕ್ ಅಕೌಂಟ್ ಗಳಿಗೆ ಒಂದು ಆಂಟಿ ಲೀಡರ್ ಇದ್ದಾಳೆ ಅವಳ ನಿಜವಾದ ಮುಖವಾಡ ಆಚೆ ಬಂದ್ರೆ ಮಿಕ್ಕಿದ್ ಅಕೌಂಟ್ ಗಳು ತಾನಾಗೇ ಆಚೆ ಬರುತ್ತದೆ|
155659213|733175185688264705|1175804522603565056|@ImSudhakarRao @RahulMurgod ವೈಟಿಂಗ್|
155659213|733175185688264705|1175804438088282117|@ShakunthalaHS ಗೊತ್ತಾಗೋವರೆಗೂ ನಾನೂ ಬಿಡೋದಿಲ್ಲ|
155659213|733175185688264705|1175794154539872256|@Raju7894 🤣|
155659213|733175185688264705|1175793099458498561|ಅಂದು ದುಬೈ ಕ್ರಿಕೆಟ್ ಸ್ಟೇಡಿಯಂನಲ್ಲಿ ರಾಹುಲ್ ಗಾಂಧಿ ಭಾಷಣ ಮಾಡಿದ್ದಾಗ ಚಪ್ಪಾಳೆ ಹೊಡೆದ ಗುಲಾಮರು🤔ಇಂದು ಅಮೆರಿಕದಲ್ಲಿ 'ಹೌಡಿ ಮೋದಿ' ಹವಾ ನೋಡಿ ಉರ್ಕೊಂಡು ಅಂಬೋ ಅಂತಿದ್ದಾರೆ😂#HowdiModi 🇮🇳🚩💪|
155659213|733175185688264705|1175792143077498881|@PawanWali ದಿವ್ಯ ಅನ್ನೋ ಹುಡುಗಿಗೆ ಅನ್ಯಾಯ ಆಗಿ sucide ಮಾಡಿಕೊಂಡಿದ್ರೆ ತನಿಖೆ ಆಗಲೇಬೇಕು ಅವರ ತಂದೆ ತಾಯಿಯ ಫೋನ್ no ಇದ್ರೆ ಕೊಡಿ|
155659213|733175185688264705|1175789984906760194|@INvizee243 😍|
155659213|733175185688264705|1175780886991650817|@kumaresha_s 🙂|
155659213|733175185688264705|1175780833271005184|@srinathsheela 👍|
155659213|733175185688264705|1175780146973794304|ಜನತೆಯ ಕಷ್ಟದ ಬದಲಾಗಿ ಬಿಎಸ್‍ವೈಗೆ ಕುರ್ಚಿ ಚಿಂತೆ ಎಚ್‍ಡಿಡಿ - ಬಿಡಿ ಗೌಡ್ರೆ ಸಿಎಂ ಕುರ್ಚಿ ಆಸೆಗೆ ಕುಮಾರಣ್ಣ 14 ತಿಂಗಳು ಕಾಂಗ್ರೆಸ್ ನ ಗುಲಾಮನಾಗಿ,ಸಾಂದರ್ಭಿಕ ಶಿಶು ಆಗಿ ಕೊನೆಗೆ ನೋವಿನ ವಿಷ ನುಂಗುತ್ತಾ ಕ್ಲರ್ಕ್ ರೀತಿಯಲ್ಲಿ ಕೆಲಸ ಮಾಡಿರೋದು ನೋಡಿದ್ದೀವಿ.|
155659213|733175185688264705|1175748412181864449|@Anand_V_M ನೋ ವೇ ಚಾನ್ಸ್ ಇಲ್ಲ|
155659213|733175185688264705|1175748332406206464|@Kanneeru_Swamy 🙉🙉🙉🙉🙉|
155659213|733175185688264705|1175748202420523008|@KittyShivaraj @ds79131542 @BYRBJP 🤣|
155659213|733175185688264705|1175731235462602752|@Reddy3Maruthi ಹೇಳೋದು ವೇದಾಂತ ಅನ್ನೋಹಾಗೆ ಆಯ್ತು..|
155659213|733175185688264705|1175729836767113216|@Sureshdasappa1 @karave_KRV @mvmeet @satheesh_ds @sadasnk @sathi249 ಹಿಂದಿ ಹೋರಾಟ ಅಷ್ಟೇ|
155659213|733175185688264705|1175729692453683200|ಜನತೆಯ ಕಷ್ಟದ ಬದಲಾಗಿ ಬಿಎಸ್‍ವೈಗೆ ಕುರ್ಚಿ ಚಿಂತೆ- ಎಚ್‍ಡಿಡಿ ಅವರೆ ನಿಮಗೆ ಕುರ್ಚಿ ಚಿಂತೆ ಇಲ್ಲದೆ ಹೋಗಿದ್ದಿದ್ರೆ ಚುನಾವಣೆ ಸಮಯದಲ್ಲಿ ನಾನು ಎಷ್ಟು ದಿನ ಬದುಕಿರುತ್ತೇನೋ ಗೊತ್ತಿಲ್ಲ ಎಂಬ ಅನುಕಂಪದ ಕಥೆ ಹೇಳಿ ಕಣ್ಣೀರು ಹಾಕಿ ಮೂರು ಸುಮಲತಾ ಹೆಸರಿನವರನ್ನು ಸುಮಲತಾ ವಿರುದ್ಧ ಚುನಾವಣೆಗೆ ನಿಲ್ಲಿಸುತ್ತಿರಲಿಲ್ಲ ಅಲ್ವೇ..?|
155659213|733175185688264705|1175727732816138240|@RahulMurgod 😍😍😍😍😍😍😍😍😍😍😍|
155659213|733175185688264705|1175703154513465344|@HudugaNaanu ಅದು ಒಂದು ಜೀವನವೇ ಹೇಳಿ ನಮ್ಮ ಜನರು ಅಲ್ಲಿ ಸಾಯ್ತಾ ಇದ್ರೂ ಪಕ್ಷ ಬಿಟ್ಟು ಕೊಡೋದಿಲ್ಲ ಅಂತ್ತಾವೆ...|
155659213|733175185688264705|1175702725964599296|@ImSudhakarRao @AkshayVandure1 ನಾಯಿ ಬಾಲ ತರ|
155659213|733175185688264705|1175698430200467457|@AkshayVandure1 ಪಕ್ಷ ಏನೇ ತಪ್ಪು ಹೇಳಿಕೆ ಕೊಟ್ರು correct ಅನ್ನೋ ತುಕಾಲಿಗಳು|
155659213|733175185688264705|1175697652203151360|@Srihars47664037 😍|
155659213|733175185688264705|1175696459183714311|@Srihars47664037 🤔|
155659213|733175185688264705|1175696407103041536|ಉತ್ತರ ಕರ್ನಾಟಕ ಭಾಗದ ಪ್ರವಾಹ ಪೀಡಿತ ಪ್ರದೇಶಗಳಲ್ಲಿ ಹೋಗಿ 24 ಗಂಟೆ ಅವರ ಜೊತೆ ಇದ್ದು  ನೋಡಿ ಆಮೇಲೆ ನಿಮ್ಮ ಮೆಚ್ಚಿನ ರಾಜಕಾರಣಿಗಳಿಗೆ ಬಕೆಟ್ ಹಿಡಿಬೇಕೋ ಬೇಡಾವೋ ಅನ್ನೋದು ತೀರ್ಮಾನ ಮಾಡಿ..#ಅಂಧ_ಅಭಿಮಾನಿಗಳು|
155659213|733175185688264705|1175678204230553600|@ImSudhakarRao 😍😍😍😍😍😍|
155659213|733175185688264705|1175678132596035585|ಈ ಉಪ ಚುನಾವಣೆಯಲ್ಲಿ 10 ಸ್ಥಾನಗೆದ್ದೇ ಗೆಲ್ಲುತ್ತೇವೆ - ಕುಮಾರಸ್ವಾಮಿ..ಎಲ್ಲಾ 15 ಕ್ಷೇತ್ರಗಳಲ್ಲಿ ಗೆಲುವು ನಮ್ದೇ -ದಿನೇಶ್ ಗುಂಡೂರಾವ್..ಇವರು ಗೆದ್ದರೆ ಮಾತ್ರ ನ್ಯಾಯದ ಚುನಾವಣೆಸೋತರೆ EVM ಮಷೀನ್ ಹ್ಯಾಕ್ ಆಗಿದೆ ಅಂತ ರಾಗ ಹಾಡುತ್ತಾರೆ ..?#ಅದೇ_ರಾಗ_ಅದೇ_ಹಾಡು|
155659213|733175185688264705|1175670573986242560|@iamsush9945 ❤️❤️❤️❤️|
155659213|733175185688264705|1175634767523377152|@Lohith94920250 ಅದಕ್ಕೂ ಈ ಟ್ವೀಟ್ ಗೂ ಸಂಬಂಧ ಇಲ್ಲ ಹಾಗೆ ಹಾಕಿದೆ|
155659213|733175185688264705|1175634021771968512|@Lohith94920250 👍|
155659213|733175185688264705|1175632373100105728|ಹೆಣ್ಣು ಹುಟ್ಟಿದಾಗಿನಿಂದ ಸಾಯುವವರೆಗೂ ಆಕೆಯ ಕೈಗಳನ್ನ ಅಂದಗೊಳಿಸೋದು ಈ ಕೈ ಬಳೆಗಳು...ಹಾಗೆ ಬಳೆ ತೊಡುವ ಹೆಣ್ಣುಮಕ್ಕಳು ಎಷ್ಟೋ ವಿಷಯಗಳಲ್ಲಿ ಗಂಡಸರಿಗಿಂತ ಬಲಶಾಲಿಗಳಾಗಿರುತ್ತಾರೆ ಅನ್ನೋದು ಸತ್ಯ.. 💪#BangleLove https://t.co/r95UOdJMKT|
155659213|733175185688264705|1175614333272784896|@BalachandraBh20 @narendramodi @BYRBJP @Jaggesh2 @AkshayVandure1 @ShakunthalaHS 🚩|
155659213|733175185688264705|1175612394296397825|@Suhas43568667 @AkshayVandure1 @ImSudhakarRao ಹಿಂಗೇ ಆಗಬಾರದಿತ್ತು...  ಎಷ್ಟು ನೋವು ಅನುಭವಿಸಿ ಹೋಗಿದ್ದಾರೆ|
155659213|733175185688264705|1175612142923313154|@FEaySOwOUX8RFMX Complaint ಕೊಟ್ಟಮೇಲೆ ಯಾರು ಅಂತಾ ಗೊತ್ತಾಗುತ್ತದೆ|
155659213|733175185688264705|1175611980750573568|@Srihars47664037 ಅವಳು ಅಥವಾ ಅವನ್ನು ಗೊತ್ತಿಲ್ಲ fake profile|
155659213|733175185688264705|1175482215649595392|@sadasnk @TwitterIndia ಏನ್ ಆಯ್ತು|
155659213|733175185688264705|1175480736998023168|@PMOIndia @narendramodi Namo 🇮🇳🇮🇳🇮🇳🚩🚩🚩🚩💐|
155659213|733175185688264705|1175478666689728512|@Anamika26018 ನಿಜ ನಾವು ಮೂರ್ಖರು ಇಂತವರನ್ನ ನಂಬುತ್ತೀವಿ|
155659213|733175185688264705|1175477980316876805|@Anamika26018 Its ಕಾಮನ್ ಅಲ್ವಾ ನಮ್ಮ ಜೊತೆಗೆ ಇರುತ್ತಾರೆ ಶತ್ರುಗಳಿಗೆ ಕೆಲಸ ಮಾಡುತ್ತಾರೆ like ಇಲ್ಲೇ ಹುಟ್ಟಿ ಬೆಳೆದು ಪಾಕಿಸ್ತಾನ ಗೆ ಜೈ ಅನ್ನುತ್ತಾರೆ|
155659213|733175185688264705|1175473772859494400|@TrueInd04543947 @PaperSimha @deepolice12 sir take a look to his tweets|
155659213|733175185688264705|1175473558438330368|@TrueInd04543947 @PaperSimha ನನ್ನ ಬಗ್ಗೆ ಮಾತನಾಡು ನಾನೂ ಯಾವ fake news ಹಾಕಿದ್ದೀನಿ ಅಂತಾ|
155659213|733175185688264705|1175473363382202368|@TrueInd04543947 @PaperSimha @BlrCityPolice see this basterd|
155659213|733175185688264705|1175473085631254533|@TrueInd04543947 @PaperSimha ನಾಚಿಗೆ ಆಗಬೇಕು photo ಇಲ್ಲದೆ ಹೆಸರು ಇಲ್ಲದೆ ಬಂದು ಕಾಮೆಂಟ್ ಮಾಡೋದಿಕ್ಕೆ ಮುಚ್ಕೊಂಡು ಕೆಲಸ ನೋಡ್ಕೋ|
155659213|733175185688264705|1175472889258106880|@TrueInd04543947 @PaperSimha ಯಾವ fake news ಹೇಳೋ fake profile|
155659213|733175185688264705|1175472403742248960|@pradeep28336785 @AmitShah @amitmalviya @rammadhavbjp @RSSorg ಕೆಲವರ ವಿರುದ್ಧ ಮಾತನಾಡ ಬಾರದು ಪಕ್ಷ ವಿರೋಧಿಗಳು ಅಂತಾ ಹೇಳ್ತಾರೆ|
155659213|733175185688264705|1175472134161723392|ಅಬ್ಬಾ ಕೆಲವರು ಏನ್ ಡ್ರಾಮಾ ಮಾಡುತ್ತಾರೆನಮ್ಮವರಂತೆ ಕಾಣ್ತಾರೆ ಗೊತ್ತಿಲ್ಲದಂತೆ ಬೆನ್ನಿಗೆ ಚೂರಿ ಹಾಕ್ತಾರೆ ಇವರು ಕಸದ ತೊಟ್ಟಿಗಳು ತರ ಯಾವಾಗಲು ದುರ್ನಾತ ಹೊಡೆಯುತ್ತಿರುತ್ತಾರೆ..ಇವರ ಆಕ್ಟಿಂಗ್ ಗೆ ಆಸ್ಕರ್ ಅವಾರ್ಡ್ ಕೊಡೋದು ಕಮ್ಮಿನೆ 🤔🙄😏#ಕಾಲಾಯ_ತಸ್ಮೈ_ನಮಃ|
155659213|733175185688264705|1175461516864192513|@RameshB_Indian @PawanWali Pawan ತಂಗಿ|
155659213|733175185688264705|1175412075289440256|@PawanWali ಓಂ ಶಾಂತಿ 🙏|
155659213|733175185688264705|1175397255014051840|@Surviving_Sid ಅಷ್ಟೇ ಹಾಕಿದು news ನಲ್ಲಿ|
155659213|733175185688264705|1175396293138468864|ಟ್ರಾಫಿಕ್ ದಂಡ ಇಳಿಕೆಹಳೆ ದಂಡ ಮತ್ತು ಹೊಸ ದಂಡದ ವಿವರಹೆಲ್ಮೆಟ್ ಹಾಕದಿದ್ದರೆ 1000 -500 ರೂಸೀಟ್ ಬೆಲ್ಟ್ 1000 -500ರೂಲೈಸೆನ್ಸ್ ಇಲ್ಲದಿದ್ದರೆ 5000 -1000ರೂಮೊಬೈಲ್ ಬಳಕೆ 10000 -500ರೂಡ್ರೀಂಕ್ &amp; ಡ್ರೈವ್ 10000 ಇದನ್ನು ಇಳಿಕೆ ಮಾಡಿಲ್ಲಅಂಬ್ಯುಲೆನ್ಸ್ ದಾರಿ ಬಿಡದಿದ್ದರೆ 10000 -1000ರೂಅತಿವೇಗ 5000ರೂ. ದಂಡ ಇಳಿಕೆ ಇಲ್ಲ|
155659213|733175185688264705|1175376996978683904|@mvmeet @ramapriya1989 disgusting ಅಂದ್ರೆ ಭಿಕಾರಿ ಪಾಕಿಸ್ತಾನ|
155659213|733175185688264705|1175376504944881664|@NANJEGO61452394 ಹಿಂಗೇ ಆದ್ರೆ 2024 nota|
155659213|733175185688264705|1175376422128345088|@NANJEGO61452394 ನನ್ನ ಮಾತು ಕೇಳೋ ಹಾಗೆ ಇದ್ರೆ ಅಲ್ಲೇ ಹೋಗಿ ಪ್ರತಿಭಟನೆ ಮಾಡುತ್ತಿದೆ|
155659213|733175185688264705|1175355971780005890|@Mohithv01 ಹು|
155659213|733175185688264705|1175355380798349312|@msreddy1991 @tpranjith10 @blrcitytraffic @BlrCityPolice @deepolice12 🙂|
155659213|733175185688264705|1175347247434743808|@ManjuFeel @Tejasvi_Surya @AkshayVandure1 @BopannaBragin @girishalva @MadhukumarVP1 ಬಕೆಟ್ ಗಳಿಗೆ ಬೇಜಾರ್ ಆಗೊತ್ತೆ ನೀವು ಹಿಂಗೇ ಹೇಳಿದ್ರೆ|
155659213|733175185688264705|1175328422169464833|@Srihars47664037 ಇಷ್ಟು ಯಾವುದಕ್ಕೂ ಸಾಲೋದಿಲ್ಲ... ಅಲ್ಲಿನ ಪರಿಸ್ಥಿತಿ ಒಮ್ಮೆ ನೋಡಿ|
155659213|733175185688264705|1175326102471856128|@DKSHETTYBAI Same here|
155659213|733175185688264705|1175326069584302080|@Dayanan51615961 ಅದೇ ಬೇಜಾರ್ ಆಗಿರೋದು ಮಕ್ಕಳ ಗೋಳು ನೋಡೋದಿಕ್ಕೆ ಆಗ್ತಿಲ್ಲ|
155659213|733175185688264705|1175325427906142209|@narenkondajji @Tej_AnanthKumar was the perfect person|
155659213|733175185688264705|1175325241045737472|@Dayanan51615961 ಅವರು ಏನ್ ಕಮ್ಮಿ ನೇ|
155659213|733175185688264705|1175322709707767808|ಸರಕಾರಕ್ಕೆ ನೋಟ್‌ ಪ್ರಿಂಟ್‌ ಮಾಡಲು ಆಗಲ್ಲ ಎಂದು ಸಿಎಂ ಹೇಳುತ್ತಾರೆ ಇನ್ನೊಂದು ಕಡೆ ಪ್ರವಾಹ ಪರಿಹಾರಕ್ಕೆ ಕೇಂದ್ರದ ಹಣಕಾಸಿನ ನೆರವಿನ ಅಗತ್ಯವಿಲ್ಲ ಎಂದು ತೇಜಸ್ವಿ ಸೂರ್ಯ ಹೇಳುತ್ತಾರೆ ಆದರೆ ಅನ್ಯಾಯ ಆಗ್ತಾ ಇರೋದು ಮಾತ್ರ ಪ್ರವಾಹ ಪೀಡಿತರಿಗೆ.ಒಟ್ಟಾರೆ 25 ಎಂಪಿ ಸಿಟ್ಟು ಕೊಟ್ಟ ಕರ್ನಾಟಕದ ಜನತೆಗೆ ಸಾಷ್ಟಾಂಗ ವಂದನೆಗಳು.|
155659213|733175185688264705|1175283949506940928|@agni218 @BSYBJP @AkshayVandure1 @MadhukumarVP1 ಎಲ್ಲಾರು ಒಂದೇ|
155659213|733175185688264705|1175259639883001856|@btpsupporter @chetanabelagere @deepolice12 @blrcitytraffic @BlrCityPolice Scolding his mother not accepted|
155659213|733175185688264705|1175113822861836288|@BalachandraBh20 @BJP4Karnataka @AkshayVandure1 @ShakunthalaHS 🙈|
155659213|733175185688264705|1175113785045962752|@iampkumarg 🙄|
155659213|733175185688264705|1175112731482918912|@KiranBhat2005 @deepolice12 @blrcitytraffic @BlrCityPolice 👍|
155659213|733175185688264705|1175112505321873414|@karekalgouda @blrcitytraffic @BlrCityPolice @deepolice12 Ayo|
155659213|733175185688264705|1175112295631867904|@avid_fact @blrcitytraffic @BlrCityPolice @deepolice12 Man handling is not accepted|
155659213|733175185688264705|1175111621162651648|@deepolice12 @blrcitytraffic @BlrCityPolice Thank you sir|
155659213|733175185688264705|1175094505776635904|@SuitecaseSwamy 👂💐🌷🌼🌻🌺🥀🌹💮🌸😆😅🤣|
155659213|733175185688264705|1175094106931908608|@Srihars47664037 @ShakunthalaHS|
155659213|733175185688264705|1175093603883814913|@SuitecaseSwamy 😍😍😍😍|
155659213|733175185688264705|1175074602311024640|@RishiMarkandey @blrcitytraffic @BlrCityPolice @deepolice12 👍|
155659213|733175185688264705|1175074566386765824|@kunthurukumar @blrcitytraffic @BlrCityPolice @deepolice12 ಆದ್ರೂ ಇದು not accepted|
155659213|733175185688264705|1175074414699798528|@sukethkshetty @VPanchamukhi @udupikyc @Udupi @sriramulubjp @MoHFW_INDIA @girishalva @sadasnk @Anchor_Venky @DarlingHemu1 @Premaleela1 @Ranjitasm3 @shivuvgowda @akki_rotti1 @KotasBJP @kumaridhruti @ambik4ever Grt bro 👏👏👏👏👏👏👏👏|
155659213|733175185688264705|1175072585945534464|ಸಭ್ಯತೆ ಮೀರಿದ ಟ್ರಾಫಿಕ್ ಪೋಲಿಸ್...ಸಾರ್ವಜನಿಕರ ಮೇಲೆ ಕೈ ಮಾಡೋದು ಅಲ್ಲದೆ ಕೆಟ್ಟ ಭಾಷೆಯಲ್ಲಿ ಬಯ್ಯೋ ಅಧಿಕಾರ ಇವರಿಗೆ ಯಾರು ಕೊಟ್ಟಿದ್ದಾರೆ..?@blrcitytraffic @BlrCityPolice @deepolice12 https://t.co/ZbZIYscmTo|
155659213|733175185688264705|1175046273604276224|ಒಂದು ಕಡೆ ಆಲೂಗಡ್ಡೆ ಹಾಕಿ ಇನ್ನೊಂದು ಕಡೆಯಿಂದ ಚಿನ್ನದ ಆಲೂಗಡ್ಡೆ ಬರುವಂತ ಯಂತ್ರದಿಂದ ಕೃಷಿ ಭೂಮಿಯಲ್ಲಿ ಚಿನ್ನ ಬೆಳೆದು 800 ಕೋಟಿ ಆಸ್ತಿ ಮಾಡಿ ಅತೃಪ್ತರ ಮನವೊಲಿಸಲು ಮುಂಬೈ ಬೀದಿಯಲ್ಲಿ ನಿಂತು ಇಡ್ಲಿ ವಡೆ ಸೇವಿಸಿ ಕೊನೆಗೆ ತಿಹಾರ್ ಜೈಲಿನಲ್ಲಿ ಚಿದಂಬರಂ ಜೊತೆ ಒಟ್ಟಿಗೆ ಇರೋ ಹಾಗಾಯ್ತು..!|
155659213|733175185688264705|1175030437363605504|@AkshayVandure1 🤔🤣😂|
155659213|733175185688264705|1174968657337675777|@ManjuFeel @MrCMofKA @AkshayVandure1 @arpriyagowda @I_AmAmrutha @ShakunthalaHS @Sameeksha_Yoga 🤔🤔🤔🙈😂|
155659213|733175185688264705|1174968280722726913|@AkshayVandure1 ಒಂದು ಇಗ್ನೋರ್ ಮಾಡಬೇಕು ಇಲ್ಲ ಅಂದ್ರೆ ಸರಿಯಾಗಿ ಕೊಡಬೇಕು ಅಷ್ಟೇ option ಇರೋದು..|
155659213|733175185688264705|1174907278610165760|@Surviving_Sid ❤️|
155659213|733175185688264705|1174906592245899264|ನಾವು ನಮ್ಮ ಶಕ್ತಿ ಶ್ರಮ ಪರಿಶ್ರಮವನ್ನು ನಂಬಿಕೊಂಡು ಬದುಕಬೇಕು  ಹೊರತು ನಮ್ಮ ಜೀವನದಲ್ಲಿ ಬರೋ ಕೆಲವು ಅವಕಾಶಗಳು,ಸಂದರ್ಭಗಳು ಅಥವಾ ಅದೃಷ್ಟಗಳನ್ನು ನಂಬಿಕೊಂಡು ಅಲ್ಲಾ.. https://t.co/CLjHLr6fdo|
155659213|733175185688264705|1174892986422853632|@GuruprasadRgp 🤔🤔|
155659213|733175185688264705|1174891157421092865|@Kanneeru_Swamy 🤔🤔🤔🤔🤔ವೇಟ್ ಮಾಡಿ ಅಣ್ಣ on the way 😂🔎☎️⛰️|
155659213|733175185688264705|1174885069900529665|@Surviving_Sid 😁|
155659213|733175185688264705|1174884323658330112|E D ಆಫೀಸಿನ ಮುಂದಿರುವ ಹೊಸ ಬೋರ್ಡ್'ಇಲ್ಲಿ ಬೃಹತ್ ಬಂಡೆಗಳನ್ನು ಕುಟ್ಟಿ ಕುಟ್ಟಿ ಪುಡಿ ಮಾಡಿ ಜಲ್ಲಿ ಕಲ್ಲಿಗೆ ಪರಿವರ್ತಿಸಲಾಗುತ್ತದೆ'.. 🙄|
155659213|733175185688264705|1174867469317468160|@Kanneeru_Swamy @ShakunthalaHS ಹೇಗಿದ್ದೀರ ತಾವು ಯಾವಾಗ ನಿಮ್ಮ ಸ್ನೇಹಿತನಿಗೆ company ಕೊಡುತ್ತೀರಾ 🤣|
155659213|733175185688264705|1174861437988003841|@RekhaBasavaraju ನಿಜ.. ಅವರಿಗೆ ಅನುಭವ ಆದ ಮೇಲೆ ಗೊತ್ತಾಗುತ್ತದೆ.. ಯಾರು ಎಷ್ಟು ಸಾಚಾಗಳು ಅಂತಾ|
155659213|733175185688264705|1174848252409044992|@nn_babu 😂|
155659213|733175185688264705|1174725122969632768|ಜಮೀರ್ ಟಿಪ್ಪು ಸ್ಟೈಲ್ ನಲ್ಲಿ ಕುದುರೆ ಏರಿ ಟಿಪ್ಪು ವೇಷ, ಟೋಪಿ ಹಾಕೊಂಡು ಕೈಯಲ್ಲಿ ಕತ್ತಿ ಹಿಡಿದುಕೊಂಡು ಫೋಸ್ ಕೊಟ್ಟಾಗಲೇ ಗೊತಾಯ್ತು  ಮನ್ಸೂರ್ ಅನ್ನೊ ಐಎಂಎ ಕತ್ತಿ  ತಲೆಮೇಲೆ ತೂಗ್ತಾ ಇದೆ ಅಂತಾ... !|
155659213|733175185688264705|1174712855230210048|@MadhukumarVP1 🤣😂🤣😂 ಏನ್ ಸಾಕ್ಷಿ|
155659213|733175185688264705|1174712769272172544|@iamsush9945 🙈🙈🙈🙈|
155659213|733175185688264705|1174711952980865024|ಅಂದು ಮನ್ಸೂರ್ ಖಾನ್ ನೀವು ಭಾರತಕ್ಕೆ ಬನ್ನಿ ನಿಮ್ಮ ಜೊತೆ ಸರ್ಕಾರವಿದೆ,ನಾನು ಕೂಡ ನಿಮ್ಮೊಂದಿಗೆ ಇದ್ದೇನೆ ಅಂದಿದ್ದ ಜಮೀರ್ ಅಹ್ಮದ್​​ಗೆ ಇಂದು ಸಿಬಿಐಯಿಂದ ಜಮೀರ್ ಗೆ ನೀವು ನಮ್ಮ ಜೊತೆ ಇರಬೇಕೆಂದು ಸಮನ್ಸ್  ನೀಡಿದೆ....😜|
155659213|733175185688264705|1174684415676559360|ಅಂದು ಮೈತ್ರಿ ಸರ್ಕಾರ ಉಳಿಸಿಕೊಳ್ಳುವುದಕ್ಕೆ ಡಿಕೆಶಿ ಅವರು ಮುಂಬೈ ರಸ್ತೆಯಲ್ಲಿ ನಿಂತು ಇಡ್ಲಿ- ವಡೆ ಸೇವಿಸಿದ್ದರೂ ಇಂದು ತಿಹಾರ್ ಜೈಲ್ ನಲ್ಲಿರೋಟಿ-ದಾಲ್‌ ಮತ್ತು ಸಬ್ಜಿ ಸೇವಿಸುತ್ತಿದ್ದಾರೆ..!ಟ್ರಬಲ್ ಶೂಟರ್ ಗೆ ಯಾಕೆ ಇಷ್ಟು ಟ್ರಬಲ್..?|
155659213|733175185688264705|1174678231183572992|@AkshayVandure1 @ImSudhakarRao ಜೈ ಮನೆಗೆ ಹೋಗೋಣ 😂|
155659213|733175185688264705|1174673047678177281|@AkshayVandure1 ಸ್ವಾಭಿಮಾನ ಬದುಕು ನಮ್ದು|
155659213|733175185688264705|1174671757644484608|@AkshayVandure1 @ImSudhakarRao ಭಯ ಆಗ್ತ ಇದೆ akki 🙈|
