155659213|1449320024|1188078332874760193|https://t.co/jc8c8mvMm8|
155659213|1449320024|1187457473302671360|Thornhill lawnscapes are changing; Halloween now dominates, almost all signs recovered, campaign gear headed to storage, busy HQ scenes only happy memories. https://t.co/lL4y6oowcL|
155659213|1449320024|1186819444665978880|Win or lose..all candidates have post-election responsibilities to clean up the landscape. https://t.co/u8Q0haMcn9|
155659213|1449320024|1186763899414167555|Honoured by Thornhillers  endorsement to again represent a great community..and, cherishing the dedicated support and encouragement of my CPC Campaign leadership team. https://t.co/Do0I8segqq|
155659213|1449320024|1186271026151378944|Launching the first wave of scrutineers to Thornhill polling stations..reminded, yet again, that this team has been so generous with time and talent throughout the campaign. https://t.co/wz2R5EL9WZ|
155659213|1449320024|1186087561065914370|A busy final day of Campaign #Elexn43 in Thornhill: finalizing #GOTV plans.. assigning volunteer canvassers to reach out one more time.. leaving reminders that Monday is the #LastChanceToVote https://t.co/bqsXCSuIdC|
155659213|1449320024|1185743289900773376|Rousing final CPC Rally in York Region with Canada’s next PM, @AndrewSheer . And, of course, among the most demonstrative supporters, my crew of Thornhill volunteers. https://t.co/o9znsnNZh0|
155659213|1449320024|1185649199360204800|Great response at King-Vaughan doors with Anna @VoteRoberts_CPC .  Important to maintain momentum getting every last CPC vote to the polls Monday. https://t.co/YcZ2k5oXLC|
155659213|1449320024|1185329316982415361|A road trip canvas for one of our Thornhill crews to Vaughan-Woodbridge to help knock on a few thousand more doors with CPC’s @TeresaKruze . Working to turn York Region CPC blue. https://t.co/N02nLw72z7|
155659213|1449320024|1185328773962579969|@pete_ward_ @AbigailBimman Desperation.|
155659213|1449320024|1184525167680249856|A new Conservative government will stiffen Conflict of Interest Act within first 100 days.. create judicial inquiry into SNC Lavalin corruption scandal.. and enable RCMP investigation.https://t.co/QwLnfB3pbS https://t.co/avb7TTXs6Y|
155659213|1449320024|1184286450445103105|Four fun hours south of Steele’s knocking on York Centre doors CPC’s @RachelBWillson . Great reception at doors - folks clearly want restoration of competent, fiscally prudent, principled and honest CPC Govt. https://t.co/qVYfMC9ztD|
155659213|1449320024|1184103264452796417|Worth pondering:  "...the creepy China-trade lobbyists, deal-makers and sycophants who have so successfully insinuated themselves into federal Liberal power circles.."https://t.co/Qm6s3bbNUr|
155659213|1449320024|1184098744586964993|@DavidSweetMP Globe editorial writers should give this a read.|
155659213|1449320024|1183848848462143489|Boundless appreciation of Thanksgiving Thornhill volunteer canvas.   Brief break for T-giving meal foregone at home..then back to the doors with @AndrewSheer ‘s #CPC100DayPlan https://t.co/1peFCE0yAr|
155659213|1449320024|1183833480389627904|The fiscally prudent Conservative path back to balanced budgets. https://t.co/EQPL2bo5Wi|
155659213|1449320024|1183726634148470785|“What the CBC’s effort to use copyright to stifle political expression says about its strategic thinking.”https://t.co/9vgQ9jifGQ|
155659213|1449320024|1183546680593002496|Why is CBC News not digging/reporting on Corp management's unworthy, bungled, back-tracking SLAPP suit against CPC..over fair use of legit news content (per Elexns Cda regs)???https://t.co/MpcBRyuJfC|
155659213|1449320024|1183509611602726912|Happy Thanksgiving to all Thornhillers and folks across Canada..and remember after the Turkey..advance polls open till 9 tonight.. 9AM to 9PM Monday. https://t.co/oZeLbCXdn7|
155659213|1449320024|1183204768220622849|Sympathy for Winnipeg CPC colleagues coping with snow as we canvas Thornhill neighborhoods still awash in summer blooms. Today, joined by great Armenian community crew for more than K+ doors knocked, https://t.co/YtDEX2UWBK|
155659213|1449320024|1183098966344392710|CBC beating a slow motion retreat on ill-advised, unworthy SLAPP suit against CPC.. after mainstream media questions/ridicules judgement of management + a host of The National.https://t.co/QVSWDBaMGm|
155659213|1449320024|1182852277029261312|Supporting great CPC candidate, @AdamPhamforMP , in volatile Toronto riding, Parkdale-High Park.. with @KingaSurmaMPP and @PeterMackay . #GOTV https://t.co/JKY7yP3ghQ|
155659213|1449320024|1182788106594013191|@globepolitics Unworthy. Elexn Cda says: “If a news clip is short ..and not a substantial part of the audiovisual work from which it was taken, broadcast of the news clip in a political ad would not infringe copyright of owner.. + would not require the permission of that owner to be broadcast.”|
155659213|1449320024|1182763357549551622|A lot of good things to digest this Thanksgiving weekend including the Conservative Party's costed election commitments.  https://t.co/aGLsSjKipT https://t.co/fH1AyRo9CO|
155659213|1449320024|1182657892907913216|Don’t forget to get out and vote this weekend at advance polls! https://t.co/eCEzcsABx5|
155659213|1449320024|1182475641767247872|Great Thursday evening canvas joined by longtime friend, volunteer + MPP for Durham,  @LParkPC , as well as CJPAC fellows. https://t.co/LoJZ7GDjew|
155659213|1449320024|1182335433218412546|Trudeau Liberals defend $40Million dollars funding for Palestinian  education channeled thru UNRWA..but the corrupt agency is implicated in new PA hateful propaganda push.https://t.co/M91XmEIJzD|
155659213|1449320024|1181978336693760005|Restoring,  fair, orderly and compassionate management of Canada's refugee and immigration system. https://t.co/2NpGiJEIYP|
155659213|1449320024|1181976738781376514|In days before #Elexn43 , suggest “undecided” voters visit Ethics Commissioner’s website + review findings of passel of investigations of Trudeau, his Ministers + MPs. https://t.co/jHiNfsc3Hw https://t.co/BtvkcGjOmN|
155659213|1449320024|1181958492061614080|@kolga @cityoftoronto @JohnTory Shame! But better a stretch of St Clair in front of Russian Consulate be renamed Boris Nemptsov Plaza..as Washington DC did to honour the slain opposition leader. ( DC Council approved unanimously) Ottawa Council should do same in front of Russian Embassy  on Charlotte St.|
155659213|1449320024|1181931847724482565|Once again the Kurdish people are abandoned by western democracies.  And a regional human catastrophe deepens. https://t.co/7062TdLpqR|
155659213|1449320024|1181711823701188608|Betrayal of the men and women who serve and sacrifice.  Incompetence of a typically Liberal kind.https://t.co/4uxQCAKAa2|
155659213|1449320024|1181604286792454144|A Conservative Govt brought Thornhill the Spadina Subway extension. An @AndrewScheer CPC Govt will build Yonge Subway North. Supported by Mayor’s of Markham + Richmond Hill. https://t.co/DwfBnHPgVZ|
155659213|1449320024|1181014811804655617|@wordsfromZ @Sflecce Kudos to Minister Lecce who has worked for months to achieve an equitable outcome for union members, students, families..and taxpayers.|
155659213|1449320024|1181012254784987136|@paesean @NeilJEdmondson If so, glad to help him out o. 15 days.|
155659213|1449320024|1180981351769673729|Heavy turnout by observant members of Thornhill's Jewish community faced w high holiday conflict on advance polls + Oct 21st. Tnx to patient voters and diligent Elections Cda staff. https://t.co/MQSPMTTg2D|
155659213|1449320024|1180917219112443906|As happens in every election, parties endure incidents of sign vandalism.  But I have to smile at the slow-motion + re-cycling neat technique of this gentleman vandal on Lisa Crescent. https://t.co/6Cga64fRLk|
155659213|1449320024|1180902916489699329|Big push today for Thornhill's observant Jewish community to vote at special Elections Canada poll at BAYT on Clark + Returning Off on Centre. Tnx to John @Baird for dropping by to inspire team. https://t.co/LvXnyTHUO2|
155659213|1449320024|1180294552177057793|Celebrating 108th anniv of Taiwan independence w Dir Gen  Hsu + Taiwanese Cdns. Next Cdn govt must more aggressively challenge belligerent Chinese imperialism + stand with this dynamic democracy. https://t.co/1nncxcAmei|
155659213|1449320024|1180092783551492096|@sunlorrie Should be a campaign expense.  Has anyone looked at the Libs 2015 audited campaign filings?|
155659213|1449320024|1179927274541518848|@nationalpost If the Liberals have truly bought a carbon credit for Trudeau's costumes and props aircraft..it should show up eventually as a campaign expense.  Odds??|
155659213|1449320024|1179806601999474688|Note to Trudeau carbon footprint apologists: " You can't buy a clean conscience".https://t.co/8aj5jIDQY6|
155659213|1449320024|1179419640914759680|A greeting and a request...to Thornhillers. https://t.co/HELDLdUe9d|
155659213|1449320024|1179235946874785792|@kolga @liberal_party @CPC_HQ @Billbrowder The Liberals talk about using Magnitsky sanctions ...a Scheer Conservative government will act; for example, to list Iran's IRGC and the Iranian regime's gross human rights abusers - senior officials as well as their acolytes.|
155659213|1449320024|1179100735050530816|As my Thornhill volunteer crew enjoy a sticky/steamy canvas on a record hot Oct 1st.. thinking of @MichelleRempel and western CPC fellow candidates working snow-drifted streets.  ;-) https://t.co/X3sNjfgAU8|
155659213|1449320024|1179068674914820097|On day Trudeau decided to dodge Munk Foreign Policy Debate.. @AndrewScheer delivers CPC plan to repair Trudeau's train-wreck diplomacy + misguided/wasteful foreign aid spending. https://t.co/3s2Vis7Kdl|
155659213|1449320024|1179022264131555328|Trudeau Liberals stripped financial support from thousands of Cdns with diabetes. @AndrewScheer CPC Govt will restore access. https://t.co/RzljjMOklD|
155659213|1449320024|1178743319691702273|We have a plan to help people with disabilities get ahead. https://t.co/fFHD3u27D1|
155659213|1449320024|1178485832291962880|A great Super Sunday Thornhill CPC campaign blitz with phone + canvas crews (+ provincial cousins)..sustenance from a T-hill institution + apples/honey to greet Rosh Hashanah. #ShanaTova https://t.co/XEbORp7RnR|
155659213|1449320024|1178459512942059522|Congratulations to CPC's @Theodore_Antony , formally opening his Markham-Stouffville campaign HQ.  (Even tho he's been knocking more than a K doors a day for months!) https://t.co/32ez9d2lDx|
155659213|1449320024|1178361644868673543|Took a moment from the campaign trail to visit Temple Vishnu Mandir at Thornhill's northern gate..to mark birthday of Mohandas Gandhi in 1869. (donned a slightly too small Gandhi cap in respect) https://t.co/Y4EeTrb75I|
155659213|1449320024|1178336496815923200|To all celebrating Rosh Hashana..in Thornhill, across the country..and around the world, ShanaTova!!! https://t.co/mL3WTfT20O|
155659213|1449320024|1177984675794620418|A National Energy Corridor across Canada, enabled by an @AndrewScheer Conservative government will benefit all provinces. https://t.co/vDpXBEJDGm|
155659213|1449320024|1177703207302303745|@bnaibrithcanada @MichaelMostyn And the credibility of Justin Trudeau.|
155659213|1449320024|1177685436589903879|Setting the record straight.. in response to misleading material being circulated by "some" Liberal candidates: https://t.co/YkIXTFxQcL|
155659213|1449320024|1177681190758883330|As our Harper Conservative government brought the Spadina Subway to Thornhill...our Scheer Conservative government will bring the Yonge Subway north. https://t.co/pbOwiGicVs|
155659213|1449320024|1177049035213017088|@sunlorrie Time to re-mandate, re-size and de-commercialize. Canada needs a national public broadcaster...but not a semi-private public broadcaster.|
155659213|1449320024|1176513303624998912|https://t.co/iy8r0tdgIS|
155659213|1449320024|1176333036159459328|Thanks to my Thornhill CPC volunteers, installing several score arterial signs in a late evening blitz across the riding. https://t.co/VaVQqItO1G|
155659213|1449320024|1176147704285560833|CPC Housing Policy     https://t.co/G5OpT81KwV https://t.co/eNXwvKVwvF|
155659213|1449320024|1175891028907311104|Last day of summer in Thornhill a hot day for my volunteer crew...but all this month's door-knocking merely prologue for the next four weeks of autumn..and Trudeau govt's Fall. https://t.co/q0VCTuGKxz|
155659213|1449320024|1175820167399559170|Hua came to Canada in 1980, fleeing war and repression in Vietnam..made a wonderful life in Thornhill..+ insisted he personally install the sign in front of his house. https://t.co/YXHBd4jlGB|
155659213|1449320024|1175798600934285315|Instead of forcing Veterans to work harder for government benefits, it’s time the government worked harder for our Veterans’ benefit. It’s time for a government that works harder for you; it’s time for you to get ahead. https://t.co/CghcgCSQL4|
155659213|1449320024|1175573884915146758|@bnaibrithcanada @TheCJN @Vote_Gladstone @celebrityjosh As I said in my opening remarks at the debate,  Canadians have known for some time that Justin has lost the moral authority to govern. This week’s revelations of his racist behaviour simply drive that point home. Period!|
155659213|1449320024|1175526668452225027|Thanks to CPC volunteers who canvassed Glen Shields corner of Thornhill today.  I was inspired by this crew on a hot, muggy day ( we enjoy while we can ) .. and by the support we received on the doorsteps. https://t.co/j5x1J4A3yl|
155659213|1449320024|1175218882728079363|Tasty break at Thornhill's Centre Street Deli with campaign manager Eleanor and canvas chief Andrew. (a lunch spot favored by a fondly remembered PM) https://t.co/aQ82DgrIcv|
155659213|1449320024|1175025180084715521|https://t.co/cnSzzkCKXu|
155659213|1449320024|1174805941243580417|Thanks to my volunteer teen canvassers, heading out to knock on Thornhill doors while I participate in the B'nai Brith debate. https://t.co/yHjy4SAPVC|
155659213|1449320024|1174728323945172994|At quick break from door-knocking + sign-installing to file nomination papers (accompanied by Campaign Manager Eleanor) at Elections Canada's Thirnhill Returning Office. https://t.co/ShSEMV1rG6|
155659213|1449320024|1174712852021747713|We will put more money back in seniors pockets! https://t.co/4aCal2PYoo|
155659213|1449320024|1174469001914847232|After a great day at Thornhill doors, paused with my evening volunteer crew at Oakbank Pond for a sunset break. https://t.co/SoqG4o2Qzn|
155659213|1449320024|1174317912045346817|Kudos to Elections Canada for expanding advance voting opportunities in Thornhill enabling members of our Jewish Community to exercise their democratic franchise.  EC’s response to my letter of September 10th: https://t.co/UZTfmTL58E|
155659213|1449320024|1174020729202970624|A conservative government will increase the government’s contribution to an RESP from 20 per cent to 30 per cent for every dollar invested. https://t.co/6m55VNd8Sn|
155659213|1449320024|1173721434381848576|My remarks at the annual Justice88 commemoration of the the Iranian regime's murderous repression of it's own citizens then and now.. and the Trudeau government's failure to match its empty rhetoric with action. https://t.co/w2vlEDT213|
155659213|1449320024|1173288818922930176|Thanks to my hardy Thornhill volunteers, staying on the streets on a wet, if pleasantly warm, Sunday. At least the rain terrific prep for easy sign installation. https://t.co/Xihykyxnp3|
155659213|1449320024|1173286397471539200|Shallow research, no fact-check, by G+M editorial writer. Ms. Krause’s facts detailed/solid.  US orgs she exposed openly bragged about dirty tricks/election manipulation. #EnviroMoneyLaundering https://t.co/gKnE3xjOL2|
155659213|1449320024|1173244566461394944|Thornhillers turn out for @TerryFoxCanada annual run.  Inspired by cross-generational enthusiasm + testimony of survivors who’ve benefitted from cancer research funded by annual Fox run. https://t.co/sVLEzVAgNT|
155659213|1449320024|1173205436314595329|Huge turnout in Bloor West Village for largest, longest Ukrainian Street Festival in North American.  Conveyed greetings/CPC commitments with fellow Conservative candidates on behalf of @AndrewScheer . https://t.co/Offj3McqmN|
155659213|1449320024|1172337237553364992|After a day at doors, Etobicoke Centre stalwarts came out to talk about our campaign to re-elect @TedOpitz + to restore a competent, fiscally prudent + Honest CPC Govt led by PM @AndrewScheer . https://t.co/WGavfXDAfg|
155659213|1449320024|1172246251691302912|Planting the first few of thousands of #CPC signs requested across Thornhill. They also come in handy at events like the huge rally for @AndrewScheer in Vaughan-Woodbridge Wednesday. https://t.co/Fr6FwQZ8bR|
155659213|1449320024|1171942050314498048|Packed house launching CPC GTA campaign with barn-burner speech by @AndrewScheer in Vaughan-Woodbridge. Thanks to my Thornhill volunteers who turned out after long day door-knocking + sign installing. https://t.co/zkkUsB7uqP|
155659213|1449320024|1171601837113389057|Momentum building on eve of writ drop for CPC’s Quintus Thuraisingham in Scarborough-Guildwood.  Great turnout of fed/prov Members (past/present), candidates + volunteers. https://t.co/ZTjjeD6aLF|
155659213|1449320024|1171551607496032258|Thornhill CPC volunteers enthusiastically into the countdown to “E” Day. https://t.co/TnjnYe9USm|
155659213|1449320024|1171551025817378821|Across the country this weekend, walks for @AutismSpeaksCanada . Remembering the moving Member's statement by colleague @MikeLakeMP to son Jaden on World Autism Awareness Day in April  https://t.co/R3o4JTix9Z|
155659213|1449320024|1171183456891678721|Thanks to this enthusiastic Monday evening CPC canvas crew from Thornhill CHAT and Westmount. #VictoryIsKnocking https://t.co/cVTpsl5Vtc|
155659213|1449320024|1171132791427424256|@JamesSwartz60 @CPC_HQ @AndrewScheer C’mon man.  Who are you trying to fool?  Bill is as unlikely to Tweet as Ralph.|
155659213|1449320024|1171009938199588866|CPC’s Rachel Wilson has been campaigning in York Centre for months...but delighted to attend official opening of her campaign HQ. This candidate won’t be let down by her leader, @AndrewScheer . #TrudeauMustGo https://t.co/NfGhcceDAc|
155659213|1449320024|1170849899841298434|Thanks to Rabbi Elisha Mandel and the families of Aish Toronto’s @ThornhillWoodsSchul  for sharing a few late summer laughs and serious conversation...at a lovely early evening BBQ. https://t.co/3puN99cXtR|
155659213|1449320024|1170843098089426945|Thanks to my six Super Sunday CPC campaign crews for another great day at Thornhill doors.  And, great appreciation, as well, to our T-hill phone bank volunteers. #VictoryIsKnocking https://t.co/1AK9j77DrW|
155659213|1449320024|1170806408956305409|Determination, as we open CPC Humber River-Black Creek campaign HQ of Iftikhar       Choudry, to restore competent, fiscally prudent, principled + ethical Conservative govt led by @AndrewScheer. https://t.co/Eh3JW5ZxgD|
155659213|1449320024|1170787600644366337|Enthusiastic early morning CPC volunteer training session at Thornhill campaign HQ before crews hit the phone banks and door steps. https://t.co/xZtP2b5imy|
155659213|1449320024|1170771478155026433|Delighted by an unexpected interruption on Sunday CPC Thornhill canvas blitz — Preziosa Family insisted we join 30th Wedding Anniversary Party. https://t.co/0ZB7lUZRdU|
155659213|1449320024|1170771218976448512|Kudos to Thornhill’s Humanity First emergency response to Bahama’s Hurricane Dorian. https://t.co/onN1Md03rA|
155659213|1449320024|1170672864955158536|Great flashback piece by Alan Cowell, triggered by a brutal despot’s death but fondly remembering golden days of foreign corresponding. Can still hear “I shot the sheriff..”, smell the tear gas, remember the optimism that was to be crushed. #CarrierPigeon https://t.co/dbWuAKY63x|
155659213|1449320024|1170433053447139329|An exciting, anticipaTory afternoon in Pickering-Uxbridge at the campaign office opening of CPC’s Cyma @CMusarat with @SenatorSalma @RodPhillips01 @PeterBethlenfalvy @CityOfPickering  @TwpUxbridge #ConservativesForCyma https://t.co/YKYDPC7vlE|
155659213|1449320024|1170358288288010248|Great selection of perennials + bulbs at Thornhill Garden + Horticultural Society annual fall sale at T-Hill Community Centre on Bayview + John. https://t.co/lmQQCM31vo|
155659213|1449320024|1170072303822082048|Ottawa dithers for a month before finally appealing a Federal Court ruling favouring BDS campaign against Israeli wines. https://t.co/wVL6TCqBKt|
155659213|1449320024|1169998468515082248|A big Thornhill win against the BDS hate mongers:      Buy-cott 1  — BDS 0https://t.co/wwM5mOCB84|
155659213|1449320024|1169926425509597185|Vancouver-Granville: a riding in play + CPC’s Zach @Segal_Canada mounting a great campaign.  Tnx to Belzbergs, hosting fundraiser for former Hill staffer who gets millennial affordability issues + champions CPC policy props. https://t.co/NEOF1j503I|
155659213|1449320024|1169747324219748353|@hollyanndoan @sunlorrie Fond memories of Des as an enthusiastic, entertaining - and patient - interview subject in the 60s + 70s.  He could bring the driest of Canadian history moments to life. #RIPDes|
155659213|1449320024|1169662936090062848|Addressed Justin Trudeau’s flagrant disrespect of laws of Parliament + Canada in intvw w LS Times TV.. explained how PM’s arrogance trickled down to Lib Ministers + MPs..in ridings like Steveston-Richmond East — suggested CPC’s Kenny Chiu the ethical alternative. https://t.co/vbtWoYh6kh|
155659213|1449320024|1169654825262473217|Delighted to join MP @AliceWongCanada + Senator Yonah Martin in support of Steveston-Richmond East CPC candidate Kenny Chiu. This riding deserves a competent, ethical MP who respects the rule of law. https://t.co/qfXFiJvXPc|
155659213|1449320024|1169060829670641665|The fact it took Justin Trudeau’s Liberals more than two months to decide their “star” candidate’s comments disqualified him from carrying their banner should give every Canadian pause.https://t.co/tIzq4bce8I|
155659213|1449320024|1168998771696513024|Toronto Police Service charges hate monger who shouted vicious antiSemitic  threats + posted his own recordings online of his attempted disruption of the annual Walk With Israel in May. https://t.co/uVxK3HwSiY|
155659213|1449320024|1168934955700969473|Paused for moment at new electoral boundary between Thornhill + Markham Thornhill to pose w town founder Ben Thorne + @AlexYuanCPC, our candidate in M-T.  Hoping voters between Bayview + 404 who supported me 2008/2011 will vote for Alex in October. https://t.co/5Kp0kx9UdV|
155659213|1449320024|1168926853253488640|Justin Trudeau knew, for months, his “star” candidate in St-Leonard-St-Michel had posted antiSemitic / anti-Israel comments + praise for Hamas terror org. Days after finally firing the candidate..PM has yet to explain himself + condemn this hateful intolerance. https://t.co/Om5s9RJImn|
155659213|1449320024|1168269868002684928|Second canvas of the day as encouraging as the first..without umbrellas.  And again, unsolicited assurances from folks who voted Liberal in 2015.. that they won’t in 2019. #TrudeauMustGo https://t.co/ElyQpgmxyX|
155659213|1449320024|1168256485266264064|A little damp for the first canvas of the day in Thornhill Woods..but our volunteer crews prevailed.. encouraged by warm reception at the doors. More than a few disenchanted Liberals agreed #TrudeauMustGo. https://t.co/Ep0lntZvVO|
155659213|1449320024|1167840185196908552|Enthusiastic crowd at Brampton West CPC campaign office opening of Murarilal Thapliyal.  Folks here determined to do their part to turn Peel Region blue October 21st. https://t.co/I60SLSLlNv|
155659213|1449320024|1167534923047198720|@MichaelPolanyi @StephenHine8 @JamesSwartz60 @AndrewScheer @DavidSuzukiFDN Stay tuned. Just as our tailpipe regs (passed in 2012, into effect 2017 to 2025) will reduce tp emissions by 50% by 2025.. consumption to be reduced by approx half too. These reductions already in works. Technology, solution for big emitters. Global prob  needs global solution.|
155659213|1449320024|1167522317653725184|@StephenHine8 @JamesSwartz60 @AndrewScheer @MichaelPolanyi @DavidSuzukiFDN A tokenistic carbon tax wont change behaviour of folks w discretional income - it only irritates. For low income folks (who don’t drive SUV’s),tax on essential car or home heating grossly unfair vs big emitters who get a pass. Policy must address real reduction by big emitters.|
155659213|1449320024|1167493612076224513|@bnaibrithcanada “Justin Trudeau hand-picked a candidate who called for elimination of Israel + praised a Hamas hate monger. shocking acceptance of racism + anti-Semitism. I call on my Lib opponent,Gary Gladstone, to immediately demand removal of this anti-Semitic Liberal candidate.”|
155659213|1449320024|1167491224472887299|My letter to the Commissioner of Canada Elections regarding the Liberals’ blatant violation of Section 363 of the Elections Act. https://t.co/XkHlPgGOoy|
155659213|1449320024|1167455791642755073|@SkellyHamilton @BruceAHeyman A thoughtful discussion of our shared democratic values, our mutually beneficial trade history, opportunities yet to be seized...and the spectrum of challenges/threats we must resolve with friends, rivals and enemies.|
155659213|1449320024|1167433136227127296|@AmbVPrakash @BruceAHeyman @OmarAlghabra @SkellyHamilton For folks who couldn’t attend this timely event..the short answer from me; Justin Trudeau’s train wreck diplomacy...that has diminished Canada’s voice in the international community.. but nowhere more than with the world’s largest democracy and fastest growing economy.|
155659213|1449320024|1166000414816292865|@RoyalCanNavy @CFOperations #BZ Admiral Norman|
155659213|1449320024|1165826974897623040|A wonderful moment when Coptic Father Angelus joined the  celebration to open the Mississauga-Erin Mills campaign office of CPC candidate Hani Tawfilus.  Hani’s team is working hard to ensure this riding will be Blue again! https://t.co/9Qow7ocVwp|
155659213|1449320024|1165814781124759552|Enthusiastic gathering of Conservative supporters at the Toronto Davenport campaign office launch of CPC’s Sanjay Bhatia.  The word at the doors - time for competent, principled, ethical government with CPC Leader @AndrewScheer . https://t.co/J4KjFRpXmz|
155659213|1449320024|1165653332318457856|Dropped into Gabbi Bolotin’s Taste of Israel on Bathurst to support Thornhill’s #BUYcott campaign to counter hateful online BDS targeting.  Great selection of products.. straight from Israel..one of Canada’s #FreeTrade partners. https://t.co/FyXNq7oN6s|
155659213|1449320024|1165624972003414017|Dropped by Thornhill’s St Joseph the Worker, where campers/councillors reaching season’s end.. but, great resentment still from jobs lost last year when congregation denied Cda Summer Jobs funds.. after refusing to sign Liberals’ faith-encroaching “values” attestation. https://t.co/XYbPNN7iVh|
155659213|1449320024|1165609987630125057|Israel pre-empts Iranian attack from Syrian bases, IDF remains on high alert. Prime Minister / Defense Minister Netanyahu:  “Iran has no immunity anywhere”.https://t.co/vyltLcHqZG|
155659213|1449320024|1165087551134343168|Delighted to welcome a fellow Parliamentarian to Thornhill - Sherren Haskel, second youngest member of Knesset, eloquent defender of Israel’s democracy against latest forms of Antisemitism. https://t.co/UxivwfQV4b|
155659213|1449320024|1164952380254969858|Technology can play an important role in keeping Canadians safe. That’s why we announced our plan to create the Police Infrastructure Grant Program as part of our plan for a #SaferCanada. Glad to see Ontario taking similar steps. https://t.co/xio3PEAHGm|
155659213|1449320024|1164692257334845440|Honoured to convey CPC Leader @AndrewScheer greetings marking Ukraine’s 28th Independence Day..+ to reiterate that a Conservative government will stiffen Canada’s commitment to assist Ukraine’s defence against Russian occupation and aggression. https://t.co/irfODw8yP4|
155659213|1449320024|1164502813503827968|@Jdavis_Halton This wasn’t about a subpoena..or protecting a source.  We know the source. The PM was clearly willing to share his version of supposedly confidential moments.. and unless he imposed conditions on how the interview elements could be used..Ms Raitt’s motion was a request for more.|
155659213|1449320024|1164498092240134144|@Jdavis_Halton Simple. The motion was a request - not a demand - for further details of a published interview wherein the PM seemed to breach the confidentiality he has imposed - and imposes still - on Ms Wilson-Raybould.|
155659213|1449320024|1164306046875295744|Thanks to Shoaibb Mohammad for kind invitation to his home to celebrate Eid in Brampton North.  Lovely evening, wonderful hospitality. https://t.co/qJ6yrQZPZt|
155659213|1449320024|1164169795652202497|Great to be back on Hill for special meeting of Ethics Committee - a #MomentOfTruth for Liberal colleagues to either do their jobs .. or look away from the Commissioner’s scathing Trudeau II Report. https://t.co/xwMn1va36G|
155659213|1449320024|1163854198003425280|Delighted to assist in a Thornhill rite of summer: the Galleria grocery chain’s awarding of university scholarship funds. Congrats  to CEO Jeffrey Min for continued corporate growth as well as generous charitable pay-back. https://t.co/R6OjASJIim|
155659213|1449320024|1163850071420669952|@Comd_RCN_34 @CanadianForces Bravo Zulu for your unblemished and dedicated service to Canada... and for your restrained and dignified valour under friendly fire...|
155659213|1449320024|1163182834263220224|Delighted to join Tom Saras, National Ethnic Press + Media Council CEO, at opening of it's CNE booth... to speak to the importance of Cda’s ethnic media.. and the Liberal’s misguided election year bailout of failing big city newspapers. https://t.co/AiMV0XHls3|
155659213|1449320024|1162921753955524614|Lovely evening at 17th annual Kurdish Festival of Culture + Peace.  Conveyed CPC Leader @AndrewScheer greetings + my assurances Conservatives are committed to support peace, security, and rights of all in Iraq + region regardless of ethnic origin or religious belief. https://t.co/5Lp3ejZqMe|
155659213|1449320024|1162825574978654208|Pre-campaign juices running hot on a busy day across the top of the GTA..but, arriving in Brampton, time for a quick Vanilla Caramel! https://t.co/vGe6Cj8WKB|
155659213|1449320024|1162807783202406402|Dropped in at the annual Thornhill Garden + Horticultural Society Flower Show.. to check out the worthy winners and discuss upcoming events.  Tnx for all you do for our community. https://t.co/8NILoBGPsy|
155659213|1449320024|1162807417568157700|Stormy skies cleared in time for CPC Markham-Unionville MP @BobSaroya pre-campaign BBQ. Great turnout, volunteer registration. #TrudeauMustGo #RuleOfLaw https://t.co/ue2AjSBeY3|
155659213|1449320024|1162765995506905089|@TheRoyGreenShow @nationalpost As 2017 story noted,Dion’s previous posts had been to clean up difficult files. dire concerns have not been realized. No question Libs appointment process was unacceptable.  No question his office needs greater powers/penalties. Naming/shaming won’t work with a PM without shame.|
155659213|1449320024|1162760742409592832|Great energy, great pre-canvas crowd, great turnout of past/present/future Conservatives MPs/MPPs as @AlexYuanCPC opens his Markham-Thornhill campaign office.  #TrudeauMustGo #RuleOfLaw https://t.co/RyeVHlXUwQ|
155659213|1449320024|1162703083576725508|@TheRoyGreenShow @nationalpost The Liberal nomination process was improper and unacceptable (without meaningful consultation)..but Mr Dion’s credentials and credibility gained the support of Conservatives at Ethics Committee to confirm his appointment.|
155659213|1449320024|1162696227236012034|“investors deserve to know how Mr. Brison came to work at the bank and if Mr. Prichard and Mr. Lynch discussed any BMO business while lobbying him on SNC.”https://t.co/sJVqI9HqhE|
155659213|1449320024|1162469799047376897|@AndrewScheer Me too. Every statement cited by Julian Porter QC in his libel chill letter March 31 to Andrew Scheer (naming O’Toole + me collaterally)..has been proven factually true by the Ethics Commissioner..not least of which:  “the Prime Minister has lost the moral authority to govern”.|
155659213|1449320024|1162186943515545600|Balloons, sirens, bells, + cake for the official opening of my 2019 CPC campaign HQ. Tnx to enthusiastic volunteers offering time , talent + treasure in the run to Oct 21. #RuleOfLaw #TrudeauMustGo https://t.co/Uk2eyolL7W|
155659213|1449320024|1162093957003845634|https://t.co/RQSlLLyr0X|
155659213|1449320024|1162049232146173953|TBT, PM has never given straight answers re investigations of his Ethics violations. May 10th 2017 he was still dodging questions on his illegal trip..while secretly colluding, not to preserve jobs..but to help a corporate constit dodge a corruption trial. https://t.co/SWxvukXgjH|
155659213|1449320024|1161721427499868162|Shocking! Trudeau "disagrees" still claims he was trying to protect Canadian jobs despite Ethics Commiss finding that "Trudeau's influence would have furthered SNC Lavalin's interests".  Ergo: Trudeau violated the law in attempting to obstruct justice for a corporate constituent.|
155659213|1449320024|1161695943579885570|On day the Ethics Commissioner confirms Trudeau broke law.. worth revisiting a Question Period moment in April..when PM sat idly by as his House Leader tried to excuse Liberal Members of Ethics Committee blocking investigation of the SNC Lavalin scandal. https://t.co/lTFbiOPTar|
155659213|1449320024|1161674650914578433|Ethics Commiss reports Finance Minister Morneau tried to justify pressure exerted on Justice Minister Wilson-Raybould by saying it was “his responsibility to consider economic impacts of government decisions”..that criminal conviction of SNC Lavalin could affect jobs and pensions|
155659213|1449320024|1161669545700077569|Ethics Commissioner cites multiple efforts by PMO to improperly interfere in the justice process..but says “ final and most flagrant attempt to influence Ms. Wilson-Raybould occurred during conversation with Clerk of Privy Council Dec 19,  2018”.|
155659213|1449320024|1161667446962565122|Ethics Commissioner says his decision finding Trudeau guilty of violating the law was made despite the fact he was prevented from examining “the entire body of evidence”.|
155659213|1449320024|1161657834867699713|Ethics Commissioner finds Trudeau has again committed a major violation of Conflict of Interest Act in the SNC Lavalin scandal. https://t.co/Cxy7DDMrEm|
155659213|1449320024|1159581248039411712|@VivianBercovici @bnaibrithcanada Surely those senior Libs aren’t being directed by the PMO to muzzle another skilled and highly respected former diplomat..???|
155659213|1449320024|1159579545642704896|@VivianBercovici @bnaibrithcanada Those senior Libs don’t know what they’re talking about.  The PM’s latest misguided funding announced in 2018 was a two year plan to funnel $50 M thru the corrupt, hate propagandizing agency.    A Conservative government will, again, find better ways to deliver humanitarian aid.|
155659213|1449320024|1159522626345340928|@travels2little @fitzpatrick_m @YRP I assure you that my constituents in Thornhill (protected by York Regional Police) are delighted by this telling blow against gun-wielding, death-dealing organized criminals. Kudos to @YRP|
155659213|1449320024|1159477674361937920|Theme days a big part of Chai Lifeline’s Thornhill summer camp for kids with fragile immune systems and complex medical needs. Canada Summer Jobs funding helps ensure 1-to-1 camper/counsellor ratio. Kudos to @ChaiLifeCanada caring staff and CEO Max Rothman. https://t.co/PRMSMlc1MF|
155659213|1449320024|1159278071737978882|Justin Trudeau said nothing to see here (as he initially dismissed previous Liberal scandals); Organized Crime Minister Blair deflected and dodged..but Ethics Commissioner decides an investigation is warranted.https://t.co/l6XvOuC754|
155659213|1449320024|1159148789791416326|Dropped by Thornhill’s Lubavitch Day Camp - 600 boys and girls, 200 counsellors, a worthy recipient of Canada Summer Jobs funding - for my annual update from Rabbi Grossbaum on the good work (and charity) done at this 4 decade old summer institution. https://t.co/iLhbpBbP4s|
155659213|1449320024|1158384894961246208|@RLitwiller An honourable Canadian, a great Vice Chief, in line for CDS.. his career destroyed by a petty political vendetta ordered by Justin Trudeau.  (the consequences muted, for the moment, by huge cash compensation conditional on permanent confidentiality)#TimeWillTell #TruthWillOut|
155659213|1449320024|1158166197801750528|My thoughts on this terrible anniversary: Cda was too late in recognizing the Yezidi Genocide, Cda was too early pulling CF-18s out, Cda has not accepted nearly enough Yezidi refugees..+ Cda is negligent in not more aggressively prosecuting Cdn citizen terrorists who participated https://t.co/nfrnWyw5C1|
155659213|1449320024|1158166174758264832|Moving ceremony at Ontario Leg to mark 5th Anniv of Yezidi Genocide — heart-rending testimony of women survivors, silent vigil of refugee children w photos of male relatives murdered by Daesh.  Canada must do much more. @GarnettGenuis https://t.co/3HJapA1tPS|
155659213|1449320024|1158158339638996992|Thanks to the York Regional Police Hate Crimes Unit  for quick response to a clearly anti-Semitic assault near Clark and Atkinson.  Tnx as well to B'nai Brith for follow-up. https://t.co/hM12X6QO6j|
155659213|1449320024|1157686143573516291|Saddened to learn of the passing of a passionate Canadian, committed Parliamentarian, entertaining travel companion and friend.   #RIP Mzee https://t.co/cRBFIilO8p|
155659213|1449320024|1157448233515454465|Straight answers from CPC Leader @AndrewScheer to Canada’s ethnic media. Number of questions re Liberal’s misguided news industry bailout which favours failing big-city print.. ignores struggling community media. https://t.co/BdsO2V6CrS|
155659213|1449320024|1157439308372074496|Jaw-dropping...!!!https://t.co/5H4dusZFHz|
155659213|1449320024|1157385076629336064|I am proud that when elected our Conservative government will increase federal funding for health and social programs. https://t.co/DXpZe10QAP|
155659213|1449320024|1156613362798800897|Inspiring visit, as always, to T-Hill’s  @KaylasChildrenCentre on “Under the Sea” theme day. A worthy not-for-profit recipient of Canada Summer Jobs funding. #Camp18 #Recreation #Therapy https://t.co/AlMZ6SPlSC|
155659213|1449320024|1156384066704412679|“Just another rule against the Jewish state.”   Exactly! Trudeau Liberals appeal Federal Court ruling RE Lobby Commish + PM’s illegal gift.. but hesitate to appeal BDS lobbied decision against Israeli wine labelling.https://t.co/ea44pRiuek|
155659213|1449320024|1156335343081312256|Un-deserved win for BDS supporters.   But CIJA says  "Substantive errors in judgement" and properly urges Liberals to appeal "misguided ruling" on Israeli wines covered by Canada-Israel Free Trade Agreement. https://t.co/oxmzekholk|
155659213|1449320024|1156323513336246272|Beginning a swing of visits to T-hill Canada Summer Jobs employers: not-for- profits + private sector.  TAC Sports Camp , Bayview + Steele’s, continues to grow, more coaches mean more campers. https://t.co/nih2DZQnir|
155659213|1449320024|1156308494158635011|Prepping for Elexn 2019 w Thornhill EDA exec, reviewing past campaign material.. planning to ensure Orthodox Jewish Community able to exercise franchise around High Holiday/Shabbat conflicts. https://t.co/R0gni0nIJg|
155659213|1449320024|1156201127064608768|Our CPC government delivered humanitarian aid to Palestinian civilians “around” the corrupt, anachronistic UNRWA agency — time for Trudeau Liberals to do the same.https://t.co/AKAao5ES7S|
155659213|1449320024|1155956287995203584|Tnx to @YorkUPresident Dr Rhonda Lenton for briefing on major research projects at  Markham’s entrepreneurial YSpace incubator with colleagues @BobSaroya MP and Markham-Thornhill candidate @AlexYuanCPC . https://t.co/x1ZwP012a1|
155659213|1449320024|1155581388894212101|Happy cross-pollination of Thornhill (Kent) + Richmond Hill (Menagakis) CPC interns/volunteers refreshing at a common border Timmy’s.  Great response at doors today!!! https://t.co/hHORyDNBs3|
155659213|1449320024|1155196911588204544|@LarryMillerMP @Brooko35T @RobertSopuck @bobzimmermp @blainecalkinsmp @ParlOutdrCaucus @CPCHunt_Angling @FishShimanoNA @ofah @SSAOwenSound Congrats to Phil...about time!|
155659213|1449320024|1154869047747592194|Always delighted to spend time with @IsraelinToronto Consul General @GaliBaram , discussing matters of current mutual concern... as well as reminiscing about the variety of foreign postings we’ve shared in the past. https://t.co/lmF3b0BR4U|
155659213|1449320024|1154831604168232960|@Ainslie_Ward24 I’ve been on the file w Friends of Rouge + others since legislation passed creating the RNUP.  And I’ve seen the several attempts by the Zoo, as it sleeps ever deeper into the red, to improperly access/leverage Parks Canada’s development funds, holding the Welcome Centre hostage.|
155659213|1449320024|1154772057307172864|@Ainslie_Ward24 Please explain which parts of this letter you contend are incorrect.|
155659213|1449320024|1154449294960877569|Thanks to Dikla + staff at Jewish Russian Community Furniture Depot, setting up Armenian Syrian refugees Eli, Gabriel + Jozeph’s first Cdn apartment.  (then a visit to Tim’s to discuss dreams + aspirations) https://t.co/X1tN9XRpbe|
155659213|1449320024|1154360178818650113|“ I’m not sure how deep the expertise is in PMO.”   Former Ambassador says it all after being told to echo the PM’s failed China diplomacy.https://t.co/F7kXKynsVW|
155659213|1449320024|1154204104434102273|Shane Baghai hosts a crowd for CPC Don Valley West’s  @YRobertson w keynotes by Defence Critic @JamesBezan ,  former Min @PeterMackay with a barnburner wrap by Yvonne. https://t.co/hEf4YEimLt|
155659213|1449320024|1154173088688484353|Toronto Zoo ignores City Council, blocks land transfer needed to complete Rouge National Urban Park, demands $5Million ransom from Parks Canada. Friends of Rouge protest. https://t.co/N4gDDjO3tt|
155659213|1449320024|1154051210657390592|A reminder of my letter of concern to the Chief Electoral Officer in April 2019.  He responded with phone assurances of expanded/extended advance poll opportunities after consultation with Orthodox communities which have not yet materialized.https://t.co/k4O1BRW40y|
155659213|1449320024|1154024870755352577|Contrasting editorial judgement: CBC sticks with wall-to-wall Mueller ..while BBC covers historic UK transfer of power. https://t.co/D3tqvG7yMe|
155659213|1449320024|1153996349915979777|Here we go again: Justin Trudeau asks another public servant to do his dirty work - pressure/muzzle an honourable former diplomat.https://t.co/KslNN4odgN|
155659213|1449320024|1153859846002880512|Wonderful gathering for CPC’s @Albrecht4KitCon annual “Big Tent” BBQ.  Among the crowd — MPs, MPPs, CPC candidates, mayors, cllrs + university/college  presidents along with enthusiastic Kit-Con grass roots. https://t.co/hrFIImYYLN|
155659213|1449320024|1153646111783116800|@RoyalCanNavy @USNavy BZ Admiral Norman !|
155659213|1449320024|1153376032667394049|@pagepierre_page @GasPriceWizard Eternal vigilance..the price of protecting privacy...as with liberty/democracy.|
155659213|1449320024|1153360996053999616|Privacy Commissioner concludes my complaint “well founded” that journalist’s privacy was breached in his investigation of Irving Shipbuilding.  DND  to report policy/procedure remedies. https://t.co/LOJwTHPRme|
155659213|1449320024|1153019398313119745|A gripping scholarly summer read on Beijing’s disrespect, intimidation, influence and espionage in Canada. https://t.co/QyTJO6Edqh|
155659213|1449320024|1153003192206184449|Fascinating visit to Okanagan’s Jealous Fruits hi-tech, premium cherry processing/packaging plant with  NOk-Shuswap @MelArnoldMP + CPC’s Kelowna-LC candidate Tracy Gray.  Tnx to CEO David Geen. https://t.co/hrcUNkQoPc|
155659213|1449320024|1152262878059040768|@alessacanada @AndrewScheer @jkenney @ErinOTooleMP @CPC_HQ In our democracy, people who enjoy all the freedoms denied so brutally in Venezuela...are free to sell their services to dictatorships.   Disgusting but legal.|
155659213|1449320024|1151945866321780737|Congrats to York Regional Police for Project Sindacato, the largest organized crime bust in @YRP history: 9 alleged crime bosses + more than $35 million cash/assets/gaming machines. https://t.co/yFB6Sd08ZH|
155659213|1449320024|1151830607951007744|@JohnWrightLive @kinsellawarren And Stephen LeDrew..|
155659213|1449320024|1151554837269688320|@jyduclos @chantierdavie @JoelLightbound What a shameless lie! Liberals tried to kill the Davie contract for MV Asterix...and destroyed the career of Admiral Norman who rescued the project and saved Davie workers’ jobs.|
155659213|1449320024|1151450215217553409|@brianlilley Good flicks all but among my faves still The Rookie...|
155659213|1449320024|1151303441924468736|@PSPC_SPAC @RLitwiller @RoyalCanNavy @chantierdavie @MoreThanShips Cynical 11th hour election year play.  Tell Canadians what you paid to silence Admiral Norman on your failed political vendetta. It will eventually come out as surely as the 10 million plus to Khadr.|
155659213|1449320024|1151284908687540224|@stevenchase A moment of election year truth with a political crony: a billion dollar bailout conversation with  cyber security overtones.|
155659213|1449320024|1151279689161486338|@ZukxDaKid @dmrider A wonderful soul..great musician/dancer/humanist. Many happy hours late 70s/early 80s covering Johnny + Sipho performances large and small in Juluka’s heyday.|
155659213|1449320024|1151130959128997888|@CTVNews Fondly remember working in the model sandbox with Harvey Kirck at the CTV Apollo 11 anchor desk...from launch to “one giant step” and successful recovery.|
155659213|1449320024|1151128949805780993|@LarryMillerMP So many more reminders to post in barely 98 days.|
155659213|1449320024|1150546752430333955|Traditional Uzbekistan gourmet lamb/rice “blov” + BBQ with Thornhill’s Jewish Russian community.  Thanks to Rabbis Joseph + Mendel Zaltzman and master chef Arkady. https://t.co/i68eT8N7NU|
155659213|1449320024|1150502014373257216|Thanks to a terrific team of CPC volunteers walking the “wine country” streets of Thornhill Woods with me on day as warm as the welcomes at  doors. https://t.co/CY7LucvK9x|
