155659213|751149549448785924|1177638465619382272|@Reuters @GretaThunberg @NobelPrize Criteria for nomination-You must be a  good actor in media.Show your fake aggression (which obviously look so weird)Try to work on agenda of some leftists or communists Don't work, enjoy freebies..Just work on agenda against good government.|
155659213|751149549448785924|1177636975659999233|@Reuters @GretaThunberg Malala, Greta, Satyarthi ... Are few examples that now we can't trust @NobelPrize ..|
155659213|751149549448785924|1177634522197741568|So Imran Khan gave threat of Nuclear war in front of @UN And Narendra Modi gave message of Peace and Progress with climate control to the world.Such a huge difference...Shows the mentality and work culture and vision for the world..#UNGA|
155659213|751149549448785924|1177633278582386688|इमरान खान ने आज जो भाषण दिया, यहां मौका था कि कोई भी देश का प्रधान अपने देश की अच्छाइयों पर गौर करवाये दुनिया से। पर पता था इमरान को कि अच्छाई तो कुछ है ही नहीं तो बुशरा का इस्लामिक भाषण दे दिया गया।पाकिस्तान शब्द का जिक्र केवल युद्ध के लिए हुआ वहीं कश्मीर के लिए ज्यादा चिंता थी|
155659213|751149549448785924|1177594256254357504|आज UN में गूंजी हिंदी और तमिल। 🇮🇳🎉#मोदी_है_तो_मुमकिन_है|
155659213|751149549448785924|1177583499626213377|@bigbasket_com Thank you..Issue discussed and assurance given..Matter solved..|
155659213|751149549448785924|1177568765669597184|@bigbasket_com DM sent|
155659213|751149549448785924|1177568450404732935|was it because her mother was a firangi lady..." the writer says.|
155659213|751149549448785924|1177568421896044545|"It is indeed a mystery why the very candid memoir of Jahangir does not mention his mother by name. Was she not a Muslim or Hindu of noble name? Was she not a Muslim or Hindu of noble birth or status? Is it, therefore, that Jahangir glossed over her name as Maryum-ul-Zamani or|
155659213|751149549448785924|1177568280707420160|Correia also says that Emperor Jahangir's patronisation of Christianity and Jesuit missionaries were more leads which suggested that his lineage stemmed not from a Rajput queen, but a Portuguese woman.|
155659213|751149549448785924|1177567975429136384|The 81-year-old writer, also quotes historian and Aligarh Muslim University professor Shireen Moosvi as saying "there is no mention of Jodhabai in Akbarnama or in any Mughal document of the period.|
155659213|751149549448785924|1177567807019503616|the Mughals were eager to forge a strategic alliance with the Rajputs," Correia argues in his book.|
155659213|751149549448785924|1177567766317912065|"It is indeed a mystery why Mughal chroniclers: (Abd al-Qadir) Badauni and Abu'l Fazal do not mention Jahangir's mother by her name. Had Jahangir been born to a daughter of a great Rajput kingdom, surely he would want to boast the fact considering that|
155659213|751149549448785924|1177567594380816385|This is why the myth of Jodhabai was created by British and Moghul chroniclers of that era," Correia said, adding that writings of Akbar, as well as Jahangir do not acknowledge the existence of Jodhabai.|
155659213|751149549448785924|1177567565054300160|"The Portuguese and the Catholics were loath to accept that one of their own was living in a Moghul court, in a harem. On the other hand, the Moghuls could not accept that a firangi, a Christian, who fought the Moghuls right from the Crusades, was the Emperor's wife.|
155659213|751149549448785924|1177567404961878016|with her sister Juliana and subsequently offered to a young Emperor Akbar as a gift by Sultan Bahadur Shah of Gujarat in the mid-1500s.|
155659213|751149549448785924|1177567366089039873|Goa-based author Luis de Assis Correia in his book "Portuguese India and Mughal Relations 1510-1735" has claimed that Jodhabai was in fact a Portuguese woman, Dona Maria Mascarenhas, who while travelling in a Portuguese armada along the Arabian sea, could have been captured along https://t.co/rBJxba5SaZ|
155659213|751149549448785924|1177565822815916032|@bigbasket_com unable to contact you. I have an issue so want to discuss with your customer support. Toll free number which is available on internet is not working. No any contact detail is shown on your app too.|
155659213|751149549448785924|1177532993197334532|@Lovkesh_S07 @TShirtBhaiya @TajinderBagga Via https://t.co/CnmEAOVgx2|
155659213|751149549448785924|1177426875771080704|Just Copy of Indian writings.. https://t.co/ueaKzeu5Vu|
155659213|751149549448785924|1177392005464260609|बलूचिस्तान की एक दुकान के बाहर आराम फरमाती अयूब राणा।और उसने सेल्फी पोस्ट कर दी फिर।😂😂 https://t.co/MKfneSfdmX|
155659213|751149549448785924|1177297828864876544|@swamidipankar @singh007prabhat @AMISHDEVGAN गंगा भी हमारी, यमुना भी हमारी। ये वक्तव्य सिर्फ हमारी धरोहर को बांटने के लिए रचा गया था।|
155659213|751149549448785924|1177297254446583808|बधाई हो मध्यप्रदेश वालों। अब उर्दू सीख लो । https://t.co/OkGxLNUkgp|
155659213|751149549448785924|1177295703120285696|😱🤣🤣😂 https://t.co/3rmpeNDZvc|
155659213|751149549448785924|1177290768320352256|@Shimla_Mirch @vishal_vishie @RajCMO @BJP4Rajasthan @PMOIndia पियाज 😂😂🤣🤣 भाई रहने दो, तुम्हारी वजह से कहीं 59/- की बजाय 95/- न कर दे पियाज के भाव राजस्थान में।😱|
155659213|751149549448785924|1177279981103153152|@vishal_vishie @BJP4Rajasthan @PMOIndia राजस्थान में अभी फुरसत नहीं है जनता की तरफ ध्यान देने की ,सरकार के पास । अभी तो गांधी नेहरू के नाम से इवेंट करवाने हैं। स्किल डेवलपमेंट, जो केंद्र का प्रोजेक्ट है उसमें नाटक करने हैं।बहुत काम है दत्तक पुत्र को अभी। रॉबर्ट वढेरा का जमीन वाला कांड भी बाकी है अभी तो|
155659213|751149549448785924|1177209394624262144|जब इस लड़की का सच जाने बगैर वामी,कांगी और आपिये जैसे लोग इसके समर्थन में आ गए थे, हम तो उसी वक़्त समझ गए थे कि गड़बड़ है कुछ https://t.co/xUOjZ1Q6x5|
155659213|751149549448785924|1177203238124150784|Just received.. very beautiful..😍Thank you @TajinderBagga bhai ji and @TShirtBhaiya https://t.co/H6584976mH|
155659213|751149549448785924|1177169681045581825|@rameshreddy58 https://t.co/JcAZGVdYHH|
155659213|751149549448785924|1177167639921086466|@pakshit012 "मेरे करण अर्जुन आएंगे"इस मंत्र का जाप करें लाभ होगा।😎|
155659213|751149549448785924|1177164106127704064|@pakshit012 🤔|
155659213|751149549448785924|1177118993292750848|@Shimla_Mirch 😂😂😂 bio in your profile 👏👏👏✌️👍 solid one.|
155659213|751149549448785924|1176948654633971712|@DrGPradhan sir, who is that 16 years old girls Greta, who was speaking on climate like an attention seeker only.|
155659213|751149549448785924|1176947726795165696|@GretaThunberg So.. what are your plans and ideas to control climate change??Also share the details of their implementation... Will love to read that..|
155659213|751149549448785924|1176947022542168064|@RaniLaxmiBaai @michtho @anti_conversion @GretaThunberg @narendramodi @realzinfps @RealWillJanssen @RealSaavedra @nytimes @cnnbrk @ZeeNewsHindi @amnestyusa @davidfrawleyved @BreakingTUBE 🤔 https://t.co/vTgeyn0h0S|
155659213|751149549448785924|1176945148774600704|@GretaThunberg hey Greta, I wanna know about your grades in college.. pls share..Want to know about your subjects (hopefully inspired by climatic change)..|
155659213|751149549448785924|1176944457427501056|@PrisonPlanet @ppagarwal @GretaThunberg is not more than some attention seeker.. That's it. She is planted to oppose Trump actually..I can read face and eyes so I can say she is just a doll dancing on someone's music , to get some freebies and rewards and name fame like malala...??|
155659213|751149549448785924|1176942069820080129|अंकल, स्पॉन्सरशिप जैसा कोई शब्द सुना है क्या कभी मदरसे में? https://t.co/XEjY19OEYi|
155659213|751149549448785924|1176940985386823680|राजस्थान के मुफ्तखोरों ने अपना पांव कुल्हाड़ी पर दे मारा।लूट मची है हर डिपार्टमेंट में।पैसा इकट्ठा करने में लगी है मौजूद सरकार बस।गल्ला भरने को बोला है दिल्ली में बैठे इनके मालिकों ने।|
155659213|751149549448785924|1176940217854414848|@Jairam_Ramesh @Pawankhera एक पिता वो होता है जो अपने बच्चों को एक साथ जोड़कर रखने के लिए ही हर संभव प्रयास करता है।वो नहीं जो बंटवारा करता है।तुम लोगों का पता नहीं हमारे सनातन धर्म में यही पिता का कर्तव्य माना गया है।वैसे कहीं ऑफिसियल डिक्लेअर नहीं हुआ था राष्ट्रपिता का नाम।70 वर्षों में तो करना था ये।|
155659213|751149549448785924|1176935161570529280|😂😂😂😂 https://t.co/ZDQI0OthPw|
155659213|751149549448785924|1176933888255414272|हर शाख पे उल्लू बैठा है यहां तो। घोर कलयुग है। 🙄😏 इन जैसों को NRC का मतलब नहीं पता और ये लोग जनता के रिप्रेजेंटेटिव बने घूमते हैं। अरे ऐसी मूरख नहीं है जनता 😱 https://t.co/BGrCS4bFoJ|
155659213|751149549448785924|1176799620418043904|@IslamScienceNet आर्यभट्ट को पढ़ा था अल बरूनी ने, ये किताब से पता चलता है। और कुरान के हिसाब से पृथ्वी चपटी है। तो ये circumference कैसे बताया गया?|
155659213|751149549448785924|1176798302307618817|@IslamScienceNet Al-Biruni's estimate for circumference of earth (11th century CE): 24,705 milesAryabhata's estimate for circumference of earth (5th century CE): 24,835 milesActual circumference of earth as we know today: 24,902 miles|
155659213|751149549448785924|1176797309411086336|@SushantBSinha @Rajnish_Sood_ @ArvindKejriwal @ManojTiwariMP इस केजरू की बातें सुनकर तो शक होता है कि ये पढ़ा लिखा भी है या पेड़ से टपका है।NRC का मतलब ही जिसको नहीं पता वो CM बना बैठा है। 😂😂|
155659213|751149549448785924|1176794339432775681|कांग्रेस के पालतू आज अपने फैलाये झूठ के लिए रो रहे हैं।गांधी को राष्ट्रपिता सिर्फ कांग्रेस द्वारा फैलाया गया था।जैसे एक फेल हुए मुस्लिम मूल के व्यक्ति को पंडित बता दिया गया।आज सही मायने में राष्ट्रपिता मिला है देश को,जो देश जोड़ने में विश्वास रखता है न कि बंटवारे में।#HowdyModi|
155659213|751149549448785924|1176551135089315840|इस तरह की गंदगी फैलता ये व्यक्ति आपको क्या लगता है बेवकूफ है? नहीं, इस जैसे चमन अब फेमस होने के लिये यही हथकंडे अपना रहे हैं।हम लोग आक्रोशित होकर इस जैसों को कमेंट करते हैं और बस हो गए ये लोग प्रसिद्ध, क्योंकि सच्चा कर्म कर प्रसिद्ध होना बड़ा मुश्किल है।समझें। https://t.co/FCPE3BLTNY|
155659213|751149549448785924|1176534643832573952|@ShashiTharoor @narendramodi @PMOIndia वैसे ये इंदिरा किस हैसियत से घूम रही थीं? वानो ??? ये मित्रोखिन आर्काइव्ज से हैं कुछ पन्ने जिन्हें कांग्रेस ने भारत में बैन किया था। इन्टॉलरेंस? https://t.co/yjlUke9WTR|
155659213|751149549448785924|1176478747966394368|ओके , तो ये थी क्या सीरियल में 🙄🤔 अब पता चला। एक जैसी शक्ल। 😁 https://t.co/GqlDKjoO9S|
155659213|751149549448785924|1176478123681927168|और @RahulGandhi पता कर ले अपने पालतू से कि कितने मंदिर तुड़वा दिए और बंद करवा दिए गए थे।यहां साला एक चर्च की खिड़की टूट जाये तो तुम जैसे लोग नंगा नाचते हो सड़कों पर हिंदुओं को आतंकवादी बताते हुए।हरामखोर और नमकहराम का मतलब भी पूछ लेना।|
155659213|751149549448785924|1176474316587724807|@realDonaldTrump https://t.co/92d9WDpNCa|
155659213|751149549448785924|1176473695612653573|राजस्थान में सबसे बड़ी कंपनी जो आपके प्रोजेक्ट का एक हिस्सा है,जिसने 2015 से अपना बेस्ट दिया है प्रोजेक्ट को उन लोगों को हैरेस किया जा रहा है क्योंकि एक अफसर ने 2 बंदों के नाम दिए कि इनको लगाओ बाड़मेर में। अब पोस्ट खाली नहीं तो भी लगा दो।ये नियम के खिलाफ न जाना भारी पड़ गया।|
155659213|751149549448785924|1176437691702857728|राजस्थान में केंद्र सरकार के और मोदी जी के ड्रीम प्रोजेक्ट,स्किल डेवलपमेंट प्रोजेक्ट का कचरा किया हुआ है।कुछ लोग सरकार को रिश्वत दिए बगैर अच्छा कार्य करना चाहते हैं बस ,लेकिन राजस्थान सरकार अपनी मनहूसियत लेके बैठी है बच्चों के भविष्य पर,उन लोगों को हटा रही है।@HMOIndia|
155659213|751149549448785924|1176435045281730560|@Rjain_ @Gr8roomi @SNJNIG @pakshit012 @shalu604 @bindas_kudii @ajayg303 @tjain_ पार्टी तो रक्षित भाई ने ही दे दी @Love_hater02 😀|
155659213|751149549448785924|1176434841039958016|@Rjain_ @Gr8roomi @SNJNIG @pakshit012 @shalu604 @bindas_kudii @ajayg303 @tjain_ Many happy returns of the day... Happy birthday..🎉🎉 Partyyy https://t.co/yBPC0urYGZ|
155659213|751149549448785924|1176433696242466816|@GretaThunberg Our eyes are reflection of our mind and soul.Yours says you were there to only oppose @realDonaldTrump .Coz in the age of 16 I dont think you could even answer about weather and climate difference.It was not more than an agenda what you have said. Also,Next time behave properly|
155659213|751149549448785924|1176432798229385217|@vishal_vishie @Malala @realDonaldTrump https://t.co/1mAYSaEep5|
155659213|751149549448785924|1176432016029413376|@vishal_vishie @Malala True..|
155659213|751149549448785924|1176431835640782850|😂😂😂🤣🤣🤣 बरनोल मोमेंट फ़ॉर कांग्रेस। मर जायेंगे ये लोग जल कुढ़ कर ही। hahaha https://t.co/D2zpzmX6X0|
155659213|751149549448785924|1176431312250388481|इंजीनियरिंग*|
155659213|751149549448785924|1176430509569626114|अशोक गहलोत बेल पर है??? ये बात तो TV से पता चली मुझे । 😱😱मतलब इसके बारे में जो सब बातें हो रही हैं वो सही हैं??? हर डिपार्टमेंट में अपने वालों को रखने वाली बातें, सच्चे व्यक्ति को कार्य न करने देने की बातें,पैसा नहीं देने वालों को परेशान करने वाली बातें?? सच हैं???|
155659213|751149549448785924|1176429311013744640|@NSDCINDIA आपके प्रोजेक्ट में जो लोग बगैर रिश्वत दिए कार्य कर रहे हैं उनको राजस्थान सरकार द्वारा परेशान किया जा रहा है।समय रहते चेत जाइये वरना जैसे कांग्रेस ने पैसा खा कर हज़ारों इंजिनीरिंग कॉलेज खोल कर कचरा फैलाया है अब @narendramodi जी के सबसे महत्वपूर्ण प्रोजेक्ट को करेंगे|
155659213|751149549448785924|1176424261008838656|Hahahahaha... ये 2रुपये की और 5 रुपये की भरपूर भोजन की थाली वाले पता नहीं कब बुद्धि का इस्तेमाल करेंगे।@RajBabbarMP को पता नहीं शायद कि एक कहावत है- मूर्खों से बहस करने से आप ही मूरख लगोगे।समझ तो गए ही होंगे कि क्यों बियांका को जवाब देना जरूरी नहीं समझता कोई भी राष्ट्रवादी। https://t.co/v5kLLsAB9K|
155659213|751149549448785924|1176423284058902528|एक 16 वर्षीय नई नई आपटर्ड जैसी नौटंकी आयी है पर्यावरण के नाम पर अपनी फर्जी नौटंकी दिखाने।शक्ल से ये एक वामपंथी से ज्यादा कुछ नहीं लग रही। बोल ऐसे रही है कि इसी को चिंता है पर्यावरण की।ये पिज़्ज़ा बर्गर खाने वाले,ac में रहने वाले, माइक्रोवेव संस्कृति वाले फेक एजेंडा वाले हैं बस।|
155659213|751149549448785924|1176385234687758336|@bhupeshbaghel इस बच्चे के अधकचरे कांगी ज्ञान के लिए तुम लोग ही भेज देना ये आर्टिकल। https://t.co/X9guvrslU0|
155659213|751149549448785924|1176383702835744769|#presstitutes https://t.co/iksByhVQmD|
155659213|751149549448785924|1176368208808296450|@TajinderBagga भाई को जन्मदिन की बहुत सारी शुभकामनाएं...ईश्वर आपको सदैव स्वस्थ व प्रसन्न रखे।#HappyBirthdayTajinderBagga बढ़िया ट्रेंड कर Ria है। 🎉🎉😁✌️👍 https://t.co/d4ll7jRJ08|
155659213|751149549448785924|1176340965163819008|आक्रान्ता बाबर की नाजायज औलादें बोली हैं हिन्दू जयचंद केसाथ कि राम का जन्म पूरी जमीन पर नहींहो सकता,एक निश्चितस्थान बताएं।उन लोगोंसे मेरा सवाल,"तुम्हारे घर के उस हिस्से में जहांतुम्हारा जन्म हुआ उसके अलावा बाकी हिस्से को दान में देदो।"येलोग कृष्ण जन्मभूमि जैसे कब्जा करना चाहतेहैं|
155659213|751149549448785924|1176332400554475520|आज भी चाटूकार और पट्टलचाट कांग्रेसी इंडिया इस इंदिरा एंड इंदिरा इस इंडिया वाली घुट्टी पी रहे हैंऐसा है शशि थरूर जी, हमारे लिए देश एक महान संस्कृति है जिसकी तुलना हम ऐसे ही किसी से भी नहीं करते। https://t.co/pXWMFhT25g|
155659213|751149549448785924|1176213135516061696|@DrGPradhan @ManojTiwariMP @drharshvardhan is the best choice for CM post..|
155659213|751149549448785924|1176120901177237504|@sambitswaraj @indiatvnews ये शुभ्रांश नामक अधजल गगरी है कोई तभी छलकी जा रही है।इसको पता नहीं कि ट्रेड मार्किट टॉप पर है आजरिकॉर्ड तोड़ दिया है ट्रेड मार्किट ने।और ट्रम्प ट्रूम्प कैसे बोल रहा है ये बदतमीजों के जैसे। शायद कांग्रेस का है तभी तमीज नहीं है।बेरोजगारी पर बहस करनी है इसको तो हम लोगों से करे|
155659213|751149549448785924|1176120248854024193|50 हज़ार मंदिरों पर ताला लगा दिया गया था 😱 और कुछ हरामखोरों ने 4 दिन इंटेटनेट बंद होने से हाजमा बिगाड़ लिया था।|
155659213|751149549448785924|1176106925085229056|😎😏 https://t.co/f4FiRAvSRE|
155659213|751149549448785924|1176105495309869057|😁😁😂😂😂😂😂 कहाँ से लाते हैं आप कलुए की करिश्माई और अद्भुत व विलुप्त हुई फोटोज।आर्काइव बढ़िया है आपके पास। 🤣🤣हंस हंस के लगभग मर गयी थी मैं।😂😂🎉 https://t.co/uPD9VDEirR|
155659213|751149549448785924|1176104891816611841|True... 18 hrs before all nationalists,Indians were in tears of happiness n proud.. What a moment of proud it was.... our PM earned this respect for our nation... We love our PM.. and we all are with him in his every step...👍✌️👏👏 #NarendraModiji https://t.co/57Y7LmBKET|
155659213|751149549448785924|1176102267574865920|भाषा से*|
155659213|751149549448785924|1176100609587437569|@DVATW @ppagarwal She and satyarthi both were planted by ___?|
155659213|751149549448785924|1176098125271797761|गुंडागर्दी खून में है कांग्रेस के।इस व्यक्ति की भाषसे साफ है कि @INCIndia को सिर्फ गुंडागर्दी आती है।ये लोग आम जनता को परेशान ही कर सकते हैंइन लोगों की पहचान होती है-मार पीट को बढ़ावा देनारैलियों और धरनों की बात कर उनकी आड़ में दंगे करनाकोई भी सभ्य समाज का लक्षण न दिखाई देना https://t.co/LXn8vZTwRa|
155659213|751149549448785924|1176095032605999105|@ZeeNewsHindi @ashokgehlot51 @NSDCINDIA से पार्थना है कि अपने प्रोजेक्ट को पूरी तरह केंद्र का प्रोजेक्ट बनाएं।क्योंकि अगर जांच करें तो राज्यों की खामियां पाएंगे। स्किल डेवलपमेंट प्रोजेक्ट में जांच आवश्यक है वो भी बड़े अधिकारी वाले लेवल पर जो हैं उनकी।|
155659213|751149549448785924|1176094393549250560|@ZeeNewsHindi @ashokgehlot51 कितनों का कर्जमाफी हुआ? कितनों को बेरोजगारी भत्ता मिला? जिन किसानों की फसल बर्बाद हुई कितनों को मुआवजा मिला?स्किल डेवलपमेंट प्रोजेक्ट में उन लोगों से खुन्नस क्यों जो बगैर रिश्वत दिए कार्य कर रहे अलबत्ता अच्छा कार्य कर रहे हैं?|
155659213|751149549448785924|1176092982153334784|@ZeeNewsHindi @ashokgehlot51 सुलझाई कितनी ये बताओ। और जो हर डिपार्टमेंट में अपना बन्दा रख दिया है वो क्यों? क्यों सही लोगों को परेशानी हो रही है और भ्रष्टाचार करने वाले खुश हैं? स्किल डेवलपमेंट प्रोजेक्ट के साथ यही सब चल रहा है ना तोते?|
155659213|751149549448785924|1176085870400528384|नाम न बताने की शर्त पर एक व्यक्ति ने, जो NSDC के साथ मिलकर स्किल डेवलपमेंट प्रोजेक्ट चला रहे हैं उन्होंने काफी जानकारी दी। आप चाहें तो DM में सब जानकारी भेज सकते हैं। उस व्यक्ति से आपकी बात भी करवा सकते हैं।कांग्रेस बस पैसा खाने आयी है राजस्थान में।|
155659213|751149549448785924|1176085452819816448|ऐसे कार्य हो रहा है जैसे बस लूट लो जनता को, प्रोजेक्ट होल्डर्स को क्योंकि अब दुबारा आना मुश्किल है सत्ता में।हर डिपार्टमेंट में पैसा चल रहा है और उसको लीगल करने के तरीके ढूंढे जा रहे हैं। जो विरोध करे उसका कार्य अटका दो ताकि उसको नुकसान हो और वो स्वयं ही प्रोजेक्ट बंद कर दे।|
155659213|751149549448785924|1176085014145974272|ऐसा क्यों है कि हर कांग्रेसी भ्रष्ट है, क्रिमिनल है, बेल पर है।आपसे रिक्वेस्ट है कि राजस्थान में जो सरकारी दफ्तरों में खेल चल रहा है वो सामने लाएं।हर डिपार्टमेंट में सरकार ने अपना ठेकेदार लगा दिया है,अब आपका कोई भी कार्य हो उसी के पास जाना होगा नहीं तो आपका प्रोजेक्ट बंद। https://t.co/KF0pd5H0IX|
155659213|751149549448785924|1176082709048782848|इसकी असलियत के स्क्रीनशॉट लें और अपने WA ग्रुप्स FB पर ग्रुप्स में शेयर कर बताएं कि ये भेड़िया है मेमने की खाल में छुपा हुआ जिसको देश की इज्ज़त होने से भी नफरत है https://t.co/SJJwfXLlfK|
155659213|751149549448785924|1176082361924014080|Best example of "खिसियानी बिल्ली खंबा नोचे"इतनी नफरत NRIs से सिर्फ कम्युनिस्ट कर सकते हैं इसको फेमस होना है बस, मोदी विरोध करते ही देखो हज़ारों कमेंट्स आ गए और हो गया ये जलील,फेमस।सबसे रिक्वेस्ट है कि गालियां भी waste नहीं करो इन जैसों पर।इग्नोर करो और ये अपने आप सलट जाएंगे। https://t.co/de6876cCgW|
155659213|751149549448785924|1176045195055419393|@IKhanz_Tigress @saagar_anand @realDonaldTrump @narendramodi 😂😂😂🤣🤣🤣 भक्क , इनको कश्मीर चाहिए। अबे जितना मिला हमारे देश का हिस्सा ,उसको तो संभाल लो पहले। https://t.co/L4Q7fg6k8d|
155659213|751149549448785924|1176044811364655105|@realDonaldTrump 🎉👍✌️ https://t.co/oXh7JZxcel|
155659213|751149549448785924|1176003293425754112|देखने जा रहे स्वयं का भविष्य https://t.co/1Yl597uomz|
155659213|751149549448785924|1175940412822843392|@RGulechha सुप्रभात 🙏😀|
155659213|751149549448785924|1175872417467486208|Ewww knowledge ..... And @DainikBhaskar give space to this man in  newspaper.. why such characters are entertained by media?Don't play with golden history of my culture and religion..Stop giving importance to communist kind of half history.. https://t.co/ZQ0OoOf9Zn|
155659213|751149549448785924|1175846177415168000|So, it was for US elections too.. and show stopper for Trump's election rally was our PM.. 🎉✌️👍👏👏Even President of US accepted that only Modi can convey his work to people of his country. And only Modi can gather this huge crowd in any country..#myview|
155659213|751149549448785924|1175845336482402304|अच्छा भाई लोगों, शुभरात्रि। बड़ा अच्छा लगा आज अपने देश को इतनी अहमियत मिलते देख। इतनी इज्ज़त देश को सच ,सिर्फ मोदी जी की वजह से मिली है। जय हो।वंदे मातरम🙏🎉✌️#HowdyModi|
155659213|751149549448785924|1175844845300023296|@News18India 😂😂😂😂🤣🤣 इसने कहीं सुना नहीं शायद कि जिसको कोई तवज्जो नहीं देते उसको कभी कोई जवाब भी क्यों दे और फालतू अहमियत दिखाए|
155659213|751149549448785924|1175844358681006080|और मोदी जी, ट्रम्प को एक जमीन से जुड़े नेता होने का एहसास करवाने की टिप देते हुए।उन्होंने कहा कि मिलो जनता से। ऐसे नहीं जाते भाषण देकर।😁 https://t.co/sLJTwepyQr|
155659213|751149549448785924|1175843896573579264|ये देख कर पाकिस्तान और कांग्रेसियों, वामियों,देश विरोधियों की आंखें ही मर गयीं होंगीं।🙄😂😂#HowdyModi https://t.co/30SSZVSEKm|
155659213|751149549448785924|1175842384392806400|"आप सपरिवार भारत आएं और आप हमें आपका स्वागत करने का मौका दें। ये दोस्ती शेयर्ड ड्रीम्स और ब्राइट फ्यूचर को  नई ऊंचाइयां देगी।"- मोदी|
155659213|751149549448785924|1175840889362501632|@sambitswaraj जो गुजर रहा होगा बेचारे पर वो कोई कैसे बताये अब😂😂|
155659213|751149549448785924|1175840393071452161|"वो जो मुश्किलों का अम्बार है,वही तो मेरे हौसलों की मीनार है।।हम आज चुनौतियों से टकरा रहे हैं। आज भारत संभव कर के दिखा रहा है नामुमकिन को भी। और 5 ट्रिलियन इकॉनमी के लिए कमर कस ली है।" - नरेंद्र मोदी|
155659213|751149549448785924|1175839670480982016|बस अब मोदी जी एक बार बोल दें, मित्रों 😍😁|
155659213|751149549448785924|1175838439167545344|370 पर मोदी जी ने बात की। ट्रम्प के सामने।मतलब , बता दिया एक बार फिर से कि ये भारत का अंदुरुनी मामला है। और अपने देश की भलाई के लिए जो फैसला सही होगा मोदी जी वही फैसला लेंगे।✌️🎉|
155659213|751149549448785924|1175834614977314816|एक मिनट एक मिनट , हमने देखा था जी👆 वो उस तरफ की फोटो नहीं दिखा रहे आप। खाली हैं कुर्सियां 5।सब मिले हुए हैं जी। 😂😂😂 https://t.co/nqCDzSYT89|
155659213|751149549448785924|1175834154144911362|"आज भारत अधीर है, देश के विकास के लिए।आज भारत न्यू इंडिया के सपने को पूरा करने के लिए दिन रात एक कर रहा है।हम अपने आप से मुकाबला कर रहे हैं किसी दूसरे से नहीं।"-नरेंद्र मोदी|
155659213|751149549448785924|1175833142462009345|कोई रो रहा था अभी कि मोदी ने गुजराती और हिंदी वाला शो बना दिया ये।उनको मिल गया होगा थप्पड़ जब भारत की अनेकों भाषाओं से मोदी ने अपनी बात की शुरूआत की।|
155659213|751149549448785924|1175832772289499136|@vishal_vishie 😂😂😂😂✌️👍|
155659213|751149549448785924|1175829752587804673|मोदीमोदीमोदीमोदीमोदीमोदी🎉|
155659213|751149549448785924|1175829609096462336|#HowdyModi https://t.co/ss27eblgwd|
155659213|751149549448785924|1175829409720221696|"कट्टरपंथी इस्लाम के खिलाफ। इस्लामिक आतंकवाद से मिलकर लड़ेंगे"-ट्रम्पलो,पाकिस्तान को और कांग्रेस को पड़ा झन्नाटेदार तमाचा।|
155659213|751149549448785924|1175829144183001088|"वाशिंगटन में कुछ लोग हैं जो मुफ्तखोर हैं। मैं अवैध रूप से घुसे लोगों को कोई सहूलियत नहीं देना चाहता।पहला हक हमारे नागरिकों का है और जो यहां कर देते हैं, नागरिक हैं न कि जो मुफ्तखोर हैं और अवैध रूप से आये हैं।"- ट्रम्प|
155659213|751149549448785924|1175828581773004800|लो, पाकिस्तान का नाम लिए बगैर बेइज्जती कर ही दी।बॉर्डर्स की सुरक्षा करनी होगी दोनों देशों को।आतंक से लड़ना होगा मिलकर।😂😂  पाकिस्तान हैप्पी दिवाली......🎉बूम|
155659213|751149549448785924|1175828137709408257|ट्रम्प ने कहा कि वो भारत आ सकते हैं और क्या मोदी उनको बुलाएंगे भारत?  कहा कि मोदी भारत बुलाएंगे तो वो जरूर आएंगे।|
155659213|751149549448785924|1175825423034286081|डोनाल्ड ट्रम्प ने कहा कि उनको वहां उपस्थित सभी भारतीयों पर गर्व है कि वे अमेरिका के नागरिक हैं और अमेरिका की तरक्की में योगदान देते हैं।इसका अर्थ कोई ये नहीं लगाएगा कि पाकिस्तानी सिर्फ आबादी बढ़ाने और मुफ्तखोरी करने ही बसते हैं किसी भी देश में।|
155659213|751149549448785924|1175823967656935424|"2017 में डोनाल्ड ट्रंप ने मुझे अपने परिवार से मिलवाया था ।आज मुझे मौका मिला है उन्हें अपने परिवार से मिलवाने का।"ये सिर्फ नरेंद्र मोदी ही बोल सकते हैं क्योंकि उनका परिवार समस्त भारतीय हैं चाहे वो दुनिया के किसी भी हिस्से में बसे हों।#HowdyModi https://t.co/Xx68bSAWz3|
155659213|751149549448785924|1175823689838809088|"2017 में डोनाल्ड ट्रंप ने मुझे अपने परिवार से मिलवाया था ।आज मुझर मौका मिला है उन्हें अपने परिवार से मिलवाने का।"ये सिर्फ नरेंद्र मोदी ही बोल सकते हैं क्योंकि उनका परिवार समस्त भारतीय हैं चाहे वो दुनिया के किसी भी हिस्से में बसे हों।#HowdyModi|
155659213|751149549448785924|1175821890524340224|ये दोस्ती हम नहीं तोड़ेंगे। #HowdyModi @realDonaldTrump @narendramodi https://t.co/19cnm1iAQZ|
155659213|751149549448785924|1175821876708302848|#HowdyModi https://t.co/VIyCjXnyom|
155659213|751149549448785924|1175820429560139776|दोनों देशों के राष्ट्रगान गूंज रहे हैं। https://t.co/UDWxibRUKw|
155659213|751149549448785924|1175819151283146752|एक बच्चे ने फ़ोटो के लिए रिक्वेस्ट की और दोनों , ट्रम्प और मोदी जी ने रुक कर दोस्तों की तरह फ़ोटो क्लिक करवाई।|
155659213|751149549448785924|1175817461079265281|@realDonaldTrump please try to be on time always.. look at our PM..You can learn this from our PM that you should respect Time so that Time will respect you...|
155659213|751149549448785924|1175816986644729856|सुनने में आ रिया है कि ट्रम्प चचा धोती कुर्ते में हैं ........😄#HowdyModi https://t.co/7yKxQNkcwE|
155659213|751149549448785924|1175813376112357376|NRG स्टेडियम में एक तरफ करीब 6-7 कुर्सियां खाली थीं अभी 5 मिनट पहले।मुझे आउल बाबा के पिडियों पर भरोसा है कि वो जरूर उन चेयर्स की पिक्चर शेयर करेंगे।😂😂#HowdyModi|
155659213|751149549448785924|1175812322893238275|@PramodFB @abhisar_sharma Hahahaha  😂😂✌️👍|
155659213|751149549448785924|1175811646515634177|@Republic_Bharat से अनुरोध है कि आपके चैनल की साउंड सेटिंग्स शुरू से ही ठीक नहीं हैं। कर्कश सी आवाज़ हो जाती है चीखती हुई। सर दर्द हो जाता है 30 मिनट आपका चैनल लगातार देखने से।कृपया इस पर ध्यान दें।|
155659213|751149549448785924|1175805377599852545|#HowdyModi https://t.co/ft1pyham1C|
155659213|751149549448785924|1175804944294670336|पचास हज़ार लोग खड़े होकर मोदी जी के सम्मान में उनका स्वागत करते हुए। गर्व की अनुभूति है ये। इतना भव्य स्वागत हो रहा है मेरे देश के प्रधानमंत्री का। ये तो हमारे लिए कितने सम्मान की बात है।बहुत खूबसूरत पल।#HowdyModi|
155659213|751149549448785924|1175800896367681539|देख तो @ZeeNewsHindi  रहे थे। पर वहां एक कथित एनालिस्ट बैठा है कश्मीर से।जो मोदी विरोध के चलते अपनी घटिया किस्म की मानसिकता से बाहर ही नही आ पा रहा और फ़ालतू के नाटक कर रहा है।इसलिए switched to @Republic_Bharat ।|
155659213|751149549448785924|1175762351498203136|@erbmjha @kanhaiyakumar Only I can say for him - https://t.co/JvjmAzb990|
155659213|751149549448785924|1175761483231199232|@sardanarohit जी, आपको जन्मदिन की बहुत शुभकामनाएं🎉 ऐसे ही देशद्रोहियों के चेहरों पर पड़े पर्दे हटाते रहें और सच्चाई आमजन तक पोहोंचाते रहें।#HappyBirthdayRohitSardana https://t.co/wJzpUthrQS|
155659213|751149549448785924|1175667325447495680|ढोंगी बाबा की भी पोल खुली कि वो दिखावे के लिए बाबा है। पर इतनी बेवकूफ नहीं हो सकती कोई भी महिला।जब भीड़ में भी कोई घूर रहा हो तो उस महिला की नज़रों से बच नहीं सकता तो क्या कोई 1 बार हुए कुकृत्य का खुलासा न करे और 43 बार बेवकूफ बने,कैसे हो सकता है।🙄🤔कम से कम एक वकील तो नहीं।|
155659213|751149549448785924|1175665406591168512|Share your party action against criminal act done by goons in Bengal. https://t.co/Zp07LlvaWW|
155659213|751149549448785924|1175664693773361152|@PramodFB @abhisar_sharma इसको टैग तो कर दिया आपने पर सुना है ये "दल्ला अभिसार" नाम से कुख्यात है मतलब विख्यात है।और ये भी सुने रहे कि इसको आईना दिखाने वालों को DM में गालियां देकर ब्लॉक कर देता है ये।🤔|
155659213|751149549448785924|1175663292817108992|और ये हैं अधकचरा ज्ञान से वामियों और कांगियों द्वारा पाली गयीं एक फर्जी इतिहासकार,रोमिला।जिसके पास गिफ्ट मिली कारें होंगी,पर इतिहास में डब्बा गोल है।हम इस जैसियों का लिखा कचरा पढ़ रहे थे😖आज तो CBSE सही हाथों में है तब भी क्यों डेरेक की किताबें चल रही हैं https://t.co/bh2QtCMxOq|
155659213|751149549448785924|1175647114816212993|#Happydaughtersday|
155659213|751149549448785924|1175646581703364608|@vivekagnihotri @jspandey_ @narendramodi @surinderkauldr कितना सुखद क्षण होगा वो,कितनी सुखद अनुभूति हुई होगी कि जिस हक के लिए पूरी एक पीढ़ी खप गयी और दूसरी पीढ़ी कार्य कर रही हो वो हक उन्हें मिला,ये होता है न्याय दरअसल।बहुत खुश है हर भारतीय कि उन्होंने एक राष्ट्रवादी को सही वक्त पर चुना।वैसे🙄मुझे तो जेलस हो रही है इन भाईसाहब से। 😁|
155659213|751149549448785924|1175642965575790592|@rishibagree हर वर्ष अपना पूर्ण हेल्थ चेकअप जरूर करवाएं।है ना @vishal_vishie 🙂|
155659213|751149549448785924|1175630062407696386|@pakshit012 @Rjain_ @ManojTiwariMP 😁😂😂😂👍|
155659213|751149549448785924|1175629965607370753|दैनिक भास्कर कांग्रेसी मुखपत्र का दर्द छलका। बड़े लंबे चौड़े आर्टिकल में छापा है कि NRC की जरूरत नहीं है।अबे हम तैयार हैं प्रमाणित करने को कि हम भारतीय हैं तो इन लोगों को क्या परेशानी हो रही है। या मरोड़े इसलिए पड़ रहे हैं कि कांग्रेस का वोटबैंक खत्म हो जाएगा?|
155659213|751149549448785924|1175621451862306817|क्या ये मात्र संयोग है कि जितने भी मुखौटे उतरे हुए फर्जी इतिहासकार,विश्लेषक ट्विटर पर सामने आ चुके हैं,उन्ही के लेख दैनिक भास्कर में आते हैं ये समाचार पत्र नही रहा जबसे दूसरी पीढ़ी ने कुर्सी संभाली है,कांग्रेस का मुखपत्र बन चुका हैदेवदत्त पटनायक के लेख आ रहे हैं झूठे इतिहास वाले|
155659213|751149549448785924|1175618657101041664|@Rjain_ @ManojTiwariMP 😁 भाई, ये तो अपनी तरफ के फेमस हैं। अब मुझे भेजो पर रक्षित भाई की तरफ़ से। 🎉🎉🎉|
155659213|751149549448785924|1175430463696932864|Request to @SuPriyoBabul to file case against @cpimspeak party. https://t.co/iq5hjkjou9|
155659213|751149549448785924|1175429520599289858|इन जैसे गंदी नाली के कीड़ों की सफाई का कार्य चल रहा है तो तड़प रहे हैं।झूठ के पुलिंदों का खेल खत्म है अब। https://t.co/iq5hjkjou9|
155659213|751149549448785924|1175427641861525504|Aussi BBQ*|
155659213|751149549448785924|1175427273786187776|@dominos_india @dominos when will you stock up again with veg BBQ pizza . We are missing it  :(|
155659213|751149549448785924|1175389429847867393|बहुत बढ़िया। एक को मेहनत की सच्ची कमाई मिली और दूसरे को तसल्ली कि उसने 7000/- से कुछ अच्छा कार्य किया।बहुत खूब।👍 https://t.co/ZGJpQivC63|
155659213|751149549448785924|1175351258841931777|@ajayg303 सही कहा। ग्रामीण परिवेश से आई हुई रूमा देवी से ऐसी उम्मीद नहीं थी कि रामायण भी न पढ़ी न सुनी हो जबकि आये दिन गावों के इलाकों में रामलीला होना आम बात है।बचपन में कहानियां भी सुनाई जाती हैं बुजुर्गों द्वारा, TV पर भी देखा होगा।और वो भी अवार्ड प्राप्त महिला हैं ऐसे ही नहीं।|
155659213|751149549448785924|1175349732052324353|@artistrishika @narendramodi @FaisalNasym @Amitava_BJP @RatanSharda55 @RameshwarArya @shivamudgil @AankhiGM @scukke23 @SharmaShradha @Ramesh_BJP @vijayadar @NAN_DINI_ @RohiniShah73 @BjymGmail This is really so beautiful 👍👏👏👏|
155659213|751149549448785924|1175276393849995264|Hahahaha 😂😂😂😂✌️🎉 https://t.co/yzGPqBM3a0|
155659213|751149549448785924|1175275448382578688|Insomniac दीखे। इलाज कराबे को बोलो बेचारे को।स्थिति गंभीर हो जाबे नहीं तो ,Hallucination होने लगे है आगे जाके। https://t.co/kZ2vWVeX6W|
155659213|751149549448785924|1175259114642915329|IBPS के एग्जाम होते हैं तो फ़ीस जनरल केटेगरी से 1000/- रुपए ली जाती है चाहे महिला अभ्यर्थी हो या पुरुष।एग्जाम का फॉर्म अगर 1 लाख लोग भी भरते हैं जो कि होता है आंकड़ा।कैलकुलेट करो कितना कमा लिया गया है पहले ही सिर्फ जनरल कैटेगरी से।ज्यादा अंतर नहीं है फीस का रिजर्व्ड कैटेगिरी में|
155659213|751149549448785924|1175257381627777026|@Airtel_Presence you hire such employees? So much hatred towards our nationalists. These kind of people with half knowledge are real danger.And people look that zeeshan is lawyer ..What a shame for our law institution. https://t.co/HTbOq2Kbxv|
155659213|751149549448785924|1175255707974656000|@PJkanojia पढ़ ले, और हो सके तो कभी सच बोलना सीख ले,शायद माता पिता यही चाहते हों। अपने देश पर और संस्कृति पर गर्व करना आना चाहिए वरना देश भी इज्ज़त देना बंद कर देगा। https://t.co/RcjYciB45J|
155659213|751149549448785924|1175254988190142465|@PJkanojia Gandhi - "love for british empire". https://t.co/Ssaj8cITvP|
155659213|751149549448785924|1175122390281412608|@amitmalviya West Bengal is the biggest failure of central government... This is not just my view.|
155659213|751149549448785924|1175054818512998400|@ShilpiSinghINC MP कांग्रेस आईटी सेल प्रमुख, एक इंजीनियर के साथ हनी ट्रैपिंग मामले में 3 करोड़ की फिरौती मांगने पर गिरफ्तार।उसका पति व 4 अन्य युवतियां भी गिरोह में शामिल, एक पत्रकार का भी नाम।|
155659213|751149549448785924|1175042780906672128|😧😖 अब तो बारिश बंद करो प्रभु 🙏 https://t.co/NFBhXtxmpL|
155659213|751149549448785924|1175000193588064256|@RajCMO क्या माता के नाम से मूल निवासी प्रमाण पत्र नहीं बनाना चाहिए? जब सनातन धर्म में पुत्र अपनी माता के नाम से जाना जा सकता है तो ये कुछ कागज़ पर क्यों माता का नाम नहीं हो सकता?जब बच्चे का जन्म प्रमाणपत्र उसी जगह का है जहां माता का जन्म हुआ तब भी क्यों इतना कॉम्प्लिकेटेड है सब?|
155659213|751149549448785924|1174767921064640512|लेहरू जी के पास प्रधानमंत्री होते हुए भी कितना वक़्त रहा होगा कि सूटकेस भर भर के चिट्ठियां लिखी गईं थीं। https://t.co/nKqMx17XCb|
155659213|751149549448785924|1174766894777163776|Hahahahaha... मार्किट में नया नाटक आएला है। बोले तो अय्याशियों को भाई बहिन के पवित्र नाम से बोल के निकल लो।और फिर इस जैसे लोग स्वयं को पढ़ा लिखा बताते हैं।भगवान बचाये ऐसे अधकचरे से देश को। कहीं नौकरी भी लगा तो बर्बादी लाएगा ये🙄 https://t.co/NFRbzsaIsy|
155659213|751149549448785924|1174764620684259328|@Face_Truth_once @JhaSanjay मि. डांसर झा 😂😂😂|
155659213|751149549448785924|1174763734792716288|@Sunitagupta__ @champ4561 ये @anjanaomkashyap और @aajtak का स्टाइल है।|
155659213|751149549448785924|1174704336615559168|Waiting for the grand event of #HowdyModi  🎉✌️India will shine and world is going to watch that glitter..🇮🇳|
155659213|751149549448785924|1174669565168513024|@SudarshanNewsTV आरक्षण वाले हैं। बेहतर होगा आरक्षण को सरकारी सेवाओं से खत्म कर दिया जाए। सुदर्शन चैनल से एक निवेदन है , बीकानेर ,राजस्थान जाएं।वहां सबसे बड़ा सरकारी अस्पताल है PBM वहां आज हालात हैं कि आरक्षण वाले डॉक्टर हैं और जनरल वाले जॉब छोड़ रहे इन लोगों की वजह से। आप लोग पड़ताल करें|
155659213|751149549448785924|1174668703733968896|@igrangekanpur @SudarshanNewsTV @narendramodi @myogiadityanath @etawahpolice @dgpup @adgzonekanpur @CMOfficeUP @HomeDepttUP @UPGovt @Uppolice @Anupchandra_IAS क्या कार्यवाही की गई है कृपया अवगत कराएं।|
155659213|751149549448785924|1174382499117449216|@ravibhadoria Thankyou  उन लोगों को जो शेयर किए रहे।मुझे तो ब्लॉक कर दिया था निकम्मी ने। इतना ही तो कहा था कि फ़ोटो मत लगाया कर बच्चे डर जाते हैं।बताओ गलत कहा क्या🙄एंटरटेनमेंट की दुश्मन है सच में ये संजुक्ता बासु।|
155659213|751149549448785924|1174345924870459392|@vinodsharma1834 @DainikBhaskar को युहीं तो कांग्रेस का मुखपत्र नहीं कहा जाता राजस्थान में। सभी लोग यही कहते हैं और इसको इतना भरोसा है कि बिकना बंद न हो जाये इसलिए पूरे वर्ष भर कोई कूपन वाली स्कीमें निकालता है ये स्वघोषित समाचार पत्र।|
155659213|751149549448785924|1174337641430470656|कुछ कव्वे कांग्रेस के श्राद्ध की खीर पूड़ी खा कर ही उड़ेंगे। 🙄🤔✌️ https://t.co/Rw7s8H5WyC|
155659213|751149549448785924|1174337003124490240|पैग़म्बर नहीं वो स्वयं प्रभु ही थे। विष्णु भगवान ही स्वयं आये थे श्री राम के रूप में । https://t.co/cvjffmoKas|
155659213|751149549448785924|1174267059011837954|@ZeeNewsHindi @asadowaisi क्योंकि अदालत सच का साथ देगी, आतंक का नहीं।|
155659213|751149549448785924|1174263326274195457|सच कड़वा ही होता है वैसे https://t.co/18f7HRwZ8N|
155659213|751149549448785924|1174262312435376130|एक जानकार(एक्सपोर्ट बिज़नेस)का कॉल था,मंदी का सुना तो कॉल किया कि बहुत मंदी है।मैं-सब्जियों के, दालों के भाव?वो-भाव तो कम ही हैं🙄मैं-कहां है मंदी?वैश्विक बाजार में मंदी आयी है पर हमारे यहां स्थित संभली हुई है क्योंकि मूलभूत सुविधाओं के दाम नहीं बढ़े।वो-ये तो सही बात कही।|
155659213|751149549448785924|1174242863443587072|Hahahaha, तेरे दिमाग से ही तो compare किया था पवित्र मान रहा है तू भी गोबर को।पर तूने मज़ाक ही माना अपने दिमाग को।Hahahaha @TajinderBagga भाई ✌️😁🎉 https://t.co/4lvR49Dda9|
155659213|751149549448785924|1174229860790784000|@Rjain_ हां रक्षित भाई,अब तो मेंढक मेंढकी का तलाक भी करवा दिया लोगों ने😂😂|
155659213|751149549448785924|1173998686784720896|@narendramodi VVS very very special.. 😁✌️👍|
155659213|751149549448785924|1173983231818944513|जयपुर, राजस्थान में तूफ़ान जैसे हालात। तेज हवाओं के साथ तेज बारिश।|
155659213|751149549448785924|1173980062669885440|@priyankagandhi तुझे कब से GDP के लाने वोट दिया था कभी भी किसी भी 1 बंदे ने बता? हमने जिसको चुना है उसको कांग्रेस के अत्याचारों से देश को बचाने के लाने चुना है। तुम लोग तो हिंदुओं से नफरत करते आये और मुसलमानों को भी बस वोट बैंक बना कर रखा। अब तू यहां बकर करना छोड़,संभाल अपने बेल छुट्टों को।|
155659213|751149549448785924|1173941044653641728|@ravibhadoria 😁😁😁✌️👍|
155659213|751149549448785924|1173901127160451074|ओ तेरी, तूने रिमाइंडर लगाया मेरे देश के प्रधानमंत्री के जन्मदिन का। है ना??😂😂✌️ इतना ख़ौफ़ 😂😂चल रिटर्न गिफ्ट भेज देंगे तुझे।खास तुम लोगों के लिए ही तैयार करवाया है। https://t.co/qfthyoseXV https://t.co/SbRl3q42Hf|
155659213|751149549448785924|1173900332423761921|😂😂😂😂😂😂 https://t.co/bYVioL45W3|
155659213|751149549448785924|1173810790689722369|"ये रिटर्न गिफ्ट्स तैयार हैं जलकुकड़े जितने भी लोग जो देश और देशवासियों के अच्छा कुछ होने का विरोध करते हैं उनको भेज देना।"खास जन्मदिन के अवसर पर रिटर्न गिफ्ट तैयार करवाये गए।ये सब सुनते ही विपक्षी खेमे में दर्द के अहसासों की लहर।#HappyBdayPMModi https://t.co/QKd5s0asNX|
155659213|751149549448785924|1173809568960266240|आदरणीय नरेंद्र मोदी जी को जन्मदिवस की बहुत सारी शुभकामनाएं।🙏🎉ईश्वर का धन्यवाद है कि आप जैसे राष्ट्रवादी और दूरदर्शी व्यक्तित्व के धनी को इस देश की बागडोर संभालने के लिए इस दुनिया में भेजा।धन्य हो गया भारतवर्ष।ईश्वर आपको सदैव स्वस्थ रखे आप दीर्घायु हों।#HappyBdayPMModi https://t.co/71K5Rs3eIZ|
155659213|751149549448785924|1173669116302872576|हम तो जन्मदिन की बधाई हिंदुस्तानी सभ्यता के हिसाब से भोर की पहली किरन के साथ देंगे माननीय प्रधानमंत्री नरेंद्र मोदी जी को।🙂|
155659213|751149549448785924|1173661782587502592|@TajinderBagga @RiaRevealed @Flipkart This is called Ria Revealed actually 😂😂😂😂😂|
155659213|751149549448785924|1173661575363715072|Hahahahaha... ✌️ https://t.co/4G1kr3W0rL|
155659213|751149549448785924|1173657879515033600|😂😂😂😂😂✌️🎉👍 https://t.co/jhSpqL26fa|
155659213|751149549448785924|1173523617214128128|@TajinderBagga @ravibhadoria भाई, आपके नाम के सहारे ही लोगों को पता चला कि ये कोई नाम की पड़ी हुई है अपने देश में।तभी टैग करती है क्योंकि इसके पप्पू मूत्र वाले भाई इसकी चमन पोस्ट पर 300 लाइक्स देते हैं जबकि आपको टैग करके देखो 4000 लोगों को इसके अस्तित्व का पता चला।|
155659213|751149549448785924|1173521126430916610|Welcome to the family.. 😬😧😂✌️ https://t.co/698rYz91m1|
155659213|751149549448785924|1173510454678716417|@mehulmaru07 असली पनौती कांग्रेस थी देश पर।स्वयं को ही देख लोपहले क्या थे,कांग्रेस का साया पड़ा, राहुल से एक बार ऐसे मिला कि उसकी मनहूसियत से आज कुछ भी नहीं ।दरअसल तुम जैसे ही बदनाम करते हैं हिंदुओं को|
155659213|751149549448785924|1173509682658336769|@mehulmaru07 उर्मिला मातोंडकर ने कांग्रेस ये बोल के छोड़ी कि जिन लोगों के गलत आचरण की शिकायत की थी उन्ही को बड़े पद दे दिए गए।पहले प्रियंका चतुर्वेदी जी ने भी यही शिकायत की थी।IT सेल में भी ऐसी ही कुछ शिकायत आयी थी।बबली की रैली में उसको भी नहीं छोड़ाबड़ी इज्जत करती है कांग्रेस महिलाओं की।|
155659213|751149549448785924|1173508737367064576|@mehulmaru07 ये तो न्यायालय में है मामला..वो आउल बाबा वाला एक कोई केस था,उसका सुना है रफा दफा करवाया गया,परिवार भी लापता हो गया था फिर ?वो कोई सुकन्या देवी केस ?|
155659213|751149549448785924|1173507915937800192|@mehulmaru07 अक्ल के दुश्मन तभी पड़े हैं हारे हुए।बिन पेंदे के लोटे पहले कांग्रेस के थे,फिर गालियां दीं और अलग पार्टी बनाई,औंधे मुंह पड़े तो फिर थूक के चाटने की अपनी कला को दिखाया।पढ़ लो पहले। वैसे ऑटो सेक्टर में मंदी है तो क्यों नहीं 10 लाख की कार 6 लाख में बेच रहे ? https://t.co/JMWitP0ZqR|
155659213|751149549448785924|1173506056154009601|@mehulmaru07 @dhruv_rathee @GouravVallabh Hahahaha... जब कोई ध्रुव राठी जैसे को टैग करने लगे तो समझ जाओ कितना जहर भरा है उसके अंदर हिंदुओं और देश के प्रति।|
155659213|751149549448785924|1173485381104222208|@abhishukla_2020 मजे मार रहे हैं पहले से ही रईस लोग। टीना डाबी एक बड़ा उदाहरण है । जिसने आरक्षण का फायदा लिया था IAS परीक्षा में जबकि सम्पन्न परिवार से है वो ।|
155659213|751149549448785924|1173484857403424768|कभी वक़्त निकाल कर पढ़ें वो सच्चाई जो शायद पूरी तरह बताई ही नहीं जाती।20 अक्टूबर 1947 को कैसे युद्ध हुआ शुरू और कैसे भारतीय सेना को देर से भेजा गया कश्मीर।तब तक रोके रखा दुश्मनों को ब्रिगेडियर राजेंद्र सिंह ने अपने दम पर। https://t.co/VL2jCEpAJ3|
155659213|751149549448785924|1173484200424427520|@HMOIndia https://t.co/VL2jCEpAJ3|
155659213|751149549448785924|1173484043117056001|शहीद ब्रिगेडियर राजेन्द्र सिंह जी के पराक्रम को क्या हमने सही आंका?महावीर चक्र मिला था उन्हें,जबकि हकदार थे वो परमवीर चक्र के।इस रैंक का व्यक्ति स्वयं युद्ध लड़ने पहुंचा अपने कुछ सैनिकों के साथ और कश्मीर में घुसने नहीं दिया हज़ारों पाकिस्तानी सैनिकों को पठानों के साथ कब्जा करने|
155659213|751149549448785924|1173482386484383744|जन्मदिन की बहुत शुभकामनाएं एवं शुभाशीष विवान को। https://t.co/qA1rDrDwYX https://t.co/qmy3eDrCpA|
155659213|751149549448785924|1173481212196741122|@ajayg303 🙄|
155659213|751149549448785924|1173476596772040704|@ippatel सर, आप कृपया बतायें ये सही है क्या? मैंने इंटरनेट पर रूल 139 के बारे में पढ़ा पर सही है या नहीं ये आप बता सकते हैं।|
155659213|751149549448785924|1173476293435781121|मोटर व्हीकल एक्ट के अंतर्गत हो रहे दस्तावेज संबंधित चालान से बचना हो तो पढ़िए-रूल 139 के अंतर्गत आपको सभी दस्तावेज पेश करने के लिए 15 दिनों का समय मिलता है अगर आपके पास जरूरी कागजात न हों तो।लेकिन जब पेश करें तो कागजों पर तारीख ,चालान कटने की तारीख से पहले की होनी चाहिए।|
155659213|751149549448785924|1173408961527074820|@PetaIndia https://t.co/zp1pNaABRB|
