155659213|2913830408|1188703904982171648|I congratulate President Trump on the successful operation in the fight against terror. This would  undoubtedly cause a set back to the ISIS group and  help make the world a safer place. https://t.co/trI0KNZ56o|
155659213|2913830408|1188498585328869376|#Diwaliwishes https://t.co/9WaXWYwgh0|
155659213|2913830408|1188063629087653888|Today I look back on the day that democracy in Sri Lanka faced its biggest threat. I thank everybody who fought to save their country from anarchy. It was not my fight but our fight and together we prevailed. I salute the people of Sri lanka. May you be ever strong. https://t.co/Bz3K3oZrCv|
155659213|2913830408|1182351014583848960|The inaugural rally of the New Democratic Front today demonstrated the strength of our party and the success of our party's  development programme during the last four years and the confidence placed in the party to govern in the future https://t.co/7s66AeKLQN|
155659213|2913830408|1177271306036731905|On my recommendation, the UNP Working Committee unanimously nominated Sajith Premadasa as the Presidential candidate. We will unitedly move forward to ensure our victory which will further strengthen our party's commitment to democracy and the development of Sri Lanka.|
155659213|2913830408|1177271186096443392|මාගේ නිර්දේශය මත එක්සත් ජාතික පක්ෂයේ කෘත්‍යාධීකාරී මණ්ඩලය ඒකමතිකව සජිත් ප්‍රේමදාස මහතාව ජනාධිපති අපේක්ෂකයා ලෙස නම් කරනු ලැබුවා. ප්‍රජාතන්ත්‍රවාදය සහ ශ්‍රී ලංකාවේ සංවර්ධනය කෙරෙහි අපගේ පක්ෂයේ කැපවීම තවදුරටත් ශක්තිමත් කරමින් අපගේ ජයග්‍රහණය සහතික කිරීමට අප සැම එකමුතුව ඉදිරියට යමු.|
155659213|2913830408|1176165701632974849|https://t.co/9ZmoMXuaUN|
155659213|2913830408|1173974788609470465|Birthday wishes to @narendramodi. May you have many more years filled with sound health and happiness.|
155659213|2913830408|1173486042512539650|மோசடி மற்றும் ஊழலை விசாரிக்கும் ஜனாதிபதி ஆணைக்குழு முன்னிலையில் இன்று காலை நான் சாட்சியமளித்தேன். பிரதமர் என்ற வகையில் நான் முன்னிலையான இரண்டாவது சுயாதீன ஆணைக்குழுவாக இது உள்ளது. நாம் தொடர்ந்தும் பொறுப்புக் கூறலை உறுதி செய்வோம்.|
155659213|2913830408|1173485617789001729|I provided evidence at the Presidential Commission of Inquiry (PCOI) investigating fraud and corruption this morning.This is the second independent commission that I have appeared before in my official capacity as Prime Minister. We will continue to ensure accountability.|
155659213|2913830408|1173485386557009920|වංචා සහ දූෂණ පිළිබඳ ජනාධිපති විමර්ශන කොමිෂන් සභාව (පීසීඕඅයි) හමුවේ මා අද පෙරවරුවේ සාක්ෂි ලබා දුන්නා.අග්‍රාමාත්‍යවරයා ලෙස නිල වශයෙන් මා පෙනී සිටි, දෙවන ස්වාධීන කොමිසම මෙයයි.අප තවදුරටත් වගවීම සහතික කරන්නෙමු.|
155659213|2913830408|1172912407351635968|අඩු ආදායම්ලාභී ජනතාවට අප ලබාදුන් තවත් එක් පොරොන්දුවක් යථාර්තයක් බවට පත් කරමින් තවත් නිවාස 3300 ක් ජනතා අයිතියට පත්කිරීම අප ආණ්ඩුව ලැබූ විශාල ජයග්‍රහණයකි. https://t.co/5gW7RzP1lq|
155659213|2913830408|1172815035531485185|කොළඹ මහනගරයක් බවට පත්කිරීමේ අපගේ දැවැන්ත සංවර්ධන සැලසුමෙහි ආරම්භක පියවර වන්නේ අඩු ආදායම්ලාභීන්ට තමන්ගේ පැල්පත වෙනුවට මහල් නිවසක හිමිකාරිත්වය ලබාදීමයි. https://t.co/Q8mYg8Vlvb|
155659213|2913830408|1171995484778586112|Meeting His Holiness Dr Syedna Mufaddal Saifuddin, the head of the Dawoodi Bohra community, I thanked him for organizing the Global Conference of Bohras in Sri Lanka. https://t.co/6fYg7eZMLJ|
155659213|2913830408|1171678139589808128|It is heartening to note the sound progress we have been able to make in terms of implementing multiple initiatives to rebuild infrastructure and livelihoods as a part of our development programs in Jaffna. https://t.co/zoGtHcuLuC|
155659213|2913830408|1169528372441034752|Completed my official visit to the Maldives on the invitation of Maldivian President @ibusolih and chaired the 4th edition of the Indian Ocean Conference on September 3rd and 4th. https://t.co/RwTLar6Pvj|
155659213|2913830408|1169200411875692545|Speaking on the occasion, President of the Maldives, @ibusolih thanked Sri Lanka for its unwavering support for the development of health, education, youth and sports in the Maldives. I look forward to continuing the development of the ties between our two nations.|
155659213|2913830408|1169199859196407808|At the Maldives President's House, I pointed out how we could strengthen the economy of Sri Lanka and the Maldives by utilizing the location of a shipping center and how we should work together to tackle global terrorism and drug trafficking, which is a common threat to all. https://t.co/lYZCydoMWs|
155659213|2913830408|1168818821051953153|My delegation and I arrived in the Maldives to attend the Indian Ocean Summit which will be held on September 3rd and 4th under my chairmanship.  We were greeted by Maldive's Foreign Minister, @abdulla_shahid I thank him for this warm welcome. https://t.co/qkIa80ATSH|
155659213|2913830408|1167112560190951424|I met The Archbishop of Canterbury, His Excellency, Justin Welby, and his delegation today at Temple Trees for an official visit. https://t.co/wjs472ZDIV|
155659213|2913830408|1166598789290807296|https://t.co/gmgy141Nfi|
155659213|2913830408|1166544692781051905|Interpol's General Secretary Jurgen Stock and his delegation met me at Temple Trees. At this discussion, I emphasized the need for the entire international community to work together to meet the potential global security challenges of the future. https://t.co/iVZnuFxVjc|
155659213|2913830408|1165884686125752320|https://t.co/D1daSqoDbn|
155659213|2913830408|1164062472443191296|https://t.co/KkuUEyNVuH|
155659213|2913830408|1163115874313654272|Congratulations to Dimuth and the Sri Lanka Cricket team for an outstanding performance against New Zealand. Wishing our Lions the very best for the upcoming matches.|
155659213|2913830408|1162959267441233920|I participated in the inauguration of the vehicle assembly plant of Mahendra Ideal Lanka (Pvt) Ltd, built at Welipenna, Matugama. Over the next two years we will see the results of our government's efforts to build industries and boost the economy of the country. https://t.co/0yBAVmSGQp|
155659213|2913830408|1162609085029609473|We have implemented the project to build 10000 houses for the displaced in the North of which 6250 houses have been completed from January to date. https://t.co/kKKEG8HX16|
155659213|2913830408|1162218053427331072|When I visited Jaffna Nallur Kovil, I had a discussion with the Hindu clergy led by the Chief Prelate of Nallur Aadheenam. I emphasized that the Religious Council is entrusted with the task of eradicating the current misunderstandings among the various religions https://t.co/1B0fAcNwmD|
155659213|2913830408|1160615554748747776|https://t.co/fkk6vqtxIu|
155659213|2913830408|1159140669182504960|Maithree and I were saddened by the sudden demise of Smt. ⁦@SushmaSwaraj⁩. She was a good friend of ours. She played a valuable role as the Min. of External Affairs in ⁦Modi's Govt as well as the Leader of the Oppn. in the Lok Sabha. Her death is a loss to all of us.|
155659213|2913830408|1158680533876060160|I understand Ladakh will finally become a Union Territory. With over 70% Buddhist it will be the first Indian state with a Buddhist majority. The creation of Ladakh and the consequential restructuring are India's internal matters. I have visited Ladakh and it is worth a visit.|
155659213|2913830408|1158289696209944576|Three newly built Auditorium Buildings in Kataragama, Badalkumbura and Siyambalanduwa Divisional Secretariats in Moneragala District were opened to the public last weekend. Also, I participated in an event granting compensation  for the farmers who lost their crops in Moneragala. https://t.co/pfLjNyD96c|
155659213|2913830408|1154993243882307584|Participated in the inauguration of the 'Nila Mandura' complex of the Ministry of Home Affairs in Narahenpita. During the last few years our govt. has been able to strengthen the district &amp; local administration of the country to enable our people to obtain more efficient services https://t.co/olVE2y6zw7|
155659213|2913830408|1154368199447777281|ඊයේ දින මහනුවර ශ්‍රී දළදා මාලිගාව වෙත ගිය මා ආගමික වතාවත් සදහා  සහභාගී වීමෙන් පසුව මල්වතු මහා විහාරයට පැමිණ, මල්වතු පාර්ශවයේ මහනායක තිබ්බටුවාවේ ශ්‍රී සිද්ධාර්ථ සුමංගල නාහිමි බැහැදැක මෙවර ඇසල පෙරහැර ආරක්ෂක තත්වය පිළිබඳ උන්වහන්සේ සමග සාකච්ඡා කරනු ලැබුවා https://t.co/2LUKg39DH9|
155659213|2913830408|1154275651815235586|Participated in the opening ceremony of the Vegetable &amp; Fruit Processing Center at Nachchaduwa, Anuradhapura. Our govt. is working to modernize the local agriculture sector to increase agricultural production, reduce waste and increase income through the use of new technology https://t.co/Whlsq6R3ET|
155659213|2913830408|1153700874142830593|පාදුක්ක නාගරික ක්‍රීඩාංගනය සහ හංවැල්ල සතිපොළ විවෘත කිරීම, මිරිස්වත්ත මුණ්ඩිගල ආරණ්‍ය සේනාසන ප්‍රවේශ මාර්ගය විවෘත⁣ කිරීම සහ අවිස්සාවේල්ල පොදු වෙළෙඳ සංකීර්ණයට මුල්ගල තැබීමේ අවස්ථාවන්ට මා අද දින සහභාගීවනු ලැබුවා. https://t.co/b76gR3kNDj|
155659213|2913830408|1153661750614491136|Congratulations @BorisJohnson on becoming the Prime Minister of the United Kingdom. Well wishes from Sri Lanka and we look forward to further strengthening our relationship with UK under your leadership.|
155659213|2913830408|1153249819185557504|I have requested for the intelligence units to be restructured. All those alive who were involved in the Easter attack have been arrested within the first 2 months. The AG would start legal proceeding shortly.We appreciate the services of the police and tri forces.|
155659213|2913830408|1152980947765276674|Participated in the initiation of several new development projects &amp; the inauguration of completed projects in Panduwasnuwara including the Hettipola weekly fair, the new two storied building for Koswatta Muslim Maha Vidyalaya, &amp; the commencement of 2 road development projects https://t.co/nUaLPs9dVK|
155659213|2913830408|1152961806966513664|It has been 3 months since the Easter attack.All victims have been compensated.Places of worship have been rebuilt. Fund for orphans have been setup.We are working on getting the economy and tourism back on track.United we shall prevail.|
155659213|2913830408|1152201421997137921|මොණරාගල මා කළ සංචාරයකදී උසස්පෙළ හදාරන දුලාංජලී දිසානායක සිසුවිය සිය අධ්‍යාපන කටයුතු සඳහා ශිෂ්‍යාධාරයක් ලබාදෙන ලෙස මාගෙන් කළ ඉල්ලීමට ප්‍රතිචාරයක් ලෙස අජිත ද කොස්තා මහතාගේ අනුග්‍රාහකත්වයෙන් මෙම ශිෂ්‍යාව වෙත ශිෂ්‍යාධාර ලබාදීමේ වැඩපිළිවෙලක් ක්‍රියාත්මක කිරීමට අප පියවර ගනු ලැබුවා. https://t.co/91bmTexJSl|
155659213|2913830408|1152166969342251009|Met with @WorldBank Vice President @HartwigSchafer &amp; his team. They agreed to have a donor meeting in Colombo to help us to overcome the economic consequences of the Easter attack This will happen in early August. This is good news.|
155659213|2913830408|1152154793105743872|Participated in the inauguration of the "Shilpa Sena" exhibition organized by the Ministry of Science, Technology &amp; Research. We are working towards making #SriLanka an even better country in the global space by incorporating modern knowledge &amp; tech into the education sector https://t.co/AV1KXZ4IT8|
155659213|2913830408|1151174278831923200|Congratulations Tharjini Sivalingam #NWC2019 https://t.co/Opdma8rWTL|
155659213|2913830408|1151077294829690885|පසුගිය 13 වන දින කතරගම පුදබිම වෙත ගිය මා, පළමුව කිරිවෙහෙර රජමහා විහාරස්ථානය වෙත පැමිණ විහාරාධිපති හිමි ප්‍රමුඛ මහා සංඝරත්නය බැහැදැක ආගමික වතාවත්වල නිරතවූවා. ඉන්පසු කතරගම දේවාලය වෙත පැමිණ පුද පූජා පවත්වා ආශිර්වාද ලබාගැනීමෙන් අනතුරුව, කතරගම ඇසල පෙරහැර මංගල්‍යය නැරඹීමටද එක්වුණා. https://t.co/LjwGTnZlU0|
155659213|2913830408|1150754135009943554|Congratulations to England on their victory. It was champagne cricket at Lord's with England's first @cricketworldcup win. An outstanding performance by New Zealand.|
155659213|2913830408|1150276977271508992|Let's be proud  We are the No 1 island again. Together we can, well done Sri Lanka. https://t.co/1jUBaHX88i|
155659213|2913830408|1150049217500463106|Met the family of Udaya Predeep Kumara who was shot and killed in Akmeemana trying to enter the school where his daughter was studying. Education Ministry will take care of the students schooling and the mother would be provided with a job to support them. https://t.co/W3kWuNj9YL|
155659213|2913830408|1148966868813615105|My office has received a response from the CCC in respect of the MCC and SOFA, and acknowledgment of transparency. I appreciate their concern of misinformation and look forward to working together to ensure that citizens take their decisions based on facts, not false propaganda|
155659213|2913830408|1148243088726470657|I have requested the Secretary to the Prime Minister to reply to the Ceylon Chamber of Commerce request for transparency with regard to the MCC and SOFA agreements https://t.co/qfgf3Yg8AA|
155659213|2913830408|1148207605803827200|Participated in the Ampara District land deeds granting program as a part of the National Program put to action by our government to grant one million land deeds. https://t.co/Ax6YqOgmv1|
155659213|2913830408|1147865679254695936|අප ආණ්ඩුවේ සැලැස්මකට අනුව අම්පාර උහන ප්‍රදේශයේ අලුතින් ඉදිකිරීමට නියමිත කෘෂි අධි කලාපයේ ඉදිකිරීම් කටයුතු සදහා මුල්ගල තැබීමේ අවස්ථාවට මා අද පෙරවරුවේදී සහභාගීවූ අතර ඉදිරි වසර කිහිපය තුලදී මේ තුලින් රැකියා විරහිත වූවන් 5000 කට පමණ රැකියා ලබාදීමට අප කටයුතු කරනවා. https://t.co/8JaaaapGFH|
155659213|2913830408|1147120441280147456|Attended the opening ceremony of a local branch of the University of Technology based in Sydney, Australia last afternoon. https://t.co/fvchEc2egt|
155659213|2913830408|1147078701588332544|Attended the National Ceremony held at the National Academy of Education in Peradeniya yesterday to mark the opening of 250 national schools built under Phase II of our government's “Nearest School - Best School” program. https://t.co/ArBC7gxbC6|
155659213|2913830408|1146347418335637504|Despite the #EasterAttacksLK #Lka still remains as ' @lonelyplanet Top Destination' . Compliment to the resilience of our people. Govt is taking all measures to enable tourists to return to #Lka. Thank you Caterina Hrysomallis for the feature 'Why I won't Give Up on Sri Lanka".|
155659213|2913830408|1146091318176821251|I met Isuru Nakandala who won Google's "World's Youngest Research Environmentalist". This young boy is an example of the need to encourage the pursuit of advanced learning. Look forward to reading his article, "Horagolla National Park and the beauty of the animals we meet there" https://t.co/Im1BPbeeSn|
155659213|2913830408|1145594481648922624|Met with the Foreign Ambassadors regarding the President's decision to implement the death penalty.They have expressed their concerns over this development. https://t.co/gDQCgj2h0U|
155659213|2913830408|1145344774062399491|මොණරාගල ඔබ්බේගොඩ විද්‍යාලයේ, දැලිව මහා විද්‍යාලයේ සහ තණමල්විල ජාතික පාසලේ නව ගොඩනැගිලි, තණමල්විල යොවුන් සේනාංක මධ්‍යස්ථානය, කතරගම වෙළෙඳ සංකීර්ණය, මාරිඅරාව ජල යෝජනා ක්‍රමය ඇතුලු අප ආණ්ඩුව විසින් ක්‍රියාවට නංවන ලද සංවර්ධන ව්‍යාපෘතීන් කිහිපයක් අද දිනයේදී ජනතා අයිතියට පත්කරනු ලැබුවා. https://t.co/uWo1IkXzFI|
155659213|2913830408|1145298452152225793|Participated in the opening ceremony of the new two storied building of the Obbegoda Maha Vidyalaya in Moneragala built by our government, this morning https://t.co/xW5pRXdieK|
155659213|2913830408|1144304387830906880|Participated in a program to issue home ownership certificates for the displaced persons at Vivekananda College, Trincomalee this afternoon where 600 internally displaced families were given title deeds. https://t.co/bJUahybo3G|
155659213|2913830408|1144289742516830208|This afternoon I attended the opening ceremonies of several development projects for the Northern and Eastern Provinces https://t.co/55GLqSw8rX|
155659213|2913830408|1144198690220859392|Inauguration of the new super luxury buses purchased by the Sri Lanka Transport Board with the objective of providing a quality transport service to the public https://t.co/eF5JQ62XxM|
155659213|2913830408|1144102245769723904|ඊයේ පස්වරුවේ අරලියගහ මන්දිරයේදී පැවැති ශ්‍රී ලාංකේය භික්‍ෂුන් වහන්සේලා වෙනුවෙන් ක්‍රියාත්මක කරන "බුදු පුත් සුරක්‍ෂා" රක්‍ෂණ ක්‍රමය හදුන්වාදීමේ සමාරම්භ උත්සවයට මා එක්වුණා. https://t.co/BYMUqzEyiL|
155659213|2913830408|1143846096499646464|Yesterday, at the graduation ceremony of the National Peace Council's ‘Empowering the Community on Transitional Justice’: “In order to ensure the country does not see any further communal violence, we are working towards creating an all-religious council to address such issues” https://t.co/ZE0jNyWyXc|
155659213|2913830408|1143330468542070784|I declared open the Hyrax Oil SDN BHD Lubricant Blending plant in Muthurajawela yesterday afternoon.This US $30million investment is a further sign of the confidence foreign investors have in the government and the country. https://t.co/mzuEeJSP9v|
155659213|2913830408|1142801985806069762|මොණරාගල දිස්ත්‍රික්කයේ ඉඩම් හිමිකම් නොමැති පන්දහසක් දෙනා වෙනුවෙන් ඉඩම් හිමිකම් ඔප්පු ප්‍රදානය කිරීම ඇතුළු මොනරාගල ප්‍රදේශයේ සංවර්ධන ව්‍යාපෘති කිහිපයක් විවෘත කිරීමේ අවස්ථාවන්ට මා ඊයේ දිනයේදී සහභාගීවනු ලැබුවා. https://t.co/rXLvXRxxfv|
155659213|2913830408|1142743679901130752|Met with Swami Sadyojathah  @AOLSwamiji who has been in Sri Lanka conducting trauma relief programs following the Easter Sunday Attacks.I thank @ArtofLiving of Gurudev for their assistance during this period. https://t.co/hivcaipIAA|
155659213|2913830408|1142660920549601282|Launching the development of the Hulandawa roundabout under the iRoad (The Integrated Road Investment) Program in Moneragala. 6880km will be improved / rehabilitated and maintained for three years. 60% has been completed to date https://t.co/eg7YCwo12U|
155659213|2913830408|1142447149659111425|Participated in the foundation laying ceremony of the Moneragala District Sports Complex and the distribution of sports equipment for sports societies https://t.co/0qop5q19c5|
155659213|2913830408|1142416951370604544|Attended the opening ceremony of Keppetipola Mawatha in Moneragala, this morning https://t.co/KHRxZl6ndw|
155659213|2913830408|1142129865207848965|Congratulations to the Sri Lankan cricket team for the win against England at the @ICC World Cup 2019.|
155659213|2913830408|1140578606890016768|Met with the Tea Factory Owners Association this morning to discuss the financial issues they are facing. The Finance Ministry assured the Association that banks would consider their requests while remaining confident that growth will continue with government's assistance. https://t.co/CffD0bU8bR|
155659213|2913830408|1140469114370048000|Visited Atamasthanadhipathi, Ven. Pallegama Sirinivasa Nayaka Thera last evening, after which I received blessings from the Sacred Jaya Sri Maha Bodhi #PosonSL https://t.co/mMnQqR7np5|
155659213|2913830408|1140265270855884800|The Kadala Dansala organised by the Prime Minister's office was held in the grounds of Temple Trees this morning. #PosonSL https://t.co/m5W5lItDDR|
155659213|2913830408|1140212422084403200|After paying homage to the Sacred Relics at the All Ceylon Buddhist Congress in Bauddhaloka Mawatha, I participated in the inauguration of the Poson Pandal constructed in their precincts last evening. https://t.co/466ZOVhWup|
155659213|2913830408|1139948182023090176|https://t.co/lBInFH0bLL|
155659213|2913830408|1139880601136185345|Congratulations to Royal College for retaining the Bradby Shield 47 - 41. You have made college proud! Well played Trinity.|
155659213|2913830408|1139146632790831106|Met with Singapore's Minister of Law @kshanmugam ,Minister of Foreign Affairs @VivianBala and Singapore's non-resident High Commissioner to Sri Lanka Chandra Das. https://t.co/gpxhicMBpp|
155659213|2913830408|1137633432320614401|Welcoming @narendramodi on his second international visit, since becoming Prime Minister of India for the second term.Looking forward to holding discussions including increasing multi-lateral investment projects and collaboration in counter-terror actions. https://t.co/xqNRfgfVs5|
155659213|2913830408|1135952559175131136|https://t.co/ZtNuowobkh|
155659213|2913830408|1131455956246601728|Congratulations to @narendramodi on a magnificent victory! We look forward to working closely with you.|
155659213|2913830408|1129487002989023232|https://t.co/8huHi3XPCL|
155659213|2913830408|1127846969962041344|I appeal to all citizens to remain calm and not be swayed by false information. Security forces are working tirelessly to apprehend terrorists and ensure the security of the country, but each time there is civil unrest, we increase their burden and hamper ongoing investigations.|
155659213|2913830408|1121770952654594052|We take collective responsibility and apologise to our fellow citizens for our failure to protect victims of these tragic events. We pledge to rebuild our churches, revive our economy, and take all measures to prevent terrorism, with the support of the international community.|
155659213|2913830408|1120739163563798529|The UK PM @theresa_may called me to offer her condolences and assistance with combatting global terrorism based on the UK experience. I conveyed our appreciation and offered our sympathies in turn for the lives of the UK nationals lost in the attacks.|
155659213|2913830408|1120486809165795331|https://t.co/UJSOyUXHPe|
155659213|2913830408|1119855006512033798|I strongly condemn the cowardly attacks on our people today. I call upon all Sri Lankans during this tragic time to remain united and strong. Please avoid propagating unverified reports and speculation. The government is taking immediate steps to contain this situation.|
155659213|2913830408|1106429904214614017|In the wake of the heinous attacks in Christchurch, I offer my condolences and support to New Zealand. It is a country with a strong history of peace,  multiculturalism, and tolerance, and I have no doubt that its people will not allow this incident to undermine those values.|
155659213|2913830408|1099248942083203073|Congratulations to the Sri Lanka cricket team on making history in Port Elizabeth! A fantastic series win. @officialslc|
155659213|2913830408|1096761501300383744|Congratulations @officialslc on a wonderful test win in Durban! Great spirit by @kusaljperera and all the youngsters #SAvSL|
155659213|2913830408|1096066531857858561|I strongly condemn the brutal terrorist attack in Kashmir's Pulwama district — the worst ever terror attack in Jammu and Kashmir since 1989. I express my condolences to @narendramodi and the families of police officers who lost their lives.|
155659213|2913830408|1077488154058186752|I have instructed all officials to expedite relief efforts to those affected by the floods in the Killinochchi District. The Finance Ministry will immediately commence compensation for those affected. I appeal to the private sector to assist in providing relief wherever possible.|
155659213|2913830408|1074211081780748288|Today marks a victory not for myself or for the UNP. It is a victory for Sri Lanka’s democratic institutions and the sovereignty of our citizens. I thank everyone who stood firm in defending the constitution and ensuring the triumph of democracy.|
155659213|2913830408|1073183433289940992|We trust that the President will promptly respect the judgment of the courts. The legislature, judiciary, and the executive are equally important pillars of a democracy and the checks and balances that they provide are crucial to ensuring the sovereignty of its citizens.|
155659213|2913830408|1069557697320632320|The triumph of democratic institutions over the whims of individuals is the legacy of the good governance agenda. We will continue to defend the sovereignty of our citizens and we stand ready to face elections in a legitimate manner in line with the constitution.|
155659213|2913830408|1067693928948920321|We stabilized the economy amidst turbulent global conditions. By Oct ‘18 we had 0.1% inflation,US$8bn reserves, best ever exports &amp; FDI in ‘17, a primary budget surplus, and growth recovery through Enterprise Sri Lanka and Gampereliya. The economy has since been totally derailed.|
155659213|2913830408|1064788229382184960|https://t.co/jUWMSMj0Dr|
155659213|2913830408|1063395191200063488|The events of this afternoon were not merely a disruption of the House, but an attempt to destroy parliamentary democracy. Thank you to the Speaker, the brave police officers and the MPs who stood firm against threats, intimidation and thuggery to protect the democratic process.|
155659213|2913830408|1062609175694446594|We will now take steps to ensure that the government in place before the 26th Oct will continue. I wish to inform all government servants and police that you cannot carry out illegal orders from the purported government that has failed to demonstrate the confidence of the people.|
155659213|2913830408|1062606435748585472|It is incorrect to say that Parliament was adjourned without a conclusive decision. The Speaker ruled that this purported government does not enjoy the confidence of the House and is illegal. We have further provided a confirmation signed by 122 MPs in favour of this resolution.|
155659213|2913830408|1062326322603671552|The people have won their first victory. Let's go forward and re-establish the sovereignty of the people in our beloved country.|
155659213|2913830408|1062246572237508608|https://t.co/4d8KG0g4fI|
155659213|2913830408|1061978289936289792|We will not allow the precious freedoms that we have fought hard to secure to be stolen from us. I promise you that we who value our democracy will work together to save our nation from this unprecedented crisis. 2/2 https://t.co/JRs82CXkQU|
155659213|2913830408|1061978048952590336|Today, our country finds itself in an extremely unfortunate and critical situation. We must decide now whether we stand for the protection of democracy, the protection of the supreme law of the land, and the defence of justice. 1/2 https://t.co/GqknVvAMqf|
155659213|2913830408|1060387598751932416|“The Constitution doesn’t make provision for personal prejudices”. https://t.co/x8thH0V516|
155659213|2913830408|1059670538593976320|Diwali, the Festival of Lights, symbolizes the triumph of good over evil, of knowledge over ignorance. I wish all those celebrating today in Sri Lanka and around the world a joyous Diwali!|
155659213|2913830408|1059469130376581124|Whatever President Sirisena’s personal issues with me may be, he should not hold the people he has been elected to serve to ransom by plunging the country into constitutional chaos through his illegal and immoral actions.|
155659213|2913830408|1059407758800445440|It is encouraging that the Speaker has issued a strong statement condemning the unconstitutional actions of the President. Protests taking place all across the island demonstrate the necessity of resolving this crisis by democratic means, within the framework of the Constitution. https://t.co/KB7xMRp0Dd|
155659213|2913830408|1059315798819459072|Every day that the convening of Parliament is delayed is a nail in the coffin of democracy in our country. The sovereignty of the people is eroded each day. Convene Parliament immediately.|
155659213|2913830408|1058286435990732801|https://t.co/Od5IcPNW7k|
155659213|2913830408|1057890182559686658|The people's voices have been heard. Parliament will be reconvened on the 5th of November. Democracy will prevail.|
155659213|2913830408|1057575237418663937|President Sirisena is due to meet with the Speaker this evening. We trust that this is an indication that Parliament will be reconvened soon.|
155659213|2913830408|1057261771025600512|The power of the people, united for democracy. https://t.co/osekokcovu|
155659213|2913830408|1057218635075325952|"It is the people that are sovereign in Sri Lanka- not the President. Convene Parliament now, and let the people's will be done." Speech on 30th October|
155659213|2913830408|1057214587559387136|"The attempted coup is not a threat to a single person or political party. It is an attack on the very foundations of our nation- law, order, democracy, the constitution- and therefore a threat to every Sri Lankan." Speech on 30th October|
155659213|2913830408|1057205070570258432|@gigipurple And that's okay. That is what democracy is about!|
155659213|2913830408|1057196071288561669|The people have spoken. Summon Parliament. Restore democracy now. #LKA #SriLanka https://t.co/3iOwVAwOYC|
155659213|2913830408|1057125912771289088|Unite to defend our constitution and our rights. https://t.co/EwIieqMg2y|
155659213|2913830408|1056900403982409728|"We ask the Honourable Speaker to summon Parliament urgently- only through the parliamentary system can we can save our country from this unfortunate and dangerous situation. Let us forget our political differences and rally to re-establish democracy in our country." https://t.co/GLefEIdxO2|
155659213|2913830408|1056895316446928897|"The events of last Friday were blatantly illegal, unconstitutional, and opportunistic. The violent incidents that took place at ITN, Rupavahini, and Lakehouse on Friday are indicative of the possible fate of media freedom in our country." Speech at Temple Trees on 29th October|
155659213|2913830408|1056890276810276864|"Yesterday, President Maithripala Sirisena made a number of allegations against me and against his own Cabinet. I categorically reject every one of these allegations." Speech at Temple Trees on 29th October|
155659213|2913830408|1056888327398400001|“Our government worked hard to regain the freedoms that were lost until 2015. We established the RTI Act, independent commissions, and an unprecedented democratic culture. Let us not allow these hard-won freedoms to be taken away from us again.” Speech at Temple Trees on 29th Oct|
155659213|2913830408|1056867266871156737|On the 26th of October 2018, the rights of every one of us as citizens of Sri Lanka were blatantly violated. An undermining of our constitution sets a dangerous precedent that erodes the very fabric of our society. I will address you on this crisis this evening. #LKA #SriLanka|
155659213|2913830408|1047835733631946754|This week in Norway, I met with Sri Lankan and Norwegian businessmen, as we look to strengthen the relationship between our two countries. We continue to progress our plans to build our international relationships and grow trade and investment https://t.co/E5cPwUwu44|
155659213|2913830408|1044501603422797824|Another step forward in our plans to provide housing and land to people as we opened the model village in Sooriyawewa. We have already helped over 260,000 families secure a home and we are on track to meet our target of shelter for all by 2025. #lka https://t.co/s1yTGF006F|
155659213|2913830408|1042677238620151808|I was pleased to open the Colombo City Centre mall, as we set a new benchmark for our urban centres. #lka https://t.co/hQbsyJEeCg|
155659213|2913830408|1041679290784538624|My warmest wishes to my friend, Prime Minister @narendramodi, on his birthday today.|
155659213|2913830408|1040937144074870784|The @WEF on ASEAN was an extremely productive forum for Sri Lanka. We have taken great steps to improve our regional relationships and this was clear in the increased level of interest in Sri Lanka and the growing focus on our role in the region. #lka https://t.co/0aUa6CBayN|
155659213|2913830408|1037645464676511744|Today marks the UNP’s 72nd year. Our party has been a driver for change, reform and progress and we continue to deliver on the issues that matter to people. Our democracy is stronger than ever and our country is moving forward. I am proud the be a part of this great party. #lka|
155659213|2913830408|1037256984570093568|We have not tried to prevent people or protesters coming to Colombo. We have given them freedom. We have only instructed that the public should not be hindered by the protest.|
155659213|2913830408|1037256932476821504|September 05 is not a public holiday. Schoolchildren and office workers come to Colombo. Many other people, too, come to the city for their needs. We cannot let them to be affected by the protest.|
155659213|2913830408|1036890936993869824|Opening a rehabilitation and training centre in Kalkudah for the disabled funded by the MJF Foundation. I'm pleased to see our private sector supporting our plans to help those who are differently abled. Working together we will continue to deliver on the issues that matter. #lka https://t.co/JODz5sMhgD|
155659213|2913830408|1035851760991129600|I attended the Annual Meeting of the Sri Lanka Tea Exporters Association. We have followed our plans to boost Sri Lanka’s exports and already we have delivered record export revenues, supporting jobs, growth and development across Sri Lanka. Tea is an important part of this. https://t.co/zmzH7s6da3|
155659213|2913830408|1035545463234158597|The WEF has posted an article I wrote ahead of the 27th World Economic Forum on ASEAN, outlining what we have delivered in government to boost our economy and support people and our plans to make Sri Lanka a rich country by 2025. #asean18  Please read: https://t.co/LKBTyMH5uI|
155659213|2913830408|1035112296954122240|Today I opened the Colombo Defence Seminar. Our defence capabilities and personnel are important to protecting our stability and the democracy that we have worked hard to deliver for people. #lka https://t.co/BaoaNeGhUp|
155659213|2913830408|1034812790714888193|We launched the Enterprise Sri Lanka Exhibition in Monaragala as part of our plans to create opportunities for rural people. We continue to deliver on our plans to support rural families by driving rural development, providing homes for rural people and building rural roads. #lka https://t.co/rXXLDd35nH|
155659213|2913830408|1034068726109401088|I met with Indian Minister of External Affairs, Sushma Swaraj who highlighted India’s continued commitment to investment into housing, ports and aviation in Sri Lanka. We continue to deliver on our plans to build and develop our regional relationships to develop Sri Lanka. #lka https://t.co/deeB6TAo3v|
155659213|2913830408|1033720244467126273|Maithree and I are saddened by the passing of Senator McCain. He was a friend and colleague and a true and reliable friend of Sri Lanka, supporting democracy and development through some challenging times. Our condolences to Cindy and the family.|
155659213|2913830408|1031892148474585088|Distributing land deeds in Kegalle as we help more people with property ownership and continue to deliver on our plans to provide housing for people. In three years we have already helped over 260,000 families and we are on track to meet our target of shelter for all by 2025. https://t.co/1nwFMEfPxS|
155659213|2913830408|1031464655657619457|Opening of a model village in Devpudagama, as we continue to deliver housing for people across the country. Ensuring everyone has a home is important part of our plan. Already our plan is working - we have helped over 260,000 families secure a home and more to come. https://t.co/QrOOyfF5Ul|
155659213|2913830408|1030372401853411329|Handing out land deeds in Rathnapura. This is part of our plan to empower people by helping them own their own home and part of our nationwide housing plan, which has already benefitted over 260,000 families. We are on track to deliver on our target of shelter for all by 2025. https://t.co/vmWUvX5xdB|
155659213|2913830408|1029699714323816449|I attended the annual Vihuka Memorial Ceremony of the Madhu Church. Our large religious festivals are important moments to promote and embrace the values of peace and reconciliation, as we work to deliver long term peace in Sri Lanka. https://t.co/SDLlMfe5uq|
155659213|2913830408|1029695178137890822|We will be rebuilding the Stone Wall and the Stone Pool at the Jaya Sri Maha Bodhi in Anuradhapura. It is important that we respect and protect our cultural and religious heritage. This is why we are following our plan to refurbish religious sites across the country. https://t.co/qk5j2oBcCl|
155659213|2913830408|1029303292478869504|We opened the Kurunegala Water Supply and Drainage Project as we continue to roll out development across Sri Lanka. This is one of many development projects we are delivering as part of our plans to bring better services and facilities to people. #lka https://t.co/J2tAQvI7cf|
155659213|2913830408|1028630662339805185|A new housing project as part of a programme to build 10,000 houses for estate workers supported by the Indian Government. We are delivering housing across the country. Already we have helped over 260,000 families secure a home as part of our plans to ensure everyone has shelter. https://t.co/XUR6M3LX9W|
155659213|2913830408|1027876146568818688|An excellent event today for women at Temple Trees. Our government has delivered more for women in 3 years than any government before us. Our plans have empowered women politically, economically by supporting women in business, and socially by supporting women in need. #lka https://t.co/o54mE9fi8v|
155659213|2913830408|1027821219574243328|I attended the CNCI Achiever Awards. Our plans to build and develop our industrial capacity are working. The results speak for themselves. We are delivering record breaking exports, creating more jobs and better paying jobs. #lka https://t.co/Xa2D2UlMMs|
155659213|2913830408|1027104411120619525|I met the young sportsmen and women representing Sri Lanka in the Asian Games - I am very proud of these young ambassadors for our country. I also launched the Prime Minister’s Sports Fund to ensure that we are delivering the support our young athletes need to grow and develop. https://t.co/bG6b4TL4Hk|
155659213|2913830408|1027095174587928576|I was pleased to open the Bonavista Community Centre in Modara, as we take another step forward in our plans to improve people’s standard of living. We are delivering important facilities and services as part of our plan to develop our urban centres like Colombo. #lka https://t.co/s0K0s6lGlV|
155659213|2913830408|1026434927670124544|I had a good meeting with Simonetta Sommaruga who is the former Swiss President and current Federal Councillor and head of the Swiss Federal Department of Justice and Police. We are using our international relationships to take Sri Lanka forward. #lka https://t.co/9KtPLDcD2s|
155659213|2913830408|1026048952301281281|This weekend I opened new buildings at the Kilinochchi campus of the University of Jaffna. Another step forward as we deliver on our plans to rebuild the North and improve education at all levels across the country. We are ensuring our youths have the skills they need. #lka https://t.co/LoyRc9zpZY|
155659213|2913830408|1025040944607846402|This evening in India I spoke with M.K. Stalin, the son of DMK Leader, M. Karunanidhi who is currently unwell in hospital.|
155659213|2913830408|1024622635580194816|It was a pleasure to meet with the @commonwealthsec Secretary-General, @PScotlandCSG today. We are delivering on our plan to build Sri Lanka’s reputation, strengthen trade relations with the world and ensure that our country has a seat at the international table. #lka https://t.co/b9ojPFLjjU|
155659213|2913830408|1024527247414153216|Our plan to develop tourism is working. Yesterday we opened the luxury Le Grand hotel in Galle. We are attracting investment into high quality hotels and resorts so that we can ensure better paying jobs for Sri Lankans and continue to build on what we have already achieved. #lka https://t.co/bmat6lHtNM|
155659213|2913830408|1024276125730492416|A great event today in recognition of Minister Rajitha Senaratne’s appointment as the Vice President of the @WHO. A testament to the steps we have taken to deliver better healthcare for people. We are making healthcare accessible to more people, so that no one is left behind. https://t.co/vHnDgkv8KT|
155659213|2913830408|1024219846106468353|We are delivering on our plans to develop our education system and give our children a better future. Yesterday we opened new buildings at Zahira College in Galle. We are improving school facilities and investing in teachers across the country to ensure all children benefit. https://t.co/Fci4rojERn|
155659213|2913830408|1023958494666342400|We launched a tourist friendly three-wheeler programme. This is about empowering three-wheeler drivers and strengthening important services around our growing tourist industry. Under this programme 700 drivers have been trained and accredited. We are delivering for people. #lka https://t.co/qlMhdqERSZ|
155659213|2913830408|1023830436001210368|This weekend I opened Divisional Secretariats in the Eastern Province to ensure that we are also delivering development and services to areas that have suffered under decades of war. This is another step forward in our plan to deliver better services for people across Sri Lanka. https://t.co/72rblEvrlU|
155659213|2913830408|1022489961373741057|Today I presented awards for academic achievement. Education is so important to our country, our development and our society. This is why our plan has focused on delivering a better education system by investing schools, teachers and our children. #lka https://t.co/wVaJsVZQEP|
155659213|2913830408|1021376892463558658|I was pleased to meet with @USARPAC General Robert Brown today. Our regional and international relationships have never been so strong, as we continue to deliver on our plans to harness regional growth opportunities and position Sri Lanka as an Indian Ocean hub. https://t.co/GzVySPRd9k|
155659213|2913830408|1021328419135447041|This weekend I travelled to the North where there is still much to do to drive development. This is why we are delivering roads, supporting businesses and women and investing in areas like education in the North as part of our broader plans to improve the lives of all Sri Lankans https://t.co/jslTNYAAnV|
155659213|2913830408|1020929339699806208|Together with Indian Prime Minister, @narendramodi, who joined via video link, we launched the nation wide 1990 ambulance service, funded by a grant from India. This builds on what we have already delivered to make better healthcare and emergency services available to more people https://t.co/pfyIKHeoRW|
155659213|2913830408|1020239956931796992|The Hon. Akila Kariyawasam and I appointed 1,100 graduate teachers as we continue to deliver jobs and better education. Our plan is delivering a brighter future for our children by investing in teachers, better schools and increasing the minimum length of schooling to 13 years. https://t.co/2BxZ81lIwn|
155659213|2913830408|1020191322328535040|I addressed the Hotel Show Colombo 2018 today. We have delivered record tourism volumes which is supporting jobs and increasing direct and indirect incomes for our youth. By following our plan to strengthen our key industries, we will continue to create opportunities for people. https://t.co/zHR3wPvjn2|
155659213|2913830408|1019918451450642433|We launched our National Export Strategy, which will build on the strong export base we have delivered. We have already achieved record exports and by sticking to our plans to grow this further we are ensuring better jobs, more money and a better life for people. https://t.co/GyILIngn0D|
155659213|2913830408|1019473506902261760|I attended the National Logistics and Transport Excellence Awards. Transport and Logistics is an increasingly important element of our growth as we continue to boost exports, strengthen our position as an Indian Ocean hub and deliver on our plans to build a stronger economy. https://t.co/CpsaFloV7g|
155659213|2913830408|1018860783680143362|I met a Belgian Parliamentary delegation headed by Prof. Petra De Sutter today. We are delivering jobs and development by sticking to our plans to build our international relationships. We have had GSP+ re-instated and our exports and foreign investment continue to drive growth. https://t.co/eNWUQK3a8T|
155659213|2913830408|1018775114387578880|By providing our police force with better training and better facilities, our police have played a key role in building the stability of our country and supporting our plans to build a stronger economy. This weekend we opened a new building at the Gokaralla police station. https://t.co/TW7VtQswK0|
155659213|2913830408|1017673332450254849|Strong regional relationships are integral to our plans to grow our economy and strengthen our position as an Indian Ocean economic hub. Today I met with the Indian Foreign Secretary, Mr Vijay Keshav Gokhale, as we continue to build our relationship with India. https://t.co/9x8aOBWB1P|
155659213|2913830408|1017441037663404032|I welcomed the Thai Prime Minister, HE Prayut Chan-o-cha, this afternoon. We are strengthening our international relationships as part of our plan to build a stronger economy. This is driving trade, supporting our strategic industries and putting Sri Lanka back on the global map. https://t.co/LiFo1UzmCU|
155659213|2913830408|1017330915876323329|Handing out scholarships to 1,000 students with the Hon. Akila Kariyawasam. Education is a big part of our development plan. Already we have introduced 13 years of compulsory education, launched the Nearest School is the Best School programme and we are investing in teachers. https://t.co/AhAXT9RYUX|
155659213|2913830408|1017007115842359296|An exceptional event today outlining the scope of planned development in Trincomalee. This will build on the strong progress we have already made across the country to drive economic and social development so that we can improve people’s lives and give our children a future. https://t.co/i10h2GleNK|
155659213|2913830408|1016645919981240320|I participated in a Q&amp;A on the Sri Lanka-Singapore FTA with the Hon. S Iswaran, Singapore’s Minister-in-charge of Trade Relations. I was clear that this FTA will bring jobs and development to Sri Lanka. This is part of our plan to build a stronger economy that works for people. https://t.co/sEdCTKundj|
155659213|2913830408|1016258762645037056|I gave the key note address at the World Cities Summit, International Water Week and Cleanenviro Summit in Singapore. I was able to talk about the progress we have made and our plans to develop our major cities and transport corridors as we continue drive our economic growth. https://t.co/N3t4ayhnIr|
155659213|2913830408|1014766795620667392|It was a pleasure to meet with a senior delegation from Hitachi Ltd, headed by Hitachi CEO, Mr Toshiaki Higashihara. We continue to attract some of the world’s leading companies as a result of our plans to transform our international reputation and drive our economy forward. https://t.co/4UlDOlviTV|
155659213|2913830408|1013671863766011904|We believe that owning a home is central to empowering people. This is why we were handing out land deeds to people working in our plantations sector, in Kandy yesterday. This is part of our plan to ensure that even low income families can own a home. https://t.co/DAvRfzuq4W|
155659213|2913830408|1012607628248113152|I spoke at the @TalkEconomicsSL Saman Kelegama Memorial event today. Our policies are about safeguarding our country’s future and supporting our people on the issues that matter. Development is at the heart of our agenda and already we are making a difference to peoples’ lives. https://t.co/0CrO009RSJ|
155659213|2913830408|1012232448078254080|Yesterday I participated in the dansala in Mihintale. I am proud of how communities come together to support each other, especially the poor. I am equally proud that in government we are uplifting poorer communities by improving services like healthcare and bringing development. https://t.co/kiRKuxBZYS|
155659213|2913830408|1011890520887443456|I addressed the Sri Lanka Institute of Directors yesterday, which represents a diverse set of businesses. We recognise the role business plays in our economic development and creating opportunities for people, which is why we will continue to support businesses large and small. https://t.co/sxNzC5AsO5|
155659213|2913830408|1011162207906770944|It’s important that people have a government that can support them in their time of need. This is why we are providing victims of the recent floods with financial support. We have increased our response to natural disasters and we are helping to restore the lives of victims. https://t.co/Vj5weMXgI4|
155659213|2913830408|1011144221133115392|Yesterday I met the family and attended the funeral of Constable Suranga Pradeep Weerasinghe, who gave his life to uphold the law. I am proud of our police force and we must always remember the sacrifice that police officers like Constable Weerasinghe have made to protect us.|
155659213|2913830408|1010463523707580417|Thank you to the Royal College 1960 Group for your support in refurbishing classrooms and your recognition of the importance of education. This reflects the work that we have undertaken in government to transform our education system and give our children a better future. https://t.co/SxXZZ2D0iS|
155659213|2913830408|1010128615650910208|It was a pleasure to speak to employees and review the state of the art facilities when I opened the new Uswatte Confectionary Works factory in Bandaragama today. By supporting our local businesses, large and small, we are taking jobs and opportunities to all parts of Sri Lanka. https://t.co/YwSExzu2CJ|
155659213|2913830408|1009803191729283072|The Kelimadala Weras Children's Park was opened today in Boralesgamuwa as part of our urban regeneration programme.This also includes facilities for disabled children and is an excellent example of the steps we are taking to improve people's standard of living. https://t.co/AVjxE3ascK|
155659213|2913830408|1005104173199720448|Today we opened one of the 72 new bridges that we have built under this government. We have also built 175 roads adding over 550km to our road network. By the end of next year we will have added another 880km. We have done all this while stabilising the economy. https://t.co/85LfS0vZs4|
155659213|2913830408|1005040240019378176|Just arrived in Dompe where we are opening another new bridge. Developing rural areas is vital. It is helping us to create rural jobs and uplift our rural communities. https://t.co/YjLDIVAM9b|
155659213|2913830408|1005017771149746176|I met His Excellency, Harri Kämäräinen, Ambassador for Finland, to discuss potential for our countries to work together on digitalisation, healthcare and education. We also look forward to welcoming business delegations from leading Finnish companies, Nokia and Fortum, on Sunday https://t.co/6br9bS1BFI|
155659213|2913830408|1004697610483986434|I addressed the audience at the ICT Forum, organised by the NCE. Our ICT industry and exports are growing fast and the potential is enormous. This is important because industries like this are opening up new opportunities for people by creating jobs and building skills. https://t.co/JRLNlaaaaG|
155659213|2913830408|1004010267674488833|I extend my congratulations to @officialunp MP, Ananda Kumarasiri, who was elected to the position of Deputy Speaker of Parliament today.|
155659213|2913830408|1004005868646457344|This evening we hosted Iftar at Temple Trees as Muslims across the world celebrate the holy month of Ramadan. https://t.co/u4CEbK8jFB|
155659213|2913830408|1003998736484216833|I am pleased to welcome Minister for Finance and Mass Media, @MangalaLK, to the position of Vice Chairman of the @officialunp . With the recent appointments we have made to the party, we are a truly formidable team, capable of delivering for people now and into the future.|
155659213|2913830408|1002512688847585280|Today I appointed 1,800 people to the role of Grama Niladhari as we continue to create jobs and strengthen our public services on the ground so that we can provide better services to people. https://t.co/kZCONxjHk8|
155659213|2913830408|1002488244808790017|As Party Leader, I officially appointed Minister Harin Fernando to his new role as Communication and Propaganda Secretary for the UNP as part of the new leadership team I have put in place to drive the Party forward. https://t.co/C1dOcJUo2q|
155659213|2913830408|1001742408583806976|Good to meet with the US delegation today at Temple Trees, headed by the Chairman of the House Armed Services Committee, @macTXPress, who was joined by the American Ambassador, @USAmbKeshap. https://t.co/aEuorXxXdx|
155659213|2913830408|1001069165149474818|This afternoon I spoke with area representatives from Jaffna District, in another productive set of meetings. Today has been a highly valuable opportunity to assess progress on important development projects that directly impact people. #lka https://t.co/MBQJN9ogQa|
155659213|2913830408|1001018781152362498|I met with area representatives from Kilinochchi today to review development projects in the district and will be holding a similar meeting in Jaffna this afternoon. https://t.co/5cezsUy8Iz|
155659213|2913830408|998798640612179970|I'm in regular contact with officials to ensure necessary resources are on standby for rescue and relief operations. I ask local government representatives to work with authorities to maximise efficiency and reduce the risk that flooding poses to Sri Lankans' livelihoods #lka|
155659213|2913830408|998515490237571072|Delighted today to join with @Rosy_Senanayake to deliver Rs 6,900,000 worth of donations to 138 Colombo temples. It's vital that government provides financial assistance to develop religious places with historical value and which play such a big role in so many of our lives.|
155659213|2913830408|997062885204377600|Launched the Market Orientated Dairy Project which will 1. increase production and quality of fresh milk – reducing dependence on imports and improving health 2. increase productivity and competitiveness of rural farmers – strengthening our rural economy #lka|
155659213|2913830408|997007394927357952|This government allocated Rs.300 million in our 2018 budget to fund nurses training schools, so I was delighted to join so many nurses today to thank them for improving the health of the nation and to acknowledge everything 30,000+ nurses do to save lives everyday #lka https://t.co/l2Vp3HwrpX|
