155659213|3236480554|1177644248390410240|BIG EXPOSE: हरियाणा में 28.7% बेरोजगारी के आंकड़े दिखाने वाला निकला चिदंबरम का करीबी https://t.co/5sAGDGmnXI|
155659213|3236480554|1177643520330522624|This year the whole world is celebrating the 150th birth anniversary of Mahatma Gandhi. His message of truth and non-violence is very relevant for us even today for peace, progress and development of the world: PM Modi #PMModiAtUN https://t.co/OGNGqCpAES|
155659213|3236480554|1177643232890671104|Vivekananda Ji had given a message to the world from Chicago during the World Parliament of Religion about 125 years ago.The world's largest democracy still has the same message for the global community- Harmony &amp; Peace: PM Modi #PMModiAtUN|
155659213|3236480554|1177287539490742272|आज @BJP4Delhi के उत्तर पूर्वी  जिले की बबैठक को सम्बोधित किया ।  #HowdyModi सफल कार्यक्रम के बाद अमेरिका में भारत का मान बढ़ा कर भारत लौट रहे आदरणीय प्रधानमन्त्री @narendramodi जी के स्वागत कार्यक्रम की तैयारियों की चर्चा की। कार्यकर्ताओं में स्वागत के लिए अलग ही उत्साह दिखा । https://t.co/NjgiNemchJ|
155659213|3236480554|1177280269906259971|आज @BJP4Delhi के नवीन शाहदरा जिले की  बैठक को सम्बोधित किया । आगामी कार्यक्रमों की योजना व #HowdyModi के सफल कार्यक्रम के बाद भारत लौट रहे आदरणीय प्रधानमन्त्री @narendramodi जी के स्वागत कार्यक्रम की तैयारियों की चर्चा की। कार्यकर्ताओं में स्वागत के लिए अलग ही उत्साह दिखा । https://t.co/7OVGZrD8c1|
155659213|3236480554|1177154655719231490|Dr Devi Shetty writes on how Ayushman Bharat is a game-changer!https://t.co/tGSZBnQu9w|
155659213|3236480554|1176873201722257408|इस अवसर पर आदरणीय राष्ट्रीय कार्यकारी अध्यक्ष श्री @jpnadda जी ने विस्तारित रूप से 370 हटाए जाने के लाभ को देव तुल्य कार्यकर्ताओं को पहुँचाया, साथ ही 70 साल से जम्मू-कश्मीर के लोगों के साथ हो रहे भेदभाव को भी उजागर किया । https://t.co/zUITYqeC00|
155659213|3236480554|1176868220965228544|धारा 370 समाप्त किए जाने पर तालकटोरा स्टेडियम में आयोजित जन जागरण सभा को संबोधित किया । https://t.co/hOq60DRCbL|
155659213|3236480554|1176768498560880642|आज भाजपा के राष्ट्रीय कार्यकारी अध्यक्ष श्री @JPNadda जी द्वारा अंत्योदय के प्रणेता, उत्कृष्ट संगठनकर्ता पंडित दीनदयाल उपाध्याय जी की जयंती के अवसर पर पं. दीनदयाल उपाध्याय पार्क, मिंटो रोड, नई दिल्ली में उनकी प्रतिमा की साफ-सफाई कर माल्यार्पण किया तथा सेवा अभियान की शुरुआत की। https://t.co/xWq1SE85gM|
155659213|3236480554|1175852737189285888|More than 8 crore or 80 million ghost accounts have been removed and given farewell from the public welfare systems.Just imagine the money saved by the exchequer, money saved from going to wrong and fake accounts?-PM Modi #HowdyModi #DBT|
155659213|3236480554|1175852615890014210|More than 1500 antiquated laws have been scrapped in India in the past 5 years. -PM Modi #HowdyModi|
155659213|3236480554|1175849965589057536|Historic. Inspiring. Powerful speech and event of PM @narendramodi in Houston today. This has been the first time since India’s independence that a leader has been given such warmth &amp; love in the USA. The echoes of it will reverberate forever. @realDonaldTrump #HowdyModi https://t.co/3GAMyFJ3zH|
155659213|3236480554|1175845789668642816|सीने में जलन... आँखों मे तूफ़ां सा क्यूं है..आज हर पाकिस्तान का चमचा.. और इमरान ख़ान परेशां सा क्यूं है..|
155659213|3236480554|1175845408192520192|कोई तो ये बताए मियाँ इमरान खान पे क्या गुज़र रहा होगा? #HowdyModi|
155659213|3236480554|1175841969173671936|आप भारत से दूर हैं लेकिन भारत की सरकार आपसे दूर नहीं हैं - PM @narendramodi जी #HowdyModi|
155659213|3236480554|1175841960852111360|#HowdyModi Event में प्रधानमंत्री @narendramodi ji की दमदार एंट्री https://t.co/DyTyPuryTT|
155659213|3236480554|1175840606922387457|I request all of you to give a standing ovation to every Member of Parliament of India: PM @narendramodi Watch at https://t.co/vYoeG9HCI0… #HowdyModi https://t.co/8dOkqZya2H|
155659213|3236480554|1175840305616171008|वो जो  मुश्किलों का अंबार  हैं ,               वही तो मेरे हौसलों की मीनार  है । @narendramodi ji #HowdyModi|
155659213|3236480554|1175839652785414145|We are working tirelessly to achieve a New India: PM @narendramodi ji #HowdyModi https://t.co/vQymhH1Vcc|
155659213|3236480554|1175837414092345345|आज भारत का सबसे चर्चित शब्द है- विकास, सबसे बड़ा मंत्र है- सबका साथ-सबका विकास, भारत की सबसे बड़ी नीति है- जन भागिदारी, भारत का सबसे प्रचलित नारा है- संकल्प से सिद्धि और भारत का सबसे बड़ा संकल्प है- न्यू इंडिया: पीएम मोदी #HowdyModi https://t.co/e2DMdD7H4X|
155659213|3236480554|1175833986662326282|This scene, this atmosphere, this is unimaginable. When it comes to Texas, everything is grand and big. It's in Texas' fabric. The spirit of Texas is being reflected here: PM Modi #HowdyModi https://t.co/XdfF9XDhdX|
155659213|3236480554|1175833140390219777|सदियों से हमारे देश में सैकड़ों भाषाएं, सैकड़ों बोलियां, सहअस्तित्व की भावना के साथ आगे बढ़ रही हैं और आज भी करोड़ों लोगों की मातृभाषा बनी हुई हैं: पीएम मोदी #HowdyModi|
155659213|3236480554|1175833000195612678|सिर्फ भाषा ही नहीं,हमारे देश में अलग-अलग पंथ, दर्जनों संप्रदाय,सैकड़ों तरह का अलग-अलग क्षेत्रीय खान-पान, अलग-अलग वेशभूषा,अलग-अलग मौसम-ऋतु चक्र इस धरती को अद्भुत बनाते हैं: PM @narendramodi ji|
155659213|3236480554|1175832562750644225|Since you asked me Howdy Modi, I will answer Bharat mein sab achha hai, khoob bhalo, sab changa si- PM at #HowdyModi|
155659213|3236480554|1175832151234887680|ये माहौल अकल्पनीय है. आज हम यहां नई हिस्ट्री और नई केमिस्ट्री बनते देख रहे हैं. ये 130 करोड़ भारतीयों का सम्मान है. जो लोग यहां नहीं आ पाए मैं उनसे माफी मांगता हूं @narendramodi ji #HowdyModi|
155659213|3236480554|1175831567605870594|Is @ImranKhanPTI listening? #HowdyModi https://t.co/qHF4uDOMT2|
155659213|3236480554|1175830983591043074|“New history in making and new chemistry is in making” PM @narendramodi #HowdyModi|
155659213|3236480554|1175830733778247691|ये जो द्रश्य है, ये जो माहौल है, यह अकल्पनीय है :- @narendramodi जी #HowdyModi|
155659213|3236480554|1175825460388868096|Mr President, you had introduced me to your family in 2017. Today, I have the honor to introduce you to my family (the people) : PM @narendramodi https://t.co/vYoeG9HCI0… #HowdyModi #HowdyMody|
155659213|3236480554|1175825176832950272|Birthday wishes for the great prime minister of India Shri @narendramodi ji by the president of USA 🇺🇸 Shri  @realDonaldTrump #HowdyMody|
155659213|3236480554|1175823235054735360|आज हमारे साथ बेहद खास शख्सियत अमेरिका के राष्ट्रपति मौजूद है - पीएम @narendramodi https://t.co/vYoeG9HCI0… #HowdyModi https://t.co/aIq5cgU4pP|
155659213|3236480554|1175822900311527429|As I told you, we've met a few times, and he has always been friendly, energetic and accessible. I admire him for his sense of leadership, a passion for America, a concern for every American and a strong resolve to make America great again: PM @narendramodi ji #HowdyModi|
155659213|3236480554|1175822762587426816|Friends, this morning, we have a very special person with us. He needs no introduction. His name is familiar to every person on the planet. His name comes up in almost every conversation in the world on global politics: PM Modi saheb #HowdyModi|
155659213|3236480554|1175810625152401410|Our Pride, Our Joy and Our StrengthPM Shri @narendramodi Ji#HowdyModi https://t.co/FbDU4XAcrf|
155659213|3236480554|1175810099048341505|Thank you Houston for such amazing affection! #HowdyModi @narendramodi ji @BJP4Delhi https://t.co/Mnfjr7Vmhs|
155659213|3236480554|1175796701707341826|*Unmissable*PM Modi’s Address at the Howdy Modi program..Watch live: https://t.co/BMpJRHbZViKeep the tweets coming with #HowdyModi|
155659213|3236480554|1175400144117723147|आज आदरणीय राष्ट्रीय अध्यक्ष एवं गृहमंत्री श्री @AmitShah जी, कार्यकारी अध्यक्ष श्री @JPNadda जी, केंद्रीय वित्त राज्य मंत्री श्री @ianuragthakur जी, महामंत्री श्री @byadavbjp जी, श्री @ArunSinghbjp ने देश भर के प्रदेश पदाधिकारियों से वीडिओ कॉन्फ्रेंसिंग के द्वारा बात की । https://t.co/bCrLv3MuEu|
155659213|3236480554|1175112170859900929|आज @BJP4Delhi में 22 सितंबर को अनाधिकृत कॉलोनियों में होने वाली जनसभाओं के निमित्त बैठक में रहना हुआ। जिसमें प्रदेश अध्यक्ष @ManojTiwariMP जी , @ShyamSJaju जी, @siddharthanbjp ji @bjptarunchugh जी भी उपस्थित रहे। https://t.co/zRED3Mc7p7|
155659213|3236480554|1175002906505940994|Nice Initiative @Shankarsahney Ji . You joined the movement by Honble PM @narendramodi ji Of Say No To  Single Use Plastic to Save the Nature and Environment .  #NationFirst https://t.co/abKGoUjvwB|
155659213|3236480554|1174651424149360640|Nashik gives a warm welcome to PM Modi! #MahaJanadeshWithModi https://t.co/zTILP3YuFY|
155659213|3236480554|1174174147909492740|प्रदेश अध्यक्ष श्री @ManojTiwariMPजी और केंद्रीय मंत्री श्री @HardeepSPuri जी के साथ प्रधानमंत्री श्री @narendramodi जी के जन्मदिन के उपलक्ष्य पर मोदी जी के जीवन से जुड़ी प्रदर्शनी का इंडिया गेट पर उद्घाटन किया। #HappyBdayPMModi https://t.co/8Q3TjqU58a|
155659213|3236480554|1174148755865534464|नैशनल यूथ ब्लाईंड एसोसीएशन ' “IPEX” के अंतर्गत दिव्यांग भाइयों  ने प्रधानमंत्री @narendramodi जी के जन्मदिन पर उन्हें बधाई दी । उनकी ख़ुशी देखते ही बनती थी । #SevaSaptah #HappyBdayPMModi https://t.co/n6MCvkoLqb|
155659213|3236480554|1174130176340328449|आज'नैशनल यूथ ब्लाईंड एसोसीएशन ' “IPEX” के अंतर्गत नेत्रहीन भाइयों  के साथ हमारे प्रधानमंत्री @narendramodi जी का जन्मदिन उन्हें लड्डू खिलाकर व उपहार देकर मनाया। उनकी ख़ुशी देखते ही बनती थी ।अनेक साथी भी उपस्थित रहे। #SevaSaptah https://t.co/mEjn25Poxz|
155659213|3236480554|1173929525769490432|देश के नन्हें बच्चों ने  किस तरह अपने प्यारे प्रधानमंत्री @narendramodi जी को उनके जन्मदिन पर शुभकामनाएं दी ।  @HolyTrinityIPEX #HappyBdayPMModi https://t.co/N3BJKx0PsD|
155659213|3236480554|1173839410959396866|To uplift the lives of people, of the needy and those from the weaker sections, Modiji is always ready to walk that extra mile. He is working to re-establish India’s cultural heritage and make it an egalitarian society writes BJP President @AmitShah. https://t.co/ErfJDI76tn|
155659213|3236480554|1173668882785198083|जो अपने संघर्ष से आगे बढ़े , अपने दम par ख़ुद को गढ़े उसे मोदी  ji कहते हैं |   @narendramodi #HappyBdayPMModi https://t.co/hbVIWHHcxP|
155659213|3236480554|1173667079163011072|Happy Birthday To Sh @narendramodi ji @PMOIndia a Visionary Performer, One Of The Biggest and Strongest Leader Of The World .  #HappyBdayPMModi https://t.co/YkdYGMD0eg|
155659213|3236480554|1173589813678747649|आज @BJP4Delhi प्रदेश की सक्रिय सदस्यता की समीक्षा बैठक को सम्बोधित किया । आदरणीय @siddharthanbjp जी का भी मार्ग दर्शन मिला । https://t.co/2nMi298MuS|
155659213|3236480554|1173560640050520064|PM Shri @narendramodi will address a historic community event 'Howdy, Modi - Shared Dreams, Bright Futures’ in Houston, USA on 22nd September 2019.Share your views using #HowdyModi on social media. @BJP4India https://t.co/NGaQsmjJhA|
155659213|3236480554|1172570566487789569|#DUSUElection2019 में  #ABVP को मिली प्रचंड जीत पर सभी कार्यकर्ताओं को हार्दिक बधाई और शुभकामनाएं। ये युवाओं की लगनशीलता ही है, जो ये दर्शाती है कि देश की युवा पीढ़ी नये भारत के लिए पूर्णतः समर्पित और सकंल्पचित्त है। @ABVPVoice https://t.co/YuCrvkyG8e|
155659213|3236480554|1172198819322200064|See how Congress harasses journalists but why does no one in media speak about it? https://t.co/puiQSgAZAW|
155659213|3236480554|1172198384779661312|Crimes against women up by 66% in Rajasthan in a year, shows police data... https://t.co/W3R4f1ctjX|
155659213|3236480554|1172197672746250240|जन्मदिन की बहुत-बहुत शुभकामनाएं @HindustaniTweet आप स्वस्थ रहें व जीवन में तरक़्क़ी करें ।|
155659213|3236480554|1172185590252503041|RAVISH vs RAVISH — हमें सुनना पड़ेगा । https://t.co/vPPbgBxQjv|
155659213|3236480554|1172098091425517569|नए भारत में कुछ ऐसी  हैं काम की स्पीड - @narendramodi जी https://t.co/JNvlk763Zp|
155659213|3236480554|1171781556408655872|Must watch &amp; Share :- Double Face of Ravish Kumar On Indian Journalism . https://t.co/ql0ETAEMfD|
155659213|3236480554|1171466304152195075|Congratulations PM Sir @narendramodi Ji for crossing 50 million followers on Twitter.You make 130 Crore Indians proud! https://t.co/qSYyxA4gVN|
155659213|3236480554|1170989624975511552|अमेरिका से लेकर फ्रांस, सऊदी से लेकर मालदीव्स तक सबने भारत के धारा 370 को खतम करने के फैसले को भारत का आंतरिक मसला बताया है, इसके पीछे भारत के प्रधानमंत्री आदरणीय @narendramodi जी के साथ  सुरक्षा सलाहकार अजित डोवाल का भी महत्वपूर्ण योगदान है #PakCorneredOnKashmir https://t.co/YJ7WrhY9pS|
155659213|3236480554|1170558466945093633|Stringent action taken against fugitives. #MODIfied100• Money laundering case registered against SBL group, Sandwsara Brothers and others on bank fraud of Rs. 5,700 crore• Antiguan citizenship of fugitive fraudster Mehul Choksi will be revoked and repatriated to India. https://t.co/D4my8IumtO|
155659213|3236480554|1170558260216303621|#MODIfied100: Strengthening AYUSH ecosystem • PM Modi launches 10 AYUSH Health and Wellness Centers in Haryana.• 12,500 AYUSH Health and Wellness Centers to be functional in next 3 years. https://t.co/3k8hZu9opx|
155659213|3236480554|1170397521396547584|NASA tweets applauding ISRO. #Chandrayaan2 #ProudOfISRO #ISRO #IsroPerGarvHai https://t.co/Eqz63AhGQN|
155659213|3236480554|1170393208049807368|कैसे दिन बदल गये हैं - आप ख़ुद ही देख लीजिए | https://t.co/VtCEOWyw0j|
155659213|3236480554|1170383275610824704|Chandraayan:“Almost there sir!”Moon:“I can see you, well done!”Earth:“We lost connection, can’t see you.Mission fai ..   WAIT. Chandrayaan,suddenly every Indian is united,positive, supportive and proud.”Chandrayaan:“Sir, MISSION ACCOMPLISHED”- a very short story,|
155659213|3236480554|1170309380069318657|संपर्क टूटा है हौसला नहीं। विक्रम रूका हैं इसरो नहीं।मंज़िलें भी ज़िद्दी हैं, रास्ते भी ज़िद्दी हैं, कल वापस कोशिश करेंगे,क्योकि यहाँ हौंसले भी ज़िद्दी हैं ।।चांद्रयान की कामगिरी पर, आज भारतीय वैज्ञानिकों पर हमे गर्व है।सभी वैज्ञानिकोंका हार्दिक अभिनंदन ।  ।। जय हिंद ।।|
155659213|3236480554|1170308960559255561|फ़र्क़ साफ़ है —Story of two pats.... #ProudOfISRO https://t.co/95KpIuiuVi|
155659213|3236480554|1170203268838055936|This is how a true leader uplifts his team. Through unstinted support and warmth! #ISRO https://t.co/ErxqjZ165W|
155659213|3236480554|1169678269672644608|सुख भरे दिन बीते रे भैया । #मोदी_है_तो_मुमकिन_है  #AbkiBaarChiduInTihar https://t.co/4LL5pc21ir|
155659213|3236480554|1169590153414885376|#AbkiBaarChiduInTihar https://t.co/aZ9jgHixzU|
155659213|3236480554|1169584960342245376|Vote and support the ballots 1-5-3-4, and elect the ABVP panel for a credible, responsible and student-friendly DUSU!President: Ankit Dahiya Vice President: Pradeep TanwarSecretary: Yogit RathiJoint Secretary: Shivangi Kharwal1-5-3-4ABVP फिर एक बार!#ABVPDUSU2019 https://t.co/PW9YuKNJjh|
155659213|3236480554|1169584236078292992|ब्रेकिंग - कोर्ट ने चिदम्बरम को 19 सितम्बर तक तिहाड़ जेल भेजा | #ChidambaramJailed|
155659213|3236480554|1169583686154706944|यह जो बंधु खडे है वह कोई आम आदमी नहीं बल्की देश हित मैं काम करनेवाली @narendramodi जी सरकार के जलशक्ती मंत्रालय के केन्द्रीय मंत्री श्री @gssjodhpur जी है जो दिल्ली मेट्रो मै आम आदमी की तरह सफ़र कर रहे है। ।मेरा देश बदल रहा है, आगे बढ़ रहा है। 🇮🇳 @JalShaktiAbhyan https://t.co/wfxmfPVnHZ|
155659213|3236480554|1169581765348012032|बहुत मुश्किल होता है अपने वैल्यूज़ को संभाल कर रखना : रवीश कुमार । दोगलापन सामने आ ही जाता है । https://t.co/mfgLw2oHSV|
155659213|3236480554|1169424366033080322|देश के पूर्व राष्ट्रपति भारतरत्न डॉ. सर्वपल्ली राधाकृष्णन जी की जयंती पर शत्-शत् नमन एवं आप सभी को "शिक्षक दिवस" की हार्दिक शुभकामनाएं। प्राचीन ऋषि परंपरा से लेकर वर्तमान शिक्षक परंपरा तक गुरु हमारे समाज का महत्वपूर्ण एवं सम्माननीय अंग हैं सबको नमन।#TeachersDay #शिक्षक_दिवस https://t.co/HWj1wkdkkD|
155659213|3236480554|1169192149226668033|Short film on abrogation of Article 370. This will be screened across India as part of National Unity Campaign. Watch and share.  @BJP4India https://t.co/mHXkarn5QM|
155659213|3236480554|1168947519910490114|आज दिल्ली के तालकटोरा स्टेडियम में पूर्व वित्त मंत्री एवं  @BJP4India परिवार के  वरिष्ठ नेता, स्वर्गीय श्री अरुण जेटली जी की स्मृति में आयोजित श्रद्वांजलि सभा में उन्हें पुष्पांजलि अर्पित की। https://t.co/A27wocixU0|
155659213|3236480554|1168839125346267136|Letter written by Jagmohan, former Governor of J&amp;K, to Rajiv Gandhi ji in Apr1990.Among other things he said, Congress displayed total mental surrender and Article 370 skins the poor,helps parasites. 1] https://t.co/qJgHSiM6sV 2] https://t.co/funRgH7z3C 3] https://t.co/HQh6CFclMu|
155659213|3236480554|1168703253049032704|Congratulating PM Sh @narendramodi ji for receiving an award from Bill &amp; Melinda Gates Foundation for #SwachhBharatAbhiyaan.Modi ji good work for Swachh Bharat are not only appreciated in India but all over the World . We are Proud to have a leader like him. https://t.co/I0PJZQlM2a|
155659213|3236480554|1168420245347983361|This is the kind of confidence foreign investors have in India! . https://t.co/M19HtXtkwL|
155659213|3236480554|1168371770233118720|Ganpati Bappa Morya! May the blessings of Lord Ganesh bring peace, happiness and prosperity to everyone's lives. #GaneshChaturthi #GanpatiBappaMorya #गणेश_चतुर्थी https://t.co/5vr98lleMp|
155659213|3236480554|1168246488637440000|कांग्रेस के नेता राहुल गांधी और NCP के नेता शरद पवार महराष्ट्र की जनता को ये स्पष्ट करें कि आप अनुच्छेद 370 और 35A हटाने का समर्थन करते हो या नहीं?: श्री अमित शाह जी #ShahAtMahaJanadesh   https://t.co/wVuPPCV94m… https://t.co/Av1VN1TQAZ|
155659213|3236480554|1168246255572512768|देश की एकता और अखंडता को लोहे की तरह मजबूत कर दिया। पाकिस्तान के सारे मंसूबों पर पानी फेर दिया और आतंकियों को कह दिया कि अब उस पार ही रहो इस ओर आने की जरूरत नहीं है: श्री अमित शाह #ShahAtMahaJanadesh https://t.co/KH1dR1ZRJZ|
155659213|3236480554|1168220462628790272|Campaign against single use plastic needs everyone’s support. https://t.co/HC57dvVqZ0|
155659213|3236480554|1167891526434709505|हमारे मित्र एवं @BJP4India के मीडिया के को इंचार्ज श्री @drsanjaymayukh जी को जन्मदिन की हार्दिक शुभकामनाएं। आप समाज और पार्टी की इसी तरह सेवा करते रहो । भगवान आपको हमैशा स्वस्थ और ख़ुश रखें।|
155659213|3236480554|1167793672131362816|दरअसल करेंट लगा ,कारण था @narendramodi जी  बाण https://t.co/QF5F8H3KsG|
155659213|3236480554|1167792889121972225|Read about the agenda-driven journalism, distortions and half lies on Kashmir.. https://t.co/F49lRRlzzg|
155659213|3236480554|1167418348482621443|केन्द्रीय मंत्री व @BJP4India के वरिष्ठ नेता,बड़े भाई @rsprasad जी को जन्म दिवस की बहुत बहुत शुभकामनाए व बधाई।ईश्वर से प्रार्थना है कि आप स्वस्थ रहे चिरायु हो और निरन्तर देश की सेवा मे कार्यरत रहे।|
155659213|3236480554|1167397891498860545|ये रिश्ता क्या कहलाता है ???? https://t.co/JGLEaf1ysb|
155659213|3236480554|1167350240283746304|@sanghaviharsh God Bless him .|
155659213|3236480554|1167349422239305729|Pm @narendramodi ji has changed the style of governance. #FridayMotivation https://t.co/hzIoe5VbSa|
155659213|3236480554|1167310333439926274|Apple iPhone, Amazon Echo production moving from China to India.This piece succinctly captures the manufacturing revolution India is witnessing, which promises to fullfill the aspirations of millions of young Indians...https://t.co/bY4tzaXQ9a|
155659213|3236480554|1167227912740855808|जनता का सेवक @ManojTiwariMP ji जनता के बीच।दिल्ली को बचाने के लिए मनोज जी सड़कों पे ।  @BJP4Delhi #DelhiBachaoParivartanYatra https://t.co/RkKy8OZD7N|
155659213|3236480554|1167018008100986880|आज सदस्यता अभियान बैठक ,केंद्रीय कार्यालय-डी डी यू मार्ग में दिल्ली की प्राथमिक सदस्यता का व्रत रखा।बैठक में आदरणीय @JPNadda ji , आदरणीय @blsanthosh जी, @ChouhanShivraj जी @dushyanttgautam @siddharthanbjp ji @hdmalhotra g व अन्य नेतागण उपस्थित रहे ।दिल्ली ने 18 लाख नए सदस्य बनाए। https://t.co/sUpPbmZdzq|
155659213|3236480554|1166929629656911872|Tributes to #MajorDhyanChand on his birth anniversary today.Celebrated as #NationalSportsDay, PM Modi ji  to launch #FitIndiaMovement today.|
155659213|3236480554|1166929398974386176|#FitIndiaMovement https://t.co/ok3C6ZZB1K|
155659213|3236480554|1166637827313922048|कश्मीर पर देश विरोधी बयान देकर @RahulGandhi कर रहे पाकिस्तान  की मदद ।  वोट बैंक के लिए देश से ग़द्दारी कर रहे राहुल के बयान को पाकिस्तान ने UN में बनाया हथियार ।  #RahulBacksPakistan https://t.co/GSIXS79C5d|
155659213|3236480554|1166378161338060801|आप भी मिलिए देश के सबसे बड़े  दो किसानों से । गोल माल है सब गोल माल है । https://t.co/fH9uWRB490|
155659213|3236480554|1166368622417022980|See The Change in Pakistan Policy — During Congress Govt and During Modi Govt . https://t.co/vPkhnvjZEu|
155659213|3236480554|1166048982369325056|पाकिस्तान की पूर्व  विदेश मंत्री ने इमरान खान के लिए क्या कहा आप ख़ुद ही सुन लीजिए । #पप्पू_इमरान https://t.co/MSh5y3s3vz|
155659213|3236480554|1165998975192850433|एम. ऐस बिट्टा से एक पत्रकार ने पुछा की पाकिस्तान अभी भी सरहद पर गोलीबारी कर रहा है। आप इस पे क्या कहेंगे? बिट्टाजी का जवाब आप खुद ही देख लें इस विडियो में। https://t.co/giMa8VpDJT|
155659213|3236480554|1165664664010670080|We All Indians 🇮🇳 Must Say Thank you UAE 🇦🇪 . Jai Hind 🇮🇳 Proud Moment for all of us 🇮🇳👍🇮🇳Many congratulations @PMOIndia @narendramodi ji “ VISIONARY PERFORMER “ https://t.co/BMiENIk5Jf|
155659213|3236480554|1165660292296011776|Proud moment for All Indians when Indian PM Shri @narendramodi ji  being recognised for his development &amp; leadership by nations across the world 🌍 🙏🏽💐🇮🇳 https://t.co/CW0ctIE26I|
155659213|3236480554|1165659584716951552|Khaleej Times, most influential newspaper in the United Arab Emirates. https://t.co/LY8PsViehM|
155659213|3236480554|1165653206447210496|Heartiest Congratulations to @Pvsindhu1 on winning the Gold at the BWF World Championships. Best wishes.#PVSindhu #BWFWorldChampionships2019 https://t.co/ciXqYe0tMI|
155659213|3236480554|1165651102848544769|इमरान ख़ान पाकिस्तान के पप्पू है , आप ख़ुद ही देख लीजिए । https://t.co/2J2aj9POXT|
155659213|3236480554|1165502104833626112|मैं समाज के सभी वर्गों से, निवासियों से अपील करता हूं कि इस वर्ष गाँधी जयंती, एक प्रकार से हमारी इस भारत माता को प्लास्टिक कचरे से मुक्ति के रूप में मनायें। महात्मा गाँधी जयंती का दिन एक विशेष श्रमदान का उत्सव बन जाए: पीएम @narendramodi ji  #MannKiBaat https://t.co/3kycaZx4CT|
155659213|3236480554|1165501313263624192|इस बार 2 अक्टूबर को जब बापू की 150वीं जयंती मनायेंगे तो इस अवसर पर हम उन्हें न केवल खुले में शौच से मुक्त भारत समर्पित करेंगे बल्कि उस दिन पूरे देश में प्लास्टिक के खिलाफ एक नए जन-आंदोलन की नींव रखेंगे: पीएम @narendramodi ji #MannKiBaat https://t.co/hpagEhvags|
155659213|3236480554|1165500570964119552|ये मेरा बहुत ही सौभाग्य रहा है, कि मुझे, पूज्य महात्मा गाँधी से जुड़ी कई महत्वपूर्ण जगहों पर जाकर के नमन करने का अवसर मिला है: पीएम @narendramodi ji #MannKiBaat https://t.co/rulQgAEkNZ|
155659213|3236480554|1165337453642821636|Truth https://t.co/1vY6tPWSeY|
155659213|3236480554|1165192893885288450|.@BJP4India के वरिष्ठ नेता एवं पूर्व केंद्रीय मंत्री श्री अरुण जेटली जी के निधन के समाचार से हम स्तब्ध है । ईश्वर उनकी आत्मा को शांति प्रदान करें एवं परिवार को इस मुश्किल वक्त में संयम दें। देश व पार्टी को दिये उनके योगदान को हम कभी नहीं भूल पाएँगे । ॐ शांति।|
155659213|3236480554|1165135666558246912|आप सभी को श्री कृष्ण जन्माष्टमी की अनंत शुभकामनाएँ। जय श्री राधे कृष्णा। 🙏 #HappyJanmashtami2019 https://t.co/U7DVEKvXdf|
155659213|3236480554|1164764892483608577|चिदंबरम को जेल कराने वाला आदमी ये नेता है आप ख़ुद ही देख लीजिए । https://t.co/zOSopxrnxS|
155659213|3236480554|1164239551348404224|People who are comparing Chidambaram with Amit Shah and calling it vendetta should remember one thing Amit Shah never ran away from CBI or Police instead he did press conference before surrendering and believed that he will come out clean. #ChidambaramArrested https://t.co/mltXUi7MEW|
155659213|3236480554|1164237623218434048|Seems the time has arrived to count how many Congress stalwarts, their damaads and bhatijas are not1. Out on bail2. Accused of corruption/ money laundering3. Applied for bail4. Lauded by pakistan This will be a shorter list. #PChidamabaram  #ChidambaramArrested|
155659213|3236480554|1164232223895068672|राहुल गांधी जो स्वयं जमानत पर बाहर हैं कह रहे हैं की वो पी चिदंबरम की गिरफ्तारी का विरोध करते हैं। कानूनी कार्यवाही का विरोध इसलिए कर रहे हैं कि आप के नाम के पीछे गांधी लगा है? कम से कम ये तो ध्यान दिया होता कि दिल्ली उच्च न्यायालय ने उन्हें #INXMediaScam में kingpin कहा है||
155659213|3236480554|1164229918378475525|Who are you?Another culprit out on bail accused of money laundering!!Wah!! https://t.co/bzrmG8UMhO|
155659213|3236480554|1164228057806209029|जिन्होंने देश को लूटा है उन्हें पायी पायी लोटानी पड़ेगी @narendramodi ji #PChidamabaram https://t.co/i2qpp2BxOn|
155659213|3236480554|1164227052817416193|ये नामदार चाहें कोर्ट के , जितने चाहें चक्कर लगा लें ,  एक दिन तो इन्हें अंदर जाना ही होगा #PChidamabaram https://t.co/i35lu2en4H|
155659213|3236480554|1164084719316807685|कश्मीर में phone line बंद होने का शोर मचा रहे चिदम्बरम का कल से अपना फ़ोन बंद है|  @RahulGandhi जवाब दें  जनता के पैसे का हिसाब दें । #ChidambaramMissing https://t.co/XPnTpyG6cw|
155659213|3236480554|1164022848337301505|ये तब सवाल पूछ रहा था या भागने का तरीक़ा कोंग्रेस जवाब दे ।  #ChidambaramMissing https://t.co/wlhT18pXJZ|
155659213|3236480554|1163894350398386176|चुनौती 1. हिम्मत है तो 370 हटा के दिखाओ! चुनौती 2. भ्रष्ट हैं तो गिरफ़्तार करके दिखाओचुनौती 3. - डूंड के दिखाऔ जिस जिसने जनता का पैसा लूटा है उसे तो अंदर जाना ही पड़ेगा । इस सरकार के नेता @narendramodi ji ईमानदार भी हैं और असरदार भी है #ChidambaramMissing #PChidambaram|
155659213|3236480554|1163877922165293056|CBI has put up a notice outside the residence of P Chidambaram to appear before them in the next two hours. Earlier today, Delhi High Court had dismissed his both anticipatory bail pleas in connection with INX Media case. @ANI #ChidambaramMissing https://t.co/82LDJS3XKy|
155659213|3236480554|1163874443199823878|Surgical Strike is done by Armed Forces and not Modiji But ED notice is not sent by department but by Modiji Wah Re Congress  #ChidambaramMissing|
155659213|3236480554|1163872392160014337|#ManVsWild ने विश्वभर में सबसे अधिक #Trending Show का रिकॉर्ड अपने नाम कर लिया है। इस शो को @Twitter पर 3.6 बिलियन यानि 360 करोड़ इंप्रेशन मिल चुके हैं। इससे साफ है कि यशस्वी PM श्री @narendramodi जी के फैन सिर्फ भारत में नहीं बल्कि दुनियाभर में हैं । @PMOIndia @BearGrylls https://t.co/SNcUB0J1bj|
155659213|3236480554|1163866847248146433|Tributes to former PM Shri Rajiv Gandhi ji on his birth anniversary.|
155659213|3236480554|1163866033939079168|श्री @nalinkateel जी को @BJP4Karnataka का अध्य्क्ष बनने पर हार्दिक शुभकामनाएं। आपके के कौशल नेतृत्व में कर्नाटक में संगठन ओर अधिक मज़बूत होगा। https://t.co/jm3oOgFz8N|
155659213|3236480554|1163800604054917121|चोर जाए जेल -ये मोदी राज है हर चोर जेल में होगा। Delhi HC rejets chidambaram anticipatory bail plea.*PC moves to SC and urges for an urgent mention.*CJI says, matter to be heard by Justice Sharad Bobde's bench tomorrow* Jail oर 'bail with bond'?#PChidambaram#INXMediacase https://t.co/YjNuRdX0BY|
155659213|3236480554|1163799894764560385|C for CongressC for ChidambaramAndC for Corruption.... what a Coincidence... #PChidambaram|
155659213|3236480554|1163792863026528257|Jharkhand BJP leader denies media reports that his son committed suicide due to fear of losing job, says it was family matter...BBC once again leads the way in peddling ‘fake’ news. https://t.co/96sPQzsj6B|
155659213|3236480554|1163491567874666497|कश्मीर के जिहादी आतंक का सच , निशाने पर थे हिंदू और RSS लोग । आप ख़ुद ही सुन लीजिए । https://t.co/VNYUFlLvp5|
155659213|3236480554|1163142751510122497|मैने Google पे Bhikari टाइप किया और पाकिस्तनिया ईमरान की फोटो आ गई,वाह रे गजब , aap भी try करो ! #Bhikhari https://t.co/jb76VB92pr|
155659213|3236480554|1163002094887944192|Rohingya Muslims were settled by previous local J&amp;K govt by allotting land to them in Jammu region border with Pakistan to change the demography of Hindu majority Jammu region .Though Art 370 denies land rights to non J&amp;K residents still this was done by NC n PDP govts 👇👇 https://t.co/laejvWDk3c|
155659213|3236480554|1162786149850423296|We Welcome @KapilMishra_IND ji and @richapandey ji for taking #BJPMembership and Joining Our Family . Together we will work to implement PM Modi's vision for welfare &amp; transformation of our nation &amp; fellow citizens. https://t.co/KxRMqpxmGw|
155659213|3236480554|1162754149211000833|There is a reason why PM is so popular with the masses! https://t.co/q06x2kwIbF|
155659213|3236480554|1162747963132616704|Say #NosingleusePlastic . India is with PM Sh @narendramodi ji drive to Stop  Using Single Use Plastic . https://t.co/4A1aPBrY0W|
155659213|3236480554|1162727934051999744|आज @BJP4Delhi प्रदेश अध्यक्ष श्री @ManojTiwariMP  जी की अध्यक्षता में दिल्ली की अनाधिकृत कॉलोनियों को जल्द से जल्द नियमित कराने के लिए दिल्ली के Honble @LtGovDelhi ji  से मुलाकात की, साथ में @Gupta_vijender Ji, @guptaravinder71 Ji, @rajeshbhatiabjp Ji @AshokGoelBJP Ji भी रहे । https://t.co/AQGva2fnOK|
155659213|3236480554|1162574187891814401|Finance Ministry withdrawn the tax exemption to cash prize of Rs1.3 crore received from the Seoul Peace Prize by PM @narendramodi ji after he wrote to FM he wished to pay income tax on the amount like all other tax-payers in the country.  https://t.co/SI3LQpRyZS|
155659213|3236480554|1162551902795526144|इस देश में गद्दारों की लिस्ट बनाने की अब कोई जरूरत नहीं है , पाकिस्तान खुद बता रहा है कि इंडिया में उसके एजेंट कौन कौन हैं ? यकीन नहीं होता तो खुद सुनो पाकिस्तानी अधिकारियों को 👇🏻 https://t.co/LVSDzQwGx0|
155659213|3236480554|1162326390764646401|Happy birthday @rohit_chahal With warm wishes and hug, I pray that your birthday will be as great as you . Best Wishes for a Bright Future . Keep working hard for New India . https://t.co/7GDrBbJEYz|
155659213|3236480554|1162294891344535552|Pakistan Parliament and its Parliamentarians - what they feel for their PM . https://t.co/v2I9Vvtrf4|
155659213|3236480554|1162230656702664704|We Paid tributes to #Atalji , our beloved leader &amp; former PM on his 1st Punya Tithi. The mind is just flooded with all the memories of the times I spent with Atal ji. I feel blessed to have worked in his era &amp; learnt so much from him. #AtalBihariVajpayee https://t.co/sG7gD43c4H|
155659213|3236480554|1162015548596805632|On the occasion of Independence Day, the Indian passengers arriving at Abu Dhabi airport were being welcomed in this manner today.🇮🇳🇮🇳 https://t.co/A5XWJqkaoy|
155659213|3236480554|1161892099194683392|#मोदी_है_तो_मुमकिन_है Celebrating 073 years of New India . https://t.co/H0xh9FZARP|
155659213|3236480554|1161875694755954688|This is a message I have sent to all my friends, colleagues and social groups. You too can send this appeal to as many people as you can! Lets do our bit to build a New India. #IndependenceDayIndia #स्वतंत्रतादिवस https://t.co/Gabh37QlB3|
155659213|3236480554|1161873164927819776|न सरकार का दबाव हो ना सरकार का अभाव हो @narendramodi ji  #स्वतंत्रतादिवस https://t.co/q3C5LVlwMr|
155659213|3236480554|1161823421514301440|मेरे प्यारे देशवासियों, स्वतंत्रता दिवस के इस पवित्र दिवस पर सभी देशवासियों को अनेक-अनेक शुभकामनाएं: पीएम श्री @narendramodi जी #स्वतंत्रतादिवस https://t.co/WggR0MRXqe|
155659213|3236480554|1161823296675094529|As we celebrate Independence day today, I bow down to all brave freedom fighters who laid their lives for our freedom: PM Shri @narendramodi ji #IndependenceDayIndia https://t.co/AEzEag49Jy|
155659213|3236480554|1161333228424183809|आप ही बतायें कोंग्रेस पार्टी है या परिवारवाद  ? भाजपा व कोंग्रेस का अन्तर आपके सामने है । https://t.co/ehFbZGAOih|
155659213|3236480554|1161313680128131074|प्रियंका से सवाल पूछने पर भड़के कांग्रेसी | आपकी राय क्या है ?? https://t.co/ZiSaTqdTsW|
155659213|3236480554|1161268273654173696|Seat belt Drive by Gujarat police. Its a small video reinforcing  importance of seat belt *for all passengers* in the car. Please share with your friends and family. Be safe. Drive safely. @vijayrupanibjp ji https://t.co/cBXV2EVDEU|
155659213|3236480554|1161131358158229509|Rahul Gandhi’s Congress government looks the other way when it police inflicts atrocities on Tribals . https://t.co/wt8EUbKsft|
155659213|3236480554|1160960885113937920|पाकिस्तान के 'पोस्टर ब्वॉय' बने राहुल गांधी, इनके बयान को कोट कर पत्रकार ने PM मोदी को लेकर किया शर्मनाक कमेंटhttps://t.co/6orW88cBHH-Shared via ZeeNews|
155659213|3236480554|1160934472394727424|Watch PM Modi ji on ‘Man Vs Wild’ with Bear Grylls on Discover at 9pm today.Dish TV: 803Tata Sky: 714Airtel: 420D2H: 441|
155659213|3236480554|1160920418263240705|Watch PM @NarendraModi ji’s adventure with @BearGrylls in the midst of Mother Nature, where Pm Sir talks about Incredible India &amp; our country’s deep commitment to environmental conservationThis special episode of 'Man Vs Wild' will be premiered tonight at 9 pm on @DiscoveryIN https://t.co/7BGwZL9XWT|
155659213|3236480554|1160762688542322689|Real Face Of Congress . Congress is back to doing what they do best - divide the country as Hindus and Muslims. https://t.co/Xbi3IyLBpz|
155659213|3236480554|1160760249932029953|Must Read - Pm @narendramodi ji say he will leave no stone unturned to make India a better business destination.https://t.co/E8wO2giqcs    #SundayThoughts|
155659213|3236480554|1160535201795039232|#MummyReturns https://t.co/AjT8ej27C4|
155659213|3236480554|1160500651127914497|Not a Single bullet fired in Kashmir in the last 6 days,says Chief Secretary J&amp;K and DGP J&amp;K Police . @RahulGandhi जी को भी कोई बताए ये नया भारत है । https://t.co/kgeXOrh4WB|
155659213|3236480554|1160476301540466688|एक घर में बेहद गरीब माँ बेटा रहते थे😢घर में एक ही कुर्सी थी कभी बेटा बैठता,कभी माँ😉 #MummyReturns #ThankYouRahulGandhi|
155659213|3236480554|1160409815367200769|The real fact of #CongressPresident Selection. #CongressKaFamilyDrama https://t.co/GbM4kQ9NKk|
155659213|3236480554|1160262234934665217|I demand @DelhiPolice Commissioner to take action against @RahulGandhi ji for spreading rumours and misleading the people about Jammu &amp; Kashmir Situation . This may disturb the PEACE AND HARMONY . https://t.co/kgeXOryFO9|
155659213|3236480554|1160251671777144832|इसका  #CongressPresident व #SoniaGandhi जी से कोई लेना देना नहीं है । https://t.co/zq4zGoPB2b|
155659213|3236480554|1160228931896672256|Why @RahulGandhi ji is going for EXCUSE POOL then going to his Constituency People Suffering From Heavy Rains and Floods . https://t.co/Rq2bcyDR1g|
155659213|3236480554|1160222516503121920|इधर मोदी जी ने 70 दिनों में 70 साल का मसला सुलझा दिया । उधर #Congress के लिए नया #CongressPresident चुनना बीरबल की खिचड़ी हो गयी है । https://t.co/92FNGCaX4l|
155659213|3236480554|1160220682778603520|#ChaloJeeteHain an inspiring film based on the childhood of beloved PM @narendramodi ji bagged the National Award for the best non-feature film on family values at the 66th National Film Award. https://t.co/wj8UOYXvvX|
155659213|3236480554|1160129340169809923|ये नया भारत है । #370Article से मुक्ति #मोदी_है_तो_मुमकिन_है ।    #SoSorry  #SaturdayThoughts https://t.co/4d7DsQB9F8|
155659213|3236480554|1159880773173837824|आज दिल्ली के अंबेडकर इंटरनेशनल सेंटर में आयोजित दीदी सुषमा स्वराज जी की “उठावनी” पर उन्हें श्रद्धा सुमन अर्पित किए।दीदी का जीवन सदैव हम सभी कार्यकर्ताओं के लिए अनुकरणीय रहेगा। ईश्वर दिवंगत आत्मा को शांति प्रदान करें। ॐ शांतिः https://t.co/KfwSjaXLWh|
155659213|3236480554|1159879037344309248|Must Watch                              https://t.co/KGKKIdPtDK|
155659213|3236480554|1159759137074368512|#SoSorry @IndiaToday https://t.co/8FYTDFZbgm|
155659213|3236480554|1159719231044444160|20 वर्ष बाद राज्यसभा ने पकड़ी ऐसी रफ्तार👉उत्पादकता के लिहाज से दो दशक बाद सबसे प्रभावी रहा 249वां सत्र।👉 104.92% उत्पादकता रही।👉 32 विधेयक पारित हुए।👉 35 बैठकें हुईं।👉 195 घंटे कार्यवाही चली। @BJP4India https://t.co/M31eCAcia7|
155659213|3236480554|1159511557308653569|चुनाव के रिजल्ट के समय 370 पर ओवैसी क्या बोला था देखिये😂😂 अब ओवैसी की बोलती बंद क्यों है । #KashmirWithModi https://t.co/SC10jVMv1M|
155659213|3236480554|1159490231470624770|आप ख़ुद ही सुनिए जम्मू और कश्मीर की जनता की आवाज़ । देश मोदी जी के साथ है । जम्मू - कश्मीर के देश भक्त लोग आतंवाद , अलगावाद , परिवारवाद को ख़त्म करना चाहता है । #KashmirWithModi https://t.co/CA2U87s4Ne|
155659213|3236480554|1159488475453960192|हम सभी यही चाहते हैं कि आने वाले समय में जम्मू-कश्मीर विधानसभा के चुनाव हों, नई सरकार बने, मुख्यमंत्री बनें। मैं जम्मू-कश्मीर के लोगों को भरोसा देता हूं कि आपको बहुत ईमानदारी के साथ, पूरे पारदर्शी वातावरण में अपने प्रतिनिधि चुनने का अवसर मिलेगा: PM  @narendramodi जी|
155659213|3236480554|1159488241189445632|जो सपना सरदार पटेल का था, बाबा साहेब अंबेडकर का था, डॉक्टर श्यामा प्रसाद मुखर्जी का था, अटल जी और करोड़ों देशभक्तों का था, वो अब पूरा हुआ है। एक राष्ट्र के तौर पर, एक परिवार के तौर पर, आपने, हमने, पूरे देश ने एक ऐतिहासिक फैसला लिया है: पीएम @narendramodi जी #KashmirWithModi|
155659213|3236480554|1159478131054522368|ये वो लोग हैं जो बंटवारे के बाद पाकिस्तान से भारत आए थे। क्या इन लोगों के साथ अन्याय ऐसे ही चलता रहता?: PM #ModiNationalAddress|
155659213|3236480554|1159477976418967553|मुझे पूरा विश्वास है कि जम्मू-कश्मीर की जनता, Good Governance और पारदर्शिता के वातावरण में, नए उत्साह के साथ अपने लक्ष्यों को प्राप्त करेगी: PM #ModiNationalAddress|
155659213|3236480554|1159477869036412928|#ModiNationalAddress एक राष्ट्र के तौर पर, एक परिवार के तौर पर,आपने हमने,पूरे देश ने एक ऐतिहासिक फैसला लिया है। एक ऐसी व्यवस्था, जिसकी वजह से जम्मू-कश्मीर और लद्दाख के भाई-बहन अनेक अधिकारों से वंचित थे,जो उनके विकास में बड़ी बाधा थी वो हम सबके प्रयासों से अब दूर हो गई है: पीएम https://t.co/V63GaEV5GR|
155659213|3236480554|1158804548905066498|नैनं छिन्दन्ति शस्त्राणि नैनं दहति पावकः ।न चैनं क्लेदयन्त्यापो न शोषयति मारुतः ॥दीदी @SushmaSwaraj जी अपने आप में एक पूरे का पूरा युग थीं। उनकी कमी कभी पूरी नहीं होगी।भगवान आपकी आत्मा को शांति दें।ॐ शांति https://t.co/MJvoveoSZl|
155659213|3236480554|1158760244245229569|#RahulBacksPakistan https://t.co/CIukecJs5r|
155659213|3236480554|1158384379996979200|सही कहा था मोहतरमा आपने । #370gaya #BharatEkHai  #ModiHaiToMumkinHai https://t.co/CTXuP0xmfU|
155659213|3236480554|1158367512486195200|370 के कारण जम्मू कश्मीर में देश का कोई बड़ा डॉक्टर नहीं जाना चाहता, क्योंकि वहां वो अपना घर नहीं खरीद सकता, वहां का मतदाता नहीं बन सकता और वहां खुद को सुरक्षित नहीं महसूस करता। 370 आरोग्य में भी बाधक है: श्री अमित शाह #BharatEkHai|
155659213|3236480554|1158355007739179008|If opposition raises above vote bank politics they can clearly visualise the follies of #Articles370 .. Anti corruption agencies had no jurisdiction in J&amp;K .. @AmitShah ji|
155659213|3236480554|1158337550769168384|जहाँ हुए बलिदान मुखर्जी...वो कश्मीर हमारा है,वो कश्मीर हमारा है...वो सारा का सारा है।#BharatEKHai #ModiHaiToMumkinHai https://t.co/szzalt3d6J|
155659213|3236480554|1158330560365961216|#ModiHaiToMumkinHai @narendramodi ji @AmitShah ji https://t.co/RRfM8KyUpZ|
155659213|3236480554|1158329767541784577|#ModiHaiToMumkinHai @narendramodi ji @AmitShah ji https://t.co/X6qIFsd2Fn|
155659213|3236480554|1158325627495149568|एक राष्ट्र🇮🇳,एक निशान🇮🇳,एक पहचान🇮🇳@narendramodi ji Salute You Sir🙏@AmitShah ji Thank You Sir for making India proud once again . #ModiHaiToMumkinHai https://t.co/1KYuD5kjL7|
155659213|3236480554|1158295473779818496|जो कहा सो किया । @AmitShah जी #370  #KashmirHamaraHai #AmitShah https://t.co/cIb2jauQA6|
155659213|3236480554|1158256969859420160|भारत माता की जय! 🇮🇳  #BharatEkHai|
155659213|3236480554|1158256731287408640|धारा 370 ख़त्म 35 A ख़त्म आतंक, ब्लैकमेलिंग का गोरख धंधा ख़तमये कांग्रेस और विपक्ष का रोना जो संसद से हो रहा हैं ये पूरा भारत सुन रहा हैंये नया भारत है , देश के हित में सरकार सब करेगी । आतंवाद और उनके समर्थकों को दर्द हो रहा है देश देख रहा है । #KashmirParFinalFight|
155659213|3236480554|1158254729933316096|“धारा 370 हटाने का फ़ैसला.”@AmitShah ji #KashmirParFinalFight #KashmirHamaraHai https://t.co/Tiu6mJ1UPY|
155659213|3236480554|1158237061943402497|संगठन पर्व सदस्यता अभियान के अन्तर्गत शाहदरा जिले के प्रीत विहार मंडल में श्री @ShyamSJaju जी व मंडल टीम के साथ मिलकर मधु विहार में भाजपा के नए सदस्य बनायें । @BJP4Delhi https://t.co/dSeSQlWqz7|
155659213|3236480554|1158204970614710272|Friends, I urge u all to keep calm &amp; avoid any speculation.What u hear from the govt or official channel is the only word and the final word. Don’t fall for speculation or provocation. Please remember you owe this to our great land. Follow what is put on official channels only.|
155659213|3236480554|1158099120009015296|अच्छे दिन आने वाले हैं । https://t.co/rYL8jjgug2|
155659213|3236480554|1158098484869914625|ये नया भारत है , यहाँ सब का हिसाब होगा । आतंवादीयों , देश द्रोहियों को परेशान होने दो , आप क्यों परेशान हो रही हैं @BDUTT जी । देश सुरक्षित हाथों में है । #KashmirParFinalFight https://t.co/WZepRYp8LO|
155659213|3236480554|1158082952439447552|Don’t Worry believe on Allah . India is in safe Hands . All steps r taken for betterment of Jammu &amp; Kashmir People and not for few political families or Terrorists . https://t.co/rrdifvHg0n|
155659213|3236480554|1158026690246979585|मित्रता बड़ा अनमोल रतन,कब उसे तोल सकता है धन?धरती की तो है क्या बिसात?आ जाय अगर बैकुंठ हाथ.उसको भी न्योछावर कर दूँ, "सिर लिए स्कंध पर चलता हूँ,उस दिन के लिए मचलता हूँयदि चले वज्र दुर्योधन परले लूँ बढ़कर अपने ऊपर.कटवा दूँ उसके लिए गला,   रश्मीरथि “ करण संवाद “ ||
155659213|3236480554|1157945344988241921|मयूर विहार फ़ेज़ 2 निगम पार्षद श्रीमती भावना मालिक जी द्वारा आयोजित तीज कार्यक्रम में उपस्थित बहनो ने @BJP4India की प्राथमिक सदस्यता ली, व @narendramodi ji के सवछताअभियान एवं वृक्ष लगाने का संकल्प लिया। @BJP4Delhi https://t.co/oGhMmEzHkn|
155659213|3236480554|1157934142568488961|मयूर विहार ज़िला , मयूर विहार फ़ेज़ 2 निगम पार्षद श्रीमती भावना मालिक जी द्वारा आयोजित सदस्यता अभियान कार्यक्रम में प्रमुख लोगों को पार्टी का सदस्य बनाया। https://t.co/o03DkHQ50P|
155659213|3236480554|1157668508001427456|आज लक्ष्मीनगर विधानसभा के ज्ञान कुंज  , लक्ष्मीनगर मंडल में रोटरी क्लब द्वारा आयोजित कार्यक्रम में वृक्षारोपन किया। साथ में @neema_bhagat जी निगम पार्षद व पूर्व महापौर ,संतोष पाल जी निगम पार्षद , @KalaChhavi जी व अनय गणमान्य लोग भी रहे। PM @narendramodi जी की मुहिम में देश साथ है https://t.co/Ljxw98CCTF|
155659213|3236480554|1157234870579601408|आज संगठन पर्व सदस्यता अभियान @BJP4Delhi के अन्तर्गत नयी दिल्ली जिले के मस्जिद मोठ गाँव में रहना हुआ । जहाँ नए सदस्य बनने के लिए लोगों में उत्साह दिखा व नए लोगों को भाजपा की सदस्यता ग्रहण कराई। https://t.co/1Q6GPalntC|
155659213|3236480554|1157177224128290816|Interesting. https://t.co/hGoHSV5glx|
