155659213|575702002|1188818860733976576|लौह पुरुष सरदार पटेल की जयंती व राष्ट्रीय एकता दिवस पर 31अक्टूबर को माननीय प्रधानमंत्री श्री नरेन्द्र मोदी जी #StatueofUnity, केवड़िया, गुजरात में श्रद्धांजलि देंगे और गृह मंत्री श्री अमित शाह जी दिल्ली के मेजर ध्यानचंद स्टेडियम से झंडा दिखाकर #RunForUnity की शरुआत करेंगे https://t.co/YjOJLRxzMk|
155659213|575702002|1188804071483793411|Actualising the ideals &amp; values of #SardarPatel on his 144th birth anniversary. On #NationalUnityDay, join PM @narendramodi in paying homage to the Iron Man of India Sardar Vallabhbhai Patel, as the whole nation comes together to celebrate #EkBharatShreshthaBharat Details 👇 https://t.co/26jEOpbcZM|
155659213|575702002|1188800238854656001|आज रात्रि 9.30 बजे ट्यून कीजिये आकाशवाणी का इन्द्रप्रस्थ और FM Rainbow चैनल और सुनिए “एक भारत श्रेष्ठ भारत” के तहत वार्ताओं का अखिल भारतीय कार्यक्रम में Radio Bridge Programme. विषय होगा “भारतीय भाषाओं में निहित राष्ट्रीय एकता”#SardarPAtel #SardarVallabhbhaiPatel https://t.co/V2B1fQRGix|
155659213|575702002|1188736736035135488|सार्वजनिक जीवन में शुचिता, पारदर्शिता और जवाबदेही को बढ़ावा देने व भ्रष्टाचार मुक्त समाज की स्‍थापना के उद्देश्य से सतर्कता जागरूकता सप्ताह के अवसर पर आकाशवाणी के महानिदेशक श्री फ़य्याज़ शहरयार और अपर महानिदेशक (अ.) श्री राजीव कपूर ने अधिकारियों और कर्मचारियों को शपथ दिलायी I https://t.co/o9r0URxY6I|
155659213|575702002|1188720403725709312|The #VigilanceAwarenessWeek commenced earlier today at Akashvani Bhawan, New Delhi.  Glimpses👇🏼 https://t.co/Ko04NigJQ1|
155659213|575702002|1188713211152830464|Air quality of Delhi drops to season's worst after #Diwali Know more here👇https://t.co/F4K5IZaobb https://t.co/Pf8kp2Kyrk|
155659213|575702002|1188712399865401344|Arrangements in full swing to celebrate #NationalUnityDay on October 31Read more here 👇https://t.co/yfu3xWaOfP https://t.co/YyS6xwq9H4|
155659213|575702002|1188710365091074050|स्वतंत्र भारत के प्रथम उप प्रधानमंत्री व गृहमंत्री,लौह पुरुष सरदार वल्लभ भाई पटेल ने देसी रियासतों को भारत में विलय कर देश की एकता को मज़बूत कर शाँति और सौहार्द्र कायम किया । पेश है उनके भाषण के सम्पादित अंश ।#SardarVallabhbhaiPatel #SardarPatelhttps://t.co/O12ozTgA9u|
155659213|575702002|1188685978984009728|Quote of the day with AIR 🌞#MondayMotivation #MondayThoughts #MondayMorning #SardarPatel #SardarVallabhbhaiPatel https://t.co/Q6vgUMC3qZ|
155659213|575702002|1188416872548458497|प्रतिभाशाली गायिका दीपा मनमदन जी ने कई संगीत  समारोहों और आकाशवाणी एवं दूरदर्शन के कार्यक्रमों में अपने गायन से श्रोताओं को मंत्रमुग्ध किया है । आज रात्रि 9:30 बजे ट्यून कीजिये आकाशवाणी का इंद्रप्रस्थ चैनल व रागम DTH  और दीपा मनमदन के गायन का आनंद लीजिये । https://t.co/6cD7zNEYZV|
155659213|575702002|1188370973172494336|Listen to Prime Minister @narendramodi speak on the occasion of Diwali as he salutes the “Light” and exhorts us all to promote positivity and work together to destroy the feeling of animosity.#MannKiBaat #Diwali2019https://t.co/5jzMLoK8jf|
155659213|575702002|1188359249493032960|Listen to a radio serial on Understanding and Managing #climatechange &amp; #GlobalWarming today.Details below👇 https://t.co/Bs3jyqvocp|
155659213|575702002|1188338069096693762|Find the complete text of #MannKiBaat here 👇https://t.co/QDRgwkwfc1|
155659213|575702002|1188337140624551936|पर्व-त्योहारों के अवसर पर कारीगरों, बुनकरों या खादी वालों के हाथ से बनी हुई स्थानीय चीजों की खरीदारी कर हम गाँधी जी की 150वीं जयंती वर्ष में अहम भूमिका निभा सकते हैं।#PMonMannKiBaat #MannKiBaat #Gandhi150 #Diwali https://t.co/wTY3BVA4ur|
155659213|575702002|1188336360802795520|Missed today's #MannKiBaat ?Listen to it here👇https://t.co/QDDEI3HV2M|
155659213|575702002|1188334943182585857|दीपावली की शुभकामनाएँ देते हुए मोदी जी ने आगाह किया कि पटाखे आदि से आग लगने की संभावना रहती है । इसलिये सावधानी से संभलकर इस्तेमाल कीजिये और उत्सव को उमंग से मनाइए।#PMonMannKiBaat #MannKiBaat #Diwali #Diwali2019 https://t.co/MSUHtNQOve|
155659213|575702002|1188334914820722689|PM @narendramodi concludes the 5th edition of #MannKiBaat by extending his felicitations on the auspicious occasion of Diwali &amp; urges the nation to take utmost caution &amp; care during the festival of light. #PMOnAIR#GreenDiwali https://t.co/SpWZoqivn9|
155659213|575702002|1188334207061254144|PM @narendramodi exhorts the nation to buy locally made goods this Deepawali and purchase handloom products made by our weavers, our khadi artisans to realise the goal of #Gandhi150. #MannKiBaat https://t.co/aXwPXYcy8n|
155659213|575702002|1188334168096178176|सियाचिन ग्लेशियर में #IndianArmy द्वारा चलाये जा रहे स्वच्छता अभियान और हमारे देश के जांबाज़ सिपाहियों की प्रशंसा करते हुए प्रधानमंत्री नरेंद्र मोदी ने अपने रोचक अनुभव साझा किए ।  #MannKiBaat #MannKiBaat #SwachhBharatMission https://t.co/V3L6v6qoBU|
155659213|575702002|1188333801400754177|स्वच्छता के सुखद अनुभवों को साझा करते हुए प्रधानमंत्री मोदी ने कहा कि देश के कोने-कोने में करोड़ों हिंदुस्तानियों के प्रयास से #SwachchhBharat का सपना साकार हो रहा है । हर व्यक्ति के ज़ुबान पर स्वच्छता की कहानी है । #MannKiBaat #SwachhBharatMission https://t.co/a1RkmBJ52e|
155659213|575702002|1188333626951229441|PM @narendramodi commends Indian Army (@adgpi) for segregation and effective management of waste at the highest battlefield in the world #Siachen, thereby contributing positively to its fragile ecosystem. #SwachhSiachen#MannKiBaat#PMOnAIR https://t.co/o8gYNJFkeN|
155659213|575702002|1188333420872527872|कर्तव्यबोध के साथ एकता का स्वर देश को बहुत बड़ी ताक़त देते हैं। #PMonMannKiBaat https://t.co/2Kb8BkotrV|
155659213|575702002|1188333244497874944|देश की एकता पर ज़ोर देते हुए 31अक्तूबर को #SardarPatel की जयंती पर #राष्ट्रीयएकतादिवस के अवसर पर प्रधानमंत्री ने देशवासियों से #RunForUnity में हिस्सा लेने का आह्वान किया। उन्होंने कहा कि इस दौड़ से #FitIndia के साथ #EkBharatShresthBharat का मक़सद भी पूरा होता है।#PMonMKB https://t.co/3DJ6rmkDou|
155659213|575702002|1188333056161005569|Pointing to the 2010 Ram Janmabhoomi Allahabad High Court verdict, PM @narendramodi expressed his happiness,  that the dignity of the judiciary was very proudly honoured and no allowance for any heated discourse or tension was made anywhere. #MannKiBaat#PMOnAIR https://t.co/CS4EGHjhLN|
155659213|575702002|1188332779571822592|PM @narendramodi speaks on the #RunForUnity - a symbol of unison, that a united India is moving in one direction &amp; collectively aiming for one goal - #EkBharatShreshthaBharat. He also alludes to Run for Unity as being in sync with the goal of #FitIndia.  #MannKiBaat#PMOnAIR https://t.co/V99AFZYesq|
155659213|575702002|1188332493625184256|PM @narendramodi informs that the #StatueofUnity has been included in the list of 100 important tourist destinations around the world by @TIME. He reiterates his appeal to every Indian to travel to at least 15 Tourist Destinations across India. #MannKiBaat#PMOnAIR https://t.co/GXW4KO6Wur|
155659213|575702002|1188332225680433152|टाइम्स पत्रिका में #StatueOfUnity को 100 अहम पर्यटन स्थलों में शामिल करने को हिंदुस्तानियों के लिए गौरव की बात कहते हुए प्रधानमंत्री ने कम से कम 15 पर्यटन स्थलों के भ्रमण की सलाह भी दी।  #MannKiBaat #IncredibleIndia #SardarPatel https://t.co/rpjuXDuIcf|
155659213|575702002|1188332212539686912|PM @narendramodi : '31s October,2018, is the day when the #StatueofUnity, tallest statue in the world, in memory of Sardar Saheb was dedicated to the nation and the world.  The distinction of having the world's highest statue fills every Indian with pride' #MannKiBaat#PMOnAIR https://t.co/D8US3mX6u9|
155659213|575702002|1188331860620763136|अपने #MannKiBaat कार्यक्रम में मोदी जी ने #SardarPatel के प्रति अपार श्रद्धा-आस्था दर्शाते हुए लोगों से दुनिया की सबसे ऊँची प्रतिमा #StatueOfUnity की भव्यता के दर्शन करने के लिए आग्रह किया। #PMonMannKiBaat #IncredibleIndia #MKB https://t.co/M2Sl9H4RuL|
155659213|575702002|1188331819478863872|PM @narendramodi  invites the nation to visit the picturesque islands of Lakshadweep and recalls #SardarPatel’s prompt action with the help of the Mudaliar brothers and others in thwarting the nefarious designs of our neighbour to illegally annex it. #MannKiBaat#PMOnAIR https://t.co/U2TVMj31ba|
155659213|575702002|1188331551957733378|देसी रियासतों के विलय के दौरान #Lakshdweep की सुरक्षा के लिए भारत के प्रथम गृह मंत्री #SardarPatel की दूरदर्शिता और सूझबूझ की प्रधानमंत्री नरेंद्र मोदी ने तारीफ़ की और वहाँ की खूबसूरती और पर्यटन की ऒर भी ध्यान आकृष्ट किया । #PMonMannKiBaat #IncredibleIndia https://t.co/DphMINmGWj|
155659213|575702002|1188331413449236480|Elaborating on the meticulousness of #SardarPatel's planning, PM @narendramodi mentions about Sardar's initiative to use the Congress session in 1921 at Ahmedabad to improve the city's water supply network &amp; promote sale of Khadi. #MannKiBaat#PMOnAIR https://t.co/ePBFAL0Ja1|
155659213|575702002|1188331039854170112|1921 में अहमदाबाद में कांग्रेस अधिवेशन में पानी की व्यवस्था,जूते या कोई सामान के लिये #Khadi के थैले का प्रबंध आदि के विषय में  #SardarPatel की योजना और कार्यशैली की तारीफ़ करते हुए प्रधानमंत्री ने एक घटना का उदाहरण दिया।#SardarVallabhbhaiPatel https://t.co/2mq58sEe7Z|
155659213|575702002|1188330829392429056|Reminding the nation of the  significance of the 31st of October, birth anniversary of the Iron Man of India, Sardar Vallabhbhai Patel, PM @narendramodi mentions that he was a 'Man of Detail',whose core forte was chalking out plans &amp; devising strategies. #MannKiBaat#PMOnAIR https://t.co/5lkzsOIY0k|
155659213|575702002|1188330757292347392|देश को एकता के सूत्र में पिरोने वाले लौह पुरुष #SardarPatel की कार्यकुशलता और कार्यशैली को याद करते हुए प्रधानमंत्री मोदी ने उन्हें अद्भुत क्षमतावान व्यक्ति बताया ।#MannKiBaat #PMonMannKiBaat #SardarVallabhbhaiPatel https://t.co/dE0MJzuojo|
155659213|575702002|1188330431025860608|Commemorating the 550th Prakash Parv of Guru Nanak Devji, PM @narendramodi refers to the visit by Ambassadors of 85 countries to the Golden Temple for a holy Darshan and to know more about Sikh traditions and culture. #MannKiBaat#PMOnAIR https://t.co/1mu2oyu7fP|
155659213|575702002|1188330414101819393|गुरुनानक देव के 550वें प्रकाश उत्सव पर शीश नवाते हुए मोदी जी ने उनके मानवता के प्रति सेवा, समर्पण, सद्भावना की चर्चा करते हुए उनके विचारों और आदर्शों पर चलने की कामना की।#MannKiBaat #550PrakashPurab #550YearsOfGuruNanakDevJi #GuruNanak550 सुनने के लिए👇🏻https://t.co/8noo0B1rQu https://t.co/9ksHZ5NyTA|
155659213|575702002|1188330118709514240|PM mentions about ‘Udaasi’, spiritual journeys by Guru Nanak Ji carrying the message of peace, thereby securing a revered place in the hearts of millions who followed his messages with complete devotion, a practice that continues even in the present times. #MannKiBaat#PMOnAIR https://t.co/GI54QPtCxr|
155659213|575702002|1188329659743686657|PM @narendramodi:'The 550th Prakashotsav of #GuruNanakDev ji will be celebrated across the world on 12th November. The luminescence of his influence is felt not only in India but across the world as he believed that any service done selflessly was beyond evaluation' #MannKiBaat https://t.co/H0KCD8COhT|
155659213|575702002|1188329180527656960|PM @narendramodi quotes well known 17th century poetess #SanchiHonnamma who penned a poem encapsulating the thought that our daughters are our pride &amp; their prodigious virtuosity cradles our social fabric, ensuring its bright future. #MannKiBaat#PMOnAIR https://t.co/uMjj9KmySj|
155659213|575702002|1188328873848528896|In response to PM @narendramodi's call to celebrate India’s #NariShakti, the power and achievement of women-the Lakshmi of India, he shares &amp; lauds few inspirational responses from the social media. #BharatKiLaxmi#MannKiBaat#PMOnAIR https://t.co/ZkDFJOThjA|
155659213|575702002|1188328809856024576|प्रधानमंत्री मोदी ने 17वीं शताब्दी की कन्नड़ कवयित्री साँची होनम्मा की कविता का ज़िक्र करते हुए बेटियों के कारण मिली प्रसिद्धि को समाज की मजबूती और भारत की लक्ष्मी का भविष्य उज्जवल बताया।👧#BharatKiLaxmi #MannKiBaat https://t.co/4oH3dkR3AZ|
155659213|575702002|1188328414006001664|मोदी जी ने नारी शक्ति के सम्मान और  माता,बहनों,बेटियों की सराहना करते हुए असम राइफ़ल की मेजर खुशबू कंवर,पेंटिंग करने वाली कविता तिवारी, स्टेशन में पानी पिलाने वाली 92 वर्ष की बुज़ुर्ग महिला जैसी और भी प्रेरक कहानियाँ share करने का आग्रह किया। #BharatKiLaxmi #MannKiBaat #MKB https://t.co/ad8pwUGU42|
155659213|575702002|1188328328509263873|PM @narendramodi :India is recreated everywhere when Diwali is celebrated world over by not just Indians but people of all nationalities,Governments &amp; social groups. He also mentions the role of the Indian diaspora in popularising festival tourism in India.#MannKiBaat #PMOnAIR https://t.co/IJarCAqrDh|
155659213|575702002|1188327929366765568|विदेशों में भी उत्साह-उमंग से मनाये जाने वाली दीपावली और भारत के विभिन्न उत्सवों का ज़िक्र करते हुए प्रधानमंत्री मोदी ने भारत में #FestivalTourism की संभावनाओं की बात कही। #PMonMannKiBaat #MKB #Diwali #Diwali2019 https://t.co/mYp99XC5JK|
155659213|575702002|1188327521374224384|माननीय प्रधानमंत्री श्री नरेन्द्र मोदी ने मन की बात कार्यक्रम की 5वीं कड़ी के आरम्भ में "दिव्य ज्योति" को नमन करते हुए देशवासियों को पावन पर्व दीपावली की शुभकामनाएँ दीं और कहा कि प्रकाश फैलाएं और सकारात्मकता से शत्रुता की भावना को ख़त्म करने की प्रार्थना करें#MannKiBaat #Diwali https://t.co/GpZ25567Su|
155659213|575702002|1188327383213862912|Prime Minister @narendramodi  begins the 5th edition of #MannKiBaat on the occasion of Diwali by saluting the “Light”: Let's spread the light, promote positivity and work to destroy the feeling of animosity, PM adds.#PMOnAIR https://t.co/p6ajp9eXj6|
155659213|575702002|1188326405194436613|#OnAIR Shortly📡: PM @narendramodi to interact with the Nation in this month's edition of #MannKiBaat on the auspicious day of #DiwaliStay tuned! #PMOnAIR https://t.co/rsXOpjQtKz|
155659213|575702002|1188301659123769344|कहीं रंगोली,कहीं फूलझड़ी,🎇 रंग-बिरंगी दीपों की लड़ी,सजे हैं घर-आँगन,खिले-खिले हैं सबके चेहरे,चहुँ दिशा में खुशियों की लहर,कामना सुख-समृद्धि की, 👣उमंगों की बहार,आप सबको बधाईयाँदीपों का शुभ त्यौहार Iदीपावली की शुभकामनाएँ  🙏🎊 https://t.co/7Ln6iKwQuJ|
155659213|575702002|1188091653308862465|पंडित बरुन कुमार पाल जी एक उत्कृष्ट गिटार वादक हैं I भारतीय शास्त्रीय संगीत में हवाईन स्लाइड गिटार का प्रयोग उनकी अद्भुत प्रतिभा का परिचय है I आज रात्रि 9:30 बजे ट्यून कीजिये आकाशवाणी और आनंद लीजिये गिटार वादन का 🎼 https://t.co/NL7rttbgVL|
155659213|575702002|1188088348339867648|Listen to the archived interview of Yashwant Buwa Joshi in this episode of #Anugoonj 🎼 Tonight at 9:30 pm⏱️ on FM Gold 📻 https://t.co/Jo06qtDH60|
155659213|575702002|1188087382282686466|किसी कार्य में लगन और समर्पण से ही छोटी-छोटी ज़रूरतों को पूरा कर आत्म निर्भरता के लक्ष्य को प्राप्त किया जा सकता है । सरदार वल्लभ भाई पटेल ने अपने भाषण में कारखाने और चरखे की अहमियत पर अपनी बात कही । उनके भाषण के सम्पादित अंश सुनिये 👇#SardarPatel https://t.co/OSJGUVwFI4|
155659213|575702002|1188001241722343424|माननीय प्रधानमंत्री श्री @narendramodi भारत की जनता के साथ साझा करेंगे अपने मन की बात ।📅: 27 अक्टूबर, 2019⏰: सवेरे 11 बजे 📻 आकाशवाणी और दूरदर्शन के सभी चैनलों पर #MannKiBaat https://t.co/Rjrc7KYrnm|
155659213|575702002|1187919879791403008|Listen to AIR-BBC-ABC co-production program #STUMPED 🏏A special weekly series on #Cricket Today at 11.30 amOn FM Rainbow Stay tuned! https://t.co/sn6s6z9gow|
155659213|575702002|1187918857056346113|Quote of the day with AIR 🌞#SaturdayMotivation #SaturdayThoughts #SaturdayMorning #Gandhi150 https://t.co/s3XcfP1BYy|
155659213|575702002|1187719164196089857|तितली उड़ी, उड़ जो चली ..सूरज फ़िल्म के लिए मशहूर गायिका शारदा राजन अय्यंगर के गाये इस गीत की ताज़गी आज भी बरक़रार है I इसके अलावा 'जाने चमन शोला बदन','दुनिया की सैर कर लो' जैसे कई गीतों में उनकी आवाज़ की शोख़ी और अल्हड़पन लोगों को खूब भाया I शारदा जी आपको जन्म दिन की शुभकामनाएँ https://t.co/XduMn3ieji|
155659213|575702002|1187680876051648513|Reliving the primordial symphony of nature.Tune in tonight, as we take a behind the scenes look at how @AkashvaniAIR collaborated with several International broadcasters in bringing to you the 'Dawn chorus of birds' in our presentation #OrnithoSerenade 🐦 https://t.co/qqUaX9H0uB|
155659213|575702002|1187669191593037824|A humourist &amp; a popular tv personality, Jaspal Singh Bhatti is fondly remembered for his unconventional yet uncompromising take on contemporary societal issues. His series #FlopShow #FullTension remain the gold standard of satire in India. Tribute on his death anniversary. https://t.co/DPNEVNNyM8|
155659213|575702002|1187647668752797696|निरंतर प्रगति के लिए देश में अमन-चैन रहे और नैतिक मूल्यों के संवर्धन के लिये आपसी प्रेम और सद्भाव हो । इस संबंध में सुनिये लौह पुरुष सरदार वल्लभ भाई पटेल के भाषण के सम्पादित अंश 👇#SardarPatel #SardarVallabhbhaiPatelhttps://t.co/NGLlmx5gRF|
155659213|575702002|1187623782078246912|मैं पल दो पल का शायर हूँ.🎼जो वादा किया ..🎼चलो एक बार फिर से..🎼साहिर लुधियानवी की कलम से झरे ऐसे हज़ारों रूमानी गीत मदहोश कर जाते हैंI मोहब्बत के नग़में हों या ज़िन्दगी का फलसफ़ा, उनके अल्फ़ाज़ आज भी दिल की गहराइयों में उतरते चले जाते हैं I उनकी पुण्यतिथि पर विनम्र स्मरण। https://t.co/3sbcOfDV67|
155659213|575702002|1187622342769270784|BWF French Open: PV Sindhu, Saina Nehwal enter quarterfinalsRead more here 👇https://t.co/IPDMf1K0jF|
155659213|575702002|1187600724164632577|जड़ी-बूटी से रोगों का इलाज करना भारत की प्राचीन परम्परा हैl आयुर्वेद एक चिकित्सा पद्धति तो है ही, ये जीवन का विज्ञान भी हैI विशेष गुणों के कारण आयुर्वेदिक दवाईयों का दुष्प्रभाव नहीं होता हैI इसलिए आयुर्वेद से इलाज सरल व सुरक्षित हैI राष्ट्रीय आयुर्वेद दिवस की शुभकामनाएँ।#Ayurveda https://t.co/0llPvQYimr|
155659213|575702002|1187599681766883328|आरोग्यता जीवन का आधार है और आरोग्य जीवन की समृद्धि और घर में खुशहाली के लिए धन-धान्य की परिपूर्णता आवश्यक है I भगवान धन्वन्तरि के वंदन-पूजन से घर में बरकत होती है जिससे जीवन सुचारू रूप से निर्बाध और निरंतरचालायमान रहता है I धनतेरस की हार्दिक शुभकामनाएँ https://t.co/bpLQ7SnVZR|
155659213|575702002|1187571180846272512|Quote of the day with AIR 🌞#FridayThoughts #FridaysForFuture #FridayMotivation #FridayMorning #SardarPatel https://t.co/ubuWw0t4so|
155659213|575702002|1187396125923278850|सूचनाओं के आदान-प्रदान से जीवन में नए आयाम जुड़ते है जिससे व्यक्तित्व का विकास होता है I देश-दुनिया और समाज की समस्याओं के हल और अंतर्राष्ट्रीय सहयोग के लिए विकास सूचना ज़रूरी है I सूचनायें मन-मस्तिष्क को आकार देने में अहम् भूमिका निभाती हैं. विश्व विकास सूचना दिवस की शुभकामनाएँ https://t.co/HeAv8Dxmrf|
155659213|575702002|1187348018468552707|माननीय प्रधानमंत्री श्री @narendramodi भारत की जनता के साथ साझा करेंगे अपने मन की बात ।📅: 27 अक्टूबर, 2019⏰: सवेरे 11 बजे📻 आकाशवाणी और दूरदर्शन के सभी चैनलों पर#MannKiBaat https://t.co/X2kE13Vy2c|
155659213|575702002|1187335500434038785|.@AIRIMPHAL2 ,on the sidelines of #AkashvaniSangeetSammelan2019, the broadcaster DG @fsheheryar with staff of Imphal on his right &amp; iconic music artists on the left celebrating the revered legacy of AIR. 🎼 https://t.co/yLn8JOpnOz|
155659213|575702002|1187322563807940608|अधूरी प्रेम कहानी की दास्तान “फिर मिलेंगे”.  ये नाटक हम आपको सुनवायेंगे आज रात्रि 9:30 बजे आकाशवाणी के इन्द्रप्रस्थ चैनल पर और कल 25 अक्टूबर 2019 की रात्रि 10:05 बजे FM Gold पर 📻 https://t.co/1nWYQ1whEc|
155659213|575702002|1187319416309960704|नारायण..नारायण.. अभिनेता जीवन ने 60 से ज़्यादा फ़िल्मों में पौराणिक पात्र देवर्षि नारद के किरदार को जीवंत किया था. उनके अभिनय में खलनायकी का अंदाज़ कुछ अलग था. कोहिनूर,नया दौर,धरमवीर,नसीब जैसी कई फ़िल्मों में अपनी भूमिका को बड़ी संजीदगी से निभाया. उनकी जयंती पर विनम्र स्मरण https://t.co/bLT2xkdjyK|
155659213|575702002|1187311839090102278|▶ Revolutionary of Indian Independence movement ▶ Officer of the Azad Hind Fauj ▶ Set up the Rani of Jhansi regiment along with Netaji▶ Minister of Women's affairs in the Azad Hind government Tribute to Captain #LakshmiSahgal on her birth anniversary. https://t.co/LMjv3nyHdj|
155659213|575702002|1187274979965931522|A humorist, illustrator &amp; an acclaimed cartoonist, RK Laxman is best remembered for his creation #TheCommonMan and the popular daily cartoon strip #YouSaidIt.Tribute on his birth anniversary. 🙏 https://t.co/4x2rcAeG9s|
155659213|575702002|1187272640244768768|ज़िन्दगी कैसी है पहेली..🎼लागा चुनरी में दाग़..यारी है ईमान मेरा..पार्श्वगायन में शास्त्रीय संगीत को विशिष्ट पहचान दिलाने वाले मन्ना डे ने 4000 से ज़्यादा गीतों से संगीत रसिकों को अपना मुरीद बनाया. कठिन गीतों को सहजता से गाने में उनका कोई सानी नहीं था. पुण्यतिथि पर सादर नमन🙏 https://t.co/YKnyDBJvPV|
155659213|575702002|1187254841774444545|दो बूँद ज़िन्दगी की.. 💧💧बच्चे देश के भविष्य हैं और इसीलिए जन्म से ही बच्चों की सेहत का ख्याल रखना ज़रूरी है क्योंकि स्वस्थ तन में स्वस्थ मन का वास होता है. 0 से 5 साल के बच्चों को पोलियो की ख़ुराक दीजिये. ज़िन्दगी चलती रहे, हँसती-मुस्कुराती रहे. 👶  #WorldPolioDay2019 https://t.co/sppnI4aXwe|
155659213|575702002|1187240723256631296|विश्व में शांति, सहयोग, सौहार्द्र, मानवाधिकारों की रक्षा और सामाजिक विकास को बढ़ावा देकर इस धरती पर बेहतर भविष्य का निर्माण संभव है. अंतर्राष्ट्रीय स्तर पर अमन-चैन कायम करने में संयुक्त राष्ट्र संघ की भूमिका अहम रही है. संयुक्त राष्ट्र संघ दिवस की शुभकामनाएँ. #UnitedNationsDay https://t.co/vF86uvqHSf|
155659213|575702002|1187238878618324992|#UnitedNationsDay is being observed today. #OnThisDay 74 years ago, @UN was founded to support collective action to realize peace, development &amp; human rights for all. This year’s UN Day theme is: “Our Planet, Our Future.”#UnitedNations https://t.co/NGfitd0aiX|
155659213|575702002|1187232420770107393|Quote of the day with AIR 🌞#ThursdayMotivation #ThursdayThoughts #ThoughtOfTheDay #Gandhi150 https://t.co/b0v62KiaAR|
155659213|575702002|1187190837987303424|On the occasion of 58th #ITBPRaisingDay, @AkashvaniAIR parivar extends warm greetings &amp; best wishes to all personnel of @ITBP_official and their families May you continue to flourish &amp; prosper and bring glory to the nation 🇮🇳 #ITBP | #Himveers | #ITBPRaisingDayParade https://t.co/ZM8LQLJTC2|
155659213|575702002|1186940964058714115|जूट को "सोने का रेशा" भी कहा जाता है । जूट से बनी थैलियाँ, प्लास्टिक-पॉलीथिन की अपेक्षा ज़्यादा टिकाऊ होती हैं। "जूट" के बोरे, दरी, तम्बू, तिरपाल, टाट, रस्सियाँ, निम्नकोटि के कपड़े तथा कागज़ आदि के इस्तेमाल में आसानी व पर्यावरण के अनुकूल हैं । #SayNoToPlastic #PlasticFreeIndia https://t.co/Wh8dHKZjfH|
155659213|575702002|1186940532662001669|आज आकाशवाणी पर विज्ञान भारती कार्यक्रम के ख़ास आकर्षण हैं 📚🔹डॉ. कलाम स्मारक संग्रहालय की शब्द ध्वनि,🔹जल कार्यकर्ता उमा शंकर पांडे से भेंटवार्ता, 🔹प्रथम राष्ट्रीय हिंदी विज्ञान लेखन सम्मलेन,नोबेल पुरस्कार, 🔹विश्व खाद्य दिवस की बातें और प्रसिद्द वैज्ञानिकों की स्मृतियाँ.. https://t.co/2N7RzxyMTY|
155659213|575702002|1186929537772380161|On International #SnowLeopardDay, let curiosity save the cat! 🐯Listen to our presentation 'Tales of Gyamo &amp; Sultan' where renowned film maker Mike Pandey and his team throw light on this elusive yet majestic animal.Click here 👇https://t.co/IMZSq3rNaT https://t.co/2HF4oy3alU|
155659213|575702002|1186899313407873025|अपने सहज और स्वस्थ अभिनय से दर्शकों को हँसाकर लोटपोट करने वाले हास्य अभिनेता #DevenVerma ने चोरी मेरा काम, अंगूर, गोलमाल, खट्टा-मीठा, रंग बिरंगी जैसी कई कामयाब फ़िल्में दीं l वे नादान, बेशर्म, बड़ा कबूतर, दाना-पानी फ़िल्म के निर्माता–निर्देशक भी थे l उनकी जयंती पर विनम्र नमन 🙏 https://t.co/vE6NjmA4Vl|
155659213|575702002|1186889045172867073|A symbol of the Indian Independence Movement &amp; a folk hero, #RaniOfKittur Kittur Chennamma was one of the first rulers to offer resistance in defiance of the implementation of the Doctrine of Lapse.Respectful tribute on her birth anniversary. https://t.co/PtK4AjZVnE|
155659213|575702002|1186877015363702784|#IndianRailways install most advanced #ElectronicInterlockingSystem on Grand Chord route. Grand Chord is part of the Howrah-Gaya-Delhi line and Howrah-Allahabad-Mumbai line.  🚂Read: https://t.co/9rhhutB1dH https://t.co/DCuf2BnY4W|
155659213|575702002|1186876114913779712|2 #BrahMos Surface to Surface missiles were fired by @IAF_MCC at Trak Island in the Andaman Nicobar group of islands on 21 &amp; 22 Oct. The twin firings have been carried out as a part of the routine operational training.Read: https://t.co/GJ3mzmWW0I https://t.co/F7qD55iFwN|
155659213|575702002|1186870480734580737|Quote of the day with AIR ⛅️#Gandhi150 #GandhiAt150 #WednesdayWisdom #WednesdayThoughts #WednesdayMotivation https://t.co/B3VZC20wBH|
155659213|575702002|1186604131672178688|In the run-up to #UnitedNationsDay to be observed on October 24th, tune in for a special discussion entitled 'Success Count of the #UnitedNations' where our panelists discuss the role of @UN in promoting global peace &amp; development and look at India's growing role within the UN. https://t.co/6sC3ocN2XJ|
155659213|575702002|1186514869786333184|Prime Minister Shri @narendramodi  will share his #MannKiBaat with the people of India &amp; abroad on 27th October on all channels of @AkashvaniAIRShare your ideas &amp; suggestions by dialing the toll free number 1800-11-7800 or by posting on the @mygovindia open forum. https://t.co/oM0AYY6AkK|
155659213|575702002|1186509722679037952|A historic win for #TeamIndia 🇮🇳India wins the 3rd Test by an innings &amp; 202 runs against South Africa. It is also India's first-ever clean sweep in Test cricket over South Africa!🏏Congratulations to the team👏Read: https://t.co/j8nGzpEy4M https://t.co/egC0uD1TsC|
155659213|575702002|1186505767588782081|Quote of the day with AIR 🌤️#TuesdayMotivation #TuesdayThoughts #TuesdayMorning #Gandhi150 https://t.co/C0SbQvUTLE|
155659213|575702002|1186247872666198017|सुनें 'शब्द ज्योति'-दीपावली के उपलक्ष्य में कवि सम्मलेन 🎤वार्ताओं के अखिल भारतीय कार्यक्रम में आज रात्रि 9:30 बजे इंद्रप्रस्थ चैनल एवं 10:05 बजे एफ एम गोल्ड पर#Diwali2019 #Diwali https://t.co/y7oHgruyEM|
155659213|575702002|1186217048810016768|Iodine is an essential micronutrient required for normal thyroid function, growth &amp; development.On Global #IodineDeficiencyDisorders Prevention Day, let's pledge to create awareness of the need to prevent iodine deficiency &amp; ensure that #IodatedSalt is easily accessible to all. https://t.co/dF7JGbIXBC|
155659213|575702002|1186177359931535360|'रोमांटिक फ़िल्मों के बादशाह' #YashChopra ने दाग़, दीवार, कभी-कभी, सिलसिला, चाँदनी, लम्हे, दिल तो पागल है, डर, वीर-ज़ारा जैसी 22 शानदार फ़िल्मों का निर्देशन किया। उन्हें 6 राष्ट्रीय, 12 फ़िल्मफ़ेयर और दादा साहेब फाल्के पुरस्कार मिला था. यशजी की पुण्यतिथि पर विनम्र स्मरण🙏 https://t.co/W8eKnk6i1K|
155659213|575702002|1186173319462047744|#OnThisDay in the year 1943 at the Cathay Theater in Singapore, the establishment of the Arzi Hukumat-e-Azad Hind (The Provisional Government of Free India) was proclaimed.Who was the Head of State of this Provisional Indian Government-in-exile? #AIRAsks | #AzadHind|
155659213|575702002|1186167548754059264|'अजीब जानवर है कितना भी खाए भूखा ही रहता है'शान फ़िल्म में 'शाकाल' के किरदार से #KulbhushanKharbanda खूब चर्चित हुए. उनके अंदाज़ और संवाद अदायगी से विलेन की नई छवि बनी. मंथन, भूमिका, अर्थ, शान, माचिस, बॉर्डर आदि उनकी शानदार फ़िल्में हैं. जन्मदिन की शुभकामनाएं 💐 https://t.co/I5I3WbT413|
155659213|575702002|1186160659873984512|सिलसिला हमारे आपके मन की बातों-मुलाकातों का l जो कोई कह दे हमारे आपके #मनकीबात तो बन जाये अपनी बात l माननीय प्रधानमंत्री श्री @narendramodi के साथ नए भारत के जन-जन के "मन की बात" आकाशवाणी के सभी चैनलों पर रविवार 27 अक्टूबर प्रातः 11 बजे#MannKiBaat 📻 https://t.co/s2pXrWUbUG|
155659213|575702002|1186140581073838080|Quote of the day with AIR 🌥️#MondayMotivation #MondayMorning #MondayMood #Gandhi150 https://t.co/C8bkjrpYNS|
155659213|575702002|1186137159910084608|On #PoliceCommemorationDay, our respectful homage to those police personnel who have made the supreme sacrifice at the altar of duty putting service above self and tribute to the policemen &amp; policewomen serving India. https://t.co/sYypRC0frh|
155659213|575702002|1186133051190865920|'आजकल तेरे मेरे प्यार के चर्चे हर ज़बान परसबको मालूम है और सबको खबर हो गई..'#ShammiKapoor's formidable screen presence along with  innovative &amp; energetic dance steps made him a heart-throb of millions in the 60s. Tribute on his birth anniversary. https://t.co/o8Gt8SuB5H|
155659213|575702002|1185777448413085697|प्रतिभा के धनी गायक रवींद्र परचुरे का 4 वर्ष की आयु से ही संगीत से जुड़ाव हुआ और आगे चलकर गुरु शिष्य परंपरा में आगरा-ग्वालियर घराने के प्रसिद्ध गायक अरुण काशलकर के सान्निध्य में गायन सीखा । आज रात्रि 9:30 बजे ट्यून कीजिये आकाशवाणी और सुनिए इनका गायन 🎶 https://t.co/tiJpGyTAVx|
155659213|575702002|1185776976566468610|Quote of the day with AIR 🌞#GandhiAt150 #Gandhi150 #SundayMorning #SundayThoughts #SundayMotivation https://t.co/xZJ6p5uYcV|
155659213|575702002|1185776427964096512|माननीय प्रधानमंत्री श्री @narendramodi भारत की जनता के साथ साझा करेंगे अपने मन की बात ।📅: 27 अक्टूबर, 2019⏰: सवेरे 11 बजे 📻 आकाशवाणी और दूरदर्शन के सभी चैनलों पर #MannKiBaat https://t.co/7vKLsysvun|
155659213|575702002|1185579620327940096|पं. सुरेश तलवलकर जी के साथ तबले पर संगति की उनकी सुपुत्री सावनी तलवलकर ने । पखावज पर थे ओंकार दलवी, हारमोनियम पर लहरा दे रहे थे तन्मय देवचके और गायन स्वर था विनय रामदासन का ।#AkashvaniSangeetSammelan https://t.co/c3TMSaZbU9|
155659213|575702002|1185578119589171200|दिल्ली के कमानी ऑडिटोरियम में आकाशवाणी संगीत सम्मेलन 2019 में प्रतिभा सम्पन्न तबला वादक पं. सुरेश तलवलकर जी  तबले पर ताल रूपक प्रस्तुत करते हुए ।#AkashvaniSangeetSammelan|
155659213|575702002|1185578058755051520|एक मंच कलाकार और एक गुरु के रूप में पं. सुरेश तलवलकर जी के व्यापक अनुभव हैं । संगीत कार्यशाला और संगोष्ठियों में एक वक़्ता रूप में उनकी भागीदारी प्रशंसनीय रही है ।#AkashvaniSangeetSammelan https://t.co/n7Br8U7kgu|
155659213|575702002|1185562057292337152|पं. देबाशीष भट्टाचार्य जी के साथ तबले पर संगति कर रहे हैं उस्ताद मोहम्मद अकरम खान जी🎶#AkashvaniSangeetSammelan 🎶 https://t.co/jMAIaKmYPm|
155659213|575702002|1185560515201896449|संगीत शिरोमणि पं. देबाशीष भट्टाचार्य जी ने चतुरंगी,गन्धर्वी, और आनंदी नाम से एक त्रयी सृजित कर गिटार वादन को नया आयाम दिया । उनके अंगूठे और तर्जनी के संयोग से गिटार पर उँगलियों के थिरकन की नई शैली विशेष आकर्षण है ।#AkashvaniSangeetSammelan https://t.co/rQrhfgrGTK|
155659213|575702002|1185558742378713088|दिल्ली के कमानी सभागार में आकाशवाणी संगीत सम्मेलन 2019 में संगीत शिरोमणि पं. देबाशीष भट्टाचार्य जी की स्लाइड गिटार पर राग बागेश्वरी में प्रस्तुति ।#AkashvaniSangeetSammelan https://t.co/rr930MdMhh|
155659213|575702002|1185554150395920384|श्रीराम पार्थसारथी जी राग पहाड़ी में मीराबाई की रचना गाकर वातावरण में भक्तिरस घोल दिया । उनके गाये भजन "पायोजी मैंने राम रतन धन पायो" से दर्शक भाव विभोर हो गए ।#AkashvaniSangeetSammelan https://t.co/5wurXxC2Oc|
155659213|575702002|1185553882061127681|श्रीराम पार्थ सारथी जी राग पहाड़ी में मीराबाई की रचना "पायोजी मैंने राम रतन धन पायो" प्रस्तुत करते हुए, जो आदि ताल में निबद्ध है ।#AkashvaniSangeetSammelan https://t.co/FQecsGG5I2|
155659213|575702002|1185549869924130818|An enthralled audience, connoisseurs of the finest forms of music listen with rapt attention as Shriram Parthasarthi opens the #AkashvaniSangeetSammelan 2019 at Kamani Auditorium in Delhi. https://t.co/EyUhQ7lobY|
155659213|575702002|1185543483093897222|श्रीराम पार्थसारथी जी राग "हेमवती" में मुतुस्वामी दीक्षितर की रचना प्रस्तुत करते हुए ।  जो आदि ताल में निबद्ध है ।#AkashvaniSangeetSammelan https://t.co/NAISKQIue0|
155659213|575702002|1185540901537374208|.@MinOfCultureGoI @fsheheryar @mediasurya @MIB_India @PIB_India @MIB_Hindi @prasarbharati|
155659213|575702002|1185540717818470401|प्रतिभा के धनी श्रीराम पार्थ सारथी जी दिल्ली के कमानी सभागार में कर्नाटक शैली में  गायन प्रस्तुत करते हुए।#AkashvaniSangeetSammelan https://t.co/xs2mI0FJGC|
155659213|575702002|1185538986229387265|#AkashvaniSangeetSammelan 2019 का शुभारंभ नैसर्गिक प्रतिभा के धनी कलाकार श्रीराम पार्थसारथी जी के कर्नाटक शैली में गायन से हुआ 🎶 https://t.co/7jKuIGD3XZ|
155659213|575702002|1185534814784512000|Celebrating our rich heritage &amp; the finest of our music traditions.Kamani Auditorium in #Delhi is all set for #AkashvaniSangeetSammelan for the year 2019, being held simultaneously in 23 other locations nationwide. https://t.co/BzXsfObKai|
155659213|575702002|1185510590007037952|आज शनिवार 19 अक्टूबर को संध्या 6 बजे #AkashvaniSangeetSammelan में दिल्ली के कमानी ऑडिटोरियम में संगीत शिरोमणि पं. देबाशीष भट्टाचार्य जी गिटार वादन, ख्याति प्राप्त पं.सुरेश तलवलकर जी तबला वादन और प्रतिभा के धनी श्रीराम पार्थसारथी जी गायन प्रस्तुत करेंगे 🎶 https://t.co/00qLj1u3Ft|
155659213|575702002|1185399161337892864|This week on #Stumped we discuss 🏏Mitchell Marsh's fracture.🏏Tim David on Singapore's T20 ascent.🏏More on India's triumph over SA and🏏Sourav Ganguly's appointment as BCCI head. https://t.co/QbveTUIbtT|
155659213|575702002|1185398855824748545|Quote of the day with AIR 🌞#SaturdayMotivation #SaturdayMorning #Gandhi150 https://t.co/LoeoHv6n0S|
155659213|575702002|1185164995937603584|इम्फाल में मंगका मयंगलाम्बम-मोइरंग साई के गाये मणिपुरी लोक गीतों का आनंद उठाइयेगा । मंगका जी इम्फाल के लईहुई इंसेम्बल मंच कला केंद्र में लोक संगीत कलाकार हैं ।🎼#AkashvaniSangeetSammelan https://t.co/BtPONPNtcf|
155659213|575702002|1185163706839248896|GIMA अवार्ड विजेता, पार्श्व और उपशास्त्रीय गायिका विधि शर्मा जी संबलपुर, ओड़िशा में गायन प्रस्तुत करेंगी । दिल्ली की प्रतिभा सम्पन्न विधि जी को ग़ज़ल,भजन, लोक संगीत और सूफ़ी संगीत में महारत हासिल है ।#AkashvaniSangeetSammelan https://t.co/xJgidjO4Ia|
155659213|575702002|1185159081293733890|मुम्बई के घनश्याम वासवानी जी की ग़ज़ल गायिकी में मिठास और दिलकशी है । वे एक उत्कृष्ट संगीतकार भी हैं। उन्होंने कई नृत्य बैले, टीवी धारावाहिक, फ़िल्म और एलबम के लिए संगीत दिया है। वासवानी जी गुवाहाटी, असम  में अपनी आवाज़ का जादू बिखेरेंगे।🎶#AkashvaniSangeetSammelan https://t.co/Ed4k3VI757|
155659213|575702002|1185154054789435393|मंगलुरु में पखावज-तबले पर जुगलबंदी प्रस्तुत करेंगे दिल्ली के उत्कृष्ट प्रतिभा के धनी तबला वादक उ. रफ़ीउद्दीन साबरी जी। उनके तबला वादन की अनूठी शैली ने संगीत रसिकों को मोहित किया है। भारतीय संगीत को विश्व स्तर तक पहुँचाने में उनका विशेष योगदान रहा है।🎼#AkashvaniSangeetSammelan https://t.co/y2cAbVoSVf|
155659213|575702002|1185148677335076864|A Giant of a Broadcaster passes awayThe first Director General of Doordarshan, PV Krishnamurthy, popularly known as #PVK passed away on 16th October. He was closely associated with Akashvani having started his career as a newsreader at @airdelhiPrayers for the departed soul🙏 https://t.co/Uo7wd0KdYG|
155659213|575702002|1185144959101493249|An ‘A’ grade artiste of #Akashvani since he was 22, Vidwan Vijay B Natesan's play on the mridangam can keep one absorbed for hours.Catch this maestro in action tomorrow at #Thiruvananthapuram as he plays in our pan India musical celebration #AkashvaniSangeetSammelan 🎵 https://t.co/gEOGdDHPJo|
155659213|575702002|1185139402907049984|पुणे के उदय भावलकर जी देश के अग्रणी ध्रुपद गायकों में हैं । उनका ध्रुपद-धमार गायन बड़ी सहजता से श्रोताओं के हृदय में उतरता है । जमशेदपुर, झारखंड में उदय जी के गायन का आनंद लीजियेगा ।🎶#AkashvaniSangeetSammelan https://t.co/UKF3AKHui0|
155659213|575702002|1185138772960272384|Maestro Vidushi Kala Ramnath with her #SingingViolin is among the world’s finest, most inspirational instrumentalists. Her contributions have featured in Oscar-nominated soundtrack Blood Diamond among others.Watch her perform LIVE in #ShantiNiketan at #AkashvaniSangeetSammelan https://t.co/3CIYFNQ9Hf|
155659213|575702002|1185135293508141057|Prime Minister Shri @narendramodi  will share his #MannKiBaat with the people of India &amp; abroad on 27th October on all channels of @AkashvaniAIRShare your ideas &amp; suggestions by dialing the toll free number 1800-11-7800 or by posting on the @mygovindia open forum. https://t.co/ugTExQqwXf|
155659213|575702002|1185134755882393600|बंगलुरू में पं. राजेन्द्र प्रसन्ना के बाँसुरी वादन का आनंद लीजियेगा। विख्यात बनारस घराने के प्रसन्ना जी को शहनाई वाद्य पर भी महारथ हासिल है। उन्होंने विभिन्न प्रस्तुतियों से विदेशों में खूब नाम कमाया है। उन्हें 2004 में ग्रैमी अवार्ड से अलंकृत किया गया।#AkashvaniSangeetSammelan https://t.co/E20oKenSh0|
155659213|575702002|1185134092540612610|An exponent of the Carnatic &amp; Hindustani schools of classical music, Vidushi Sumitra Guha's style is defined by the depth of the alaap, the slow elaboration of notes in the vistaar &amp; the stability of swaras.Watch her perform LIVE in #Kanpur at #AkashvaniSangeetSammelan 🎵 https://t.co/Wb9Hbp1aGJ|
155659213|575702002|1185132389426696193|🏙️ हैदराबादउ. इक़बाल अहमद ख़ान को ख़्याल गायन के अलावा ठुमरी, दादरा, भजन और सूफ़ी गायन में काफी ख्याति मिली है । वे दिल्ली घराने के संरक्षक हैं और अमीर खुसरो की संगीतमय प्रस्तुति के लिए प्रसिद्ध हैं । 🎼#AkashvaniSangeetSammelan https://t.co/T5XvZ2CGE7|
155659213|575702002|1185131682468380673|Listen to Pt. Naresh Malhotra's unique singing style, gayaki blending the spiritual flavour &amp; grandeur of Dhrupad with the ornate vividness of Khayal. Tomorrow, 19th October 2019 in #Bhubaneshwar as part of our pan India music festival #AkashvaniSangeetSammelan 🎵 https://t.co/AtsKgmzIzU|
155659213|575702002|1185129178917756929|Grammy winning universally acclaimed exponent of the #MohanVeena, Pt. Vishwa Mohan Bhatt (@VishwaMBhatt1) will be performing LIVE in #Pune at the #AkashvaniSangeetSammelan 2019.Join us for an evening of celebration of our rich musical traditions &amp; heritage. https://t.co/CJcxFgOHxD|
155659213|575702002|1185124927126544385|🗓️19 अक्टूबर, मुम्बईग्वालियर घराने की विदुषी मीता पंडित जी की अनूठी और विलक्षण आवाज़ सीधे श्रोताओं के हृदय में उतरती है । मीता को ख़्याल, टप्पा, तराना, भजन, ठुमरी और सूफी गायन में महारथ हासिल है । उन्हें कई पुरस्कारों और सम्मानों से अलंकृत किया गया है।#AkashvaniSangeetSammelan https://t.co/VyxTF3T8jD|
155659213|575702002|1185123855481950213|An established classical vocalist of repute, Dr. Varada Godbole possesses the versatility &amp; acumen to perform light classical genres of  Natya-Sangeet, Abhang, Thumri &amp; Ghazal with ease.Listen to her LIVE as she performs in Gaya on 19th October 2019 at #AkashvaniSangeetSammelan https://t.co/W0vt6Sc2n5|
155659213|575702002|1185122649049124865|Known for intricate instrumental techniques &amp; the rich tonal quality of his performances, Shaminder Pal Singh is a well known name among ardent music aficionados.  Watch him perform LIVE at Dehradun as part of our nationwide music festival #AkashvaniSangeetSammelan 2019 🎵 https://t.co/HfXHbtN0dM|
155659213|575702002|1185121811316563969|Sriranjani Santhanagopalan is one of the most sought after musicians of Carnatic music, evolving a style of her own with influence drawn from musicians as Tanjavur Sankara Iyer amongst others.Listen to her perform in Vijaywada at the #AkashvaniSangeetSammelan 2019. 🎵 https://t.co/l7M1u2Sm7P|
155659213|575702002|1185104977523462145|#ThomasEdison was an epitome of applied research who constantly kept on improving on the current to come up with newer and better inventions. All India Radio remembers the genius who single-handedly changed the course of history, on his death anniversary.#EdisonNJ  #MenloPark https://t.co/H7PrmVYekn|
155659213|575702002|1185100830225129472|इस वर्ष आकाशवाणी संगीत सम्मेलन में 19 अक्टूबर को संध्या 6 बजे दिल्ली के कमानी ऑडिटोरियम और देश के 24 शहर शास्त्रीय, लोक और सुगम संगीत से गुंजायमान होंगे । जुड़े रहिये आकाशवाणी से 🎶#AkashvaniSangeetSammelan https://t.co/A64tZ6j9YZ|
155659213|575702002|1185088876345516034|Listen to renowned Assamese folk singer Pranita Baishya Medhi perform at #AkashvaniSangeetSammelan for the year 2019. Join us on 19th October 2019 in Guwahati &amp; 23 other locations across India and be a part of one of the prestigious &amp; oldest music festivals of India. https://t.co/hJ5CeIx9Gn|
155659213|575702002|1185078901942427648|One of the most loved &amp; critically acclaimed artistes from North East India, star of the International hit ‘Painted Dreams’ Alobo Naga (@AloboNaga) will be performing at the #AkashvaniSangeetSammelan in Imphal on 19th October, 2019. 👇 https://t.co/pl7UHYHtJ5|
155659213|575702002|1185070336498262016|🗓️ 19th October, 2019🏘️ 24 locations across India A glorious tradition of @AkashvaniAIR since 1954, the #AkashvaniSangeetSammelan is one of the oldest &amp; most prestigious music festivals of India. Join us in celebrating the best of Indian Music 🎵 https://t.co/tzveLYcINI|
155659213|575702002|1185067795077165056|अभिनेता #OmPuri ने दमदार संवाद अदायगी और सधे हुए अभिनय से समानांतर और व्यावसायिक सिनेमा में कई रंग भरे। आक्रोश, भूमिका, जाने भी यारो, मिर्च मसाला,आरोहण, अर्द्धसत्य, हेरा फेरी, चाची420, मालामाल वीकली जैसी 250 से ज़्यादा फ़िल्में उनके अभिनय से सजी हैं । उनकी जयंती पर विनम्र स्मरण🙏 https://t.co/8RF8QQsSMF|
155659213|575702002|1185053402260213761|नौजवानों में असीम क्षमताएं हैं उनके सही इस्तेमाल से देश में कई लक्ष्यों को हासिल करना संभव है । इसके लिए आवश्यक है बातों में व्यावहारिकता हो और सोच सकारात्मक हो । इस विषय में सरदार पटेल के विचार बिल्कुल सटीक हैं । सुनिये उनके भाषण के सम्पादित अंश👇https://t.co/I0hKYykYt6|
155659213|575702002|1185052638687059968|Quote of the day with AIR ⛅️#SardarPatel #SardarVallabhbhaiPatel #FridayThoughts #FridayFeeling https://t.co/oN8w4h2qDa|
155659213|575702002|1184855356826107904|राष्ट्रीय खेल पत्रिका में आज सुनें 👇 https://t.co/2pOH6MhYhb|
155659213|575702002|1184806035485265920|"क्या नौटंकी है !" ये रूपक सुनने के लिए रात्रि 10 बजे ट्यून कीजिए आकाशवाणी का इंद्रप्रस्थ चैनल और  रात्रि 10:05 बजे FM Gold चैनल । प्रस्तुति होगी केंद्रीय हिंदी रूपक एकांश की 👇 https://t.co/O5tw30lXh7|
155659213|575702002|1184755820250226689|भारत की अनूठी सांस्कृतिक विरासत और विविधता के संवर्धन में आकाशवाणी का विशिष्ट योगदान रहा है  । देश के विभिन्न स्थानों पर 19 अक्टूबर 2019 को संध्या 6 बजे से आयोजित संगीत सम्मेलनों में ख़्याति प्राप्त और उभरते कलाकारों की प्रस्तुतियाँ संगीत रसिकों को भाव विभोर कर देंगी 🎶#ASS2019 https://t.co/nnRkt4A9B2|
155659213|575702002|1184752970874777600|पिछले 65 वर्षों से आकाशवाणी संगीत सम्मेलन की गौरवशाली परंपरा रही है । इस वर्ष 19 अक्टूबर,संध्या 6 बजे आयोजित संगीत सम्मेलन प्रतिष्ठित कलाकारों द्वारा पारंपरिक शास्त्रीय संगीत, सुगम और लोक संगीत की प्रस्तुतियों से गुंजायमान होगा 🎶#AkashvaniSangeetSammelan #ASS2019 https://t.co/DSbI8e45uT|
155659213|575702002|1184714819120685056|अभिनेत्री #SimiGarewal की पहली फ़िल्म टार्ज़न गोज़ टू इंडिया और इसके बाद मेरा नाम जोकर फ़िल्म काफी चर्चित हुई । कर्ज़, दो बदन, चलते-चलते आदि कामयाब फ़िल्में हैं । मशहूर हस्तियों के इंटरव्यू पर आधारित कार्यक्रम Rendezvous सुर्खियों में रहा। सिमी जी आपको जन्मदिन की शुभकामनाएँ💐 https://t.co/o3vZ42e5gD|
155659213|575702002|1184702527385661440|माननीय प्रधानमंत्री श्री @narendramodi भारत की जनता के साथ साझा करेंगे अपने मन की बात ।📅: 27 अक्टूबर, 2019⏰: सवेरे 11 बजे 📻 आकाशवाणी और दूरदर्शन के सभी चैनलों पर #MannKiBaat https://t.co/tWpYYkysSA|
155659213|575702002|1184698756702191617|🏏 619 test wickets🏏 337 ODI wickets🏏 2nd cricketer in the history of the game to take all 10 wickets in an innings #Kotla🏏 @ICC Cricket Hall of Fame in 2015Best wishes to one of the all time greats of world cricket Anil Kumble (@anilkumble1074 ) on his birthday. https://t.co/HH8e95lasy|
155659213|575702002|1184697342705819648|Fondly called Kavirajar (King of Poets), Sahitya Akademi Awardee #Kannadasan was a lyricist and a poet who penned over 5000 lyrics, 6000 poems and 232 books.AIR remembers the poet #Kannadasan, who created a niche for himself in literary circles, on his death anniversary. https://t.co/qi7PKg6ejC|
155659213|575702002|1184694411357233153|भारत विविधताओं का देश है । यहाँ विभिन्न जाति-मज़हब, खानपान, पहनावा, रीति-रिवाजों और संस्कृतियों का अनूठा संगम है । हिंदुस्तान की इस विशेषता पर प्रस्तुत है लौह पुरुष सरदार वल्लभभाई पटेल जी के भाषण के सम्पादित अंश 👇https://t.co/8DnUbQgUlj|
155659213|575702002|1184693190957268993|An actress who defied norms and whose portrayals were remembered for their sheer depth, #SmitaPatil is known for the revolution she created in the Indian film Industry.All India Radio pays tribute to #SmitaPatil on her birth anniversary today. https://t.co/s7fWDpPQnz|
155659213|575702002|1184690808974266368|Quote of the day with AIR🌥️#ThursdayThoughts #ThursdayMotivation #ThursdayMorning #SardarPatel #SardarPatelSpeaks https://t.co/XUcrHgwNES|
155659213|575702002|1184425891050512384|फिल्मों से सम्बंधित तमाम जानकारियों के लिए आज रात्रि सुनें 'चित्र भारती' 10 बजे इन्द्रप्रस्थ चैनल एवं 10:05 बजे एफ एम गोल्ड पर👇https://t.co/CJ91xbzEu4|
155659213|575702002|1184424479948079104|सुनें अभिनेता विजु खोटे पर स्मृति शेष और भी बहुत कुछ अखिल भारतीय फिल्म पत्रिका कार्यक्रम 'चित्र भारती' के इस अंक में #FilmMagazine https://t.co/S78Iusyynp|
155659213|575702002|1184351803690737664|Achieving #ZeroHunger is not only about addressing hunger, but also nourishing people, while nurturing the planet.#WorldFoodDay being observed today, calls for action to make healthy &amp; sustainable diet choices affordable &amp; accessible to all. 🍲 https://t.co/GSqCyxFUaF|
155659213|575702002|1184345157472145409|देखो मुझे बेफजुल बात करने की आदत तो है नहीं🎬फ़िल्म शोले की बातूनी बसंती हो या सिमटी-शर्मायी सी 'ड्रीम गर्ल',#HemaMalini ने अंदाज़,शोले,ड्रीम गर्ल जैसी क़रीब 150 फ़िल्मों में हर किरदार को बड़ी शिद्दत से निभाया. उनमें सौंदर्य और अभिनय का अनूठा संगम है. जन्मदिन की शुभकामनाएँ 🎂 https://t.co/AIx5JBAvwo|
155659213|575702002|1184337471536013312|स्वतंत्र भारत के प्रथम उप प्रधानमंत्री व गृहमंत्री,लौह पुरुष सरदार वल्लभ भाई पटेल ने देसी रियासतों को भारत में विलय कर देश की एकता को मज़बूत कर शाँति और सौहार्द्र कायम किया । पेश है उनके भाषण के सम्पादित अंश 👇#SardarPatel #NationalUnityDayhttps://t.co/FFdWJwIatZ|
155659213|575702002|1184334837349519361|@fsheheryar @shirley_jacob @shashidigital .@MIB_India @MEAIndia @PMOIndia @myAibd @ABU_HQ @EBU_HQ|
155659213|575702002|1184325373820952576|Quote of the day with AIR ⛅️#SardarPatel #SardarVallabhBhaiPatel #WednesdayMotivation #WednesdayWisdom #WednesdayThoughts https://t.co/sdqs9Ue1a9|
155659213|575702002|1184108088334249985|Tune in for our presentation on  #InternationalWhiteCaneDay, as our panelists celebrate the achievements of people who are visually impaired and discuss the importance of the symbol of blindness and tool of independence - the #WhiteCanehttps://t.co/MoMp7OZ5WP|
155659213|575702002|1184033569259184132|आवारा हूँ🎼बहारों फूल बरसाओ🎼लगभग 170 फ़िल्मों के ऐसे कई गीतों को संगीतकार शंकर-जयकिशन ने सुरों में पिरोया, जिनकी मिठास आज भी सुकून और ताज़गी का अहसास कराते हैं. उन्हें 9 बार सर्वश्रेष्ठ संगीतकार का फ़िल्मफ़ेयर मिला था. संगीतकार जोड़ी शंकर-जयकिशन के शंकर की जयंती पर विनम्र नमन https://t.co/FZTxSFT4Al|
155659213|575702002|1184027766557007872|On #InternationalWhiteCaneDay, tune in for our special presentation '#WhiteCane, showing the way to the world' as our panelists discuss the mindset of people towards blindness &amp; visual impairment and in the process, initiate a conversation on how to lead a life with blindness. 👇 https://t.co/Zvrken9NCH|
155659213|575702002|1184011724061474816|🌟Adopters of new agricultural tech🌟Repository of traditional knowledge🌟First responders in crises🌟Entrepreneurs of #GreenEnergyOn #InternationalDayofRuralWomen, let us recognize the crucial role that rural women play in building resilience to face the climate crisis. https://t.co/RdDMl3Cu6F|
155659213|575702002|1184007908092022785|छायावादी युग के भाषा,भाव,शैली के स्वच्छंद कवि #SuryakantTripathi 'निराला' की रचनाओं में प्रेम की सघनता,आध्यात्मिकता, विपन्नता के प्रति सहानुभूति व संवेदना और प्रकृति प्रति अनुराग झलकता है। परिमल,अनामिका,गीतिका, तुलसीदास जैसी कई कालजयी कृतियाँ हैं। उनकी पुण्यतिथि पर विनम्र स्मरण🙏 https://t.co/YpfrFeaTPp|
155659213|575702002|1183998663510511621|#OnThisDay in the year 1932, aviation history was made when the first flight of Air India (@airindiain) flew from Karachi’s Drigh Road Aerodrome to Mumbai’s Juhu Airstrip via Ahmedabad.Who piloted this historic flight? #AIRAsks | #AirIndia|
155659213|575702002|1183997028709175296|.@AkashvaniAIR extends best wishes to all personnel &amp; families of the Corps of Electronic &amp; Mechanical Engineers (EME) of Indian Army (@adgpi) on their Raising Day. #DidYouKnow EME maintains the lifeline of the #Maitri research station in the difficult environment of Antarctica https://t.co/6Qes70qnCP|
155659213|575702002|1183972431301619712|The #WhiteCane is a symbol of freedom &amp; independence which enables a blind person to move about freely in his/her environment. #InternationalWhiteCaneDay is being observed today to recognize the movement of blind people from dependency to full participation in society. https://t.co/W04WDXOhYe|
155659213|575702002|1183962408756432896|Listen to Dr. #APJAbdulKalam in this exclusive interaction with @AkashvaniAIR, recorded on 16th July 2015 for the feature #MoonMarsAndBeyond where he highlighted the efforts of @isro in putting India on the global space map.Click here 👉 https://t.co/0oNgOKihc7 https://t.co/IcmAZY8D4e|
155659213|575702002|1183962240094834688|Respectful tribute to Dr. #APJAbdulKalam on his birth anniversary.A peerless scientist, he continues to inspire us all through his teachings &amp; vision to take India on the path of development. #DYK #WorldStudentsDay is observed today to honor him &amp; his role as a teacher. https://t.co/aQUYkVlKnV|
155659213|575702002|1183927352302153734|Quote of the day with AIR 🌞#APJAbdulKalam #MissileManOfIndia #Abdulkalam #TuesdayThoughts #TuesdayMorning #TuesdayMotivation https://t.co/CtqJqupMgq|
155659213|575702002|1183926887736905728|"अगर आप सूर्य की तरह चमकना चाहते हैं,तो आपको पहले सूर्य की तरह ही जलना भी होगा"बेहद सौम्य और मृदुभाषी #MissileMan पूर्व राष्ट्रपति #APJAbdulKalam जी पूरे देश के लिए प्रेरणास्रोत हैं। उन्होंने देश को विज्ञान और तकनीकी क्षेत्र में ऊँचाईयाँ दी.कलाम साहब की जयंती पर विनम्र नमन🙏 https://t.co/tsLJzPrtdN|
155659213|575702002|1183756550201962497|Prime Minister Shri @narendramodi  will share his #MannKiBaat with the people of India &amp; abroad on 27th October on all channels of @AkashvaniAIRShare your ideas &amp; suggestions by dialing the toll free number 1800-11-7800 or by posting on the @mygovindia open forum. https://t.co/MWFdBKlbeV|
155659213|575702002|1183723373651619840|AIR which has a significant presence across North-East with state-of-the-art broadcast infrastructure &amp; captivating content, continuously soars. There is a #RadioLoversGroup celebrating All India Radio in each part of the North-Eastern landscape of India. AIR celebrates them too. https://t.co/zUDOo43QjO|
155659213|575702002|1183719368812744704|सुनें हास्य के रंग: व्यंग्य के संग वार्ताओं के अखिल भारतीय कार्यक्रम के इस अंक मेंआज रात्रि 9:30 बजे इंद्रप्रस्थ चैनल एवं 10:05 बजे एफ एम गोल्ड पर https://t.co/XWxob1EngV|
155659213|575702002|1183711657622564865|भारत की अनूठी सांस्कृतिक विरासत और विविधता के संवर्धन में AIR का विशिष्ट योगदान रहा है.देश के विभिन्न स्थानों पर 19Oct को आयोजित संगीत सम्मेलनों में ख्याति प्राप्त और उभरते कलाकारों की प्रस्तुतियाँ संगीत रसिकों को भाव विभोर कर देंगी. जानकारी के लिए जुड़े रहें AIR के साथ#ASS2019 https://t.co/l7Ym17cMJK|
155659213|575702002|1183699776606310400|#NobelPrize2019 : Indian-origin Professor #AbhijitBanerjee , Esther Duflo, and  Michael Kremer get Nobel Prize in Economics for 'experimental approach to alleviate global poverty'. https://t.co/A2njeTjZ3O|
155659213|575702002|1183626023134322689|Sister #MariamThresia, who founded the Congregation of the Sisters of the Holy Family in 1914, was canonized in the Vatican on Sunday, 19 years after she was beatified.Listen to PM speak on Sister Mariam Thresia during the Sept edition of #MKB 👇https://t.co/qfCyj1iUzA|
155659213|575702002|1183600711352762370|Quote of the day with AIR ☀️#MondayMotivation #MondayMorning #Gandhi150 #GandhiAt150 https://t.co/eWGveQC0T5|
155659213|575702002|1183595986863570944|#GoogleDoodle celebrates Belgian physicist Joseph Antoine Ferdinand Plateau, inventor of the phenakistiscope, the first device to give the illusion of a moving image that led to the birth of cinema. https://t.co/CyiwigJ9En|
155659213|575702002|1183593721087946752|दिल्ली में इंडिया गेट के लॉन में आयोजित "सरस आजीविका मेला" में विभिन्न राज्यों की खानपान के लिए प्रयुक्त सुपारी के पत्तों के साफ़ और सुंदर प्लेट-चम्मच, प्लास्टिक और थर्मोकोल के बेहतर विकल्प हैं ।#SarasAjeevikaMela #PlasticFreeIndia #SwachhBharat #SwachhataHiSeva https://t.co/5g4AXyTN5b|
155659213|575702002|1183416591477723137|श्री सक्तिपदा नाग जी एक उत्कृष्ट बाँसुरी वादक हैं I उन्होंने देश-विदेश में महत्वपूर्ण अवसरों पर बाँसुरी वादन से श्रोताओं को मंत्रमुग्ध कियाहै I सुनने के लिए अभी ट्यून कीजिये आकाशवाणी और आनंद लीजिए बाँसुरीवादन का I कार्यक्रम होगा अखिल भारतीय रविवासरीय संगीत सभा I https://t.co/dD9k0u4mRH|
155659213|575702002|1183266519171514368|प्रधान स्वच्छता सेवक को ह्रदय से सलाम।आकाशवाणी का विशाल नेटवर्क इस भावना को मिसाल बनाकर प्रधानमंत्री के प्रति अपना कृतज्ञ व्यक्त करता रहेगा।@narendramodi @PMOIndia @swachhbharat @MIB_India@PrakashJavdekar @mediasurya @fsheheryar#SwachhBharat #PloggingRun #PlasticFreeIndia https://t.co/swwz3bDsOU|
155659213|575702002|1183264470606303232|प्रेम, त्याग, तपस्या, सद्भाव,सद्मार्ग के प्रतीक,पावन ग्रंथ रामायण के रचयिता और आदि कवि महर्षि वाल्मीकि जयंती पर शत-शत नमन ।#valmikijayanti|
155659213|575702002|1183264379300528129|.@AkashvaniAIR extends warmest wishes to all on the birth anniversary of adikavi Maharishi #Valmiki. Let us all strive to adopt and embrace the values of sacrifice, benevolence, valour &amp; humility espoused by him.#valmikijayanti https://t.co/GCl0isR30h|
155659213|575702002|1183264088723316737|कभी अलविदा ना कहना🎶मैं हूँ झूम झूम झुमरू🎶खुशी,ग़म,रोमांस,शरारत जैसे कई रंग हरफ़नमौला #KishoreKumar की आवाज़ का जादू 3000 से ज़्यादा गीतों में है. उन्होंने 72फ़िल्मों में अपनी अदाकारी का लोहा भी मनवाया.उन्हें 8फ़िल्मफ़ेयर पुरस्कारों से नवाज़ा गया. उनकी पुण्यतिथि पर विनम्र नमन https://t.co/ej09wadBDJ|
155659213|575702002|1183236060270215168|From playing Paro in the cult-classic #DoBighaZameen to pulling the heart-strings of the nation playing the #EternalMother of Bollywood, #NirupaRoy gave characters a life and a world beyond. All India Radio remembers the actress on her death anniversary. https://t.co/nP3RqGLBkf|
155659213|575702002|1183232301129523201|@fsheheryar @PMOIndia @narendramodi .@PrakashJavdekar @mediasurya @MIB_India @PIB_India @MinOfCultureGoI|
155659213|575702002|1183197342922608640|Born as Kumudlal Ganguly, #AshokKumar is considered to be one of India's finest actors, playing leading, antagonist &amp; character roles with consummate ease &amp; panache. @AkashvaniAIR fondly remembers #Dadamoni on his birth anniversary. https://t.co/tTfLjhwxOD|
155659213|575702002|1183181435940720640|Quote of the day with AIR 🌞#SundayThoughts #SundayMorning #SundayMotivation #Gandhi150 https://t.co/UPBpprcnbV|
155659213|575702002|1183011984544956416|श्री अभिजीत अपस्तम्भ जी बड़े मनमोहक अंदाज़ में गायन प्रस्तुत करते हैं I उन्होंने कई समारोहों और महोत्सवों में अपनी अलग गायन शैली से श्रोताओं को आकर्षित किया है I आकाशवाणी पर संगीत के अखिल भारतीय कार्यक्रम में आज रात्रि 9:30 बजे हम आपको सुनवायेंगे अभिजीत जी का गायन🎶 https://t.co/xFiABJDdxG|
155659213|575702002|1182956420339245057|#NidaFazli ने अपनी शायरी में ज़िंदगी के हर एहसास, हर जज़्बे को ज़ुबान दी और उन्हें एक मेअयार भी बख्शा. निदा साहब के कलाम में भागती दौड़ती ज़िंदगी को सुकून भरी पनाह  मिलती थी I रज़िया सुलतान, हरजाई,सरफ़रोश आदि फ़िल्मों में उनके नग़्में खूब मशहूर हुए I उनकी जयंती पर विनम्र स्मरण https://t.co/gVhPmHJrUv|
155659213|575702002|1182859974747152385|This week on Stumped 👇Does Chris Silverwood have what it takes to be England's coach? Will Courtney Hill give up rugby for cricket again? 🇮🇳 Can India continue their test dominance against South Africa?Tune in at 11.30! https://t.co/Zr3INMyC32|
155659213|575702002|1182858581554581504|Relive the nostalgia of yesteryears with AIR! Listen to the archived interview of Hindi story and novel writer #AmritRai in Anugoonj today📻 https://t.co/YKtsTw52Ym|
155659213|575702002|1182832942684368897|Quote of the day with AIR 🌞#SaturdayThoughts #SaturdayMorning #Gandhi150 https://t.co/rLx2A5yQLL|
155659213|575702002|1182633915745370117|Stay abreast with the latest news from #NobelPrize for Science 2019, Artificial trees through nano-tech, status of the elusive #SnowLeopard in Ladakh &amp; a lot more in our special presentation - National Science Magazine #Radioscope Details 👇 https://t.co/NZlVmJfV1u|
155659213|575702002|1182616342819725315|Cinestar Rekha's full name is Bhanurekha Ganesan and anoverwhelming 65% of the respondents have answered yesterday's question correctly. Congratulations to those who got it correct!For more of such trivia, connect with us at #AIRAsks https://t.co/iFXof5b8jC|
155659213|575702002|1182585974447996928|And here comes the DOUBLE TON for #ViratKohli !Seventh test double for captain @imVkohli who also completes 7000 runs in Test Cricket!Congratulations, again! 👏 https://t.co/7h8fCDePH9|
