155659213|74433034|1188908349997207552|Stay blessed https://t.co/bts1FlVlfN|
155659213|74433034|1188893842197475329|95% of MBA are unemployable. This is industry reportLEHMAN BROTHERS hired all top cream but none was able to save them or chaseSo a gold medal is not an endorsement for common sense https://t.co/q8kcPPMofI|
155659213|74433034|1188883601368076288|Can I advice u?No harm growing with someone help but find ur own niche ground and grow https://t.co/BbhTyFCpkT|
155659213|74433034|1188879561108254720|Physically very week. Left alone bu so called friends, Complete rest. No laptop. Enjoying my wife hospitality 🤣🤣 https://t.co/pGdYtkYmON|
155659213|74433034|1188846630197329920|बगदादी की मौत के सबूत किसीने नहीं मांगे ट्रम्प से ऐसा देशविरोधी कचरा केवल भारत मेँ पाया जाता है.|
155659213|74433034|1188839627135705088|Well said @zainabsikander jiThe amount of Halala mindset confirms that you can have the best of teaching to curb the exploitation of Muslim women but still people don't have human sense &amp; good education can't do jack in Madarsa mindset MullasKuran, Computer and Donkey https://t.co/qCu8FVQkOF|
155659213|74433034|1188486906679459840|आओ मिलकर दिया जलाएंबुझी हुई बाती सुलगाएंप्रेम-भाव का पाठ पढाएंआओ मिलकर दिया जलाएँ.आप समस्त लोकसमुदाय को प्रकाशोत्सव दीपावली की हार्दिक शुभकामनाएं ♨️🚩जय श्री राम #HappyDiwali https://t.co/UvWjXbj5Ay|
155659213|74433034|1188184521356693504|I second it @AmitShah jiEnough of @shivsena blackmailing https://t.co/Qb3p5Rc3Ic|
155659213|74433034|1188182707647369216|Fundamentally yes BUT the FACT is Crackers were used long back in villages to kill insects in fields before they kill the crop. Pesticides were not present thenThis is at peak during Diwali time https://t.co/iyBMmI0cvo|
155659213|74433034|1188179025765658624|I know and feel your issue well. I do know some ppl do face problems, we have to find solutions for them not a blanket ban and defaming Hindu festival https://t.co/4SU0dNdqr8|
155659213|74433034|1188177869928718336|In next few hours or days, Natwarlal of Delhi @ArvindKejriwal will claim that he has won war against Mosquitos &amp; dengue in DelhiFACT: Bcoz of Sulpher in crackers (gunpowder) mosquitoes will vanish in a few days after Diwali night&amp; shameless Thug Mosquitos will take all credit|
155659213|74433034|1188173716087136256|These companies know that a large chunk of Hindus are default chaityas and they use us otherwise Hindu festivals are scientific in nature which has been proven million timesSo go out and BUST CRACKERS then spending money on repellents https://t.co/Cp9U7g3cJR|
155659213|74433034|1188172298068492289|Now the question "Why not No animal killing campaign"If you don't eat an animal, you will stay healthier then nonveg folksWho Benefits?  PHARMA https://t.co/7TJOc0MrGD|
155659213|74433034|1188171683963654145|ThinkWhat is the size of Mosquitoes' repellent business in India? few 1000 Cr which has a 70% marginOn Diwali night, sulpher in crackers kills all MosquitoesTake few Cr and sponsor "No Crackers Campaign" quietlyWho benefits?That's the truth of "No Crackers Drama"|
155659213|74433034|1188157651168817152|On average that's 400 cr businessEconomy is in a messhttps://t.co/3aYFm47Los|
155659213|74433034|1188157464539062272|Bala Saheb  died again todayWell done @ShivSena https://t.co/wriJtBzCZc|
155659213|74433034|1188149814820663296|Former CM and JDS leader HDK and Congress leaders from Kanakapura, Shivakumar's home constituency, were present at the airport. He was brought to the KPCC office here from the airport in a procession as he waved and acknowledged supporters from an open car.HDK is with DKS https://t.co/gmCdLJIFzS|
155659213|74433034|1188149030024429570|.@DKShivakumar has blessings of SoniaHe with his brother met two key stakeholders of Karnataka Politics. KCV and Olaf gazed Kharge Something big is about to happen &amp; Kharge son is uselessTaking him lightly would be BLUNDER by @AmitShah especially when KA has NO BJP LEADER https://t.co/1e5s5owA9x|
155659213|74433034|1188144215328378880|It is not easy to Stay PositiveIt is not easy to work selflesslyIt is not easy to stand by Nation in any StromIt is not easy to be Gaurav PradhanJai Hind https://t.co/znITBuUo8l|
155659213|74433034|1188123985654890496|Welcome for @DKShivakumar. Even Gandhi's family can't command this loyalty.See people. ......ShockingHe is the man for Karnatak, He is down but not out and @BJP4Karnataka is nowhere near to him https://t.co/pgI1VspRqB|
155659213|74433034|1188122995732054016|Dushyant Chautala's father and JJP leader Ajay Chautala have been granted furlough for 2 weeks, according to DG Prisons. Chautala is lodged in jail after conviction in a teacher recruitment scam along with his father and former chief minister Om Prakash Chautala|
155659213|74433034|1188120937780019208|Mohammad Naved Siddiqui, a Delhi lawyer arrested in #KamleshTiwariMurder case.Now dots are connectingPlease......terrorism has no religion|
155659213|74433034|1188118609295331328|Not every tweet is on politics, some r personal bcoz u all r my familyWas driving to mkt. sudden massive chest paid car hit the divider, my wife jumped on steering, pushed me back and took me straight to the hospitalIt was a mild earthquakeback home, fine now https://t.co/5O7GlZ77Ek|
155659213|74433034|1188116811318870016|Who is this reporter from @TimesNow?Time to take her on task for asking insulting question to the guy without proof https://t.co/UvsiHtm5Z2|
155659213|74433034|1188050625080094720|Last day of life?|
155659213|74433034|1188034361897021440|MUST READमैंने जाते जाते उसको कहा कि व्यापार emotion से नहीं बल्कि deals से चलते हैं .. deal दो व्यापार लो .. emotion से रिश्तेदारी चलती है और वो भी मज़बूरी में ... उनके कान पे जूँ न रेंगी ...https://t.co/PtP0trfYuO|
155659213|74433034|1188027885111504899|Great GyanI pray God to get u in such a situation once or your son. Let u face the insult and abuse and then I will ask you for the same Gyan https://t.co/qvEe2vQSal|
155659213|74433034|1188008391467102208|Jamat-e-Ulema-Hind will fight for the killers of Kamlesh Tiwari in court.This is the same organization that fought for the accused of 26/11, Mulund blast &amp; Aurangabad arms haul case.But Jamat-e-Ulema is an NGO that helps poor people &amp; RSS is a terrorist organization.|
155659213|74433034|1188006160500019201|He is given slow Poison by Army and ISI. His only crime, he wants to pull out Pak from poverty and want Army in barracks where it belongsMy Jan 2019 input coming true, His last countdown already started@MaryamNSharif @CMShehbaz @OfficialDGISPR V know a lot PIG https://t.co/j8ImJYSCKH|
155659213|74433034|1188001898701320197|C****** apologized where? On twitter or on the same channel with a same big screen?Apologize the way, u insult. Insult in public and apologize in private quietly don't work https://t.co/ERmV0AgEpR|
155659213|74433034|1188001225557458944|but @Kochattil sir, this pig @free_thinker one of the owners of @altnews never answer me. I asked him who was that activist lawyer who slept with a dark dusky woman as claimed by Sanjiv in his FB post https://t.co/HoqOxDxbSc|
155659213|74433034|1187996947312852992|Pakistni Propangada channel @ndtv's Paid PIMP @Sonal_MK claim Assam CM has 6 kids discrediting his effort for population controlFACT : Assam CM is unmarried https://t.co/ghTI8cnwPv|
155659213|74433034|1187994242469097472|We wish you, your family and all Australians a very Happy Deepawali Hon'ble Prime Minister @ScottMorrisonMPGod bless you all..... https://t.co/ZOME9Kqzve|
155659213|74433034|1187988520058511360|दिवाली कैसे मनाएं ...1. रसोई में खड़े हो जाएं2.अपनी पत्नी द्वारा बनाई गई दिवाली की मिठाई,  उन के सामने ही चट कर जाएं3. फिर हाथ साफ करते हुए, फरमाएं  ... " भई जो भी हो, हमारी अम्मा के हाथ की मिठाई की बात ही कुछ और होती थी !!😊".....बस फिर आतिशबाजी का आनंद लें !!  😅viaWA|
155659213|74433034|1187974108769730560|For innocent men a lesson for life. Stay miles away from Females in India. They don't deserve Parents, teach your daughters to be good human not feminist. Stay away from Females no matter how good and friendly they pose to be, you never know their mind https://t.co/dzFzzfLQf4|
155659213|74433034|1187844333312987136|INPUTPappu Pager want his SPG cover to be removedWell played @AmitShah ji|
155659213|74433034|1187840728052817920|मैं कभी किसी से नाराज़ नहीं होता हुँ बस उसे खास से आम कर देता हुँ|
155659213|74433034|1187839209706360832|Article 370 and 35A removedKashmir was lockdownA new dawn for united India with a smile on everyone faceA rocking future awaitedThis was the tweet 3 days ahead of event https://t.co/qBkrABeIFJ|
155659213|74433034|1187833467620343809|दीपज्योतिः परब्रह्म दीपज्योतिर्जनार्दनः ।दीपो हरतु मे पापं दीपज्योतिर्नमोऽस्तुते ॥ https://t.co/ABEz8e4e66|
155659213|74433034|1187809733274558464|भाजपा कब तक बालाकोट,के नाम से वोट मांगेगी ? ये वो पूछ रहे है, जो वर्षों पहले मर चुकी दादी से मिलती नाक के सहारे चुनाव लड़ रहे थे।|
155659213|74433034|1187808485808848896|.@priyankachopra  की दिवाली शॉपिंग हो गई... 🤣🤣पटाखों से Asthma होता है साहेब; सुटटे से नहीं।।viaWA https://t.co/EHSeReaNHx|
155659213|74433034|1187807485693874176|Well done fellow INDIANS, Proud of you allShare Of Chinese Goods In Delhi’s Diwali Idol Market Falls From 80 To 10 Per Cent, Here’s How India Fought Back https://t.co/cD8i1Oh2QR|
155659213|74433034|1187799839523794944|उधार उतना दो,जो कि वापस ना मिले तो दुख ना हो।विश्वास उतना करो, कि विश्वासघात से पीड़ा ना हो।This is the mantra for a peaceful life which I follow now|
155659213|74433034|1187798095305695232|गणित का सवाल.....🤔BJP में से अगर मोदी जी और अमित शाह जी को निकाल दिया जाए....तो हमारे पास कुल कितने नेता बचेंगे हैं? ✍🏿viaWA|
155659213|74433034|1187789050712707072|Patake phorde? https://t.co/h5chsPFZLW|
155659213|74433034|1187788204235055104|Some facts on Gopal Kanda for Paid shameless timepass 2BHK @rohini_sgh and Italian hybrid beauty of John Abraham @priyankagandhi ........ &amp; as usual Headless Chickens of @INCIndia https://t.co/sNN5a5aC75|
155659213|74433034|1187787513525460994|According to @ShekharGupta as per @ChandnaHimani article in the Pindi, Head Qted @ThePrintIndia Indian Economy is so bad that Lyuten's PIMPs are not buying UNDERWEARSThey are surviving on what was gifted to them by 10JP before May 16, 2014 https://t.co/MGUhb47otr|
155659213|74433034|1187782998403383297|But Shashi Tharoor is so sweet.Abhishake Manu was respecting woman judge on his table without pantssurjewala was training a NSUI girl on his bedDiggi was respecting woman in his bathroomND Tiwari was experimenting how to produce babyPilot and john, I leave for her https://t.co/jAp0y6ty1M|
155659213|74433034|1187781231489863680|Paid shameless propangda specialist 2BHK Tohini singh @rohini_sgh will Not uttered a Word about Casanova @ShashiTharoor who killed his wife for @MehrTarar and a word about @RahulGandhi who raped sukanya devi https://t.co/Hgf0yk2D9c|
155659213|74433034|1187750585161932801|.@ShekharGupta is gifted with a special power by Sickeluar God. He, from a distance, can smell who is wearing Underwear or not Lyuten's PIMPs generally don't wear as it provides fast and easier access https://t.co/cutZs7dpR4|
155659213|74433034|1187743171654148098|एक कुम्हार की विनती:.......बनाकर दीये मिट्टी के ज़रा सी आस पाली है....मेरी मेहनत ख़रीदो लोगों मेरे घर भी दीपावली है...... https://t.co/xeCYp2hhgL|
155659213|74433034|1187676203391434753|Doesn't look possible but understand, learning lesson standing with Modi Ji Amit Ji is theoretical learning bcoz u will not get an opportunity to practiceStanding on another side u still learn theory from them but can also do practicalIn our term we call it "Sand Box Tecting" https://t.co/fgBpioaO3v|
155659213|74433034|1187663784216674304|.#BreakingNewsIndians no longer need visas to visit Brazil: President Jair BolsonaroForget jihadi @GoTurkey, Let's go to Brazil and have fun...Who is coming.......... https://t.co/ulXRn3MW53|
155659213|74433034|1187661476837781504|India was under manufactured Slowdown by GDP flag bearers. GDP is the wrong way to calculate the Indian economyhttps://t.co/MVheFkYYy9|
155659213|74433034|1187635786042101761|राम मंदिर से रोटी मिलेगी क्या??पूछने वालों..मंदिर के आगेे बैठ जाना, रोटी, कपड़ा सब मिलेगा..और रायता फैलाया तो जूते भी मिलेंगे|
155659213|74433034|1187629448654282752|.@ShivSena Sena should frame this picture at Matoshree and think twice before pulling any stunt like @ncbn NaiduWith SS, BJP had to compromise on lot of things including SS hafta wasooli businessWith NCP. just put the case on a slow pace https://t.co/2dJHJ8dgA5|
155659213|74433034|1187626170574983169|"If people treat you as an option show them that your priorities have also changed"A new beginning this Diwali|
155659213|74433034|1187623486929268736|धनतेरस के शुभ अवसर परआपको एवं आपके समस्त परिवार जनों को माँ लक्ष्मी का आशीर्वाद प्राप्त हो सुख समृद्धि प्राप्त हो ऐसी शुभकामनाओ के साथ आपको  धनतेरस की शुभकामनाये!जय श्री राम https://t.co/XGYbRvgzY0|
155659213|74433034|1187506106085457920|Throwing Taxpayers money into @BSNLCorporate and @MTNLOfficial is the worse decision of @narendramodi govtThese are bottomless sarkari white elephant which will never revive no matter what u doA Disaster for sureSell them, is only best bet|
155659213|74433034|1187490483913687040|from 2004 till 2014, ISI was ruling India via Italian and  Manmohan Singh https://t.co/PCtJnmvOWe|
155659213|74433034|1187490076856438784|Swombies degrading Swamy by selling his CV every time they feel someone is about to whisper something about Swamy But one Question @swamy39 Sir never answer, while he took up Ram Mandir issue why is he silent about Lakshman Mandir?Detail thread with proof coming soon|
155659213|74433034|1187486819098583040|Remember #GurmeharKaur? She also stood by #Kashmir separatists &amp; took side for tukde gang leader #UmarKhalid. she defended #Pakistan too. She is now rooting for Khalistan'i terrorists 🧐Read my tweets, Long back said she is ISI plant https://t.co/qOOOxQkFFX|
155659213|74433034|1187486030200336390|Pls read this thread again https://t.co/2vDhlp2S5U|
155659213|74433034|1187435697059201024|आज अपुन ने गुलाब जामुन बनाये Near perfect almost round achievementGood Night https://t.co/WEGvPJanMM|
155659213|74433034|1187428905960894465|The morality of the new @amitshah ji BJP. I hope they realise. Dedicated and honest workers of the party are not sidelined. https://t.co/5ASJ5ayfj4|
155659213|74433034|1187428203851239424|Chopper crash All 7 incl 2 crew, survivedA control system that takes chopper up down got lockedThis happens when any of the linkages leading to the transmission system gives way. The skill of the pilot to maneuver chopper to a naala &amp; get it on its belly were commendable https://t.co/Y0GtIoRMvz|
155659213|74433034|1187419640965681152|Today I guess @CaptAbhimanyu will understand why I said "A Leader, who happens to be a JAT"|
155659213|74433034|1187419232939560961|.@priyankagandhi remember one thing, Killing a person for polarizing voters will not work for congress anymoreIf u think no one knows, then you are wrong and a foolish person|
155659213|74433034|1187415934178230273|महाभ्रष्ट, लौंडियाबाज, छिनरा, दलाल, दल्ला गोपाल कांडा 6 अन्य निर्दल विधायकों को चार्टर प्लेन में ले के उड़ा जा रहा है .........जो जिसका पात्र होता है उसे वही मिलता है ।आपने गोपाल कांडा जैसा *** चुना , अब उसे 5 साल चाटिये । https://t.co/AF6LqPr6rJ|
155659213|74433034|1187406717849460736|धारा #370 जैसे कलंक को हटाने के बाद भी #BJP को महाराष्ट्र और हरियाणा में कम सीट मिलना एक तरह से मतदाताओं की सोच पर प्रश्नचिन्ह है।राष्ट्रवाद पर जातिवाद हावी ।|
155659213|74433034|1187406420846637056|दुष्यंत चुटाला king मेकर बनने चले थेकर्नाटक की तर्ज पे कांग्रेस 10 सीट वाले दुष्यंत चौटाला को मुख्यमंत्री पद तक देने का मन बना चुकी थीपर अब सत्ता की चाबी को चार्टर्ड प्लेन में ले के गोपाल कांडा दिल्ली की ओर उड़े जा रहे हैं ।भाजपा की सरकार बननी तय है ।|
155659213|74433034|1187399480397533184|Haryana असेंबली चुनाव में BJP की 47 सीट्स से 40 हो गई तो मतलब जनता ने BJP सरकार के विरुद्ध वोट दिया है परंतु Karnataka असेंबली चुनाव में जब @INCIndia  पार्टी 122 सीट्स से 80 पर आ गई थी तो वो Congress सरकार के लिए मैंडेट था|
155659213|74433034|1187399183671496704|हरियाणा में योगेंद्र यादव ने सरकार बनाने का दावा पेश कर दिया है। https://t.co/aulyBZNXof|
155659213|74433034|1187390733726044160|राष्ट्रहित का गला घोंटकरछेद न करना थाली मेंमिट्टी वाले दीये जलानाअबकी बार दीवाली मेंदेश के धन को देश में रखनानहीं बहाना नाली मेंमिट्टी वाले दीये जलानाअबकी बार दीवाली मेंजो दिवाली मनाता है, उस से दिवाली का समान खरीदें ताकि वह भी दिवाली मना सकेhttps://t.co/fXsRjRa0Es|
155659213|74433034|1187369833173803010|तेरी ही वफ़ाओं के तक़ाज़े बदल गये....और मुझे आज भी तुझसे अज़ीज़ कोई नहीं..!!! https://t.co/D5QqzTLUhu|
155659213|74433034|1187367187792715778|आपकी सोच और समझ आपका बड़प्पन दर्शाती है परन्तु मैं अपनी औकात और हैसियत समझता हुँ इसलिए अपने पैर चादर के हिसाब से पसारता हुँ https://t.co/6T9hbB6uAd|
155659213|74433034|1187351141832462337|.@amitshah ji @JPNadda ji @harishkhuranna, Delhi BJP has stopped producing lion after Shri Madan lal Khurana ji . No one and I repeat no one is anywere near to him. Baar baar sher nahi ate|
155659213|74433034|1187350413168635905|My Pledge1. No Movies. It will save electricity which is just a waste for running projectors, A/C etc2. Watch only Downloads. No waste of power3. No Bollywood as it only provokes ppl against Nation woman4. Burn all crackers as sulpher help kill mosquitoes like uJai Hind https://t.co/khNYM1URUO|
155659213|74433034|1187347068706115584|My humble suggestion to @AmitShah jiSend @mlkhattar Ji to TNMake @CaptAbhimanyu CMReward ppl who worked for BJP but not BJP membersReward Karyakartas, listen them, respect themSTOP rewarding membership to who abuse ModiDismantle BJP IT cell 100%, Useless bunch of Idiots|
155659213|74433034|1187344627935744001|Can I pat my back for once?I am better than these netas. 2018 when i visited a school in hills, i asked kids what they want me to do for them. They said get us a road from the main road to the village schoolI tried my best, 3 months, a new road was laidThe video is on my TL https://t.co/dtic1qBLB2|
155659213|74433034|1187343703582507008|.@AmitShah Ji, @JPNadda Ji, i don't see one leader who can match the capabilities and stature of former Delhi CM Madal lal khurana|
155659213|74433034|1187343295107592193|North East, A lady worked with BJP all her life with full commitmentBut 3 Congress ladies of questionable character were brought in from congress and made VP directly and this lady still job is holding flag That's todays BJP https://t.co/50HY3TXOkP|
155659213|74433034|1187341794880569345|@dineshmittal3 @ippatel @sudhirchaudhary Sir, can i make a humble request? Pls never tag me with big people, it is an insult to them|
155659213|74433034|1187341236916510720|है है है भाई आपको किया लगता है हम कोई तोपची है बँधु मोदीजी और अमित जी तो दूर की बात हमको तो उनके सबसे छोटे कार्यकर्ता भी नहीं जानते https://t.co/47c0vvqxDk|
155659213|74433034|1187339777189634048|Absolutely right @venzq. This is why Modi ji kept Swamy sir at arms lengthUR bio explain ur tweet https://t.co/Bagggjg9Ca|
155659213|74433034|1187338357174464515|Yes, I am just an ordinary citizen now sitting 300Km away from DelhiI am talking about a legend who is not in any party and neutral guy https://t.co/IAFC7g9bZ0|
155659213|74433034|1187336861712171008|Well. I told my team not to claim this ever but i do know we all were on ground not bcoz someone asked us but becoz we thought good people should be in sansad https://t.co/zU3nzeLAhD|
155659213|74433034|1187335848297021441|There is an undeserving duffer in BJP@rsprasad who before election run after workers after election if a worker want to meet him, his reply, get your background checked before meeting https://t.co/dtic1qBLB2|
155659213|74433034|1187334503527665665|You are absolutely right Vijay ji but if an organization is getting flooded by such people, what will u say?I have 100s of example where BJP karyakartas were sidelined by BJP and made ways for infiltrators from Congress https://t.co/nln8aMmFfD|
155659213|74433034|1187333897438150656|Pls stop comparing with her. I didn't met her after Jan 2018Regarding feeling, No i am not feeling bad, i am just giving warning shotsForget Invite, Gaurav Pradhan don't even desire to have a selfie with any politicianI am ONLY for the nation not party or govt https://t.co/z1Rx5x7Zef|
155659213|74433034|1187333187959021568|old BJP was BJP of scholars. From ABV ji to Sushma Ji, even MirchiSeth all had excellent people connect and were grounded leadersBJP of today is all about opportunism and Whos who. If @incindia listen to just one man, 2024 will NOT be a BJP one-sided victory but will they? https://t.co/e24KGRR1Dq|
155659213|74433034|1187331352976187393|Let me give an example of ARROGANCE of BJPLast year when @Tejasvi_Surya came on the SWADES stage, I addressed him as MP Sir for the 2019 election. He said no way, I said save itmessaged him, if u need help in 2019, call us. NO REPLYtexted him CONGRATS for winning, NO REPLY https://t.co/ZUXF13xotY|
155659213|74433034|1187329153982332929|If @AmitShah govt don't convict @DKShivakumar in max one year and send him to jail, rest assured DKS will wipe out BJP from Karnataka for many yearsBJP lack leadership|
155659213|74433034|1187327680812728320|.@DrSJaishankar @Gen_VKSingh @HardeepSPuri What is common between them?All three are accomplished professions in their professional life BUT ZERO people connectA good minister should be a perfect balance between Public Connect and delivery of KRAAll 3 lack public connect|
155659213|74433034|1187322773649031168|I am sorry to say but @AmitShah Ji is superman. He doesn't need ground reality or karyakartas. he knows everything and he believes adding tom dick and harry from other parties will make him win all the time https://t.co/YK4KI6Aivu|
155659213|74433034|1187302475113484288|Economy slowdown narrative and kamlesh tiwari card by congress https://t.co/9DgSLUi6pV|
155659213|74433034|1187299970774253569|Show me one tweet where i said "Cake Walk""Walkover is never given by a weak team to a strong team, It is Walkover when a strong team throw away to weak teamProblem is my tweets are for people who have some intelligent functioning mind it is not for the reactive  mind https://t.co/Px3VvHKkJB|
155659213|74433034|1187296260752982017|Let me REPEAT again1. I or my team didn't work even a min in this HR and Maha election2. LS2019 was my last election3. My election crunching was last done for LS2019. No moreI now do ONLY advisory directly to candidates without any bias to any party. I am a professional|
155659213|74433034|1187293437445304320|Before @myogiadityanath U will see a repeat in Delhi electionDelhi which BJP will fight electionLekhi BJPGoel BJPHarshvardhan BJPParesh Verma BJPManoj Tiwari BJPSatish BJPAs of today AAP winning again without Natwarlal as CM https://t.co/gy2NcC8wQl|
155659213|74433034|1187292509837262848|Certainly. this election I pulled myself out of any tweet, promotion or crunching numbers.Ppl tell me INC is done &amp; i always said ur over-ambitious. It will not happen Caste politics will stay in India for 3 more terms &amp; our election is not about work we do but perception https://t.co/1praQL8Lx3|
155659213|74433034|1187291583839756294|I hope @CaptAbhimanyu Sir will recall my meeting with him and what I told him clearly in Dec 2018being in power or party anyone thought the process has a limited vision but when ppl like us look at it, we scan the whole scenario with an unbiased approach https://t.co/l14Gq90ikv|
155659213|74433034|1187290167721132033|3Walk over is not new norm now that we hand over elections?Ask @CaptAbhimanyu, didn't I told him in December that it is not a easy election?Remember, my tweets are not an easy read. U need to be calm and wear ur thinking hat to understand it|
155659213|74433034|1187289568955064320|2What did i said?Isn't it first time since independence that hand over victory to opponent when we have all ability to win?Is not congress on 2nd spot when u all said to me, Congress is over? I didn't change my position|
155659213|74433034|1187289036106297344|1U all Questioning this tweet but not reading or understanding it properlyWhat is #walkover? In cricket when ur star batsman throw wickets &amp; give game on a platter to weak opponent, its is  walkoverSame happened here. BJP handed over it to congress bcoz of over confidance https://t.co/ZpqfA2ucll|
155659213|74433034|1187279934047150080|Again those who Question me actually don't read my tweet properly This actually happened in Haryana Always read my tweet with open eyes and with continuity https://t.co/3aGljU2Bsj|
155659213|74433034|1187275588630765568|Read my few days old tweets where I said Deobandi vs Beraillyvi https://t.co/GvaomAnoHS|
155659213|74433034|1187275301077696514|He is a brilliant Officer. He made an outsider like me feel home and that's tell everything https://t.co/0t9FLKFPRh|
155659213|74433034|1187275047062228992|Every force had some bad apples Including Army that doesn't mean the whole organization is badIt is easy to comment but asks these ppl who stand in neck deep water or 50 degree heat to protect Bharat so that we can sleep wellJai Hind https://t.co/SRjUonl6V0|
155659213|74433034|1187273851387797504|Delhi result can only come when i know how many parties fighting electionsWe have AAP and Congressand then we have Lekhi BJP, Goel BJP, Harshwardhan BJP, Tiwari BJP......and so on. So which BJP will fight Delhi should be known https://t.co/cWBVd82phh|
155659213|74433034|1187271443295289344|Pls don't give me ANY credit for Haryana or Maharastra. This election, I didn't even study any single seat what so everLS2019 was my last election. Now no funds/money to do the expensive exercise of election predictionsI DID'NT STUDIED or WORKED in this 2 state election https://t.co/Z2Rf8IqD4u|
155659213|74433034|1187071323941429248|It was a great honour for an ordinary person like me sir. Thank you for the great evening and theJW Black which u especially brought for me https://t.co/RY3mrtwIn1|
155659213|74433034|1187062795105230848|Honoured, Humbled no words can describe the feeling. Spend my evening with @BSF_India Commanders hosted by @BholaNath_BSF SirThey married me to BSF. They guard borders so that we can sleep well, I promised, I will do my best for them &amp; their familiesLot coming soonJai Hind https://t.co/OVmIq85uqW|
155659213|74433034|1186990347605311488|you communal man भाई-बहन के बीच आग लगा रहे हो ऐसा हम होने नहीं देंगे🤣🤣😎 https://t.co/yx2Gd9pACD|
155659213|74433034|1186902883536474113|.@ReallySwara my simple advice. NEVER mess with me. If U don't believe, Pls call Clifton Road or Pindi..... they know me better|
155659213|74433034|1186900550689800192|During IK Gujaral time, Uday Bhasker father of @ReallySwara who fudged her birth certificate by 10 years handed over a list of 100+ Indian asset in Pak to pakThe result, Pak didn't share the list and our guys butcheredIt takes decades to build an asset https://t.co/sK5D7XLD9x|
155659213|74433034|1186893841858580480|मार्शाअल्लाह खुदा रहम करे https://t.co/uvxEfXDdsJ|
155659213|74433034|1186814620633157639|Dear @ReallySwara, Pls ask ur father Uday Bhasker If he met any Pakistani Guy by the name Nafez Mohannad Baig in Nepal who came from Dubai about 49-50 hrs back?Remember one thing, Tell ur Trolls to stay away from me.. If i share ur Paki trip video, u will run away from twitter https://t.co/TgMLKQzGFN|
155659213|74433034|1186810497791713281|संदेह मुसीबत के पहाड़ों का निर्माण करता हैंऔरविश्वास पहाड़ों में से भी रास्ते का निर्माण करता हैसुप्रभात https://t.co/xXNTFeZFwC|
155659213|74433034|1186778964062167040|Na, Those giving info will solve it https://t.co/rXv5Ome4ap|
155659213|74433034|1186775967777218560|Who was nabbed from Rajasthan Gujarat Border by Gujarat ATS? https://t.co/HrsqgQ3cwI|
155659213|74433034|1186774181016305666|.@kochattil Satyam was brought down by Infosys NRNM and so do Kingfisher, Karma will hit back Regarding Fudging Books, It is not the first time, A top financial boss was given a golden handshake to keep his mouth shutI am Ex Satyam from leadership role https://t.co/mUeQuWblgq|
155659213|74433034|1186767579831918592|"गुजरात ATS को शक है कमलेश तिवारी के हत्या के पीछे कुछ बड़े चेहरे शामिल हैं, दोनों हत्यारें मात्र एक सुपारी किलर है"Now read my tweets few days back|
155659213|74433034|1186763118744985600|@pallavict their problem was excessive drinking. MP sir as natural|
155659213|74433034|1186758856195493888|When the entire world was sleeping, Oct 14, I tweeted that Turkey is shopping for Nukes in Pakistan and Turkey Nuke Scientist visited Pak few timeNow @nytimes report the sameSorry, U just can't beat my folks who work for the nation 24x7 https://t.co/LDx8AHeycQ|
155659213|74433034|1186756991848312832|I came to know that @republic claims EXCLUSIVE expose on Iqbal MirchiNow read this thread dated March 2016. I had clearly set links between Gujarat, Mirchi, and Congress top leaders even this Satish Verma, the pet dog of 10Janpath@republic I am miles ahead of u folks https://t.co/i1gnRGopCl|
155659213|74433034|1186754509206278144|Finally, All Hindu accused in #KathuaCase proven NOT GUILTY in Court 💪✌️🙏|
155659213|74433034|1186753344066338816|How many of you feel going to pak like this and meeting Miya ji was @narendramodi ji blunder and why? https://t.co/3NiPz7WLmq|
155659213|74433034|1186701096175038465|growing old is mandatorygrowing wise is optional.Good night|
155659213|74433034|1186691083608051714|I know u folks have read this series but every time I read it, I find an answer to some present-day eventsRead it again if you want to know why MMS silent most of the time and also related to Siachen Glacier which is now open for tourist and why Dada got Bharat RatanJai Hind https://t.co/rjNfhZ28jC|
155659213|74433034|1186683815218909184|.@AmitShah Ji and @myogiadityanath Nabbing of killers in Kamlesh murder won't reveal real plot...get an SIT under SC|
155659213|74433034|1186683351526072321|Say Thank you to @Gen_VKSingh and Dada for saving it, no one elseTruth which will never come out https://t.co/wXIPlbCxTG|
155659213|74433034|1186648137257144320|FIR against SIT officers for torture witnesses and creating false evidence in the investigation of Rasana Murder Case.#KathuaaCase #FakeSIT https://t.co/LEBgCgo3B4|
155659213|74433034|1186647045207138306|वो मारेंहम मरेंलोकतंत्र मस्ती में है,हम मारेंवो मरेंतो लोकतंत्र खतरे में है।Via Ritu Ji|
155659213|74433034|1186642888245088256|.@AmitShah जी, दिल्ली में चुनाव होने वाले है, सोचा आपसे डायरेक्ट पूछ लू "दिल्ली में बीजेपी का कोई कैंडिडेट है या नहीं"?कियुकी जहाँ तक मेरी जानकरी है बीजेपी दिल्ली में लड़ने लायक नेता कोई नहीं है यहाँ यातो सब CM कैंडिडेट है या फिर वोह है जिनका नाडा ढीला है|
155659213|74433034|1186635446308110337|Well done @JustinTrudeau, Canada is really proud of youIf anyone wants to imagine how India would have been if @RahulGandhi was PM, Look at Canada, sinking day by dayTrudeau Grants Citizenship To Islamic Terrorist CONVICTED Of Mass Murder https://t.co/6uvbWBQ4Ge|
155659213|74433034|1186629406216704002|"फूलों का तारों का सबका कहना है 1000 में मेरी बहना है"@ManojTiwariMP ji to @abbas_nighat https://t.co/iOFGQUrW1C|
155659213|74433034|1186612270903676928|आपसी सहमति से बनाया गया शारीरिक संबंध बलात्कार की श्रेणी में नहीं आता : ठाणे की एक अदलात का फैसलाWhat will happen to #MeToo Champions?कितने निर्दोष बलि चढ़ने से बच गए।|
155659213|74433034|1186609274463502336|Enlargement of @PChidambaram_IN.................. What?Only his cheer girls can answer this "Fill in the blank" https://t.co/sAwRUyPCRA|
155659213|74433034|1186607754875568128|she would not be sheikh Hasina rather she would be another Khalida Zia. So placing high hopes on her can be counterproductiveRemember she is from punjabTrack 4 tried to convince bit no use till now https://t.co/0LWzKmTnsC|
155659213|74433034|1186607137910185985|"भाग्य बलात्कार की तरह है, अगर आप इसका विरोध नहीं कर सकते, तो इसका आनंद उठाने की कोशिश कीजिये"--- Statement by Anna Linda wife of @incindia MP @HibiEden Truly Gandhian Philosophy https://t.co/Z9USzy0CWG|
155659213|74433034|1186604691259457537|In the history of Pakistan, Nawaz Sharif was the only Prime Minister who want to tame the Army and resolve issues with India. He was a businessman and know the importanceRest all used the conflict to make money@ImranKhanPTI no hope, he is a womanizer|
155659213|74433034|1186596169696202752|मादा नवज्योत सिद्धू ने कांग्रेस पार्टी छोड़ी ..!!|
155659213|74433034|1186576070390112262|.@ArvindKejriwal, @msisodia और बाकी मंत्रियों ने अपने परिवार के ईलाज में ही जनता के 50 लाख रुपये उड़ा दिएदिल्ली की जनता और उनके बच्चें जायें मोहल्ला क्लिनिक मेंलेकिन केजरीवाल के मंत्रियों के घर मे किसी को छींक भी आ जाएं तो दिल्ली के बाहर लाखो का ईलाजRTI via @KapilMishra_IND https://t.co/TASSZv4xzB|
155659213|74433034|1186568879322976257|Can you believe it ?Isn't her finger longer than the fingers of ordinary people?That's the secret of Ungli wale Bai https://t.co/h0e7HjuUvl|
155659213|74433034|1186547736084021249|ओये @fawadchaudhry unblock कर वरना तेरा हैंडल गया सुन मवाद चौधरी Unblock कर ताकि तेरे 18+ वीडियो हम तुझे DM और whats aap पर दिखा सके वरना अगर हमने  पोस्ट कर दिए तो तू पाकिस्तान में नंगा हो जायेगा @KhawajaMAsif https://t.co/reuPoom5GA|
155659213|74433034|1186537321669120001|I never do predictions, I am NOT an astrologer https://t.co/T5l46hcjdD|
155659213|74433034|1186536587527479296|@ompverma45 Wg. Cdr, I know it very well had been on the trigger side. its just for fun from an unknown source|
155659213|74433034|1186533808939491328|Miya Ji is given slow poisonInput proved in 9 monthsYes, I am better known in Pak then in India. Indians mock me, Pak take me seriously@MaryamNSharif @OfficialDGISPR I am watching you right in front of you. Be careful 🤣 https://t.co/y0iIVt9wah|
155659213|74433034|1186518968862826496|अच्छे" और "सच्चे" रिश्ते            न तो "खरीदे" जा सकते हैं,        न ही "उधार" लिऐ जा सकते हैं                     इसलिए    उन लोगों को जरूर "महत्व" दें      जो "आपको" महत्व देते हैं...   🙏शुभ प्रभात🙏|
155659213|74433034|1186335651538460673|Pls don't LIKE this tweetOnly RT this tweetThe purpose is to spread the message as far as possibleJai Shri Ram https://t.co/dovibyvbEH|
155659213|74433034|1186325752146345988|Midnight Thought: @ReallySwara  ki ungli per voting official kaise ink lagayega... 🤔 ???|
155659213|74433034|1186322357431832576|इसे चैनल क्यों कहते हैं?इसे तो ज़िला घोषित करना चाहिए...यहाँ केवल एक बोलता है बाक़ी शकल दिखाते है 😂😂 https://t.co/n3qtcgEhW0|
155659213|74433034|1186320475112128515|ये @rajnathsingh जी को नीलम की वैली से प्रॉब्लम किया है। .... ठोक दिया 🤣🤣|
155659213|74433034|1186316030601097218|If anyone and I am serious, If anyone thinks @RahulGandhi is BJP star Campaigner, you are wrongPappu Pager is performing at his best to show @priyankagandhi her place...... &amp; today only ONE person can relieve @incindia who is NOT Congress Person|
155659213|74433034|1186310845912928257|Sujamal is goneHis deals in Lavasa will be under scanner if he does not mind his waysLavasa mein ek cancer hospital Banega https://t.co/LmOdz1s2qV|
155659213|74433034|1186309770661093384|If you see with a calm mind, @narendramodi single handily destroyed Caste and religion politics in IndiaMuslim card failedDalit card failed Jat card failedMaratha card failedBrahim card failed Thakur card failedOBC card Failed|
155659213|74433034|1186308933322854400|In future election, Raj will play as the head of NCP-MNS joint venture|
155659213|74433034|1186306712069783554|Shujamal is Country Manager of D Company in IndiaAnd Vadra Congress private Limited is D Company franchise in India|
155659213|74433034|1186304358234783744|Next Madhya PradeshIts just a matter of time2024 may witness One Nation One election https://t.co/2lZcvbrdqr|
155659213|74433034|1186297881805742080|ये देखिए...EVM में #मोदी@370 कोड फीड करके मशीन हैक करते हुए रंगे हाथों पकड़े गये महाराष्ट्र के पिछले और अगले मुख्यमंत्री! https://t.co/cdrVy8Aoph|
155659213|74433034|1186297062389776384|Uptil now our Pak collected 3000 brass mortar shell.Rate of brass scrap in Islamabad is Rs 850/kg3000 x 850 = Rs2,550,000Biryani Plate = Rs200Total Pak Jawans can have Kutta Biryani = 12750Without surrendering we made India pay for our BiryaniMoral Victory!viaWA|
155659213|74433034|1186286156607942657|बंटवारे के पहले "हिंदुस्तान" और "पाकिस्तान" 🤓you know their role...... as of today https://t.co/pBj3QUsyG7|
155659213|74433034|1186282996833247234|.@nitin_gadkari  जी ठीकेदार को रोमिला थापड़ सम्मान देंगे !!ये किसानों के लिए हैं ताकि वो रात में खेती कर सके https://t.co/pNR3XTKs2w|
155659213|74433034|1186281940334198785|हरियाणा में इनेलो जजपा की फूट और बेहद कमजोर हो जाने का लाभ कांग्रेस को मिला है ।अगर इनेलो जजपा इतनी कमज़ोर न हुई होतीं तो कांग्रेस का सूपड़ा साफ हो जाता और दस के नीचे चली जाती ।|
155659213|74433034|1186279728606412805|EVM बदनाम हुईंभाजपा तेरे लिये!!#walkoverElection|
155659213|74433034|1186278764625285120|Adventure Galore: Siachen, World’s Highest Battlefield, Opens For Tourists, Announces Defence Minister|
155659213|74433034|1186278022455816193|News 18 के मुताबिक अभय चौटाला, दुष्यंत चौटाला, नैना चौटाला और कुलदीप बिश्नोई चुनाव हार रहे है. बाकि यह सिर्फ एग्जिट पोल है. कृप्या भड़क ना लें. 24 अक्टूबर तक इंतजार करें.|
155659213|74433034|1186276408596656128|AAP 00, खुदा कसम नटवरलाल के तो लग गए ................... https://t.co/wMgl9aXlzY|
155659213|74433034|1186275590149566464|Pls ask your hubby to get Oath ceremony Invite in advance otherwise i know what happens to Ladies🤣🤣🤣🤣 https://t.co/JJDMAISCoj|
155659213|74433034|1186270756503638017|#BreakingNewsEVM hacked in Maharastra and HaryanaThis is India's first #WalkoverElection since Independence|
155659213|74433034|1186203260379512832|Casting Vote is not only your right but also a duty. Request to Exercise your right and vote in Maharashtra and Haryana Vidhan Sabha Elections, 2019 today 21st October 2019.#Election2019 #MaharashtraElections2019 #HaryanaAssemblyPolls|
155659213|74433034|1186201426067783680|That’s Big structural reform, once implemented. IPC is too old, too much loopholes and not updated. 1860 was the time when IPC was introduced and its shame that No Government thought to update it Atleast. https://t.co/bAclicZbSB|
155659213|74433034|1186169605502296064|As per my understanding of ladies, U voted for Rahul Gandhi bcoz u very upset with Modi ji and Dev bcoz they didn't acknolodged you on Social Media as per your last post🤣 https://t.co/9r4Hrmk6sh|
155659213|74433034|1186160384027136000|United Kingdom is made of four Countries :1. England🇫🇴2. British captured Scotland🏴󠁧󠁢󠁳󠁣󠁴󠁿3. British captured Northern Ireland🇯🇪4. British captured Wales🏴󠁧󠁢󠁷󠁬󠁳󠁿@BBCWorldPlease keep on sharing this untill That bloody BBC stops referring to our own Kashmir as India occupied Kashmir.|
155659213|74433034|1185961353925652480|The vultures of Politics start their naked caste dance in UP https://t.co/gJ5jNIzqim|
155659213|74433034|1185955014268706816|2019 #HaryanaElection and #MaharashtraElection is the first Walkover Election in history of independent India.This election even if @INCIndia is contesting alone. It will come second.Is #WalkoverElection the new normal of new age elections in India?@AmitShah @narendramodi https://t.co/70W6iMjWD7|
155659213|74433034|1185905233685139456|This Diwali,be considerate for the person behind this beautiful lamp,its Diwali for his family too.Decorate your home with simple "Diyas"I pledge I will do my Diwali shopping ONLY from those who will celebrate Diwali bcoz of my business https://t.co/tH6WNwkpdj|
155659213|74433034|1185899506853801984|Thanks for the confirmation, @digvijaya_28 Ji. यह सुनोयोजित हत्या है@AjayLalluINC is from Kushinagar which is in Gorakhpur division https://t.co/DQFsjX82iL|
155659213|74433034|1185896453341794304|No matter who says what, the facts are hinting that#KamleshTiwari was NOT killed by Muslims, He was killed by Supari killer who happens to be MuslimThe 2 suspect who had given supari are known by their nose shapeAgenda Muslim vas HinduThakur vs Brahmin vs Dalit vs OBC|
155659213|74433034|1185891412815933440|दो दिन पहले बोला था पहले @AjayLalluINC अध्यक्ष बनाना फिर @myogiadityanath को अजय सिंह बिष्ट बोलना फिर #KamleshTiwari की हत्या होनाये कोई संजोग नहीं बल्कि समाजवादी और कांग्रेस का सोचा समझा षड़यत्र है ताकि UP को पंडित vs ठाकुर की आग में झोका जा सके 2022 चुनाव से पहले https://t.co/NvATfUmL85|
155659213|74433034|1185881499658158080|परीक्षा में पूछा गयानिम्न गद्यांश का भावार्थ लिखोकरोड़ो रुपयों की बैंको में से हेराफेरी हो गई, पर डोरी से बंधा हुआं पेन, वहीं  का वहीं रहामेरे जैसे कम पड़े लिखे छात्र ने लिखा"लक्ष्मी की चोरी हो सकती है, परन्तु...सरस्वती की नहीं। इसलिए संतानों को शिक्षित बनाये, धनवान नहीं।"|
155659213|74433034|1185782775305031680|किया आप जानते है जब करोड़ों लीटर बकरे का खून नालिओं के माध्यम से तालाबों और नदियों में मिलता है तो वोह पानी जम जम जैसा स्वास्थ के लिए लाभकारी हो जाता है आइये CPCB के साथ मिलके बकरे काटे #takepledgewithCPCB https://t.co/jCr5XTarOA|
155659213|74433034|1185767087253274624|I agree with @CPCB_OFFICIAL. I take a pledge this Diwali I will burn all crackers to support their missionBeef eating is the biggest cause of environmental pollution on earthHave you ever objected to it? https://t.co/RFcrFaZDj0|
155659213|74433034|1185697922135887872|Yesterday Presstitutes Meetu 2BHK Rohini Swati Vijaita we’re floating fake story that only 10 lakh bribe https://t.co/faSngPCtPP|
155659213|74433034|1185678773447876608|PM Modi cancels Turkey visit over its Kashmir remarks.Excellent Move..👌👍|
155659213|74433034|1185673925931323393|It was planned in Dubai? If true, then 99.9% congress is involved in it https://t.co/A1hGLAx1rk|
155659213|74433034|1185672800951922688|आज #kamlesh_tiwari की अंतिम यात्रा के बारे में सुनके सीना चौड़ा होगया कल मोदी योगी को गाली देने वाले भाई बहिन आज कमलेश की अंतिम यात्रा में शामिल होने अपने परिवार सहित लखनऊ पहुंचे अपना काम धंधा छोड़ कर विश्वास कीजेए इनते हिन्दू आये की सड़क भी नहीं दिख रही थी #कड़वी_बात https://t.co/9p5bTqh83b|
155659213|74433034|1185666033543106560|लखनऊ से मिठाई न खरीद कर सूरत से मिठाई खरीदना और डिब्बा छोड़ कर जाने का एक ही मतलब है जांच को गुमराह करके असली साजिशकर्ताओ को बचानाआप लोग छोटी मछली पकड़ने पर खुश हो, मुझे शार्क पकड़ने की आदत है|
155659213|74433034|1185661875465289728|My SM friends Questioning my this video"Gaurav UR a moron, do u think ppl are fool that they will come in Congress dirty tricks"My Reply, We all know the 1984 Sikhs Genocide, 10000+ were butchered, Burnt alive and who did it. Still then in Punjab we have a congress Govt today https://t.co/OTIXQKlw6a|
155659213|74433034|1185659182835322880|बेटियों संग मोदी जी ।।।।पर गुलाम कांग्रेसी तो भयंकर तिलमिलायेंगे 😊😊😊😊 https://t.co/FhJMksWM1e|
155659213|74433034|1185650435400425473|India was put down in "Fragile five" nationAnyway Comedian @rahulgandhi will not understand thatEconomy was strong under Manmohan Singh: Rahul Gandhi https://t.co/pbZbChoMGI|
155659213|74433034|1185649266456322048|आज योगी सरकार को गालियां तो दे रहे हो मगर याद रखो इसी योगी सरकार ने आजम खान को सरे आम रोने पर विवश कर दिया है।इसी कारण 70 साल से राजनैतिक पार्टियां मुस्लिम पर भरोसा करती है कियु वोह संगठित है, हिन्दुओ का कोई भरोसा नहीं कड़वी बात बोली है, विचार कीजियेगा|
155659213|74433034|1185548601306431488|Electricity, battery, ozone generator were Indian invention but we feel happy when it comes from outsideOur tragedy was that we ignored Sanskrit and world learning it https://t.co/3eeZFpHOOF|
155659213|74433034|1185313259873660929|बिजनौर के मौलाना मोहम्मद मुफ़्ती नईम काजमी और इमाम मौलाना अनुवारुल हक पर #KamleshTiwari की हत्या का मुकदमा 302, 120B IPC के तहत लखनऊ के थाना नाका हिंडोला में दर्ज हुआ।भागो बे तुम लोग भागो कहाँ तक भागोगे?|
155659213|74433034|1185311653371371520|.@incindia calls @myogiadityanath as Ajay Singh BishtLet's correct our courseLet's start calling Rahul Gandhi as Rahul VinciSonia Gandhi as Antonio Miano Priyanka Gandhi as Priyanka Vadra.|
155659213|74433034|1185299356741599232|कुरुक्षेत्र युद्ध के लिए भगवान श्री कृष्ण ने अर्जुन को बुद्धि की स्थिरता का महत्व भी सिखायाये समय योगी जी पर भरोसा रखने का है, किसी भी तरह से आक्रोशित हो कुछ गलत कदम न उठाएं#KamleshTiwari के हत्यारे को कठोर सज़ा मिलेगी, कृपया आतंकिओ की कठपुतली ना बने https://t.co/uxfXUTfVS6|
155659213|74433034|1185280905675337728|Compilation of tweets by multiple congress handles mentioning Yogi Adityanath as Ajay Sinh BishtThis is a sinister plan of @incindia under @priyankagandhi to provoke ppl of UP Brahman vs Thakurs vs Dalit and OBC#KamleshTiwari killing is part of this dirty plan https://t.co/J8lCpu2t3K|
155659213|74433034|1185277216390709248|कियुकी हम जात में बटे हुए है संगठित नहीं है https://t.co/yBnUsU42NR|
155659213|74433034|1185264509029511168|1 more by @incindia  i am quite sure #KamleshTiwari killing is dirty game of congress. They were firing cover shots for last few daysdone on friday, before RJB verdict. Message is clearmake it 2002 for @myogiadityanath Few months back i told u @priyankagandhi focus is UP https://t.co/KAEMyW20Rc|
155659213|74433034|1185263657799712768|One more addressing @myogiadityanath as अजय सिंह बिष्टImportant point this tweet is in HINDI, means targeting Hindi belt of UPPls understand the dirty game of @incindia lead by @priyankagandhi https://t.co/GNhrDeVzCg|
