155659213|288046100|1175709858886299648|https://t.co/9HLuTagHB8|
155659213|288046100|1175709849168097280|It’s important to give all that you’ve got, regardless of the outcome. A tough match yesterday but lots of positives to take forward! #TashkentOpen #WTA #lifelessons #beafighter #sports #tennis #upwardsandonwards #ankitaraina_official https://t.co/yjma4xUkG9|
155659213|288046100|1174289776314175489|Here to Inspire ✨🧿 https://t.co/z0XHlA4jnQ|
155659213|288046100|1174288817794277377|Here to Inspire ✨🧿 https://t.co/kZQxIFfG5S|
155659213|288046100|1173972579620728833|Happy birthday to our honourable prime minister sir @narendramodi , best wishes on this special day! 🙏|
155659213|288046100|1173453902328451072|Sports provides us with various opportunities, I learnt that with my experiences and here is a great example of Ms. D. Pallavi , congratulating her for being the first AITA certified female tennis coach in the… https://t.co/GrG8QcnLkm|
155659213|288046100|1172847367743107073|Good start in Guangzhou 💯#traveldays #matchday #WTAGuangzhou #Guangzhou #WTA #500K #firstwin #ontonextone #tennis #indianathlete #tennisplayer #femaleathletes #lifeofanathlete #grateful https://t.co/9VGnzdtCvF|
155659213|288046100|1172846208613855232|Good start in Guangzhou 💯#WTAGuangzhou #Guangzhou #WTA #500K #firstwin #ontonextone #tennis #indianathlete #tennisplayer #femaleathletes #lifeofanathlete #grateful @ Guangzhou, China https://t.co/XNdZD6yfis|
155659213|288046100|1172052092074131458|I’m challenging myself everyday and being a part of #FitIndiaMovement , are you? 🤔🏋️‍♀️🧘‍♀️🏃‍♀️ #70kgsquats #itsnevertoolate #noexcuses #humfittohindiafit #humfittoindiafit #excercisedaily #healthybody #healthymind #fitindiamovement #ankitaraina #ankitaraina_official https://t.co/lVT8krqrhM|
155659213|288046100|1172044836909850624|I’m challenging myself everyday and being a part of #FitIndiaMovement , are you? 🤔🏋️‍♀️🧘‍♀️🏃‍♀️ #70kgsquats #itsnevertoolate e #noexcuses #humfittohindiafit #humfittoindiafit #excercisedaily #healthybody #healthymind… https://t.co/mi1xsIq8jl|
155659213|288046100|1169610841869565952|Happy Teachers Day! 💐🙏🙇‍♀️ To all my teachers who helped me in all phases of life, I’m forever grateful. 😊 #teachersday #grateful https://t.co/Y0AAYb5C5h|
155659213|288046100|1168039851339288576|@CEOGujarat https://t.co/zAG4nTm89o|
155659213|288046100|1168039766958342144|@CEOGujarat https://t.co/tdeXGkP5H8|
155659213|288046100|1167074119055134720|Making sports a part of my daily life has been one of the best decisions, it’s time you all make this change in your daily routine by exercising daily. #NationalSportsDay #FitIndiaMovement #noexcuses #FitIndia #HumFitTohIndiaFit #JaiHind|
155659213|288046100|1167074115301232640|On the special occasion of National Sports Day, thanking our honourable Prime Minister Shri @narendramodi Ji and Sports Minister Shri @KirenRijiju Ji for launching this movement! #NationalSportsDay #FitIndiaMovement #noexcuses #FitIndia #HumFitTohIndiaFit #JaiHind https://t.co/58GC0SPXVQ|
155659213|288046100|1167066358754029569|Making sports a part of my daily life has been one of the best decisions, it’s time you all make this change in your daily routine by exercising daily! On the special occasion of National Sports Day, thanking our… https://t.co/DOU07uQ4c6|
155659213|288046100|1165857310050324480|@ashokepandit Thank you sir 🙏|
155659213|288046100|1165809661523742721|Throwback to one of my special moments in life! This day last year won my first medal for India at the Asian Games. 🥉🥰🇮🇳🎾🙇‍♀️ #memories #asiangames2018 #palembang #tennis #indianathlete #femaleathletes #ankitaraina_official #grateful https://t.co/a9FCwTotGf|
155659213|288046100|1165809342991523841|Had a great experience @usopen! Until next time.. 💪🎾 🇮🇳 🇺🇸 #USOpen #usopentennis https://t.co/2KCNcrW6UF|
155659213|288046100|1165808751951196160|@Media_SAI #FitIndia #FitnessPledge #FitnessPledgewithPM #HumFitTohIndiaFit #KheloIndia #IndiaOnRise https://t.co/zYCZfdl60i|
155659213|288046100|1163098557441871872|@tplsport https://t.co/XBD6XdLvQ3|
155659213|288046100|1162540915677945861|Dream big ✨ ..#Gratitude https://t.co/SP8zVXIzcf|
155659213|288046100|1162093048358158336|सारे जहाँ से अच्छा... 🇮🇳 स्वतंत्रता दिवस की शुभकामनाएं! #HappyIndependenceDay https://t.co/twQuhHyp7C|
155659213|288046100|1159528267814248450|Played together for the first time and made it to the finals of the doubles event, with my British partner Naiktha Bains  here at Woking, last Saturday. It’s always tough to play with new partners but we both enjoyed and had a good week! 🎾😊💪🙏 Thank you partner! 👭 https://t.co/bTER7E9RBi|
155659213|288046100|1159522678350499842|Check this out! @tplsport #AajaMaidanMein #registernow https://t.co/VcZ8LCqBAm|
155659213|288046100|1159020852643545088|Saddened by the sudden demise of a magnificent leader. Shushma Ma’am you showed thousands of women in India what a woman leader can be and do. May your soul rest in peace.🙏|
155659213|288046100|1158098521381363712|@vibha_saraf Thank you @vibha_saraf ! 🤗|
155659213|288046100|1156269090157289472|@bhatvishal4 Thank you! 🤗🙏|
155659213|288046100|1156259272394760192|@JuergenMorhard Thank you sir!!|
155659213|288046100|1156258944656039936|@udairaina Thanks Mamu!!🤗|
155659213|288046100|1156257430424162304|@AnupamPKher Thank you sir! 🙏|
155659213|288046100|1156257306440548354|@ashokepandit Thank you sir for your wishes! 🙏|
155659213|288046100|1155946874186022912|It’s a proud feeling...being India’s No.1 in singles and NOW 🇮🇳 #1 in doubles. Thank you for all the support and blessings! 🙏🎾🇮🇳🧿 #grateful #Indiasno1 #singles #doubles #tennis #sports #indianathlete #femaleathletes #india #HBTA #yonex #yonextennis #ankitaraina https://t.co/glPOzyVXau|
155659213|288046100|1155902055351037952|@siyer30 Thank You! 🙏|
155659213|288046100|1154763118200991744|Saluting the brave hearts and their families ! 🇮🇳 @adgpi #Kargil #KargilVijayDiwas #20YearsOfKargil #IndianArmy https://t.co/WuegfefZH4|
155659213|288046100|1154445138141351936|It’s been a decade...😍THANK YOU everyone!! 🙇‍♀️🙏💯✅🎾✨🧿 https://t.co/iTzwczQBkj|
155659213|288046100|1153232220708122625|Thank you @HimaDas8 for being an INSPIRATION to all of us! 🙏🙇‍♀️🏃‍♀️🇮🇳 #womenofsteel #himadas #indianatletes #creatinghistory https://t.co/F4IOhABbWy|
155659213|288046100|1152246751635673088|@JuergenMorhard @BibianeSchoofs @msltatennis @IndiantennisFan @ITF_Tennis @toisports Thank you sir for the wishes! 🙏|
155659213|288046100|1152245744017059842|Yonex athlete 🎾🙏💪🇮🇳💯#yonex #teamyonex #yonextennis #yonexindia #yonexsunrise #yonexjapan #tennis #sports #india #athlete #indianathlete #femaleathletes #ankitaraina #ankitaraina_official #SAG #HBTA@yonex_com @yonex_tennis @YonexInd https://t.co/nTJiCpqNqd|
155659213|288046100|1150420881497382912|Fighting with fever earlier this week and then going out there and fighting out on the court...there was alot of fighting to do!🤒🤕😅But my partner had my back  and we got this gorgeous trophy! Thank you Bibi @bibianeschoofs 🏆🥈🎾🙌💪 🇮🇳 🇳🇱 Thank you for all the love! 🙏 #HBTA https://t.co/syopszYU1v|
155659213|288046100|1145738187488333824|Outside an athlete lies a storm of wins and losses. Inside an athlete is the love for the game. I will keep falling, until I rise again. 🙏♥️🌱🎾🇮🇳#forevergrateful #tennisislife #lifeistennis #lifeofanathlete #wimbledon #whitesonly                           PC: @IndiantennisFan https://t.co/ISTFcNeKbS|
155659213|288046100|1140367145760673793|Sabki favourite...Pops ki bhi! 😜😌😍👧👼👨‍👧🧚‍♀️🌟#happyfathersday https://t.co/nPsaVhsnzt|
155659213|288046100|1135660575869100039|@IndiantennisFan https://t.co/5pRojTEg2c|
155659213|288046100|1135659583890960384|@thefield_in https://t.co/7xlO3r0iX3|
155659213|288046100|1135659422317973506|@sportsgujarat @YonexInd @ONGC_ @tennisAcoach https://t.co/3S8fJOO9w4|
155659213|288046100|1132196209202999296|Heartiest Congratulations to our visionary Prime Minister Shri @narendramodi sir! Confident of the growth and progress of India as a sporting nation under your able leadership. Jai Hind! https://t.co/XKtk83tilo|
155659213|288046100|1128979208590508032|Next Destination 🔜 #RolandGarros 🙇‍♀️🕉🎾💃✨🍀 ♥️🇮🇳✈️ 🇫🇷 #nextstop #paris #grandslam #tennis #sports #india #athlete #indianathlete #femaleathletes #lifeofatennisplayer #ankitaraina #ankitaraina_official #HBTA https://t.co/1PjMNd4V6o|
155659213|288046100|1127556794123935744|My PLUS ONE forever...Happy Mother’s Day! 👩‍👧👸💞 #mothersday #toallthemothers #queenraina https://t.co/VbQHfgvzJz|
155659213|288046100|1125225255134420992|A good start to the clay season! 🎾✅ 🙏 #latepost #rolandgarrossoon https://t.co/g3JQ7pfV0r|
155659213|288046100|1123148694214152192|@IndianEmbTokyo https://t.co/kdtoMmUMe1|
155659213|288046100|1123107165399539712|@TheBridge_IN https://t.co/kss7cWGjne|
155659213|288046100|1123107102656876544|@anjali_banerjee https://t.co/seudldmKFQ|
155659213|288046100|1123106837052608512|@WTA https://t.co/UXiYJCFqzc|
155659213|288046100|1123104916233261058|@TheBridge_IN https://t.co/UQtT0iIJBL|
155659213|288046100|1123104558597623808|@thefield_in https://t.co/FxHGsHgTtf|
155659213|288046100|1123104346877480960|@IndiantennisFan https://t.co/i1kAt2QqKl|
155659213|288046100|1122826481493626880|Thank you for this feature! @ESPNIndia @debayansen https://t.co/B91ItfDN7M|
155659213|288046100|1118101770096529408|@SheThePeopleTV https://t.co/5bMYqYQjjV|
155659213|288046100|1118101249801453568|@TheBridge_IN https://t.co/bM0T5qYh2a|
155659213|288046100|1118101026693885952|@thefield_in https://t.co/2uPmZ65czq|
155659213|288046100|1117841639127617536|@ashokepandit Thank you sir! 😊|
155659213|288046100|1117841566402588683|@ioaindia https://t.co/elTUDpAQCG|
155659213|288046100|1117837691062767617|#mondaymotivation #feelinglikeawinner #goodweek #istanbul #turkey #lalecup #tennis  #sports #sportsauthorityofgujarat #yonex #yonexsunriseindia #ongc #athlete #femaleathlete #indianathlete #sportswoman #india #jaihind @sportsgujarat @YonexInd @ONGC_ https://t.co/sIcnH7iVgW|
155659213|288046100|1117837682070228992|Happy to have a good run this week! Runners-up in the singles event at ITF 60K Istanbul Lale Cup. Thankful to my sponsors for their support and for the efforts of my team &amp; family who keep me going every day! https://t.co/ZcccutzN81|
155659213|288046100|1117835531738583040|Happy to have a good run this week! Runners-up in the singles event at ITF 60K Istanbul Lale Cup. Thankful to my sponsors for their support and for the efforts of my team and my family who… https://t.co/4vjm2gynkA|
155659213|288046100|1117308509329219584|@TheBridge_IN https://t.co/bM0T5qYh2a|
155659213|288046100|1116027367107985408|Lovely to have fellow Indians cheering for me here in Istanbul!🇮🇳🇹🇷 #indianvibes #indiansaroundtheworld #istanbul #turkey #sports #tennis #indianathelete #lifeofatennisplayer #gratitude #ankitaraina_official https://t.co/rqO96LMiKc|
155659213|288046100|1116026806673584133|Lovely to have fellow Indians cheering for me here in Istanbul!🇮🇳 🇹🇷 #indianvibes #indiansaroundtheworld #istanbul #turkey #sports #tennis #indianathelete #lifeofatennisplayer #gratitude… https://t.co/lMLpZ9qcgL|
155659213|288046100|1115147254669684737|Check out the new #VoterHelplineApp and download it right now! #LoksSabhaElections2019 @ECISVEEP @CEOGujarat #GoVote #NoVoterToBeLeftBehind https://t.co/T4qmxsEY3j|
155659213|288046100|1115144639458304001|@ECISVEEP @CEOGujarat https://t.co/QYykBd357p|
155659213|288046100|1112609401309970432|@ECISVEEP @CEOGujarat https://t.co/ZPOe7uAeZy|
155659213|288046100|1112608175016951809|@ECISVEEP @CEOGujarat https://t.co/no5T3Q2ddu|
155659213|288046100|1111849273820213248|#arigatogozaimashita #lifeontour #enjoytheprocess #gratitude #japan #india #sports #tennis #mtfuji #lifeofatennisplayer #ankitaraina_official https://t.co/YzXj0J78qX|
155659213|288046100|1111849235815772161|Always a pleasure to be in Japan, it’s one of my favourite countries. Thanks to the #IndianCommunity in Kofu for their support during my matches and @IndianEmbTokyo for spreading the word! Grateful to Mr. Bharat Shah &amp; family @aanidiamond for taking such good care of me! 🇮🇳🇯🇵 https://t.co/veHytLFs0M|
155659213|288046100|1111847159543021568|Always a pleasure to be in Japan, it’s one of my favourite countries. Thanks to the Indian community in Kofu for their support during my matches and #IndianEmbassyJapan for spreading the… https://t.co/9Djj2D5BAo|
155659213|288046100|1111479502129917956|It’s a proud feeling to know about #MissionShakti, India becomes the 4th nation only to achieve this. Congratulations to all the scientists at @isro &amp; @DRDO_India for this grand success. #proudindian #spacepower #missionshakti #jaihind|
155659213|288046100|1111425189139484672|@ECISVEEP https://t.co/Ocmsnhpp3v|
155659213|288046100|1111424966279335936|@CEOGujarat https://t.co/oCmZ6HkmX7|
155659213|288046100|1110887545330520069|Thank you @AhmedabadTimes for the feature! 😊- Soumitra Das#athlete #athletelife #lifeonroad #lifeontour #sports #tennis #lifeofatennisplayer #globetrotter #mountfuji #andmuchmore #ankitaraina_official @sportsgujarat @YonexInd @ONGC_ https://t.co/8VGCpqxTic|
155659213|288046100|1110848466954014720|@AhmedabadTimes https://t.co/iUQYY0RWJM|
155659213|288046100|1110080392248188928|@ECISVEEP @ceo #DeshKaMahaTyohar #GoVote #LokSabhaElections2019 https://t.co/lXsxS1xWpj|
155659213|288046100|1110080102048526336|@ECISVEEP @CEOGujarat #GoVote #LoksabhaElections2019 https://t.co/0Z6gMihoV4|
155659213|288046100|1110079624266932224|@ceo @ECISVEEP #important https://t.co/8K7TccLKMw|
155659213|288046100|1110079117909610496|@CEOGujarat https://t.co/7UB7nixnKD|
155659213|288046100|1110078904016879617|@CEOGujarat #Gujarat #LokSabhaElection2019 https://t.co/zQkIMRBpAv|
155659213|288046100|1110077661575933952|@CEOGujarat @RjHarshil #LokSabhaElection2019 #NoVoterToBeLeftBehind https://t.co/Hdo78pIygn|
155659213|288046100|1108215122697179138|@IndiantennisFan https://t.co/LsxVIqJnLg|
155659213|288046100|1108205504050941952|So exciting to be a part of this glamorous event by @indiatoday &amp; forevermark @ForevermarkIN . It was a wonderful evening... got a chance to interact with these SuperWomen! 💁‍♀️✨ 💎… https://t.co/jSCVxVLOX6|
155659213|288046100|1108160956004106240|@aanidiamond @aanijapan https://t.co/aByfMg2R9Q|
155659213|288046100|1108160832322465792|@aanidiamond @aanijapan Thank you! 😊 @aanidiamond @aanijapan|
155659213|288046100|1104068772313341957|@ashokepandit Thank you sir! 😊🙏|
155659213|288046100|1104044960222011393|To the one who’s been my inspiration since day one! 👩‍👧💖#happywomensday #IWD2109 https://t.co/iPYHgHgf9q|
155659213|288046100|1103532022549471233|हेरथ मुबारक छिव सारिनय 🙏Happy Shivratri to all! 🕉  #mahashivratri https://t.co/hSI9HSfoQp|
155659213|288046100|1102195771900940290|When coach said it’s a day off today! 😜😍👩‍🎨 🎨 #artysundays #artandathletes #sundaydaydoneright #dayoff #thisiswhatdayofflookslike #indianathlete #ankitaraina_official @ Zencafe Pune https://t.co/JHV1PifKdY|
155659213|288046100|1101693364347514880|Welcoming the warrior, welcome #WingCommanderAbhinandan Sir! हमें आप पे गर्व है। शुक्रिया 🙏 🇮🇳#WelcomeHomeAbhinanadan #AbhinandanReturns #AbhinanadanVarthaman #JaiHind #VandeMataram|
155659213|288046100|1100788332341194752|Saluting IAF and our armed forces for their bravery. Praying for the safety of #WingCommandarAbhinandan|
155659213|288046100|1097139555017338880|Thank you @the_hindu and Mr. N. Sudarshan for this article! #thehindu #weekendsport #tennis #indianathlete #yonex #ankitaraina_official https://t.co/bcujrSlBSa|
155659213|288046100|1096277875140018176|My heart goes out to the families of our jawans. May their souls rest in peace. #PulwamaTerrorAttack|
155659213|288046100|1096006431256559616|@sportstarweb https://t.co/ZHKXJIDV7d|
155659213|288046100|1095687633580318720|-38 🥶❄️⛄️ #lastfewdaysofwinter #astana #kazakhstan #fedcupdiaries #waitingforsummer https://t.co/3ka5G0RmCG|
155659213|288046100|1095288449517715456|@TheBridge_IN https://t.co/fwhlN8McTv|
155659213|288046100|1095288178171408385|It’s always an honour to come together and fight for India! @FedCup week is lots of good memories and learnings to take with us, next time. Thanks to my team for a great week! 🇮🇳🎾💪🙏 #teamindia #bleedblue #fedcup #fecup2019 #wewillbebackstronger @KarmanThandi @bigvish10 https://t.co/6hXhbwJ4iY|
155659213|288046100|1094796580249432064|Extremely grateful to our Indian Ambassador in Kazakhstan Mr. Prabhat Kumar sir and Mrs. Tilotamma Kumar Ma’am for their hospitality and hosting us for a delicious home cooked dinner!… https://t.co/5yL0n8yOMB|
155659213|288046100|1093019507264757760|Team 🇮🇳 at the @FedCup official dinner last night! 💁‍♀️🎾🇮🇳🙏💪 #teamindia #fedcupofficialdinner #namaste #fedcup #letsgo #chakdeindia https://t.co/eq6grLwGPW|
155659213|288046100|1091565149075456002|🇮🇳 ✈️ 🇰🇿 Favourite time of the year...always excited in BLUE! #teamindia #honoured #fedcup2019 #bleedblue #fedcupdiaries #chakdeindia @sportsgujarat @FedCup https://t.co/GhOZU66G1W|
155659213|288046100|1090204817052585984|@amanthejourno https://t.co/GEMjsZuHXl|
155659213|288046100|1090204742930841600|@sportstarweb https://t.co/L0kFjD8IDE|
155659213|288046100|1090204125420236800|@thefield_in https://t.co/x99VRkqFd0|
155659213|288046100|1089871833984163843|https://t.co/xbvpBwmCeU|
155659213|288046100|1089871530601803776|168!New career best.अपना टाइम आयेगा ...🙏🎾🔝🔜 ..A big thank you to my family, my amazing team back home, my academy APMTA and the unwavering support of my sponsors (Sports Authority… https://t.co/K6Gqnkef9e|
155659213|288046100|1089129427101872130|Always a proud moment to play for the country, to win for the country and to serve the country. Saluting all our soldiers who guard us each day and for all their sacrifices. Happy Republic Day! #70threpublicday #servingournation #bravehearts #happyrepublicday2019 #गणतंत्रदिवस https://t.co/kpxbJeLMRl|
155659213|288046100|1088980012718448640|@ITF_Tennis https://t.co/CkTdgI34cw|
155659213|288046100|1087607115512868864|@IndiantennisFan @AnandSanketa https://t.co/biVhnCjTro|
155659213|288046100|1087606136528748544|@JuergenMorhard @nijhon @nidhis20 @krushmi_chheda @sportsgujarat @YonexInd @yonex_com @ONGC_ Thank you sir 😊|
155659213|288046100|1087315664145022977|@IndiaSports @Ra_THORe @Media_SAI @ddsportschannel @akashvanisports @MIB_India @PIB_India Thank you! 🙏|
155659213|288046100|1087264826986917889|@ashokepandit Thank you sir! 🙏😊|
155659213|288046100|1087264162885980161|@TheBridge_IN https://t.co/84PAZACAcW|
155659213|288046100|1087264112910905344|@ddsportschannel https://t.co/ek0Nibc5Gp|
155659213|288046100|1087263981499076608|#firstwinoftheseason #winforindia #makingindiaproud #indianathlete #tennis #itf #singapore #sportsauthorityofgujarat #yonex #ongc #jaihind🇮🇳 #ankitaraina_official #ankitaraina https://t.co/DxU2nCYPUL|
155659213|288046100|1087263965745315840|The smile says it all! Good start to the year. I thank my team (@utsavtennis1 @kedarshah_ @nijhon @rutujapatange16 @nidhis20 @krushmi_chheda &amp; Dr. Pendse), sponsors @sportsgujarat @YonexInd @yonex_com &amp; my employer @ONGC_ for their support and faith in me! 🙏 https://t.co/joeR2AaRQM|
155659213|288046100|1087168633841709057|@dna @RutvickMehta https://t.co/pbwBZHcNnW|
155659213|288046100|1087168531681107968|@sportstarweb https://t.co/ENMvy4fJiC|
155659213|288046100|1087167877340291072|@ESPNIndia @jon_selvaraj https://t.co/DUhHQFTuHi|
155659213|288046100|1087167700718080001|@News18Sports https://t.co/0Zlib1MxM3|
155659213|288046100|1087167626176913408|@AmarUjalaNews https://t.co/p5knyFA4Ot|
155659213|288046100|1087167552973721600|@toisports https://t.co/k3m9Ut3BAo|
155659213|288046100|1087167316314341376|@sailwiz @IndiantennisFan Thanks for coming and supporting! 😊|
155659213|288046100|1087166720614092800|@siyer30 @ITFprocircuit Thank you sir! 👍|
155659213|288046100|1084820573849436162|Favourite food and more! 😋☕️🍽 Thank you @htTweets @h_jigar for this feature! @leplaisirpune @maratha_samrat #hindustantimes https://t.co/ycZ6VkC23P https://t.co/1q67zgDiG0|
155659213|288046100|1083488880546861056|After a tough day on court yesterday, these little friends made my day! 🎾🦘🐨 @AustralianOpen Thankful for the memorable experience in Melbourne!🙏 #untilnexttime #toughdayatoffice #bestexperience #gratitude #ausopen #ausopen2019 #babykangaroojoey #babykoalabilly https://t.co/vvekPn4COU|
155659213|288046100|1082930905662992385|@ashokepandit Thank you 🙏|
155659213|288046100|1082872815156523010|@AhmedabadTimes Thank you 😊 @AhmedabadTimes|
155659213|288046100|1082581006131982336|#AusOpen https://t.co/9zMvMdgvjb|
155659213|288046100|1082579879881654272|@sportstarweb #SportstarAcesAwards https://t.co/2lwJPOt6ew|
155659213|288046100|1082578089702354945|First match of the year ✅First win of the year✅First win at the AUSTRALIAN Open✅ @AustralianOpen @YonexInd @sportsgujarat @ONGC_ #grateful #ausopen2019 #qualifiers #yonex #sportsauthorityofgujarat #ongc #jaihind🇮🇳 https://t.co/t9srJOPHJM|
155659213|288046100|1081676105533124610|@ashokepandit Thank you @ashokepandit sir! 🙏|
155659213|288046100|1081674738542333952|@AahnaAshok @AustralianOpen @sportsgujarat @YonexInd @ONGC_ Thank you @AahnaAshok ☺️|
155659213|288046100|1081674325533503488|@anjali_banerjee Thank you! 😊|
155659213|288046100|1081519787455311872|Dreams turning into reality ✨💫🙇‍♀️ @AustralianOpen AUSTRALIAN OPEN🎾🏆#believeinyourdreams #gratitude #ausopen2019 #melbournepark #yonex #sportsauthorityofgujarat #ONGC #ankitaraina_official @sportsgujarat @YonexInd @ONGC_ https://t.co/eA2QRJx6ae|
155659213|288046100|1080377394463195136|Always a privilege to play @FedCup for India. 🇮🇳🎾 🙏 https://t.co/H6k5YNxNAz|
155659213|288046100|1080095189501304832|First hit of the year. 🎾 @YonexInd @sportsgujarat #happynewyear2019 #yonex #sportsauthorityofgujarat https://t.co/4kSiTjc2cx|
155659213|288046100|1078962755212845058|@sportstarweb https://t.co/oUIRoBajLN|
155659213|288046100|1078962610085814272|@radiocityindia @RjHarshil https://t.co/EeQ76YJ4gg|
155659213|288046100|1078190268069879808|@AhmedabadTimes https://t.co/2RoYqGlQZw|
155659213|288046100|1077983671716478976|@AhmedabadTimes https://t.co/2RoYqG4fAW|
155659213|288046100|1077983432037126145|@AhmedabadTimes https://t.co/2RoYqG4fAW|
155659213|288046100|1077982932243890178|@JuergenMorhard Thank you sir! Wishing you Merry Christmas and a Happy New year!|
155659213|288046100|1077982696075186178|@AhmedabadTimes https://t.co/2RoYqG4fAW|
155659213|288046100|1077549527400361985|Christmas feels 🎅🎁🎄✨🌟❄️☃️ #merrychristmas #christmasvibes #festiveseason #ankitaraina_official https://t.co/gjzPkBaPUA|
155659213|288046100|1077549327856349184|🙏🙏🙏 https://t.co/uPkfI94CRQ|
155659213|288046100|1072509473762304001|@alhabtoortennis @gulfnews #Dubai #ITF100K #ankitaraina_official https://t.co/fWIqcN5j8j|
155659213|288046100|1069133822120390656|@ThePuneMirror https://t.co/axkAqqQjNS|
155659213|288046100|1068838086363238401|Another week, another title, ITF 25K in Pune. Thanks to my partner @KarmanThandi ! None of this would have been possible without the support of @sportsgujarat @YonexInd and employer @ONGC_ , my  family, coaches and team who put in the work every day. @tennisAcoach https://t.co/KnTzPAly90|
155659213|288046100|1066740325241290754|Throwing back already! 🙇‍♀️ #WTA #oectaipeiopen #oectaipeiopen2018 #aboutlastsunday https://t.co/IAGAnBHiqi|
155659213|288046100|1066203859830390785|My favourite place.. 💁‍♀️🏋️‍♀️Whats yours?! 🤔 @nijhon @sportsgujarat @YonexInd #saturdaysweat #myhappyplace #gymingislove #yonex #yonextennis #SAG #ankitaraina_official https://t.co/3CVOJlZhbi|
155659213|288046100|1065914608026816512|Always up for a Rapid Fire! 😉🔥 @TheBridge_IN  #firefridays https://t.co/D79iXr1J5W|
155659213|288046100|1065873898879836160|Always up for a Rapid Fire! 😉🔥 @thebridge_in   #firefridays #ankitaraina_official https://t.co/srmMKX6zTe|
155659213|288046100|1065555310754942981|Thank you @debayansen @IndiantennisFan https://t.co/BlNGxHy4bY|
155659213|288046100|1065541887006830593|@KPIT Thank you @KPITChallenger! 🙏|
155659213|288046100|1065539087006806016|Thanks for having me @KPITChallenger ! Had a really fun interaction with the corporates at their headquarters in Pune yesterday. The KPIT MSLTA Challenger is being held at the Balewadi stadium in Pune this week. Check out some exciting tennis and witness the Indian rising stars. https://t.co/0OPua2c9DE|
155659213|288046100|1065472527043096577|@KPITChallenger @anjali_banerjee Thank you! 😊|
155659213|288046100|1065472069020848128|A wonderful article by @anjali_banerjee, thank you! 🙏 https://t.co/PESKwZa9WM|
155659213|288046100|1065470959094833153|@TheBridge_IN https://t.co/KXktFWga1m|
155659213|288046100|1065182267423842304|Walking away with my first WTA trophy like! 💃🥰😍 #trophyinthesuitcase #oectaipeiopen #goodtimes #throwingbackalready https://t.co/KJbCT75IZo|
155659213|288046100|1064653844624355328|@gauravkapur @KarmanThandi Thank you! @gauravkapur|
155659213|288046100|1064409252427632641|Thanks for sharing this @IndiantennisFan !😊👍 @ 台北小巨蛋 Taipei Arena https://t.co/zeGsjoyvgq|
155659213|288046100|1064212406174285824|@iamsambhan Thank you! 😊|
155659213|288046100|1064212219074756608|Good memories! #teamindia @KarmanThandi 🙌 https://t.co/yjkwj26cSE|
155659213|288046100|1064211988757209089|@IndiantennisFan @KarmanThandi @YouTube Thank you for sharing this! 👍|
155659213|288046100|1064175867851460608|@CkKhannaBCCI @KarmanThandi Thank you sir! 😊|
155659213|288046100|1064132133843652613|@siyer30 @KarmanThandi @WTA Thank you! 🙏|
155659213|288046100|1064129332048650240|@tennisAcoach https://t.co/32zlsGzcWF|
155659213|288046100|1064129321323814913|#firstwtatitle #oectaipeiopen2018 #taipei #bademiyanchotemiyan #ankitaraina_official #sportsauthorityofgujarat #yonextennis #ongc @oecopen @sportsgujarat @yonex_sunrise_india @wta https://t.co/FkKyCV8QJ7|
155659213|288046100|1064129306622717952|We did it!! First WTA title of my career 🙏🏻 happy to have won it with my compatriot. Karman and I teamed up for the first time and got the 🏆. Thanks to everyone who have been supportive throughout and continue to push us to work harder and bring laurels to our country! 🇮🇳 🎾 https://t.co/AsxXhhTXEO|
155659213|288046100|1056834608191418368|Please come and support all of us. 😊 https://t.co/5bMgArgtFr|
155659213|288046100|1056216036121296896|When you truly want something and go after it without limiting yourself, the Universe will make it happen. #spiritualsaturdays #ankitaraina_official https://t.co/Ek08p0uEBr|
155659213|288046100|1051833308777275392|When everyone else back home is playing Dandiya but you gotta play tennis in China! 🤷‍♀️😛😆💃🎾 #navratrispecial #navratrivibes #favouritefestival #missingitbadly #garbaanddandiya P.S. - ઢોલિડા ધોલારે વગાડ મારે હીંચ લેવી છે. https://t.co/MfAayQ9Ir1|
155659213|288046100|1050219073148080128|@TianjinOpen Looking forward to come back next year! 😊#enjoyedplayinghere https://t.co/WTbFpvCLg8|
155659213|288046100|1048576778435010561|Happy to be back on tour! First win today after recovering from viral. 💪🇮🇳 #backonroad #letsgetitstarted #wta #tianjinopen #tianjin #china @TianjinOpen https://t.co/GymubVH40C|
155659213|288046100|1048120842553516032|@DeepaAthlete @IndiaSports @Media_SAI @Rao_InderjitS @Ra_THORe @PMOIndia @narendramodi @unwomenindia @socialpwds All the best Ma’am! 😊|
155659213|288046100|1048120433097158657|Wishing our Indian Para athletes all the very best! 🇮🇳 https://t.co/35azqBzI7Y|
155659213|288046100|1047125466123972608|Thank you sir! https://t.co/NkB0EXwIr0|
155659213|288046100|1047125386964811776|Thank you sir! https://t.co/vzpnmYZBHj|
155659213|288046100|1047004785130516480|@swachhbharat @sportsgujarat @YonexInd @ONGC_ https://t.co/JFAVnDCtdi|
155659213|288046100|1047002619863076864|On this Gandhi Jayanti, participated in the ‘SwacchhataHiSeva2018’ campaign. Thank you @narendramodi sir for making me a part of this initiative.  #SwacchhataHiSeva #SwachhBharatDiwas #SHS18 #HappyGandhiJayanti #MahatmaGandhi https://t.co/mKIuKeWclQ|
155659213|288046100|1046797480229244928|Thank you @Mastercard ,@mastercardindia ,@ICICIBank for this opportunity. Excited to have unveiled my dream @AustralianOpen trophy alongside tennis legend @Maheshbhupathi . Amazing opportunity for Indian tennis fans! #AusOpenInIndia #ICICIBankAceYourSpends #Mastercard #ICICIBank https://t.co/V5M3U9ZbjT|
155659213|288046100|1046254496920141824|Thank you for inspiring me @rainaankur ! 🙏🎾🇮🇳#throwbacksundays #somanymemories #badebhaiya #siblingsinspire https://t.co/6Kaq9WjeMg|
155659213|288046100|1044897700213215232|Thank you @Ra_THORe Sir and the Indian Olympic Association for this honour. Winning a medal at the Asian Games was one of the proudest moments of my career so far and I will work harder to bring more laurels to the country!🇮🇳#honoured #indiaolympicassociation https://t.co/JHeANgDUki|
155659213|288046100|1044156828412780544|Guidance to remain focused.🙏🎾 #WordsOfWisdom https://t.co/DkEbav7OMn|
155659213|288046100|1043883778400227329|https://t.co/lSy1yaoPKA|
155659213|288046100|1043883677195915264|@dna @RutvickMehta https://t.co/aW4jxD3RQf|
155659213|288046100|1041641709606559745|Respected Sir @narendramodi, your commitment and tireless efforts towards the country have  always inspired us to achieve more for our nation. Wishing you a very happy birthday! https://t.co/RSuskyQRXt|
155659213|288046100|1041636119182368768|@AnarJPatel @HarmeetDesai @asiangames2018 Thank you ma’am! 😊|
155659213|288046100|1038422558276608004|Honoured to be nominated as the brand ambassador for ‘Beti Bachao, Beti Padhao’ (‘Save the Girl Child’) campaign! 😊🙏 https://t.co/YdKpPR85zb|
155659213|288046100|1038063241778221056|Thankful to @vijayrupanibjp Sir for recognition of our efforts! It is because of the support from Gujarat Govt. , I have been able to bring laurels for our country. With your support I’m sure to bring more glory for our nation and state. #AsianGames2018⁠ ⁠ #JaiJaiGarviGujarat https://t.co/dWpTKUVJTf|
155659213|288046100|1038040525541179393|Thank you for such a grand welcome at the Ahmedabad airport! Received so much love and regards from the people of Gujarat! Grateful for all the support! Motivates me to work harder and dream higher. 🙏 @vijayrupanibjp @patelishwarsinh @Ganpatsinhv @sportsgujarat @CMOGuj https://t.co/wenkkkiqFe|
155659213|288046100|1037521142028881920|Your support and encouraging words have motivated us to work harder and bring laurels for the country! Thank you sir. 🙏 @narendramodi https://t.co/8EnLX7mLgH|
155659213|288046100|1037025676971438081|@Ra_THORe Sir rightly said that all of us are here today because we fought the challenges &amp; pushed our limits, that this is just the beginning &amp; we will keep looking for what’s next &amp; marching forward. Thank you again on behalf of all indian athletes! #WhatsNext #JaiHind #AG18|
155659213|288046100|1037025666150088707|I’m genuinely overwhelmed and would take this opportunity to thank @narendramodi Sir, @Ra_THORe Sir, @NeelamKapur Ma’am &amp; team @Media_SAI for encouraging all the medal winners by felicitating us for the @asiangames2018 . #Gratitude #KhelegaInditabhitohBadegaIndia #JaiHind #AG18 https://t.co/0XQo4YJoWB|
155659213|288046100|1036106680449359872|Hear me out at 11 am on @radiocityindia today! #Gamepoint #RadioCity #Asiangames2018 https://t.co/wyPMZB4O8F|
