155659213|1045632050093408256|1177628495561687045|This is how Mayank &amp; his friends stand with PM @narendramodi against global terrorism.Show your support by saying Main Bhi Chowkidar with NaMo T-shirt!Shop at https://t.co/6Czw3BXYBr or on the NaMo App at https://t.co/TQbP2KsOFF #PMModiAtUN #ModiCreatesHistory https://t.co/dAWByvLcuy|
155659213|1045632050093408256|1177165628798406658|Pankaj with his friend saying we are loving NaMo again and again!Show your love with NaMo Merchandise!Shop Now on https://t.co/6Czw3BXYBr or on the NaMo App at https://t.co/TQbP2KsOFF https://t.co/KSqfmtz7GD|
155659213|1045632050093408256|1176850192554872833|मेरा भारत स्वच्छ भारत।नमो मर्चन्डाइज़ के साथ स्वच्छ भारत के लिए दूसरों को भी प्रेरित करें।खरीदें-&gt; https://t.co/6Czw3BXYBr या नमो ऐप पर-&gt; https://t.co/TQbP2KsOFF https://t.co/TUbaIosqnl|
155659213|1045632050093408256|1176415031266643968|A glimpse of Modified Digital India!Share your story with NaMo Merchandise.Shop now at https://t.co/6Czw3BXYBr or on the NaMo App at https://t.co/TQbP2KsOFF#IndiaStartupNation https://t.co/KhCAhNpi6h|
155659213|1045632050093408256|1176121781007945730|Houston says #HowdyModiHappy Indians wearing their pride with NaMo Merchandise!Get yours at https://t.co/6Czw3BXYBr or on the NaMo App at https://t.co/TQbP2KsOFF https://t.co/8OqqoRqlhU|
155659213|1045632050093408256|1176112450011164672|Proud Indians sharing their love for rising India wearing NaMo T-shirts!Shop to show your support at https://t.co/6Czw3BXYBr or on the NaMo App at https://t.co/TQbP2KsOFF#IndiaontheRise https://t.co/ycJYPQrxan|
155659213|1045632050093408256|1174948809253588994|Shubham trust NaMo and saying it with NaMo T-shirt!Shop to flaunt your trust at https://t.co/6Czw3BXYBr or on the NaMo App at https://t.co/TQbP2KsOFF https://t.co/zb1Ng90AVT|
155659213|1045632050093408256|1174603194707562496|#MahaJanadeshYatra Maharashtra is welcoming PM @narendramodi wearing NaMo T-shirts!Get yours to join at https://t.co/6Czw3BXYBr or on the NaMo App at https://t.co/TQbP2KsOFF#MahaJanadeshWithModi https://t.co/7ntobAg2pB|
155659213|1045632050093408256|1174200469478105088|Our hearts go out to these kids...We are so happy to send across the goodies to them. https://t.co/flypuTbtmK|
155659213|1045632050093408256|1173987431030411264|@narendramodi We can't wait to see them in NaMo Merchandise. Sending soon 😊|
155659213|1045632050093408256|1173092829704253441|NaMo is the secret of Amendra's strength.  Find your source of energy at https://t.co/6Czw3BXYBr or on the NaMo App at https://t.co/TQbP2KsOFF https://t.co/RBoZduWrpN|
155659213|1045632050093408256|1172819780304175105|Because our young warriors will transform India.Support them with a handy guide "Exam Warriors" and let India shine.Check it out on https://t.co/6Czw3BXYBr or on the NaMo App at https://t.co/TQbP2KsOFF https://t.co/qmEJeoj6Rr|
155659213|1045632050093408256|1172457393122398208|Amber is saying Keep calm and trust NaMo with NaMo T-shirt!Speak your beliefs with NaMo Merchandise. Shop Now on https://t.co/6Czw3BGnJT or on the NaMo App at https://t.co/TQbP2KKq4f https://t.co/v9MX7fdtvQ|
155659213|1045632050093408256|1171974208718606337|Amit has joined the #FitIndiaMovement!Make fitness an integral part of daily life and inspire others with NaMo T-shirts!Shop Now on https://t.co/6Czw3BGnJT or on the NaMo App at https://t.co/TQbP2KKq4f https://t.co/URgUnZtmYC|
155659213|1045632050093408256|1171687319050641409|Prem is ready to contribute for a bold, fearless, and confident India wearing NaMo T-shirt!Shop yours on https://t.co/6Czw3BGnJT or on the NaMo App at https://t.co/TQbP2KKq4f https://t.co/cEXD7kfPGe|
155659213|1045632050093408256|1171299764647976960|Raman shows his trust in NaMo wearing NaMo T-shirt &amp; Cap.Shop to flaunt your trust at https://t.co/6Czw3BGnJT or on the NaMo App at https://t.co/TQbP2KKq4f https://t.co/nAV7tAFPEI|
155659213|1045632050093408256|1170898808227581953|Fashion is a way to say what you believe in without having to speak.Himanshu sharing his beliefs with NaMo T-shirt!Get yours-&gt; https://t.co/6Czw3BXYBr or on the NaMo App at https://t.co/TQbP2KsOFF https://t.co/xjdJZBJtXH|
155659213|1045632050093408256|1170277675891658753|#ProudIndian Madhusudan showing his stand with scientists wearing NaMo T-shirt!Get yours at https://t.co/6Czw3BGnJT or on the NaMo App at https://t.co/TQbP2KKq4f https://t.co/e1D0vYPwFq|
155659213|1045632050093408256|1167681135696105473|@SandipBhowmik90 @narendramodi Hi, Can we know which t-shirt you want to have to help you out?|
155659213|1045632050093408256|1167452162332352512|Rakesh flaunting the spirit of new India wearing Modi Jacket.Get your on https://t.co/6Czw3BXYBr or on the NaMo App at https://t.co/TQbP2KsOFF https://t.co/lnispsSPrG|
155659213|1045632050093408256|1166268361346441216|Mohit flaunting the face of the progress of the nation with Modi Mask.Get yours at  https://t.co/6Czw3BXYBr or on the NaMo App at https://t.co/TQbP2KsOFF https://t.co/BYZ0tqoCcj|
155659213|1045632050093408256|1165813615208869888|Gaurav shows his trust in NaMo wearing NaMo Again with Lotus T-shirt.Shop to flaunt your trust at https://t.co/6Czw3BGnJT or on the NaMo App at https://t.co/TQbP2KKq4f https://t.co/ZWIZoTefaw|
155659213|1045632050093408256|1165527479609479168|I stand with the chowkidar of the nation says Ashish wearing Main Bhi Chowkidar T-shirt. Shop to show your support at  https://t.co/6Czw3BXYBr or on the NaMo App at https://t.co/TQbP2KsOFF https://t.co/WrwFMNehcw|
155659213|1045632050093408256|1164756650537996288|Pradyumn stands for the progress of India and saying it with NaMo T-shirt.Shop to show your support at https://t.co/6Czw3BGnJT or on the NaMo App at https://t.co/TQbP2KKq4f https://t.co/D15obooyoO|
155659213|1045632050093408256|1164489036989227008|Sonu is chanting the NaMo mantra, why should you be left behind? Shop Now on https://t.co/6Czw3BXYBr or on the NaMo App at https://t.co/TQbP2KsOFF https://t.co/oKoYOsFpcy|
155659213|1045632050093408256|1158656072745246720|Sudarshan showing off his NaMo Hoodie!Shop yours on https://t.co/6Czw3BXYBr or on the NaMo App at https://t.co/TQbP2KsOFF https://t.co/ozulqt7iU4|
155659213|1045632050093408256|1158321602989187073|#BharatEkHai Bangalore celebrating a united India in NaMo T-shirts!Shop yours on https://t.co/6Czw3BXYBr or on the NaMo App at https://t.co/TQbP2KsOFF https://t.co/A7mkJrwMzU|
155659213|1045632050093408256|1154987606142152704|Fashion is a way to say what you believe in without having to speak.Share your beliefs like Aaditya with NaMo Tshirts!Shop Now on https://t.co/6Czw3BXYBr or on the NaMo App at https://t.co/TQbP2KsOFF https://t.co/O6zbm1vaW8|
155659213|1045632050093408256|1154307615045779457|NaMo mug is the #ThursdayMotivation for Divyanshu!Find yours at https://t.co/6Czw3BXYBr or on the NaMo App at https://t.co/TQbP2KsOFF https://t.co/V5xGpJ4wgS|
155659213|1045632050093408256|1154306973090717696|Varun showing his support for a new India with Main Bhi Chowkidar Caps!Shop yours on https://t.co/6Czw3BXYBr or on the NaMo App at https://t.co/TQbP2KsOFF https://t.co/dZYtZUC6D9|
155659213|1045632050093408256|1153971102919487488|Show your trust like abhinaya and friend with NaMo T-shirts!Shop Now on https://t.co/6Czw3BXYBr or on the NaMo App at https://t.co/TQbP2KsOFF https://t.co/OwH1YFXtWT|
155659213|1045632050093408256|1153970516866162690|Nisha is flaunting Nari Shakti with NaMo Notebook and Wrist Bands. Flaunt your power with NaMo Merchandise!Shop Now on https://t.co/6Czw3BXYBr or on the NaMo App at https://t.co/TQbP2KsOFF https://t.co/PAxlK7igki|
155659213|1045632050093408256|1153969510325469184|Shivam choice is 'Made in India' and he says it with NaMo Modi Jacket.Choose yours at https://t.co/6Czw3BXYBr or on the NaMo App at https://t.co/TQbP2KsOFF https://t.co/4SbCbpXHmF|
155659213|1045632050093408256|1153966363544678400|Dharmesh is in favor of educated India and encouraging people by distributing NaMo Pens.Join to make India a New India!Shop Now on https://t.co/6Czw3BXYBr or on the NaMo App at https://t.co/TQbP2KsOFF https://t.co/al84AEsh8u|
155659213|1045632050093408256|1153633824682606592|Rajesh follows the NaMo Mantra and flaunting it proudly with NaMo T-shirt.Shop to flaunt your pride on https://t.co/6Czw3BXYBr or on the NaMo App at https://t.co/TQbP2KsOFF https://t.co/zcQ6iJv6kV|
155659213|1045632050093408256|1153259087842308096|Vijendra celebrating the success of #Chandrayaan2 with NaMo t-shirts!Shop to flaunt your pride at https://t.co/6Czw3BXYBr or on the NaMo App at https://t.co/TQbP2KsOFF https://t.co/euCcBNp4yE|
155659213|1045632050093408256|1153257606976139264|Govind trust NaMo and says it wearing NaMo T-shirts!Shop yours on https://t.co/6Czw3BXYBr or on the NaMo App at https://t.co/TQbP2KsOFF https://t.co/u6lm9Zyn0R|
155659213|1045632050093408256|1151427195404816387|NaMo is the source of energy for Alok.Keep the positive vibes around you with NaMo T-shirts.Shop Now on https://t.co/6Czw3BXYBr or on the NaMo App at https://t.co/TQbP2KsOFF https://t.co/7vxtER5MNK|
155659213|1045632050093408256|1145642596431065088|#DigitalIndiaNewIndia Shop online your favorite NaMo Merchandise at https://t.co/6Czw3BXYBr or on the NaMo App at https://t.co/TQbP2KsOFF https://t.co/wapPEeURJ2|
155659213|1045632050093408256|1144926630986440704|Flaunt your love for PM @narendramodi like Rupak Raj with Modi Jacket!Shop Now on https://t.co/6Czw3BXYBr or on the NaMo App at https://t.co/TQbP2KsOFF https://t.co/kN4wGoPCOJ|
155659213|1045632050093408256|1144143044821712896|@ashishBJPamethi @TShirtBhaiya @TajinderBagga Hi Ashish, Please be assured your money is safe. We have initiated the refund for your order. The amount will reflectin your account soon. You can also check with your bank with the reference id we shared in dm. Thanks for your patience. Jai Hind!|
155659213|1045632050093408256|1144125052960432128|India needs him. Indian needs him for a Prosperous, Developed and stronger Nation says Deep wearing NaMo T-shirt.Wear your belief with NaMo Merchandise! Shop Now on https://t.co/6Czw3BXYBr or on the NaMo App at https://t.co/TQbP2KsOFF https://t.co/zew2esmbiR|
155659213|1045632050093408256|1143796054103453696|Wear your inspiration with NaMo T-shirts!Shop Now on https://t.co/6Czw3BXYBr or on the NaMo App at https://t.co/TQbP2KsOFF https://t.co/JhMVDKYsi0|
155659213|1045632050093408256|1143503957936861185|Ankit shows the victory sign wearing NaMo T-shirt!Wear your pride with NaMo Merchandise.Shop Now on https://t.co/6Czw3BXYBr or on the NaMo App at https://t.co/TQbP2KsOFF https://t.co/1pGJdJ4u3H|
155659213|1045632050093408256|1143502828142333952|Vaishali is practicing different Asanas in NaMo T-shirt. Get yours at https://t.co/6Czw3BXYBr or on the NaMo App at https://t.co/TQbP2KsOFF https://t.co/OQTHQ5yA15|
155659213|1045632050093408256|1143058890654830592|गर्दिशों में सितारों को बुलंद कर, इतिहास रचा जाता है। मंजिल उन्हें ही मिलती है जिन्हें, वहाँ तक पहुँचने का हुनर आता है।Bharat is praising the hard work of PM @narendramodi with his poetry &amp; NaMo T-shirt.Shop yours on https://t.co/6Czw3BXYBr or App-&gt; https://t.co/TQbP2KsOFF https://t.co/6GlBnOBRBv|
155659213|1045632050093408256|1143054624661762049|"Yoga is a symbol of universal aspiration for health and wellbeing. It is health assurance in zero budget."- @narendramodi Amit is practicing #Yoga in NaMo T-shirt. Get yours at https://t.co/6Czw3BXYBr or on the NaMo App at https://t.co/TQbP2KsOFF https://t.co/vYDqBEWKDp|
155659213|1045632050093408256|1141266123582689281|The perfect notebook for a Modi-fied India.Shop Now on https://t.co/6Czw3BXYBr  or on the NaMo App at https://t.co/TQbP2KsOFF https://t.co/Fwn0w5Y5o5|
155659213|1045632050093408256|1140879359009419264|chariotleo_ (IG) flaunting Modi Jacket at Tripura!Get yours to flaunt at https://t.co/6Czw3BXYBr or on the NaMo App at https://t.co/TQbP2KsOFF https://t.co/koTb4BJ5s1|
155659213|1045632050093408256|1140548950727860229|Get inspired to be the change you want to see in the world, with official NaMo Merchandise.Explore the collection at https://t.co/6Czw3BXYBr or on the NaMo App at https://t.co/TQbP2KsOFF https://t.co/C8hXWUSGl6|
155659213|1045632050093408256|1140507242006896640|Time has come to write the next chapter of New India!Get your NaMo Pens at https://t.co/6Czw3BXYBr or on the NaMo App at https://t.co/TQbP2KsOFF https://t.co/w1xkBVuDyb|
155659213|1045632050093408256|1140505102995709952|New India is Digital India!Keep your inspiration around you with NaMo Re-usable Stickers. Check out the collection at https://t.co/6Czw3BXYBr or on the NaMo App at https://t.co/TQbP2KsOFF https://t.co/lQZe9DS3Bc|
155659213|1045632050093408256|1140502022950510593|It’s never too late to start working for a cleaner India.Inspire others wearing NaMo T-shirts!Shop Now on https://t.co/6Czw3BXYBr or on the NaMo App at https://t.co/TQbP2KsOFF https://t.co/xNNOvgfw6f|
155659213|1045632050093408256|1140500194020061184|Feel closer to New India with the official NaMo Notebooks!Shop Now on https://t.co/6Czw3BXYBr or on the NaMo App at https://t.co/TQbP2KsOFF#makeinindia https://t.co/JM9PPh8UI4|
155659213|1045632050093408256|1139442340848754688|Beat the heat with the official NaMo Namah Caps!Shop Now on https://t.co/6Czw3BXYBr or on the NaMo App at https://t.co/TQbP2KsOFF https://t.co/HdonCa2HDV|
155659213|1045632050093408256|1133991910786326529|@sudipka13287227 We are dispatch your order on priority. We will share the tracking details with you soon. Thanks for shopping with us. Jai Hind!|
155659213|1045632050093408256|1132272791972007936|Vidhi is sharing her happiness dancing wearing NaMo T-shirt!Shop to share your happiness at https://t.co/6Czw3BXYBr or on the NaMo App at https://t.co/TQbP2KsOFF https://t.co/XfCSBqJG0D|
155659213|1045632050093408256|1132270487428521985|India is celebrating with high Josh wearing NaMo T-shirts!How's your Josh?Shop to celebrate the victory at https://t.co/6Czw3BXYBr or on the NaMo App at https://t.co/TQbP2KsOFF https://t.co/wdcpeOVxhB|
155659213|1045632050093408256|1132268062579683330|A glimpse of the victory celebration at BJP Headquaters in NaMo T-shirts!Shop yours at https://t.co/6Czw3BXYBr or on the NaMo App at https://t.co/TQbP2KsOFF https://t.co/2bG2g6VsDw|
155659213|1045632050093408256|1131785117439909888|People are celebrating #VijayiBharat wearing Modi Mask!Share your love for PM @narendramodi with NaMo Merchandise!Shop Now on https://t.co/6Czw3BXYBr or on the NaMo App at https://t.co/TQbP2KsOFF https://t.co/U4CyyYh7TB|
155659213|1045632050093408256|1131780827157712896|Abh ki Baar 300 Paar!Pictures of victory celebrations wearing NaMo Merchandise! https://t.co/OIyIQtlLY9|
155659213|1045632050093408256|1131552873148366849|“Kitni hi koshish karlein yeh saare bhrasht,Lekin ek imaandaar insaan ko hara nahi payenge.” - @narendramodi #ModiAaGya #VijayiBharat https://t.co/h7j4xQ0nBJ|
155659213|1045632050093408256|1131547028213751808|Naari ko phir milegi shakti,Bharat phir hoga swachh.Har sapna hoga phir saakar,Ab phir ban gyi Modi Sarkar.#VijayiBharat #ModiAagya https://t.co/RGdr7UNqhy|
155659213|1045632050093408256|1131544593206407169|Ye jeet hai Vishwas ki,Ye jeet hai Rashtrawad ki,Ye jeet hai Modi ki,Ye jeet hai Bharat ki.#VijayiBharat #ModiAaGaya https://t.co/8HrNBnXTRY|
155659213|1045632050093408256|1131523310791999488|Amber is celebrating the victory at Varanasi in NaMo T-shirt!How are you celebrating?#VijayiBharat #ModiAaGaya https://t.co/czsxBIevAm|
155659213|1045632050093408256|1131522210714095617|"Once we decide we have to do something, we can go miles ahead." - @narendramodi Congratulations India! #ModiAaGaya https://t.co/xCfXkgZMMi|
155659213|1045632050093408256|1131519630344802304|India is ready to write another chapter of success!#ModiAaGaya #VijayiBharat https://t.co/0cVAe3sR93|
155659213|1045632050093408256|1131450632018071552|बस चंद घंटो का इंतज़ार,फिर एक बार मोदी सरकार lमनाएं जीत का जश्न नमो मर्चन्डाइज़ के साथ lखरीदें -&gt; https://t.co/6Czw3BXYBr या नमो ऐप-&gt; https://t.co/TQbP2KsOFF पर।#ModiAaRahaHai https://t.co/BIktYCGqhz|
155659213|1045632050093408256|1130434015834517504|The celebration has begun!Kuldeep is celebrating the victory of the nation wearing NaMo T-shirt!Shop yours on https://t.co/6Czw3BXYBr or on the NaMo App at https://t.co/TQbP2KsOFF#ModiAaGaya #PMNarendraModi https://t.co/PzYqe34WM2|
155659213|1045632050093408256|1128192454941757440|Women are breaking all the barriers and stand together in support of PM @narendramodi wearing NaMo T-shirts!Shop to show your support at https://t.co/6Czw3BXYBr or on the NaMo App at https://t.co/TQbP2KsOFF#HarGharModi https://t.co/xjAyRd02iO|
155659213|1045632050093408256|1128190295290474496|Chandigarh want Phir EK Bar Modi Sarkar!Flaunt your choice with NaMo Merchandise!Shop Now on https://t.co/6Czw3BXYBr or on the NaMo App at https://t.co/TQbP2KsOFF#HarGharModi https://t.co/AeoFRXAPLV|
155659213|1045632050093408256|1128189340016791552|Sabka Saath Sabka Vikas!Himachal is showing its trust in the mantra of NaMo wearing NaMo T-shirt!Shop yours on https://t.co/6Czw3BXYBr or on the NaMo App at https://t.co/TQbP2KsOFF#HarGharModi https://t.co/ox2CDbV1GA|
155659213|1045632050093408256|1128188480796803072|Himachal with NaMo!People are showing their solidarity for the victory of the nation with Modi Mask and NaMo Caps!Shop to show your support at https://t.co/6Czw3BXYBr or on the NaMo App at https://t.co/TQbP2KsOFF#HarGharModi https://t.co/s17GH8HOQe|
155659213|1045632050093408256|1127837104711426048|India doesn't trust words, it trusts on Action.And saying it wearing NaMo Again T-shirt!Shop to flaunt your trust at https://t.co/6Czw3BXYBr or on the NaMo App at https://t.co/TQbP2KsOFF#DeshModiKeSaath https://t.co/99LotETOCV|
155659213|1045632050093408256|1127818852601978887|#DeshModiKeSaath Kaha raha hai Main Bhi Chowkidar!Aap bhi khiye NaMo T-shirt ke sath!Khride website https://t.co/6Czw3BXYBr ya NaMo App https://t.co/TQbP2KsOFF par. https://t.co/IcusScVJlS|
155659213|1045632050093408256|1127812537225859073|India has chosen its future!Say NaMo Again with the official NaMo T-shirt!Shop Now on https://t.co/6Czw3BXYBr or on the NaMo App at https://t.co/TQbP2KsOFF https://t.co/YahC8gXmeu|
155659213|1045632050093408256|1127810878378610688|Proud voters flaunting their choice with NaMo T-shirts!Shop to flaunt your choice at https://t.co/6Czw3BXYBr or on the NaMo App at https://t.co/TQbP2KsOFF https://t.co/iHRTysUmJF|
155659213|1045632050093408256|1127544826512138244|India is ready to break all the records again!India is voting to bring the NaMo Again!Show your support with NaMo Merchandise.Shop Now on https://t.co/6Czw3BXYBr or on the NaMo App at https://t.co/TQbP2KsOFF#MeraVoteModiKo https://t.co/hu0cQrmHv1|
155659213|1045632050093408256|1127543416319950849|#MeraVoteModiKo India is flaunting its vote proudly wearing NaMo Again with Lotus T-shirts!Shop yours on https://t.co/6Czw3BXYBr or on the NaMo App at https://t.co/TQbP2KsOFF https://t.co/h1SmVo9Khy|
155659213|1045632050093408256|1126485203432628224|NaMo Again is the only mantra India is chanting!Say it with NaMo T-shirt!Shop Now on https://t.co/6Czw3BXYBr or on the NaMo App at https://t.co/TQbP2KsOFF#DeshKiShaanModi https://t.co/L37S4T4iUw|
155659213|1045632050093408256|1126477921923690497|Where there is unity there is always victory.People are showing their decision standing together wearing NaMo T-shirts!Say NaMo Again!Shop Now on https://t.co/6Czw3BXYBr or on the NaMo App at https://t.co/TQbP2KsOFF#DeshKiShaanModi https://t.co/qTcwi4k2YG|
155659213|1045632050093408256|1126387875954577409|#DeshKiShaanModi Desh ki jaan hai Modi!!Show your love for PM @narendramodi with NaMo T-shirts!Shop Now on https://t.co/6Czw3BXYBr or on the NaMo App at https://t.co/TQbP2KsOFF https://t.co/QABvK1JXIC|
155659213|1045632050093408256|1126381429581987840|People having a photograph in NaMo Merchandise with PM @narendramodi's cutout standee demonstrates their love for him!Show your love with NaMo T-shirts and masks!Shop Now on https://t.co/6Czw3BXYBr or on the NaMo App at https://t.co/TQbP2KsOFF#DeshKiShaanModi https://t.co/uMjV8gXYKD|
155659213|1045632050093408256|1126378937750134785|वही भरोसा वही विश्वास है,फिर से बन रही मोदी सरकार है!आप भी व्यक्त करे अपना भरोसा नमो टी-शर्ट के साथ।खरीदें -&gt; https://t.co/6Czw3BXYBr  या नमो ऐप-&gt; https://t.co/TQbP2KsOFF पर।#DeshKiShaanModi https://t.co/2BdlliFCOD|
155659213|1045632050093408256|1126375824976822272|We stand for Nation, We stand for NaMo!India is showing its supports wearing NaMo Merchandise!Shop yours on https://t.co/6Czw3BXYBr or on the NaMo App at https://t.co/TQbP2KsOFF#DeshKiShaanModi https://t.co/0be8BlJO1h|
155659213|1045632050093408256|1126373216224546816|'Don't dream to be something but rather dream to do something great.'- @narendramodi Farmers of the Nation are ready to build new India &amp; showing their support wearing NaMo T-shirt!Shop yours at https://t.co/6Czw3BXYBr or on the NaMo App at https://t.co/TQbP2KsOFF https://t.co/Ubc9muqld1|
155659213|1045632050093408256|1126368345962319872|वक्त कम है जितना दम है लगा दो कुछ को मैं जगाता हू कुछ को तुम जगा दो।आप भी शामिल होइए।खरीदें -&gt; https://t.co/6Czw3BXYBr या नमो ऐप-&gt; https://t.co/TQbP2KsOFF पर।#DeshKiShaanModi https://t.co/e4K1dFSwPy|
155659213|1045632050093408256|1126365257801224192|Women at RamLeela Ground, Delhi cheering for PM @narendramodi with NaMo T-shirts!!Shop your own on https://t.co/6Czw3BXYBr or on the NaMo App at https://t.co/TQbP2KsOFF#DeshKiShaanModi https://t.co/jbgqP827JC|
155659213|1045632050093408256|1126362039511764992|लोग नमो कैप पहने हुए हर घर हर गली जाकर प्रधानमंत्री के नेतृत्व में भारत की प्रगति की कहानी बता रहे हैं।आप भी शामिल होइए।खरीदें -&gt; https://t.co/6Czw3BXYBr या नमो ऐप-&gt; https://t.co/TQbP2KsOFF पर।#DeshKiShaanModi https://t.co/auO9rpVmxo|
155659213|1045632050093408256|1126113885809823746|Weekly Giveaway Contest Winner is Rishabh.Post photos of your NaMo products for a chance to win exclusive goodies!! https://t.co/NFoNvmErnV|
155659213|1045632050093408256|1125744376645177344|India wants to bring NaMo Again with Lotus and says it wearing NaMo T-shirts!Wear your choice!Shop Now on https://t.co/6Czw3BXYBr or on the NaMo App at https://t.co/TQbP2KsOFF#HarDilMeiModi https://t.co/C1AJXTQMyE|
155659213|1045632050093408256|1125742844898004992|Keep calm and trust NaMo!!Spread the word with NaMo T-shirts!!Shop Now on https://t.co/6Czw3BXYBr or on the NaMo App at https://t.co/TQbP2KsOFF#HarDilMeiModi https://t.co/DNxdUVF0Xp|
155659213|1045632050093408256|1125742279862378496|People's purchases from NaMo Rath highlights their love for PM @narendramodi!You can make your purchase too!Shop Now on https://t.co/6Czw3BXYBr or on the NaMo App at https://t.co/TQbP2KsOFF#HarDilMeiModi https://t.co/GJFKIzf75k|
155659213|1045632050093408256|1125733823302340608|#HarDilMeiModi Show your love for PM @narendramodi with NaMo T-shirts!!Shop Now on https://t.co/6Czw3BXYBr or on the NaMo App at https://t.co/TQbP2KsOFF https://t.co/lTxLcUG0Ro|
155659213|1045632050093408256|1125733180701532161|India chooses growth and development and flaunting its support with NaMo Merchandise!Show your support!Shop Now on https://t.co/6Czw3BXYBr or on the NaMo App at https://t.co/TQbP2KsOFF#HarDilMeiModi https://t.co/t8HlzKx29x|
155659213|1045632050093408256|1125730296639262721|बच्चों से लेकर बड़ों तक सभी मैं भी चौकीदार टी-शर्ट पहन कर हमारे प्रधानमंत्री @narendramodi के साथ देश की सुरक्षा के लिए खड़े हैं।आप भी पहने।खरीदें -&gt; https://t.co/6Czw3BXYBr या नमो ऐप-&gt; https://t.co/TQbP2KsOFF पर।#HarDilMeiModi https://t.co/IwN8LOyCDU|
155659213|1045632050093408256|1125352143374831616|Its time to use your power, its time to vote for NaMo Again!Shop to flaunt your vote at https://t.co/6Czw3BXYBr or on the NaMo App at https://t.co/TQbP2KsOFF#HarBoothParModi https://t.co/IFx1JWtISu|
155659213|1045632050093408256|1125349854559916032|@mrdobill_1665 This T-shirt has sold out. You can select from some other designs at our website https://t.co/co1iyXhNme or download the NaMo App at https://t.co/TQbP2KsOFF|
155659213|1045632050093408256|1125345255576915968|People are giving their blessings to PM @narendramodi with wearing Modi Mask!Share your love with NaMo merchandise!Shop Now on https://t.co/6Czw3BXYBr or on the NaMo App at https://t.co/TQbP2KsOFF#HarBoothParModi https://t.co/T8deXSdvJl|
155659213|1045632050093408256|1125343387672928256|Vote for hope, Vote for a brighter future, Vote for NaMo again!Cast your vote and flaunt it with NaMo T-shirts!!Shop Now on https://t.co/6Czw3BXYBr or on the NaMo App at https://t.co/TQbP2KsOFF#HarBoothParModi https://t.co/XzGCorZzrn|
155659213|1045632050093408256|1125335415152566274|@drharshvardhan is ready to make India a New India!Are you ready?Shop to show your support at https://t.co/6Czw3BXYBr  or on the NaMo App at https://t.co/TQbP2KsOFF #HarBoothParModi https://t.co/OWNdLszbJj|
155659213|1045632050093408256|1125334036589604864|NaMo Again and again and again!!India flaunting its proud with NaMo T-shirts!!Get your own at https://t.co/6Czw3BXYBr or on the NaMo App at https://t.co/TQbP2KsOFF#HarBoothParModi https://t.co/Ktn9ldmq7x|
155659213|1045632050093408256|1125333480580177920|Narnaul, Haryana dressed up in NaMo Again T-shirts!!Shop yours at https://t.co/6Czw3BXYBr or on the NaMo App at https://t.co/TQbP2KsOFF#HarBoothParModi https://t.co/1RoGSmXffp|
155659213|1045632050093408256|1125309003523706880|#HarBoothParModi Say NaMo Again with NaMo T-shirts!Shop Now on https://t.co/6Czw3BXYBr or on the NaMo App at https://t.co/TQbP2KsOFF https://t.co/9RkJASXjBO|
155659213|1045632050093408256|1125307648398610432|@praveenjai2311 @NamoINDIAPM Hi, wall clocks have sold out. You can check out some other products at https://t.co/6Czw3BXYBr or on the NaMo App at https://t.co/TQbP2KsOFF|
155659213|1045632050093408256|1124919756245458945|We walk together, we move together, we think together, we resolve together, and together we take this country forward. - @narendramodi Let's show our support for our PM with NaMo T-shirts!Shop Now on https://t.co/6Czw3BXYBr or on the NaMo App at https://t.co/TQbP2KsOFF https://t.co/M0nfctnUcP|
155659213|1045632050093408256|1124911988188925957|#HarGharModiKeSaath India is flaunting its support with PM @narendramodi with NaMo T-shirts!Shop yours on https://t.co/6Czw3BXYBr or on the NaMo App at https://t.co/TQbP2KsOFF https://t.co/p6hVtxdUlJ|
155659213|1045632050093408256|1124911335504920577|@drharshvardhan trust NaMo!Wear your trust with NaMo T-shirts!Shop Now on https://t.co/6Czw3BXYBr or on the NaMo App at https://t.co/TQbP2KsOFF#HarGharModiKeSaath https://t.co/0pSpZnkoRj|
155659213|1045632050093408256|1124255024278675456|104S वॉर्ड आली विहार,ओखला विधानसभा, पुर्वी दिल्ली के कार्यकर्ता नमो टी-शर्ट पहने हुए राष्ट्र के विकास का जश्न मना रहे हैं।आप भी शामिल होइए।खरीदें -&gt; https://t.co/6Czw3BXYBr  या नमो ऐप-&gt; https://t.co/TQbP2KsOFF  पर।#ModiJahanVikasWahan https://t.co/4zfXCDF9bQ|
155659213|1045632050093408256|1123900707810238464|Rajasthan celebrating its choice with Modi Mask!Flaunt your choice!!Shop Now on https://t.co/6Czw3BGnJT or on the NaMo App at https://t.co/TQbP2KKq4f#ModiMeinHaiDum https://t.co/I51ZYCJg1Y|
155659213|1045632050093408256|1123899788305551360|East Delhi says #ModiMeinHaiDum !Shout out your support with NaMo T-shirts!Shop Now on https://t.co/6Czw3BGnJT or on the NaMo App at https://t.co/TQbP2KKq4f https://t.co/9QVxwBQEZ1|
155659213|1045632050093408256|1123564385585098753|Gaurav says NaMo Again in style with NaMo T-shirt!!Choose your perfect fit at https://t.co/6Czw3BXYBr or on the NaMo App at https://t.co/TQbP2KsOFF#DeshBoleModiPhirSe https://t.co/djiqkGfYL8|
155659213|1045632050093408256|1123175333929336834|NRIs for @narendramodi !!Biggest Car Rally in San Francisco!!People are saying #NaMoAgain wearing NaMo T-shirts with 40+ cars!Shop yours on https://t.co/6Czw3BGnJT or on the NaMo App at https://t.co/TQbP2KKq4f#JeetegaToModiHi https://t.co/CkLF2Iq1Ui|
155659213|1045632050093408256|1123172990064005121|NaMo Receiving love from all over the world!San Francisco sharing its support with NaMo Merchandise!Shop to show your support at https://t.co/6Czw3BXYBr or on the NaMo App at https://t.co/TQbP2KsOFF#JeetegaToModiHi https://t.co/9xHl4dePgv|
155659213|1045632050093408256|1123169455964471296|NRIs from San Francisco want NaMo Again everywhere!!Share your love with 'NaMo Again with Lotus' T-shirts!Shop Now on https://t.co/6Czw3BXYBr or on the NaMo App at https://t.co/TQbP2KsOFF#JeetegaToModiHi https://t.co/2guxzMU0S3|
155659213|1045632050093408256|1123114388934684672|हरियाणा के हिसार से लोग प्रधानमंत्री @narendramodi के लिए अपने प्यार को साझा कर रहे हैं।आप भी 'NaMo Again with Lotus' टी-शर्ट पहनें और अपने प्यार को साझा करें।खरीदें -&gt; https://t.co/6Czw3BXYBr या नमो ऐप-&gt; https://t.co/TQbP2KsOFF पर।#jeetegaToModiHi https://t.co/3MoPxuRfww|
155659213|1045632050093408256|1123108059226693632|कल की बंगाल रैली से लोगों की खुशी की एक झलक।आप भी कहिए नमो अगेन नमो टी-शर्ट के साथ।खरीदें -&gt; https://t.co/6Czw3BXYBr या नमो ऐप-&gt; https://t.co/TQbP2KsOFF पर।#JeetegaToModiHi https://t.co/cet4O0fdWh|
155659213|1045632050093408256|1123104168804212737|NaMo Again Caps are the new fashion trend in Rajasthan.Follow the trend!!Shop your own now on https://t.co/6Czw3BXYBr or on the NaMo App at https://t.co/TQbP2KsOFF#jeetegaToModiHi https://t.co/Lm3SlaIGjm|
155659213|1045632050093408256|1123093326121426945|चाँदनी चौक, दिल्ली भाजपा प्रत्याशी कैबिनेट मंत्री डा. हर्षवर्धन जी (@drharshvardhan ) का जनसंपर्क अभियान।आप भी कहिए नमो अगेन नमो टी-शर्ट के साथ।खरीदें -&gt; https://t.co/6Czw3BXYBr या नमो ऐप-&gt; https://t.co/TQbP2KsOFF पर।#jeetegaToModiHi https://t.co/Pe1UshpDRR|
155659213|1045632050093408256|1122795844753743872|Weekly Giveaway Contest Winner is Arjun.Post photos of your NaMo products for a chance to win exclusive goodies!! https://t.co/cssUFvUa6U|
155659213|1045632050093408256|1122792143825694720|Ganesh coming back to home wearing NaMo T-shirt to vote!#GoVote and Break the records!!Shop Now on https://t.co/6Czw3BXYBr or on the NaMo App at https://t.co/TQbP2KsOFF#IndiaVotesForNaMo #VoteKarIndia https://t.co/vSUscfHDtg|
155659213|1045632050093408256|1122787115702444033|India is taking a resolution for a better, empowered and stronger India!Show your support for a new India with NaMo Caps like Rudra!!Shop Now on https://t.co/6Czw3BXYBr or on the NaMo App at https://t.co/TQbP2KsOFF#GoVote #IndiaVotesForNaMo https://t.co/fI4OVbnj8Y|
155659213|1045632050093408256|1122785949606236161|Rishabh's vote goes to NaMo Again!Show your choice with Main Bhi Chowkidar T-shirt!Shop Now on https://t.co/6Czw3BXYBr or on the NaMo App at https://t.co/TQbP2KsOFF#IndiaVotesForNaMo #VoteKarIndia https://t.co/QTkMFjyrSf|
155659213|1045632050093408256|1122784003952525312|#IndiaVotesForNaMo Flaunt your vote like kishan with NaMo T-shirt!Shop Now on https://t.co/6Czw3BXYBr or on the NaMo App at https://t.co/TQbP2KsOFF#VoteKarIndia #MumbaiVotes https://t.co/c3BKZwVOpd|
155659213|1045632050093408256|1122745449272659968|@lvij123 Hi, Shipment time of T-shirt is 12 business days. We will share the tracking details with you once it dispatched. Thanks for shopping with us. Jai Hind!|
155659213|1045632050093408256|1122125926215471105|People grouped together to spread the word!Join the drive!Shop Now on https://t.co/6Czw3BXYBr or on the NaMo App at https://t.co/TQbP2KsOFF#ModiAaneWalaHai https://t.co/7ZlXZFl4Yr|
155659213|1045632050093408256|1122121982525337608|Young India drives the nation to success with NaMo!Flaunt your support like Kishan with NaMo T-shirt!Shop Now on https://t.co/6Czw3BXYBr or on the NaMo App at https://t.co/TQbP2KsOFF#modianewalahai https://t.co/BC77LhMNKC|
155659213|1045632050093408256|1122120132690493446|Haryana stands together to bring the Modi Sarkar once again!Flaunt your support with "NaMo Again With Lotus" T-shirts!Shop Now on https://t.co/6Czw3BXYBr or on the NaMo App at https://t.co/TQbP2KsOFF#ModiAaneWalaHai https://t.co/RKaMAUNauA|
155659213|1045632050093408256|1122118724884946946|People are buying in bulk to gift and wear them together in support of PM @narendramodi Get special prices to place your bulk order at 83770-01003#ModiAaneWalaHai https://t.co/Lms7lDIW1a|
155659213|1045632050093408256|1122117079895687169|बाढ़ड़ा, हरियाणा भी मोदी के साथ।आप भी कहे एक बार फिर मोदी सरकार।खरीदें -&gt; https://t.co/6Czw3BXYBr या नमो ऐप-&gt; https://t.co/TQbP2KsOFF पर।#ModiAaneWalaHai https://t.co/xh67NrVUeM|
155659213|1045632050093408256|1122115099911577600|पुणे के ऐतिहासिक चाफेकर चौक पर नमो टी-शर्ट के साथ नमो अगेन कहते लोग।आप भी शामिल होइए।खरीदें -&gt; https://t.co/6Czw3BXYBr या नमो ऐप-&gt; https://t.co/TQbP2KsOFF पर।#ModiAaneWalaHai https://t.co/yc3Apsh2Yw|
155659213|1045632050093408256|1122111468139208705|#ModiAaneWalaHai People are expressing their support with PM @narendramodi with Modi Mask and T-shirts!!Wear the face of the future!!Shop Now on https://t.co/6Czw3BXYBr or on the NaMo App at https://t.co/TQbP2KsOFF https://t.co/NKkIFLsP9u|
155659213|1045632050093408256|1121695539899224065|"Facebook, Twitter, Instagram, they are the new neighborhoods of our new world"- @narendramodi Young India is creatively sharing its love with NaMo Mask and Caps!Shop to show your love on https://t.co/6Czw3BXYBr or on the NaMo App at https://t.co/TQbP2KsOFF#ModiTsunami https://t.co/avebrtY0rI|
155659213|1045632050093408256|1121691973352427520|#BharatKaGarvModi Anubhav flaunting his pride with "NaMo Again with Lotus" T-shirt!Shop to flaunt your pride at https://t.co/6Czw3BXYBr or on the NaMo App at https://t.co/TQbP2KsOFF#BJPForIndia #DeshModiKeSaath https://t.co/hOuuz4npgD|
155659213|1045632050093408256|1121690834674413569|India prays for NaMo Again!!Pray for your choice with NaMo T-shirt!!Shop Now on https://t.co/6Czw3BXYBr or on the NaMo App at https://t.co/TQbP2KsOFF#DeshModiKeSaath #BJPForIndia https://t.co/vnjql8nIER|
155659213|1045632050093408256|1121689629185339392|India stands with PM @narendramodi and saying it wearing NaMo T-shirts!!Take your stand!!Shop Now on https://t.co/6Czw3BXYBr or on the NaMo App at https://t.co/TQbP2KsOFF#DeshModiKeSaath #ModiTsunami #BJP4India https://t.co/u9O6iGg9YK|
155659213|1045632050093408256|1121682152670687232|Cheers to NaMo Again!!Show your support with the official NaMo Mugs!!Shop Now on https://t.co/6Czw3BXYBr or on the NaMo App at https://t.co/TQbP2KsOFF#BJPForIndia #ModiTsunami #DeshModiKeSaath https://t.co/QclimmdH08|
155659213|1045632050093408256|1121680667316633601|#DeshModiKeSaath रीतम नमो हुडी पहने कह रहा है," मैं भी मोदी के साथ"!आप भी शामिल होइए।खरीदें -&gt; https://t.co/6Czw3BXYBr या नमो ऐप-&gt; https://t.co/TQbP2KsOFF पर।#ModiTsunami #BJPForIndia https://t.co/zUGP0wKqWz|
155659213|1045632050093408256|1121679072050827265|"एक बार जब हम तय कर लेते हैं कि हमें कुछ करना है, तो हम मीलों आगे जा सकते हैं।" ― @narendramodi सागर नमो कैप पहने प्रधानमंत्री नरेंद्र मोदी के लिए समर्थन दिखा रहे हैं।आप भी खरीदें -&gt; https://t.co/6Czw3BXYBr  या ऐप-&gt; https://t.co/TQbP2KsOFF  पर।#DeshModiKeSaath #BJPForIndia https://t.co/VeN2v6G9aX|
155659213|1045632050093408256|1121674697173716994|#DeshModiKeSaath India is showing its trust in NaMo with NaMo T-shirts!!Shop your own on https://t.co/6Czw3BXYBr or on the NaMo App at https://t.co/TQbP2KsOFF#BJPForIndia #ModiTsunami https://t.co/sh4F8H9dxJ|
155659213|1045632050093408256|1121375055638749184|'NaMo Again with Lotus' is the latest mantra of the nation!Wear it with the official NaMo T-shirt!Shop Now on https://t.co/6Czw3BXYBr or on the NaMo App at https://t.co/TQbP2KsOFF#kashiboleNaMoNaMo https://t.co/bItN9U3wxG|
155659213|1045632050093408256|1121366451099594753|पश्चिमी लोकसभा के नंगली सकरावती मण्डल 34S के कार्यकर्ता नमो कैप के साथ कह रहे हैं #NamoAgain !आप भी खरीदें -&gt; https://t.co/6Czw3BXYBr या ऐप-&gt; https://t.co/TQbP2KsOFF पर। https://t.co/MnpLvcHfAO|
155659213|1045632050093408256|1121364738368135171|People are spreading the word wearing NaMo Merchandise!!Shop to show your support now on https://t.co/6Czw3BXYBr or on the NaMo App at https://t.co/TQbP2KsOFF#KashiBoleNaMoNaMo https://t.co/lMkmqf5Irf|
155659213|1045632050093408256|1121357029757476864|योग में शांति, करुणा, भाईचारा और मानव जाति की चहुंमुखी प्रगति के एक नए युग को जागृत करने की क्षमता है। - @narendramodi नमो टी-शर्ट में योगा करके लोग श्री मोदी का समर्थन कर रहे हैं।आप भी खरीदें -&gt; https://t.co/6Czw3BXYBr या ऐप-&gt; https://t.co/TQbP2KsOFF पर।#KashiBoleNaMoNaMo https://t.co/R5izqbw2W2|
155659213|1045632050093408256|1121351909850222592|वाराणसी में नमो रथ!नमो रथ पर खरीदारी करने के लिए लोग बड़ी संख्या में आ रहे हैं ।आप भी खरीदें -&gt; https://t.co/6Czw3BXYBr  या नमो ऐप-&gt; https://t.co/TQbP2KsOFF  पर।#KashiBoleNaMoNaMo https://t.co/U6Hzq0UEqr|
155659213|1045632050093408256|1121349941392056320|#KashiBoleNaMoNaMo नमो रथ से खरीदी गई 'मैं भी चौकीदार' टी-शर्ट पहनकर लोगों ने वाराणसी को नमो के रंगों में रंग दिया।आप भी शामिल होइए।खरीदें -&gt; https://t.co/6Czw3BXYBr  या नमो ऐप-&gt; https://t.co/TQbP2KsOFF  पर। https://t.co/WIHfx084zt|
155659213|1045632050093408256|1121340084089786369|@subhaaprasad Hi, The refund has been initiated. The amount will reflect in your account soon. You can also check with your bank with Reference ID: 5cc15a963b494 . Thanks for writing to us! Jai Hind!|
155659213|1045632050093408256|1121339266422853633|@MukeshDhariya2 Hi, Shipment time of Hoodie is 10 business days. We will share the tracking details with you once it dispatched. Thanks for shopping with us. Jai Hind!|
155659213|1045632050093408256|1121038570800631808|@MODIfied_ankit Hi, You can write at the help section of the website or on the NaMo App. Our team will surely help you out.|
155659213|1045632050093408256|1121038053110247424|@prasunchat Hi, You can write at the help section of the website or on the NaMo App. Our team will surely help you out with this.|
155659213|1045632050093408256|1120965781552914432|गाँव निमाड़ बदेसरा ( बाडढ़ा) हरियाणा, प्रधान मंत्री @narendramodi के लिये 'NaMo Again With Lotus' टी-शर्ट के साथ अपना समर्थन दिखा रहा हैं!आप अपना समर्थन कैसे दिखा रहे हैं?खरीदें-&gt; https://t.co/6Czw3BXYBr या नमो ऐप -&gt; https://t.co/TQbP2KsOFF पर।#BharatKaGarvModi https://t.co/YbwFErT8Wh|
155659213|1045632050093408256|1120951715077840898|We love the gesture of the support by Mandira. Show your love with NaMo T-shirts!!Shop Now on https://t.co/6Czw3BXYBr or on the NaMo App at https://t.co/TQbP2KsOFF#BharatKaGarvModi https://t.co/LwGBlNOAUK|
155659213|1045632050093408256|1120950548998393856|#BharatKaGarvModi Maharashtra is saying NaMo Again with the official NaMo T-shirts!!Shop to show your support at https://t.co/6Czw3BXYBr or on the NaMo App at https://t.co/TQbP2KsOFF https://t.co/mvBQbeAa7o|
155659213|1045632050093408256|1120948440266002432|"My Vote goes to NaMo Again", Prasanna saying it with the official NaMo Cap!Flaunt your vote with NaMo Merchandise!Shop Now on https://t.co/6Czw3BXYBr or on the NaMo App at https://t.co/TQbP2KsOFF#BharatKaGarvModi https://t.co/qm1VESIP7F|
155659213|1045632050093408256|1120920402279067648|NaMo believes in the youth of the nation and young India shows its support with 'NaMo again with lotus' T-shirts!Shop to flaunt your support at https://t.co/6Czw3BXYBr or on the NaMo App at https://t.co/TQbP2KsOFF#BharatKaGarvModi https://t.co/ibGCOCQPGG|
155659213|1045632050093408256|1120918229012979712|Varsha says NaMo Again with the official NaMo T-shirt!How do you say it?Find your favourites at https://t.co/6Czw3BXYBr or on the NaMo App at https://t.co/TQbP2KsOFF#BharatKaGarvModi https://t.co/4RdVCjuLwC|
155659213|1045632050093408256|1120917462214516736|चाँदनी चोक लोकसभा प्रत्याशी @drharshvardhan के नामांकन के वक़्त लोग 'NaMo Again with Lotus Caps' के साथ अपना समर्थन दिखा रहे हैंआप भी खरीदें -&gt; https://t.co/6Czw3BXYBr या नमो ऐप-&gt; https://t.co/TQbP2KsOFF पर।#BharatKaGarvModi https://t.co/08ddGTatPq|
155659213|1045632050093408256|1120915665718661120|संगठन गढ़े चलो, सुपंथ पर बढ़े चलो । भला हो जिसमें देश का, वो काम सब किए चलो ॥ हम करेंगे त्याग मातृभूमि के लिए अपार। !! अपना वोट राष्ट्र के स्वाभिमान के लिए डालें।- कुलदीपआप भी खरीदें -&gt; https://t.co/6Czw3BXYBr या नमो ऐप-&gt; https://t.co/TQbP2KsOFF पर। #BharatKaGarvModi https://t.co/ptHbxAqf5i|
155659213|1045632050093408256|1120259740699783168|Weekly Giveaway Contest Winner is Harish.Post photos of your NaMo products for a chance to win exclusive goodies!!#BharatBoleNaMoNaMo https://t.co/ct7aY3sJom|
155659213|1045632050093408256|1120188385728004096|Malaysia in NaMo Colours!!People are sending their love from Malaysia wearing NaMo T-shirts. Send your love!! Shop now at https://t.co/6Czw3BGnJT or on the NaMo App at https://t.co/TQbP2KKq4f#BharatBoleNaMoNaMo https://t.co/P2igF1YuFz|
155659213|1045632050093408256|1119867730579079168|This is how India shows its love for PM @narendramodi !People are spreading the word wearing NaMo Again T-shirt at Pune streets!Show your love with NaMo Merchandise!!Shop Now on https://t.co/6Czw3BGnJT or on the NaMo App at https://t.co/TQbP2KKq4f#IndiaBoleNaMoPhirSe https://t.co/FGIsbgNjB6|
155659213|1045632050093408256|1119865594579496961|#IndiaBoleNaMoPhirSe People showing their solidarity for Chowkidar @narendramodi at Statue of Unity, Gujarat with NaMo Main Bhi Chowkidar T-shirt!Shop to show your support now on https://t.co/6Czw3BGnJT or on the NaMo App at https://t.co/TQbP2KKq4f https://t.co/FVd0CutXX9|
155659213|1045632050093408256|1119855080264564737|People gathered to buy NaMo Merchandise at NaMo Rath, Varanasi!You can shop too at https://t.co/6Czw3BGnJT or on the NaMo App at https://t.co/TQbP2KKq4f  #IndiaBoleNaMoPhirSe https://t.co/W7bUQk6tHH|
155659213|1045632050093408256|1119504706865221632|दुनिया में बढ़ा भारत का मान, फिर एक बार मोदी सरकार।सैन फ्रांसिस्को में नमो संगम इवेंट में नमो टी-शर्ट के साथ श्री @narendramodi के लिये अपने प्यार का इज़हार करते हुए लोग!आप भी खरीदें -&gt; https://t.co/6Czw3BXYBr या नमो ऐप-&gt; https://t.co/TQbP2KsOFF पर।#IndiaWantsModiAgain https://t.co/DQwPZAdRr9|
155659213|1045632050093408256|1119253129235537922|People flaunting their love for PM @narendramodi at NaMo Sangam event in San Francisco with NaMo Again with Lotus T-shirts!!Shop to flaunt your love at https://t.co/6Czw3BXYBr or on the NaMo App at https://t.co/TQbP2KsOFFImage: Chandru Bhambhra #BharatMangeModiDobara https://t.co/B16w1tptch|
155659213|1045632050093408256|1119246069559259137|हम भी नमो के संग!हैदरपुर दिल्ली में लोग नमो टी-शर्ट पहने प्रधानमंत्री @narendramodi के पक्ष में अपना समर्थन दिखा रहे हैं।आप भी खरीदें -&gt; https://t.co/6Czw3BXYBr  या नमो ऐप-&gt; https://t.co/TQbP2KsOFF पर।#BharatMangeModiDobara https://t.co/yNljyRVIVW|
155659213|1045632050093408256|1119243933022732288|Delhi with NaMo!!People at Chandnichowk, Delhi celebrating their choice with the official NaMo T-shirts!Shop to flaunt your choice at https://t.co/6Czw3BXYBr or on the NaMo App at https://t.co/TQbP2KsOFF#BharatMangeModiDobara https://t.co/PlLnm1HBMh|
155659213|1045632050093408256|1119242561871179777|दिल्ली के शाहदरा मेट्रो स्टेशन पर लोग नमो टी-शर्ट पहन कर कह रहे हैं #BharatMangeModiDobara !आप भी इस युवा अभियान में शामिल हों।खरीदें-&gt; https://t.co/6Czw3BXYBr या नमो ऐप-&gt; https://t.co/TQbP2KsOFF  पर। https://t.co/BfBkOYa3ft|
155659213|1045632050093408256|1118786752947179520|"पिछले 5 वर्षों में नमो के काम के कारण आज हम भारतीय होने पर गर्व महसूस करते हैं।"आप भी अपने अभिमान को नमो कैप के साथ पहनें।खरीदें-&gt; https://t.co/6Czw3BXYBr   या नमो ऐप -&gt; https://t.co/TQbP2KsOFF पर।#VoteForNewIndia #EveryVoteForModi https://t.co/CMhIvdYiO7|
155659213|1045632050093408256|1118781328961335297|भारत के किसान #MainBhiChowkidar नमो टी-शर्ट पहनकर प्रधान मंत्री @narendramodi के लिए अपना समर्थन दिखा रहे हैं!आप भी https://t.co/6Czw3BXYBr  पर या नमो ऐप पर https://t.co/TQbP2KsOFF पर अपना समर्थन साझा करने के लिए खरीदारी करें।#EveryVoteForModi #VoteForNewIndia https://t.co/M5twUOQzoV|
155659213|1045632050093408256|1118779923928211456|वाराणसी पीएम @narendramodi के लिये नमो Main Bhi Chowkidar टी-शर्ट और मोदी मास्क के साथ अपना समर्थन दिखा रहा हैं!आप अपना समर्थन कैसे दिखा रहे हैं?खरीदें-&gt; https://t.co/6Czw3BXYBr   या नमो ऐप -&gt; https://t.co/TQbP2KsOFF  पर।#EveryVoteForModi https://t.co/JSIyAnpNIg|
155659213|1045632050093408256|1118776113910747137|मतदान न केवल हमारा अधिकार है, बल्कि हमारी शक्ति भी है।सही निर्णय लें।#VoteForNewIndia #EveryVoteForModi https://t.co/DLZazB1uAw|
155659213|1045632050093408256|1118773908511936512|मजबूत चौकीदार, तो मजबूत सरकार और मजबूत देश, मतलब मजबूत भविष्य।चुनें मजबूत भारत।दिखाएं अपना समर्थन नमो कैप के साथ।खरीदें-&gt; https://t.co/6Czw3BXYBr  या नमो ऐप -&gt; https://t.co/TQbP2KsOFF पर।#VoteForNewIndia #EveryVoteForModi https://t.co/KYSNp5PyaU|
155659213|1045632050093408256|1118767959227256833|India says the Josh is high with NaMo Again!!How's your Josh? Say it with the official NaMo T-shirts!!Shop Now on https://t.co/6Czw3BXYBr or on the NaMo App at https://t.co/TQbP2KsOFF#EveryVoteForModi #VoteForNewIndia https://t.co/ROrhaN7zzX|
155659213|1045632050093408256|1118511689811390465|NaMo is taking India to higher levels of growth and prosperity. And people at USA showing their support for growing India with NaMo Again with Lotus T-shirt!Shop to show your support at https://t.co/6Czw3BXYBr or on the NaMo App at https://t.co/TQbP2KsOFF https://t.co/jEoMpAdQ70|
155659213|1045632050093408256|1118506859785121793|Hyderabad had made its choice!!Youngsters at Hyderabad say NaMo Again with the official NaMo T-shirts!!Flaunt your choice!!Shop Now on https://t.co/6Czw3BXYBr or on the NaMo App at https://t.co/TQbP2KsOFF#IndiaBoleModiDobara https://t.co/3rb5czxPzN|
155659213|1045632050093408256|1118500885292654592|Roadshow of NaMo Love!!PM @narendramodi fans at Bhubaneshwar came together and flaunted their love with NaMo Again with Lotus T-shirt!Shop to show your love at https://t.co/6Czw3BXYBr or on the NaMo App at https://t.co/TQbP2KsOFF#IndiaBoleModiDobara https://t.co/tdGgcG8t7I|
155659213|1045632050093408256|1118454624048910336|Our Chowkidar is our Pride!We are thrilled to see how proudly people are showing their support for their chowkidar @narendramodi wearing NaMo T-shirt!Wear your pride with NaMo Merchandise!!Shop Now on https://t.co/6Czw3BXYBr or on the NaMo App at https://t.co/TQbP2KsOFF https://t.co/ZF0YVc45YR|
155659213|1045632050093408256|1118452275867840512|Farmers stand with PM @narendramodi by saying #MainBhiChowkidar with NaMo T-shirt!Shop to show your support at https://t.co/6Czw3BXYBr or on the NaMo App at https://t.co/TQbP2KsOFF#IndiaBoleModiDobara https://t.co/fnSBjSELO2|
155659213|1045632050093408256|1118450386711367686|Varanasi is showing its support for PM @narendramodi with NaMo Main Bhi Chowkidar T-shirt and Modi Mask!Where is yours?Shop Now on https://t.co/6Czw3BXYBr or on the NaMo App at https://t.co/TQbP2KsOFF#IndiaBoleModiDobara https://t.co/Ch1Yf4NNRa|
155659213|1045632050093408256|1118448352977252352|वाराणसी से NaMo योजनाओं के लाभार्थियों ने अपनी जीवन-बदलती कहानी साझा की और नमो टी-शर्ट के साथ प्रधान मंत्री @narendramodi के साथ समर्थन करने का वचन दिया।आप भी https://t.co/6Czw3BXYBr पर या नमो ऐप पर https://t.co/TQbP2KsOFF पर अपना समर्थन साझा करने के लिए खरीदारी करें। https://t.co/uDM16AxblS|
155659213|1045632050093408256|1118431043772530688|Beneficiaries of NaMo schemes from Varanasi sharing their life-changing story and pledging to support PM @narendramodi with 'Main Bhi Chowkidar T-shirt'!Shop to share your support on https://t.co/6Czw3BXYBr or on the NaMo App at https://t.co/TQbP2KsOFF #IndiaBoleModiDobara https://t.co/Y07cH89CUD|
155659213|1045632050093408256|1118406236251181056|@prasunchat Sorry to keep you waiting! Our team is trying to reach you at your registered contact no. but unable to through it. Can you please DM us any other phone no. you have to reach you and resolve this issue?|
155659213|1045632050093408256|1118400735727611904|@prasunchat Hi, We have notified the concerned department to dispatch your order again on priority. We will share the tracking details with you soon. Thanks for writing to us. Jai Hind!|
155659213|1045632050093408256|1118096431280091136|विविधता में एकता भारत की ताकत है। प्रत्येक भारतीय में सरलता है। भारत के हर कोने में एकता है। यही हमारी ताकत है।- @narendramodi चलो एक बार फिर राष्ट्र के लिए एकजुट हों!नमो मर्चन्डाइज़ के साथ जुड़ें-&gt; https://t.co/6Czw3BXYBr या नमो ऐप -&gt; https://t.co/TQbP2KsOFF पर। https://t.co/FHo6YyEXKe|
155659213|1045632050093408256|1118090881305722881|Harshit says, 'Nation First. So, my first Vote is for NaMo'!!Flaunt your choice with the official NaMo T-shirts like Harshit!Shop Now on https://t.co/6Czw3BXYBr or on the NaMo App at https://t.co/TQbP2KsOFF#BharatModiKeSaath https://t.co/1fOFJqmZrJ|
155659213|1045632050093408256|1118085735511232512|We have got Shri @amitmalviya, BJP National IT Head in support of NaMo Again with NaMo Mug!!You too can encourage others to flaunt their support with NaMo Merchandise!Shop Now on https://t.co/6Czw3BXYBr or on the NaMo App at https://t.co/TQbP2KsOFF#BharatModiKeSaath https://t.co/7pTbwOtYmU|
155659213|1045632050093408256|1118032654291443718|Weekly Giveaway Contest Winner is Ansh.Post photos of your NaMo products for a chance to win exclusive goodies!! https://t.co/9hjqeKnWyr|
155659213|1045632050093408256|1118028930315763712|#BharatBoleModiFirSeDelhi Ke Nangloi metro station par logo ne 'NaMo Again with Lotus T-shirt' pahan kar dikhaya PM @narendramodi ke liye pyaar.Aap bhi bole #BharatModiKeSath!!Khride hmari website https://t.co/co1iyXhNme ya NaMo App-&gt; https://t.co/TQbP2KsOFF se!! https://t.co/0IBQaBY3Lp|
155659213|1045632050093408256|1117732184905912320|The youth is saying NaMo Again wearing NaMo T-shirts!Join this young drive!!Shop Now on https://t.co/6Czw3BGnJT or on the NaMo App at https://t.co/TQbP2KKq4f https://t.co/iRpC4uS9TP|
155659213|1045632050093408256|1117731182014345221|"चलो फिर एक बार हम मोदी सरकार बनाते हैं,चलो मिलकर साथ आगे देश को बढ़ाते हैं।"Show your support for a New India with Modi Masks and Jacket.  Get them now at https://t.co/6Czw3BGnJT or on the NaMo App at https://t.co/TQbP2KKq4f https://t.co/JZWff0r4YI|
155659213|1045632050093408256|1117729059587461120|"I dedicate the love, enthusiasm, welcome and respect given to me to the feet of 125 crore children of Mother India"- @narendramodi Show your support to the better future with NaMo Caps!Shop Now on https://t.co/6Czw3BGnJT or on the NaMo App at https://t.co/TQbP2KKq4f https://t.co/nKIrek7vB1|
155659213|1045632050093408256|1117728018523402240|"ये NaMo है, ना डरता है, ना बिकता है, ना झुकता है !"Ganesh is showing his support for our great leader with NaMo t-shirt and Badge.Get your favourite NaMo Merchandise at https://t.co/6Czw3BGnJT or on the NaMo App at https://t.co/TQbP2KKq4f https://t.co/jYiBidRC4z|
155659213|1045632050093408256|1117476549614362625|#HarVoteModiKo India is celebrating its choice with the official NaMo T-shirts and Modi Mask!!Choose to celebrate yours at https://t.co/6Czw3BGnJT or on the NaMo App at https://t.co/TQbP2KKq4f https://t.co/G6Nm6iQ9Sy|
155659213|1045632050093408256|1117473586443366400|Make way for a new India!People are showing their support for Chowkidar NaMo wearing NaMo Caps!Get your own at https://t.co/6Czw3BGnJT or on the NaMo App at https://t.co/TQbP2KKq4f#HarVoteModiKo https://t.co/ImroXxERWg|
155659213|1045632050093408256|1117057861312446466|NaMo believes in the dignity of women!Flaunt your support for the development of women of the nation with NaMo Merchandise!! Buy your own at https://t.co/6Czw3BGnJT or on the NaMo App at https://t.co/TQbP2KKq4f  #ModiAgainSaysIndia https://t.co/YV7VQ5JwEf|
155659213|1045632050093408256|1117056775428169728|Drive the country to success with NaMo!The country is showing its support with NaMo Merchandise. Get your own favorite NaMo Merchandise at https://t.co/6Czw3BGnJT or on the NaMo App at https://t.co/TQbP2KKq4f#ModiAgainSaysIndia https://t.co/NDQJ7FY9yj|
155659213|1045632050093408256|1117053420060516357|#ModiAgainSaysIndia with NaMo Mask and T-shirts!!Show your support!! Shop Now on https://t.co/6Czw3BGnJT or on the NaMo App at https://t.co/TQbP2KKq4f https://t.co/EABupJgN6e|
155659213|1045632050093408256|1116714390617636865|NaMo Again for 2019!India is showing its support for NaMo with NaMo Merchandise. You too can flaunt your choice with NaMo caps and T-shirt!! Get your own NaMo Merchandise at https://t.co/6Czw3BXYBr or on the NaMo App at https://t.co/TQbP2KsOFF#ModiHiAayega https://t.co/xGYJ23YOcX|
155659213|1045632050093408256|1116712838741946368|Make your Vote count!Cast your vote for the right man and flaunt it with NaMo Again with Lotus T-shirts.Shop Now on https://t.co/6Czw3BXYBr or on the NaMo App at https://t.co/TQbP2KsOFF#ModiHiAayega https://t.co/5CfzgXz9lu|
