155659213|104805411|1177606834703613952|@ArunbajpaiRajan कांग्रेस ने बहुत बेड़ागर्क किया हिंदुस्तान का अपने कुकर्मो से😡😡😡|
155659213|104805411|1177604201347571714|@iarunmani @DrKumarVishwas @AjaySengar_ @SonunigamsingH @amitrajwant @chintanvedant @monurajasthan @RishiMishra_ @BjpTeenaSharma @iSushilPandey @modivanibharat Jiyo...|
155659213|104805411|1177594553479524352|@TarekFatah @narendramodi करना क्या चाहते है  #NewYork में विरोध करके....#india आकर विरोध करो,इतने ही पानी मे हो तो मुगलों के वंशज😡😡😡|
155659213|104805411|1177593346069426176|Zero reference to what India has done in the internal issue of abrogation of Article 370. PM's speech listed out what India has achieved in the past few years to pull out people out of poverty. It also had a laundry list of goals that he has for the future#PMModiAtUN#UNGA2019 https://t.co/8tbPVdJV4t|
155659213|104805411|1177592114336522240|हमने दुनिया को युद्ध नहीं, बुद्ध दिया है @narendramodi #UNGA2019 ......|
155659213|104805411|1177591732013154304|हमारी आवाज में आतंक के खिलाफ दुनिया को सतर्क करने की गंभीरता भी है और आक्रोश भी। हम मानते हैं कि ये किसी एक देश की नहीं, बल्कि पूरी दुनिया की और मानवता की सबसे बड़ी चुनौतियों में से एक है: पीएम मोदी #PMModiAtUN #UNGA2019 https://t.co/h3IvbUM0AH|
155659213|104805411|1177590502461341701|@realDonaldTrump Positivity, confidence, and persistence are key in life, so never give up on yourself.#UNGA2019#ChickenNoodleSoup|
155659213|104805411|1177590177239142401|@realDonaldTrump Choosing to be positive and having a grateful attitude is going to determine how you're going to live your life.#UNGA2019#ChickenNoodleSoup|
155659213|104805411|1177588571743539200|@realDonaldTrump As President Trump promised, here is the full, unredacted transcript of his call with the Ukrainian President: https://t.co/dGuHCwPtW8|
155659213|104805411|1177564080162234369|@AjaySengar_ @Satyaharendra1 @iPoojaGoswami @PoojaTripaathi @PritishThakare @avichal_mishra @anitavyas_vyas @RohiniShah73 @Ronak_Purohit_ @ppagarwal @bhav2406 जन्मदिन की बहुत बहुत शुभकामनाएं दिदी|
155659213|104805411|1177561366942507009|@realDonaldTrump 😂🤣🤣🤣 https://t.co/eM7ovHKz9V|
155659213|104805411|1177552206372802562|India has started preparing and working to become a $5 Trillion economy. We are working on bettering infrastructure, investment &amp; export. We are building a people-friendly, development-friendly and investment-friendly atmosphere in India. PM @narendramodi#NaMoTakesIndiaAhead https://t.co/7EvG2pK98K|
155659213|104805411|1177551834753323008|@Amrita_pandey1 @Being_Vinita खून दोगला है कांग्रेसियो का|
155659213|104805411|1177550022251925504|मोदी जी के आगे इमरान की नही गली दाल इमरान हो गये बेहाल इमरान खान @ImranKhanPTIतुम्हे जब पता है कि तुम्हारे UN में बोलने से मोदी जी को कोई फर्क नही पड़ेगा, तो अपना कश्मीरी कार्ड क्यों खेल रहे हो..इतिहास मिटा दोगे तुम पाकिस्तान का 😡😡😡#universe#IndiaFirst #ImranKhan https://t.co/ggJNFNwDIg|
155659213|104805411|1177523873081774080|@AjazkhanActor पूरी कहानी बत्ताओ,मुगलों के वंशज😡😡😡😡|
155659213|104805411|1177523498157129731|@SuryaPrtpSingh_ @Shrisomnath @KailashOnline @prahladspatel @UP_Silk @vijeshlunawat @jeetensingh @SharmaKhemchand @AjayPandey__ @Shankar_27273 जन्मदिन की बहुत बहुत शुभकामनाएं 🙏🏼🙏🏼|
155659213|104805411|1177523281223507968|@INCIndia इतनी जलती है तो क्यों नही शरण मे आ जाते कांग्रेसियो, क्योंकि इटली वाली तो 1 दिन छोड़कर जाएगी ही 🤣🤣🤣😂|
155659213|104805411|1177502779335565312|@singhomshiv @Indian_Indrani @narendramodi @HimanshiKunwar1 @Atheist_Krishna @Amitkalraj @KiranjeetRSingh So cute...👩‍💼👍🏻|
155659213|104805411|1177500739737808904|@KunalChoudhary_ मध्य्प्रदेश में पूरी कांग्रेस को रोजगार दे दिया भाईसाहब...और कितना रोजगार चाइये, आपके वक़्त तो वो भी नही था🤣🤣|
155659213|104805411|1177500086869188609|@AjaySengar_ @Swamy39 @KapilMishra_IND @Payal_Rohatgi @ashokepandit @abbas_nighat @amritabhinder @AshishMerkhed @SureshChavhanke @Indian_Indrani @iPoojaGoswami जय श्री राम 👍👍|
155659213|104805411|1177499194015154177|Help him guy's..  asap...🙏🏼🙏🏼🙏🏼 https://t.co/As0P1sFT3s|
155659213|104805411|1177495939545624580|बहुत बहुत स्वागत है प्रा जी, आशा ही नही पुर्ण विश्वास हैजिस तरह कुश्ती में देश का मान बढ़ाया है,उसी तरह ही आप भाजपा में भी रहकर देश का नाम रौशन करेंगेजयहिंद वन्देमातरम 🇮🇳🇮🇳🇮🇳🙏🏼🙏🏼🙏🏼 https://t.co/cg4dxGelxp|
155659213|104805411|1177488189985943552|@bhaiyyajispeaks @NobelPrize जय हो गुरुदेव 🚩🚩🚩|
155659213|104805411|1177487700720377856|@856qChku7B9D6jW @RahulGandhi हा हा हा,,जैसा सोचते हो,वैसे ही पार्टी में हो|
155659213|104805411|1177487147210698758|Joke of the day.... 😂😂😂🤣 https://t.co/9tcb29s2u5|
155659213|104805411|1177463713785249792|@RahulGandhi इतने ही दूध के धुले है तो डरते क्यों है...यह कलयुग है,कर्मो का हिसाब यही होता है चुनावी हिन्दूजय श्री राम 🚩🚩🚩|
155659213|104805411|1177461652423200769|वो #AshokSinghal जी ही थे जिन्होंने 2013 में स्वामी @Swamy39 जी को भाजपा में आने को कहा था,वो जानते थे #RamMandir पर स्वामी जी ही बहुत कुछ अच्छा कर सकते हैविश्व हिन्दू परिषद के नेता स्वर्गीय अशोक सिंघल जी की जयन्ती के अवसर पर उन्हें कोटि-कोटि नमन।राम जन्मभूमि आन्दोलन 🚩🚩🚩 https://t.co/EB64B56Dlc|
155659213|104805411|1177450051309731840|@ChouhanShivraj भोपाल में जो पर्यटकों के स्वागत में बोर्ड लगे है,उनका क्या होगाइस पर ध्यान दीजिए मामा जी 🙏🏼🙏🏼🙏🏼 https://t.co/kkYushUIbC|
155659213|104805411|1177449198876123136|@nemsiyag @RSSorg @Satynistha @AniruddhaRSS @ArunKumRSS @KGopalRSS @AjaySengar_ @iPuneetSharma @BJP4India @Nationalist_Om @Rajput_Ramesh जय श्री राम 🚩🚩|
155659213|104805411|1177449087420862464|@ransinghBJP @RSSorg @Satynistha @AniruddhaRSS @ArunKumRSS @KGopalRSS @AjaySengar_ @iPuneetSharma @BJP4India @Nationalist_Om @Rajput_Ramesh जय श्री राम 🚩🚩🚩|
155659213|104805411|1177449006948966402|@ianujagnihotri @RSSorg @Satynistha @AniruddhaRSS @ArunKumRSS @KGopalRSS @AjaySengar_ @iPuneetSharma @BJP4India @Nationalist_Om @Rajput_Ramesh जय श्री राम 🚩🚩🚩|
155659213|104805411|1177448930537172992|@BhawaniSaw5 @RSSorg @Satynistha @AniruddhaRSS @ArunKumRSS @KGopalRSS @AjaySengar_ @iPuneetSharma @BJP4India @Nationalist_Om @Rajput_Ramesh जय श्री राम 🙏🏼🙏🏼🙏🏼🚩🚩|
155659213|104805411|1177448607529652224|@GitaSKapoor @Indian_Indrani क्या हुआ दिदी...सब यही है 🙏🏼🙏🏼|
155659213|104805411|1177448259339448320|जन्मदिन की बहुत बहुत शुभकामनाएं और बधाई विवेक @viveklkw भईयाप्रभु श्री राम जी की कृपा आप पर युही बनी रहे🙏🏼🙏🏼🙏🏼🙏🏼|
155659213|104805411|1177447766374539265|जन्मदिन की बहुत बहुत शुभकामनाएं और बधाई @nishant_india भाई को🙏🏼🙏🏼🙏🏼💐💐🎂|
155659213|104805411|1177447449473892354|@ReallySwara @kunalkamra88 प्री का चंदन,घिस मेरे नंदन🤣🤣😂😂|
155659213|104805411|1177447074062667777|@Reetesh777 @SonunigamsingH धांसू pic 👍👍👍|
155659213|104805411|1177446946656538630|@Shekhar_Chahal_ अंधविश्वास भी बहुत बड़ी जड़ है हिंदुत्व के विनाश की|
155659213|104805411|1177442046103019521|संघे शक्ति युगे युगे 🚩🚩🚩🚩स्वामी विवेकानन्द जी के विचारों से प्रेरित 🙏🏼🙏🏼🙏🏼“धर्म ही हमारे राष्ट्र की जीवन शक्ति है। यह शक्ति जब तक सुरक्षित है, तब तक विश्व की कोई भी शक्ति हमारे राष्ट्र को नष्ट नहीं कर सकती।” ~ स्वामी विवेकानन्द #NewProfilePic https://t.co/Txgv3MtGmP|
155659213|104805411|1177433568873574401|@Chandramohanbjp ॐ शांति 🙏🏼🙏🏼|
155659213|104805411|1177433434924318722|@capt_ivane तमंचे पर डिस्को..👍👍👌😡😡|
155659213|104805411|1177433298143834113|@desimojito मंदिर ही शांति के प्रतीक है.💐💐💐|
155659213|104805411|1177253901294137345|@Amrita_pandey1 बहुत उड़ लिये जीजा जी..अब आएगा मजा|
155659213|104805411|1177234775876108288|@ideveshsharma1 @ibhagwa_n दल्लो को भाव मत दो,रास्ता दिखाओ...👍👍|
155659213|104805411|1177233954601963520|@Dr_SimranSingh @iPoojaGoswami बहुत ही गजब..👍|
155659213|104805411|1177229605142331394|पीएम मोदी @narendramodi जी के पास सिर्फ एक लक्ष्य है भारत को विश्व गुरू बनाना इसके लिये वो लगे रहते है फिर जामा कोई भी होअपनी अथक मेहनत से भारत को विश्वगुरु बनाने में सजग हैबाकी देश विरोधियों का इलाज भी यथासंभव करते रहते है 🏋️🏋️🏋️🙏🏼🙏🏼#HowdyModi #IndiaFirst #PMModi https://t.co/fK6xlkLcHp|
155659213|104805411|1177222255102722049|@arpitajtweets @Twitter @PoddarVaishali @iammegha12 👍👍|
155659213|104805411|1177205730740338689|@Nationalist_Om आपके ट्वीट में... सुवर शब्द बहुत अच्छा लग रहा है...शायद समझ जाएं विशेष समुदाय|
155659213|104805411|1177183146439131136|Extension Government of cash transfer scheme “PM-Kisan” providing an income support of Rs.6000 per year to all farmers, which was earlier limited to farmers with a land holding of less than2 hectares #TargetFiveTrillion https://t.co/7oenPr9h5p|
155659213|104805411|1177176374748090368|@arpitajtweets @narendramodi 😂😂🤣🤣|
155659213|104805411|1177158643080286208|@RahulGandhi जिनको कहि भी ,कभी भी side कर दिया,एक विदेशी के लियेउनका क्या सम्मान किया तुम कंग्रेसियो ने😡😡😡😡 https://t.co/aMPrL61hqi|
155659213|104805411|1177156399765151744|@anandvisen1 @jeetensingh @ravibhadoria @AjaySengar_ जय हिंद|
155659213|104805411|1177156335374237696|@ravibhadoria @AjaySengar_ जय हो 👍🏻👍🏻👍🏻🙏🏼🙏🏼|
155659213|104805411|1177156265752944640|@AjaySengar_ @ravibhadoria जियो मेरे शेर, तेरे लिए ऐसे कितने ही twitter ढेर🙏🏼🙏🏼🙏🏼🙏🏼👍🏻👍🏻|
155659213|104805411|1177152563973505029|दिल से धन्यवाद सभी राष्ट्रवादी मित्रो का😍😍राष्ट्रवादी मित्रो के अथक प्रयास से हम सभी के प्रिय राष्ट्रवादी भाई.... @ravibhadoria @AjaySengar_ के ट्विटर हैंडल को ट्विटर द्वारा वापस करना पड़ा....जय होजय माँ भारती🇮🇳#ISupportRaviBhadoria #ISupportAjaySengar https://t.co/bOhJMs1gje|
155659213|104805411|1177127749527298048|@ravibhadoria @Twitter Welcome back Thakur....दिल को सुकून मिला अब👍🏻👍🏻👍🏻🙏🏼🙏🏼|
155659213|104805411|1177119801161895937|@ippatel @TwitterIndia @SameerViews @AjaySengar_ @ravibhadoria @Twitter @TwitterSupport https://t.co/C9mFXn3a2D#IsupportRaviBhadoria#IsupportAjaySengar#IsupportDineshChawala#IsupportSameerSingh|
155659213|104805411|1177119746484887552|@ippatel @TwitterIndia @SameerViews @AjaySengar_ @ravibhadoria @Twitter @TwitterSupport https://t.co/gWicEJ27cvSupport it  asap..🙏🏼🙏🏼🙏🏼|
155659213|104805411|1177097635179614209|@TajinderBagga @TwitterIndia @SameerViews @AjaySengar_ @ravibhadoria https://t.co/gWicEJ27cv|
155659213|104805411|1177092690678177792|Any reason why handles of our friends have been suspended??@AjaySengar_ , @ravibhadoria, @dinesh_chawla, @sameerviews @TwitterSupport please help in restoring the accounts !#IsupportRaviBhadoria#IsupportAjaySengar#IsupportDineshChawala#IsupportSameerSingh https://t.co/bOhJMs1gje|
155659213|104805411|1177083848066121729|Why is @ravibhadoria suspended? Why is @AjaySengar_ suspended? @TwitterIndia @TwitterSupport@TwitterPlease Restore it I stand with Ravi Bhadoria,Ajay Sengar Real SM Do you?@ianuragthakur@KapilMishra_IND@TajinderBagga@ippatel#RestoreRaviBhadoria#RestoreAjaySenagar|
155659213|104805411|1176910396063539200|@JigarBDesaiBjp जन्मदिन की बहुत बहुत शुभकामनाएं और बधाई भाई🎂🎂🎂💐💐|
155659213|104805411|1176895544880271367|@AjaySengar_ @drsanjeevbalyan @nishants79 @SonunigamsingH @NidhiSi22101 @sandeep04CBS @RishiMishra_ @Vijay_Reetesh @caashujha @jpsin1 @kalpna02891469 बढे लोग...💐💐💐|
155659213|104805411|1176867047189307393|पर्यावरण के लिए भारत कहता नही,करके दिखाता हैप्रधानमंत्री मोदी @narendramodi जी ने उठाया विश्वभर में पर्यावरण संरक्षण का बीड़ाभारत ने UN को गिफ्ट किया "गांधी सोलर पार्क"50 किलोवाट क्षमता वाले सोलर पार्क में लगे है 193 सोलर पैनल,यूएन के सभी 193 सदस्यों के लिये लगा एक एक पैनल https://t.co/gr0sKJ8089|
155659213|104805411|1176855920657125376|@Geetish2007 @AjaySengar_ @KapilMishra_IND @Payal_Rohatgi @mssirsa @iPuneetSharma @Reema_bjp @Rajput_Ramesh @vijeshlunawat @TarekFatah @ankitasood13 बहुत ही दुर्गति वाला दुर्भाग्य है 😂😂|
155659213|104805411|1176854227882086400|@Raghven04592839 @INCIndia @RahulGandhi @priyankagandhi @KailashOnline @AmitShah @PMOIndia @BJP4India @girirajsinghbjp @Payal_Rohatgi @AjaySengar_ @abbas_nighat @Atheist_Krishna @BJP4MP धंधे वाली की है ना...👌|
155659213|104805411|1176852625540542464|#NRC से देश निकाला होता है,प्रदेश निकाला नही होता मूर्खो को कौन समझाएये हैं विपक्षी नेता जिन्हें रत्ती भर नहीं ज्ञान है🤔कभी टोटी चोर कहेगा कि पहले योगी जी जायेगेंकभी खुजलीवाल कहेगा कि #ManojTiwariजी जाएंगेपहले अपना ज्ञान बढ़ाओ,थोड़ा तो पढ़ के आओ😂#NRCResult#STMmelawan https://t.co/KWTpRvP8OI|
155659213|104805411|1176849564759756801|@PoddarVaishali @MatruBhakt Done...👍🏻👍🏻👍🏻|
155659213|104805411|1176809149348270081|@ThePerilousGirl @iPraveenDixit @Harshu_2288 @kalpna02891469 @BJP_for_MCGM @ankitasood13 @PritishThakare @IKaransharma27 @InvincibleBabu @VikasAgarwalBJP 😂😂🤣|
155659213|104805411|1176797886220079104|@JVSinghINC @KailashOnline @ChouhanShivraj क्या कह रहे हो 😂😂🤣🤣सरकार कांग्रेस की है तो क्या मरम्मत मामा जी ही करेंगे..कैलाश @KailashOnline जी सवाल करने के पहले थोड़ा ,home work करके आओ मंत्री जी..🤣🤣😂😂|
155659213|104805411|1176772400945360896|@SonunigamsingH @nitin_gadkari @sanjaypaswanbjp @girirajsinghbjp @Skraivns @iRakeshPanday @BJP4Bihar @nkishoreyadav @OfficeOfNG @MODIfiedRK ☺️☺️|
155659213|104805411|1176729212679385088|@iPoojaGoswami @INCIndia @RahulGandhi @priyankagandhi @KailashOnline @AmitShah @PMOIndia @BJP4India @girirajsinghbjp @Payal_Rohatgi @AjaySengar_ @abbas_nighat @Atheist_Krishna @BJP4MP कांग्रेस का dna भी mix है🤣🤣😂|
155659213|104805411|1176717819913719808|क्या हुआ कांग्रेस @INCIndia को, Mahatma Gandhi वाली कांग्रेस को,Nehru वाली कांग्रेस कोबोलो @RahulGandhi @priyankagandhi #MadhyaPradesh में ट्रांसफर उधोग चल रहा है यह आरोप हमारा नही,तुम्हारे प्रदेश महामंत्री ने प्रभारी मंत्री हर्ष यादव पर लगाया है.इतनी भुखमरी अच्छी नही है https://t.co/HSnUB6F596|
155659213|104805411|1176715881029570565|@bhaiyyajispeaks तख्ती गैंग,बिंदी गैंग और टुकड़े टुकड़े गैंग🤣🤣😂😂|
155659213|104805411|1176714050039771136|@balveer_parmar @JohnCena @DuttYogi @GoongaPahalwan @realshooterdadi @Sangram_Sanjeet जय हो|
155659213|104805411|1176714004724510720|@SumanManna_ @JohnCena @DuttYogi @GoongaPahalwan @realshooterdadi @Sangram_Sanjeet जय हो|
155659213|104805411|1176713883924324353|@bhav2406 @PritishThakare @PoddarVaishali @JohnCena @DuttYogi @GoongaPahalwan @realshooterdadi @Sangram_Sanjeet Kitne hi match yaad hai @JohnCena  aur Rock @TheRock ke...Full of aggression...Full of energy💪💪💪💪👍🏻👍🏻👍🏻|
155659213|104805411|1176713506625740803|@PritishThakare @bhav2406 @PoddarVaishali @JohnCena @DuttYogi @GoongaPahalwan @realshooterdadi @Sangram_Sanjeet Execttaly 👍🏻👍🏻👍🏻|
155659213|104805411|1176713449746755585|@bhav2406 @PoddarVaishali @JohnCena @DuttYogi @GoongaPahalwan @realshooterdadi @Sangram_Sanjeet Jai ho 💪💪👍🏻|
155659213|104805411|1176713291424362496|@PritishThakare @JohnCena @DuttYogi @GoongaPahalwan @realshooterdadi @Sangram_Sanjeet Jai ho|
155659213|104805411|1176713250576064512|@AjaySengar_ @JohnCena @DuttYogi @GoongaPahalwan @realshooterdadi @Sangram_Sanjeet Ha ha ha... Ab koi kuch bolega to bhai dekh lega apna|
155659213|104805411|1176713134641303554|@rajtiwari09 @JohnCena @DuttYogi @GoongaPahalwan @realshooterdadi @Sangram_Sanjeet Thanks bhai|
155659213|104805411|1176713022473035776|@SonunigamsingH @nishant_india @SaurabhSingh @PoddarVaishali @IKaransharma27 @dhaval8456 @AnkurDhaka @kaushkrahul @nikhildadhich @ihiteshbansal @saagar_anand Fake Ideology..By so called social activists like #gretathumberg|
155659213|104805411|1176710393453899776|@arunbob357 @jeetensingh Article पढ़िए और समझिए|
155659213|104805411|1176554671311245312|@Ronak_Purohit_ @JohnCena @DuttYogi @GoongaPahalwan @realshooterdadi @Sangram_Sanjeet वो ही तो बचपन से fight देखी है इनकी....हार के जितने वाले को @JohnCena  कहते है 💪💪💪🙏🏼🙏🏼🙏🏼|
155659213|104805411|1176554381044400128|@pujatiwariBJP @JohnCena @DuttYogi @GoongaPahalwan @realshooterdadi @Sangram_Sanjeet Hmmmm... Thanku ji|
155659213|104805411|1176554331270606849|@PoddarVaishali @JohnCena @DuttYogi @GoongaPahalwan @realshooterdadi @Sangram_Sanjeet 😂😂😂Thanks a lot sis...🙏🏼🙏🏼🙏🏼|
155659213|104805411|1176554016756469760|@GoongaPahalwan @BajrangPunia @Phogat_Vinesh @realshooterdadi @AjaySengar_ @Sangram_Sanjeet @IGeetaSharma @KirenRijiju @BabitaPhogat @geeta_phogat @Payal_Rohatgi @dagarrambir_ जय हो 🙏🏼🙏🏼🙏🏼|
155659213|104805411|1176553750518882305|US President @realDonaldTrump  say For Modi ji...Modi ji Father of India🙏🏼🙏🏼🙏🏼🇮🇳🇮🇳🇮🇳#ModiTrumpMeet #AmitabhBachchan https://t.co/QOpzYSvwb1|
155659213|104805411|1176553345063899136|@AmitShah @SrBachchan The legend Amitabh Bachchan who entertained and inspired for 2 generations has been selected unanimously for #DadaSahabPhalke award. The entire country and international community is happy. My heartiest Congratulations to him.@narendramodi @SrBachchan https://t.co/lrNXsamsVR|
155659213|104805411|1176552941269897216|#IndiaSpeakUpOnKashmir https://t.co/8EGL9PMLY0|
155659213|104805411|1176552189906452480|@rashtrapatibhvn जय श्री राम 🙏🏼🙏🏼🙏🏼🚩🚩|
155659213|104805411|1176550919250382848|@Being_Vinita Narendra Modi....Koi or ho hi nahi sakta...👍🏻👍🏻|
155659213|104805411|1176548631911878656|OMG... What a #Surprise 😍A Great Human being, great Fighter of Life WWE wrestler JOHN Cena @JohnCena give me a #FollowBack Guy's...It's a very tremendous feeling...Thanks for #FollowBack @JohnCena ... 💪💪Truly Champion 💪💪#LifeisON #LifeChangingPlaces #WWE https://t.co/SNicYjQjGy|
155659213|104805411|1176539707750019073|@ShashiTharoor There are two ways of lying. One, not telling the truth and the other, making up statistics.😎😎😎|
155659213|104805411|1176538203043446785|@ShashiTharoor Speak the truth. People will forgive an honest mistake; they won't forgive you if you lie.#icaipleasechange|
155659213|104805411|1176522109633196032|@chitraaum आपके सुर बगावती होते जा रहे है...सस्ती लोकप्रियता... युही मिल जाये तो भी क्या है 🙏🏼🙏🏼🙏🏼🙏🏼|
155659213|104805411|1176510694696480768|@AudreyTruschke Fake ideology.... With fake smile...😡😡😡|
155659213|104805411|1176509836768374784|The legend Amitabh Bachchan ji who entertained and inspired for 2 generations has been selected unanimously for #DadaSahabPhalke award. The entire country and international community is happy. My heartiest Congratulations to him.@narendramodi @SrBachchan https://t.co/AibTAs17n6|
155659213|104805411|1176504759429107713|@JohnCena Master peace Thought...💪💪💪👍🏻|
155659213|104805411|1176504597587738626|@bhavsarhardiik वाह भाऊ...👌|
155659213|104805411|1176503861680336896|@Jyotika111 अद्भुत lines 👍🏻👍🏻👍🏻✌️|
155659213|104805411|1176503384771137536|@Aastha9305 इतना जबाब देना होता कि,सोनिया हिंदी में सवाल करती🤣🤣|
155659213|104805411|1176503056105533440|@Kajalmishr जय हो🚩🚩🚩|
155659213|104805411|1176502970411704322|@Priyankamish_ क्या यह बात सही है|
155659213|104805411|1176502751921967105|@Aastha9305 क्या बात है...💐💐👍👍|
155659213|104805411|1176501914483056640|@Priyankamish_ ज्वलंत सवाल है यह|
155659213|104805411|1176501507820154880|@NituTiw81600052 🤣😂🤣|
155659213|104805411|1176498762190970882|@AnilKapoor @SrBachchan Congratulations and best wishes to him 👍🏻👍🏻|
155659213|104805411|1176498029785829378|धाकड़ विचार💪💪💪✌️✌️ https://t.co/4rToQLwRty|
155659213|104805411|1176497736394268673|दोनों भाईयों की बात ही अलग थी,अंदाज ही अलग था...👍👍👍💐💐#Indians https://t.co/7gX8fXMOvz|
155659213|104805411|1176497473868615681|@aditi03chauhan Sports have new way in #India|
155659213|104805411|1176497258277171208|चक दे फट्टे...👍👍💐💐#Indians https://t.co/b6z46QO61B|
155659213|104805411|1176496919549374464|गब्बर is Back.. 💪💪💪✌️✌️#Indians https://t.co/OE8MU9FNLw|
155659213|104805411|1176494538413629440|@kapilverma73 हद है|
155659213|104805411|1176494441747472384|@AjayPandey__ जय हो|
155659213|104805411|1176494297870303232|@arpitajtweets उनको दुख बहुत था,गम में ऐसे काम कर रहे थे मादर्णीय 😂😂🤣|
155659213|104805411|1176493965366792193|@PratimaSingh_ @RahulGandhi @kanhaiyakumar @narendramodi @BJP4India देश के गद्दारो को जूते मारो सालो को|
155659213|104805411|1176493806054592513|@Gugul365 क्या कह रहे हो 👍🏻👍🏻|
155659213|104805411|1176492866803077120|@bhavsarhardiik @Maltiupadhyay1 Congratulations @Maltiupadhyay1 ji|
155659213|104805411|1176492529551757313|@ArunbajpaiRajan मजा आ जायेगा...सारे चोर 1 ही जगह हो जाएंगे|
155659213|104805411|1176492065498091520|@PratimaSingh_ बात सही है...|
155659213|104805411|1176491902629076992|@PoojaTripaathi @RahulGandhi 🤣🤣😂|
155659213|104805411|1176469908189675522|@Prakash12Joshi @ArvindKejriwal @ankitasood13 @sandeepfromvns @Reema_bjp @Kamallochanm @manakgupta @MahiHerambha @ZeeNewsHindi @News18India @namoArunima @dharmvirjangra9 @sunildaftary58 @JagratiGupta3 Short Movie hai....😂😂🤣|
155659213|104805411|1176451626359386112|@DrSJaishankar Absolutely tremendous 🇮🇳🇮🇳🇮🇳|
155659213|104805411|1176448923805741056|With regard to foreign portfolio investment (FPI), several measures have been undertaken to create an investor-friendly regime and to put in place a more predictable policy environment.https://t.co/EjQNldxm0u#NewIndiaInMaking|
155659213|104805411|1176441754230222848|@archanatriv आर्टिकल में देख लीजिये|
155659213|104805411|1176424762391683073|जिनके पास बैंक अकाउंट है उनके लिए आई बड़ी खुशखबरीआरबीआई ने कहा है कि ऑनलाइन लेन-देन फेल हो जाने के बाद अगर ग्राहकों को एक दिन के भीतर पैसा वापस नहीं मिलता है, तो बैंक और डिजिटल वॉलिट्स को ग्राहकों को प्रतिदिन 100 रुपये की पेनल्टी का भुगतान करना पड़ेगा।https://t.co/QQ87Pw5xFQ|
155659213|104805411|1176407585991229443|@Dr_SimranSingh एक दम सही कहा....👍👍|
155659213|104805411|1176405007169507329|@bhaiyyajispeaks 100% सही बात है...👍👍💐|
155659213|104805411|1176404791305490432|@girirajsinghbjp @sanjayjaiswalMP जय हो 🚩🚩🚩|
155659213|104805411|1176379742007619584|अरुणाचल प्रदेश से भारतीय सेना में जाने वाली मेजर पोनुंग डोमिंग ने इतिहास रच दिया है। वो अपने प्रदेश से लेफ्टिनेंट कर्नल के पद पर पदोन्नत होने वाली पहली महिला सेना अधिकारी के तौर पर जानी जाएंगी।https://t.co/owSeMVsKUm|
155659213|104805411|1176375294036365312|कश्मीरियों से ज्यादा पीड़ा तो कांग्रेस को हैक्यों है पता नहीपर हमने सुना है,जब नजायज बच्चों को तकलीफ होती है तो बाप को बहुत दिक्कत होती है...😂😂🤣🤣🤣😂 https://t.co/Pn3DtBogRp|
155659213|104805411|1176374516370403329|मोदी जी के राज में अच्छे अच्छे बोल पढ़े🤣🤣🤣😂#ModiHaiToMumkinHai https://t.co/GJextTUCMR|
155659213|104805411|1176374090313023489|@SonunigamsingH 🤣🤣🤣|
155659213|104805411|1176363909151768576|#Maharastra और #Hariyana में चुनाव आने वाले है,राहुल गांधी फिर मंदिर जाने वाले है👷#Maharastra और #Hariyana में चुनाव आने वाले है,प्रियंका गांधी फिर मंदिर जाने वाली है👩‍💼#Maharastra और #Hariyana में चुनाव आने वाले है,सोनिया गांधी फिर मंदिर जाने वाली है#FakeHindus #Congress https://t.co/2KaPFcUMAb|
155659213|104805411|1176351362927362049|Wish you a very very Happy Birthday to my big brother , Patriot, Inspirational Figure, True leader,  Swayamsevak, Social Worker , A great Human Being @TajinderBaggaJiYou are such a great role model 🙏 प्रभु श्री राम जी की कृपा आप पर युही बनी रहे#HBDTajinderBagga https://t.co/e5M7ahF8mL|
155659213|104805411|1176145173283102721|भारतीय माहिलाओं 👨‍👩‍👧‍👦 पर, भारतीय माहिलाओं द्वारा पहला स्वदेशी सर्वे. चौकाने वाली रिपोर्ट!सर्वे की रिपोर्ट का विमोचन राष्ट्रीय स्वयंसेवक संघ के परम पूजनीय सरसंघचालक डॉ.मोहन भागवत @DrMohanBhagwat जी करेंगे। इस मौके पर वित्त मंत्री निर्मला @nsitharaman जी भी उपस्थित रहेंगी#जय_हिंद https://t.co/eGIHGqGDeJ|
155659213|104805411|1176134474234351616|@vijeshlunawat @OfficeOfKNath नशा शराब में होता तो नाचती बोतल...😂😂🤣|
155659213|104805411|1176130950494740485|क्या हो रहा है यह ...उत्तरप्रदेश में..कोई खौफ कोई डर बचा है कि नही ऐसे जिहादियों के मन मे...😡😡😡मामला बहुत गम्भीर है,उक्त मामले का संज्ञान लीजिये @myogiadityanath जीऐसे दरिंदे को जल्द फांसी देवे,ऐसे राक्षसों को जीने का हक नही है...🙏🏼🙏🏼🙏🏼#RadicalIslamicTerror https://t.co/Y4Vvo03Yr9|
155659213|104805411|1176077936861929473|@iPoojaGoswami वाह...👍👍💐💐|
155659213|104805411|1176029089586540544|@realshooterdadi @taapsee @bhumipednekar @tushar1307 @nidhiparmar @Shibasishsarkar @RelianceEnt @AmarUjalaNews @ZeeNewsHindi @htTweets @ABPNews जय हो...👍👍|
155659213|104805411|1176017632425676801|कौन है यार..कंहा से आते है यह लोग🤣🤣😂😂#HowdyModi https://t.co/6Hnqlk6bth|
155659213|104805411|1176010149091139585|काहे की लड़ाई रे....पकड़ाने के बाद,हर चोर बोलता है हमने चोरी नही की,मुझे फसाया जा रहा है😂😂🤣 https://t.co/cE0STxCj4s|
155659213|104805411|1175998659504168960|यह वंदा अडिग है यार...😍😍😘शब्द नही बचे ।।।#MondayMotivation https://t.co/dIx1NDA8RX|
155659213|104805411|1175998070955237376|@VTankha एक दौरा तक तो तुम्हारे मुख्यमंत्री कर ना पाए बाढ़ ग्रस्त क्षेत्र का....बातें देखो।।।😡😡😡|
155659213|104805411|1175997256614346758|बात बात पर कांग्रेस को जमीन पर ला देने वाले भी ज्ञान देंगे...जाकर सलाम ठोको, तुम भी तिहाड़ मिल आओ चिंद-अब-अंदर से...खांग्रेस की मालकिन जा रही है....#MondayMotivation https://t.co/YfDBOYftB7|
155659213|104805411|1175996078098747392|@PChidambaram_IN @INCIndia जेल के अंदर भी खबर मिल गई,बत्ताओ भैयासजा चल रही है या मजा 😂😂🤣🤣#MondayMotivation|
155659213|104805411|1175995780491968514|@PChidambaram_IN @INCIndia रस्सी जल गई,बल नही गया 🤣🤣चोर मचाये शोर😂😂मुनाफे के कई बाप होते है,चोर नजायज औलाद  होता है😂😂#MondayMotivation|
155659213|104805411|1175994022935969792|@Ronak_Purohit_ @AskAnshul @ippatel @bhaiyyajispeaks बहुत जल्द मांग पूरी की जाएगी|
155659213|104805411|1175991651510079488|अपने लिये व्यवस्थाओं का जायजा लेने जाते है ऐसे में लोग...#NationalHeralad case का फैसला भी जल्द आएगा...इतनी चिंता अगर वक़्त से पहले की होती,आज कांग्रेस कम से कम अमेठी में तो ना हारती😂😂🤣🤣 @AskAnshul @ippatel@bhaiyyajispeaks#MondayMorning #HowdyModi #HowdiModi https://t.co/bvALNBjfjm|
155659213|104805411|1175985045644832769|@narendramodi World’s two most powerful leaders from oldest &amp; largest democracies talk about radical Islamic terrorism, safer borders &amp; illegal immigrants ... World will really be a safer place to live in .. @narendramodi @realDonaldTrump #HowdyModi https://t.co/zWojTAeKAc|
155659213|104805411|1175984179781046272|Biggest takeaways from #HowdyModi event:1) India and US to together fight Radical Islamic Terror.2) India-US trade deal imminent.3) Trump likely to visit India in 2019.4) Support to Article 370 abrogation on US soil.5) Modi-Trump chemistry major optics ahead of #UNGA. https://t.co/t9qvGVw3ug|
155659213|104805411|1175983465482731520|@awasthis चाइना को रुचि पाकिस्तान की जमीन में है,ना कि पाकिस्तानियों में...🤣🤣😂🙏|
155659213|104805411|1175983260356071424|@Maltiupadhyay1 Middel class values 🙏🙏🙏|
155659213|104805411|1175983052582879232|@slpgn97 @realDonaldTrump False news....|
155659213|104805411|1175849057564033024|@realDonaldTrump Historical Moment....@realDonaldTrump @narendramodi #HowdyModi https://t.co/CKgfo3JtuQ|
155659213|104805411|1175847188406001664|@AmitShah @Skraivns @narendramodi https://t.co/5lyJg1ayaw|
155659213|104805411|1175845222791565312|@AjaySengar_ @Akshaysinghel @IKaransharma27 @LaliGanguli @drmonika_langeh @iPoojaGoswami @vibhor_anand @RaviVyom @BanShankari @monurajasthan @Mysterious_Leo5 मत कर रे 😂😂🤣|
155659213|104805411|1175845002938699776|#WATCH PM Narendra Modi and President Donald Trump take a lap around the NRG stadium in Houston, Texas. #HowdyModi https://t.co/i4PM6vZOcI|
155659213|104805411|1175844623358382081|यह कुछ दौर ही अलग है....आज मोदी जी है तो यस तस्वीरे देखने को मिल रही है मित्रो...कल हो ना हो...🙏🙏🙏🙏 https://t.co/gAgnjsk1NW https://t.co/s47CNgMgLo|
155659213|104805411|1175843878659715073|56 इंची सीना....खुद मोदी जी तो कितनी बार events में public के बीच गए,आज तो @realDonaldTrumpको साथ लेकर #public के बीच पहुच गएजय हो... निःशब्द है सर जी 🙏🙏🙏#HowdyModi https://t.co/cbPx07j6Wi|
155659213|104805411|1175842525438889984|अब भारत के संविधान ने जो अधिकार बाकी भारतीयों को दिए हैं, वहीं अधिकार जम्मू-कश्मीर और लद्दाख के लोगों को मिल गए हैं। वहां की महिलाओं-बच्चों-दलितों के साथ हो रहा भेदभाव खत्म हो गया है: PM @narendramodi #HowdyModi|
155659213|104805411|1175842242101071872|अब समय आ गया है कि आतंकवाद के खिलाफ और आतंकवाद को बढ़ावा देने वालों के खिलाफ निर्णायक लड़ाई लड़ी जाए।मैं यहां पर जोर देकर कहना चाहूंगा कि इस लड़ाई में प्रेसिडेंट ट्रंप पूरी मजबूती के साथ आतंक के खिलाफ खड़े हुए हैं: PM @narendramodi#HowdyModi#ModiInHouston#ModiTrump|
155659213|104805411|1175842091189981185|@MrsGandhi @POTUS @realDonaldTrump @narendramodi Tremendous...👍🏻👍🏻🙏|
155659213|104805411|1175841982549131264|@vikasbha @narendramodi @realDonaldTrump राफेल तो नही छोड़ रहे ना पाकिस्तान पर|
155659213|104805411|1175841820242149376|@bhaiyyajispeaks @realDonaldTrump भूसा भर देते चाचा...👍👍👍|
155659213|104805411|1175841426543742982|@ThePerilousGirl @narendramodi @Payal_Rohatgi @MajorPoonia @AjayKushwaha_ @AjaySengar_ @Sangram_Sanjeet @iPoojaGoswami @UP_Silk @UN 👍🏻👍🏻✌️|
155659213|104805411|1175840452592816128|वो जो मुश्किलों का अंबार है,वही तो हौसलों की मीनार है ~ @narendramodi💪💪👍🏻👍🏻🇮🇳🇮🇳निःशब्द कर दिया साहेब 🙏🙏🙏#HowdyModi#ModiInHouston#ModiTrump https://t.co/8z2pXkOhZ2|
155659213|104805411|1175838544390045696|धारा 370 पर मोदी जी का उदबोधन शुरूपाकिस्तान में #BlackOut तो नही हो गया🤣🤣😂😂#HowdyModi#ModiInHouston#ModiTrump https://t.co/MgAKXcAno9|
155659213|104805411|1175837932474658816|@BeingSalmanKhan @narendramodi @realDonaldTrump क्या बात है....#HowdyMody https://t.co/Z4TmNCQ5Bm|
155659213|104805411|1175837503506415616|@Anand7000703807 Happy wala Birthday bhai...Sorry for late wishwas🙏🙏👍👍👍|
155659213|104805411|1175837172475166720|Data is the new OilData is the new Goldआज अगर पूरे विश्व में सबसे सस्ते में कहीं Data available है तो वो है-भारत।@narendramodi#HowdyModi#ModiInHouston#ModiTrump https://t.co/NRuBUnjOEk|
155659213|104805411|1175836516695728129|@narendramodi कुछ लोगों की सोच है,कुछ बदल ही नहीं सकता-Narendra Modi Ji @narendramodiBy the way friends please name such persons ...you can phone a friend for help as well :)#HowdyModi|
155659213|104805411|1175835450512003072|@realDonaldTrump Trump : "On this day, I'm happy to report that the relationship between the U.S. and India is stronger than ever." #HowdyModi #HowdyModi#ModiInHouston#ModiTrump https://t.co/6tqNLD9ZO6|
155659213|104805411|1175835175374114816|@PMOIndia भारत में सब अच्छा है!सब चंगा मज़ा मा छेसबु भल अछी ...Everything is fine ..#HowdyModi|
155659213|104805411|1175833660303364096|@narendramodi भारत में सब अच्छा है!सब चंगा मज़ा मा छेसबु भल अछी ...Everything is fine ..#HowdyModi#Martha https://t.co/wwnVhWGFfX|
155659213|104805411|1175833270904184832|इस अपार जनसमूह की उपस्थिति केवल अर्थमेटिक तक सीमित नहीं है। आज हम यहां एक नई हिस्ट्री और नई कैमिस्टी बनती देख रहे हैं।NRG की ये एनर्जी भारत और अमेरिका के बीच बढ़ती Synergy की गवाह है: पीएम मोदी @narendramodi #HowdyModi https://t.co/UuTbvehss1|
155659213|104805411|1175832802740170753|@PMOIndia @narendramodi From being denied US visa once upon a time, to being welcomed by US Congress members and whooping 50,000 crowd at NRG stadium.What a COMEBACK! 🔥😎#HowdyModihttps://t.co/v4D90dTSWx|
155659213|104805411|1175832116837273600|No words ...👍👍#HowdyModi https://t.co/oStCFYBDlC|
155659213|104805411|1175831428161916928|@narendramodi यह दास्तान ही अलग है दोस्तो...#HowdyModi#ModiInHouston#ModiTrump https://t.co/iVUCNhZ6wN|
155659213|104805411|1175828999383044098|यह इमरान क्यों इतना परेशान है,मोदी जी को देखो कितने खुश है...बोल दो @realDonaldTrump#HowdyModi#ModiInHouston#ModiTrump https://t.co/mCUH91g2D9|
155659213|104805411|1175828512852168704|Trump : "On this day, I'm happy to report that the relationship between the U.S. and India is stronger than ever." #HowdyModi#HowdyModi#ModiInHouston#ModiTrump @realDonaldTrump@WhiteHouse https://t.co/Y9xMiazA4T|
155659213|104805411|1175826960053719041|@ArunbajpaiRajan यह वाला ठीक है...👍👍 https://t.co/jxCRLnti9t|
155659213|104805411|1175826658143559680|अबकी बार ट्रम्प सरकार....क्या कहे अब साहेब,आपने कहा तोजय हो 🙏🙏🙏🇮🇳🇮🇳🇮🇳#HowdyModi#ModiInHouston#ModiTrump https://t.co/qdwDKYdJlg|
155659213|104805411|1175825370240565248|@narendramodi Mr President @realDonaldTrump  , you had introduced me to your family in 2017. Today, I have the honor to introduce you to my family (the people): PM Modi @narendramodi #HowdyModi https://t.co/C1JZ6BKHNh|
155659213|104805411|1175822821412364288|@narendramodi You deny a Gujju US visa, he makes you stand in a queue to welcome him on your soil. 😛 #HowdyModi#HowdyModi#ModiInHouston#ModiTrump https://t.co/97lThRjB83|
155659213|104805411|1175822459414515712|You deny a Gujju US visa, he makes you stand in a queue to welcome him on your soil. 😛 #HowdyModi#HowdyModi#ModiInHouston#ModiTrump https://t.co/cCrLtIJ5E8|
155659213|104805411|1175821018981527552|@SrBachchan Sir watch it..#HowdyModi | PM @narendramodi addresses the Indian diaspora in  at NRG Stadium, Houston, Texas https://t.co/3mN6Pq9SVw|
155659213|104805411|1175820771777634304|#HowdyModi | PM @narendramodi addresses the Indian diaspora in  at NRG Stadium, Houston, Texas#HowdyModi#ModiInHouston#ModiTrump https://t.co/3mN6Pq9SVw#HowdyModi|
155659213|104805411|1175815864404234242|शेर की झलक ,सबसे अलग💪💪💪🇮🇳🇮🇳🚩🚩🇮🇳🇮🇳🇮🇳🇮🇳🇮🇳🇮🇳🇮🇳🇮🇳🇮🇳🇮🇳🇮🇳🇮🇳🇮🇳🇮🇳🇮🇳🇮🇳🇮🇳🇮🇳🇮🇳🇮🇳🇮🇳🇮🇳🇮🇳🇮🇳🇮🇳🇮🇳#HowdyModi#ModiInHouston#ModiTrump https://t.co/WaPIvgsUZI|
155659213|104805411|1175815251024986112|गांधी जी अच्छा बोले..ॐ शांति नारा था,#कश्मीर भी हमारा है 🙏🙏🙏#HowdyModi#HowdyModi#ModiInHouston#ModiTrump https://t.co/QyCbsfP9TS|
155659213|104805411|1175813743504048130|PM Modi and President Trump attend a historic community event in Houston. #HowdyModi #HowdyModi#ModiInHouston#ModiTrumphttps://t.co/7lbSBJB40H|
155659213|104805411|1175813093890248704|From being denied US visa once upon a time, to being welcomed by US Congress members and whooping 50,000 crowd at NRG stadium.What a COMEBACK! 🔥😎#HowdyModi#HowdyModi#ModiInHouston#ModiTrumphttps://t.co/v4D90dTSWx|
155659213|104805411|1175812564120268801|PM Modi and President Trump attend a historic community event in Houston. #HowdyModi#ModiInHouston#ModiTrump https://t.co/O8Z1Sf6Sii|
155659213|104805411|1175811358203334656|Thank you Houston for such amazing affection! #HowdyModi https://t.co/v4D90dTSWx|
155659213|104805411|1175736276294594560|@Maltiupadhyay1 @AjaySengar_ @PoddarVaishali @IKaransharma27 @Atheist_Krishna @Prabhat0409 @PrajwalBusta @iPoojaGoswami @iPuneetSharma @Akshaysinghel जय हो 🙏🙏|
155659213|104805411|1175736079028125696|@singhomshiv @Navrang @chitranayal09 @narendramodi @I_Am_IronLady @LevinaNeythiri @DetheEshaSen @Indian_Indrani @_ankahi So cute...🙏🙏🙏|
155659213|104805411|1175726312163463169|@Payal_Rohatgi Congratulations ji ..👍👍5|
155659213|104805411|1175711962451152896|@myogiadityanath @narendramodi @nsitharaman The reason ..🇮🇳🇮🇳Our culture &amp; good upbringing only will make anyone act so spontaneously, @narendramodi Ji always lead us with examples.He just not preach us on #SwachhBharat, but he's committed to practice #SwachhataHiSeva.#HowdyMody#ModiInUSA https://t.co/ntZJUGl5Bd|
