155659213|602922945|1159310008653246464|Despite autonomy, massive central aid, successive govts in J&amp;K kept the state poor - DIU News https://t.co/EeaiseDbUy|
155659213|602922945|1154170143531945984|Navlakha, Naxals were in contact with Hizbul, Kashmiri separatists: Pune police https://t.co/ynX7cXHUZZ|
155659213|602922945|1153643915381096448|Hafiz Saeed created hawala network in India: NIA https://t.co/ZKmzvqb457|
155659213|602922945|1152596899754434560|नवजोत सिंह सिद्धू के पूर्व विभाग से महत्वपूर्ण फाइलें गायब, 1,144 करोड़ के घोटाले की फाइल भी शामिल https://t.co/OL7rVSgpRk|
155659213|602922945|1152494550348267520|International Energy Agency praises Pradhan Mantri Ujjwala Yojana, Energy News, ET EnergyWorld https://t.co/8SEbBmnHgy|
155659213|602922945|1152167426215145473|I Read Bible And Learnt That On Judgement Day There Will Be No One With Me Kumaraswamy On Trust Vote https://t.co/JazXTqnTBX|
155659213|602922945|1152082235853459458|After Two Years Delay Aap Government Finally Gives Approval To Nhai For Package 2 Of Dwarka Expressway Project https://t.co/KFjdr284z3|
155659213|602922945|1151850938124005376|CPI, TMC, NCP May Lose National Party Status As Election Commission Gears Up To Issue Notices https://t.co/DG56zw6qP1|
155659213|602922945|1151795325453029376|9 साल की बच्ची को कुरान पढ़ाने वाले मौलाना की घिनौनी करतूत, रेप के बाद दी जान से मारने की धमकी  https://t.co/LUZuFG7g8j|
155659213|602922945|1151777031538933761|UPA hired Pakistan's lawyer in Kulbhushan Jadhav case at ICJ to represent India in 2004, alleges BJP - India News https://t.co/NPGDA58tTK|
155659213|602922945|1151394847284068352|Ranchi Bar Association Announces Boycott Of Judge Who Ordered Student Richa Bharti To Distribute Qurans https://t.co/g0XgGLzG4I|
155659213|602922945|1149543547273506816|West Bengal Class One student allegedly thrashed by school teacher for chanting 'Jai Shri Ram' https://t.co/iJsknyo8wu|
155659213|602922945|1148811371062222849|swiss bank all set to exchange banking information of indian accountholder before September 30 https://t.co/0uing1mYZo|
155659213|602922945|1148811216313171969|swiss bank all set to exchange banking information of indian accountholder before September 30 https://t.co/0uing15nAO|
155659213|602922945|1147680244515557376|अयोध्या: राम जन्मभूमि विवाद के पक्षकार महंत धर्मदास को मिली धमकी https://t.co/CtVsUauGX5|
155659213|602922945|1147029366334881792|पति के तीन तलाक देते ही जेठों ने युवती से किया गैंगरेप https://t.co/xZCeqQW2gB|
155659213|602922945|1147026369244622849|The story of force to chanting Jai Shri ram slogan to auto driver false Kanpur - News18 Hindi India https://t.co/XCoX59LFBa|
155659213|602922945|1146799933871181824|गोमती रिवर फ्रंट केस: ईडी ने कसा शिकंजा, तीन इंजिनियरों की एक करोड़ की संपत्तियां जब्तvia @NavbharatTimes: https://t.co/OS6dBtTAkI https://t.co/bSlG4I7sUX|
155659213|602922945|1146746050008371200|One more https://t.co/Wi8DCqENC7|
155659213|602922945|1146380623579189248|In West Bengal, TMC men’s cut money rate list: Rs 200 for last rites, Rs 25,000 for house | India News, The Indian Express https://t.co/4XIuOxlXQf|
155659213|602922945|1145845604716699648|USA: Violent Communist group Antifa, celebrated by Democrats and mainstream media, attacks gay journalist – Opindia News https://t.co/rJc2TKWzzJ|
155659213|602922945|1144034307847217152|Rising Intolerance? Here are a dozen 'hate crime' stories that turned out to be fake – Opindia News https://t.co/OnA69ght9n|
155659213|602922945|1143852167368851456|Mamata Who Came To Power Fighting Communists Now Appeals To Cpm To Join Hands With Her To Defeat Bjp https://t.co/7iRvRVFy5d|
155659213|602922945|1142724714256723968|Delhi Congress struggles with infighting ahead of Assembly polls - The Sunday Guardian Live https://t.co/upaW2orKuC|
155659213|602922945|1142723128046391296|She has understood that her decision to project herself as a an appeaser of a particular minority community won’t work coz of this that she dropped the chairman of the over 200 yr-old Tarakeshwar temple board, Firhad Hakim a Muslim &amp; appointed Ratna De Nag https://t.co/whcC3bXpLq|
155659213|602922945|1142720665562177536|Sonia cold to Rahul’s campaign against EVMs - The Sunday Guardian Live https://t.co/qCDmHTihVZ|
155659213|602922945|1142712423087951874|1 in 4 Women Goes on a Date Not for the Sake of Romance but for Grabbing a Free Meal, Reveals Study - News18 https://t.co/T1RwFCLHx4|
155659213|602922945|1141732218202542082|Wrong Intel, Data Dependence Lead to Congress Rout in Lok Sabha Elections https://t.co/aFOPNy8VC4|
155659213|602922945|1141487863780954112|That's why I say that psychologically  Communists are multi-dimensional criminals - its only a matter of power and opportunity https://t.co/64jd5Q6P6p|
155659213|602922945|1141259147205234690|Delhi: BJP MP Parvesh Verma questions mushrooming of Mosques on government land | Business Standard News https://t.co/LQUmdJHsDr|
155659213|602922945|1140512533507215360|Times of India whitewashes Aligarh murder, downplays brutality, blames social media for 'communal spin' - Opindia News https://t.co/kxPxglOlLo|
155659213|602922945|1139723257836236802|After Priyanka Gandhi, Jyotiraditya Scindia meets Congress's UP leaders to find poll debacle causes https://t.co/pV1q7OdRbr|
155659213|602922945|1139720991578288128|Maoists using Pakistan army gun in Chhattisgarh https://t.co/MPEljDITOi|
155659213|602922945|1139504781884416005|'Metro Man' Sreedharan Requests PM to Turn Down Delhi Govt's Proposal of Free Travel for Womenhttps://t.co/FR0leSpjwF|
155659213|602922945|1139172029007929344|Sharad Pawar, Maharashtra Government Decides To Stop Diversion Of Water Dam To Pune's Baramati https://t.co/bvHrIf6KzT|
155659213|602922945|1139166029303599106|Mamata Banerjee's poem to be part of school syllabus in Bengal - India News https://t.co/ZEPR2qcu2U|
155659213|602922945|1138996499340075008|26.17 per cent hike in revenue collection in Bihar | Business Standard News https://t.co/RKyD2rImk7|
155659213|602922945|1138833583630573568|Millions of notes not printed in mints land in RBI vaults https://t.co/2MnAVekpsw|
155659213|602922945|1138598692909244417|Kolkata: Mob violently attacks doctors at NRS Hospital after Mohammed Sayeed's death, police mute spectators, allege students - Opindia News https://t.co/J8OWNVBjKf|
155659213|602922945|1138597558442266624|Aligarh child murder case: Woman who discovered the body says local Muslim community is threatening and pressurising her - Opindia News https://t.co/qahEBeSRQ8|
155659213|602922945|1138392122153816064|Re-activate anti-Romeo squads: UP chief minister Yogi Adityanath https://t.co/5wBXiL8Ujq|
155659213|602922945|1138276053607043072|Bengaluru: Two men arrested for posting videos critical of CM HD Kumaraswamy and his family - Opindia News https://t.co/drmIJbs1ud|
155659213|602922945|1138141459389902848|Sharad Pawar's EVM scaremongering now seeks riots https://t.co/8PJAF57Qfy|
155659213|602922945|1137873238099279873|Rana Ayyub gets rattled and displays her hypocrisy after Bhupendra Chaubey refers to Aligarh murderers as 'Muslim men' - Opindia News https://t.co/1WDM9BuIpU|
155659213|602922945|1137872534966169600|Kanpur: Minor girl raped by a Maulvi in a Madarsa, accused arrested - Opindia News https://t.co/fsqFwneh74|
155659213|602922945|1137228842429321216|HC acquits man of rape, notes woman called him 529 times before informing police - India News https://t.co/i1b9bpQmzb|
155659213|602922945|1137226268875714561|Modi govt's 1,000-day rural target — 2 crore houses, roads to all villages, toilets in homes https://t.co/eUz56Ea4cH|
155659213|602922945|1137225043765735424|In first defence deal of new Modi govt, India to procure 100 SPICE bombs from Israel https://t.co/LJEYm26fzz|
155659213|602922945|1137222721022988288|Schools owned by DMK leaders teach Hindi, while party outrages against ‘imposition’ https://t.co/Xnm4oOB3vN|
155659213|602922945|1136995060057116673|Today’s bad loans crisis has its roots in the fixerpreneurship that thrived under UPA-2 https://t.co/EfnMtVkipx|
155659213|602922945|1136991557658144768|12 Telangana Congress MLAs quit party, request merging CLP with ruling TRS https://t.co/627s8gHjJt|
155659213|602922945|1136990422184603649|RLD to contest UP bypolls on its own after BSP-SP announce solo plans https://t.co/fNxwmDOAta|
155659213|602922945|1136990212687405056|Forget free pass, DTC will have just 204 buses by 2025 as Kejriwal hasn’t bought any https://t.co/tT5bfNiXSE|
155659213|602922945|1136930300426985472|Connection between D-Company and Pak embassy emerges in fake currency racket https://t.co/or0fsGaWwp|
155659213|602922945|1136581501628190720|Car thief Shahrukh, who drove past Muslims on Eid in Delhi causing them to riot, arrested - Opindia News https://t.co/rxza5a6YdS|
155659213|602922945|1136578622385315840|https://t.co/1Ivf7xksUC|
155659213|602922945|1136153674537787392|NDA Government delivered 3.6 times more Metro projects in just 5 years, compared to UPA Govt - Opindia News https://t.co/NHXrOHtXxw|
155659213|602922945|1136146419939602432|Vadra probe: Sonia aide name springs up | India News - Times of India https://t.co/SYBR45iU6v|
155659213|602922945|1135696867210084354|Congress’ Raj Babbar holds ‘workers, not Priyanka Gandhi, responsible’ for 2019 Lok Sabha Elections drubbinghttps://t.co/Q6xYxvklf2|
155659213|602922945|1135695976851595264|Arvind Kejriwal's free transport for Delhi women to cost Rs 6.6 crore per day to exchequerhttps://t.co/UXHhZN5LXP|
155659213|602922945|1135695437636091905|MP cabinet passes resolution to increase OBC quota from 14% to 27%, total reservation set to be 73% https://t.co/PTu4FpzGxb|
155659213|602922945|1135489104039165952|Congress upset over AP Abdullakutty's Facebook post praising PM Modi; expels Kerala leader for indisciplinehttps://t.co/ETYzsbDj3v|
155659213|602922945|1135483834542186497|BJP’s rural votes show talk of farm crisis misleading https://t.co/3rzk9nnuS2|
155659213|602922945|1135482450711154688|Debt Isn’t Killing India’s Farmers https://t.co/iSbwCoFYfQ|
155659213|602922945|1135435662587379713|Indians in Girmitiya nations trace their roots | Deccan Herald https://t.co/03XWoAVHzL|
155659213|602922945|1135434665831960576|ONGC overtakes IOC as most profitable PSU after profits jump by 34% in FY19 | Business Standard News https://t.co/eq5i6z3OIP|
155659213|602922945|1135434492900806656|Over 2,700 teaching and non-teaching staff of 12 Delhi University colleges may not get salaries from this month if the AAP government continues to withhold release of funds https://t.co/wVtU0LndWa|
155659213|602922945|1134696594576531456|Pilot project signals Rs 3 crore per day cut in power production cost - The Financial Express https://t.co/7rWs2E6by6|
155659213|602922945|1133960910093971456|PM Modi's swearing-in ceremony: Pulwama martyr’s kin to be among guests https://t.co/9wgVGJj92Q|
155659213|602922945|1133714201942224896|PM’s radar logic justified, cloud cover can weaken signal, say defence &amp; space experts https://t.co/Ujlx0Oy99n|
155659213|602922945|1133621890050691072|With focus on South, BJP prepares for Mission 333: Report - https://t.co/sP1LYuJlvB https://t.co/lhWMyz7f09|
155659213|602922945|1133308086397964288|Ratan Tata to attend RSS function in Nagpur | Deccan Herald https://t.co/lFfeWvY75n|
155659213|602922945|1133248339355377664|पश्चिम बंगाल में हिंसा जारी: अब बीजेपी की 'विजय रैली' में फेंका गया बम, TMC समर्थकों पर आरोपvia @NavbharatTimes: https://t.co/OS6dBtTAkI https://t.co/avYKH5xrOE|
155659213|602922945|1133245386775093248|गुरुग्राम मुस्लिम युवक की पिटाई: CCTV फुटेज में खुलासा- न टोपी फेंकी गई और न ही शर्ट फटी– News18 Hindi India https://t.co/g8dOvf8yQ1|
155659213|602922945|1132870945893363712|Vande Bharat success catches world's fancy! South-East Asian, South American nations eye Train 18 sets - The Financial Express https://t.co/WnfixdXIiz|
155659213|602922945|1132486387440050189|Bjp Leader Murder In Amethi Of Uttar Pradesh - अमेठी में बीजेपी नेता की हत्या से सनसनी, स्मृति ईरानी का था करीबी - Amar Ujala Hindi News Live https://t.co/iLcnn16U6w|
155659213|602922945|1132220769461661696|Kerala coast: Security tightened after alert on IS emergence via sea https://t.co/5tAJQqxsVt|
155659213|602922945|1132220406490836992|Days after Mamata's 'inch by inch' revenge vow, BJP cadre shot dead in Bengal https://t.co/4gvdPc3wwS|
155659213|602922945|1131731575517765633|Saffron sweep in Delhi, AAP pushed to number 3 https://t.co/eG8taCwLU7|
155659213|602922945|1131155067979980800|PAN and Aadhaar card will be canceled of Bangladesh citizen soon who live Illegal ways in india https://t.co/yGuFk4TJgB|
155659213|602922945|1130813341566287872|Election commissioner Ashok Lavasya faces charges of massive job favours to wife https://t.co/wNS1OXdX90|
155659213|602922945|1130658619547049984|बड़का भैया मार के मुँह फुला दिया है, फुला हुआ छुपाने के कारण तेजस्वी प्रसाद ने वोट नहीं डाला। https://t.co/7FOYtERvAS|
155659213|602922945|1130657988283326464|Exit Poll का असरः NDA में शामिल होगी बीजू पटनायक की BJD! | न्यूज़ 24 https://t.co/u0sGtpk8nv|
155659213|602922945|1130657401877569538|Proud moment for Assam! India's longest river ropeway over Brahmaputra in Guwahati to open soon; check pics - The Financial Express https://t.co/lfBIfj2oEx|
155659213|602922945|1129899860017070080|Almost 90% slash in prices of nine anti-cancer drugs https://t.co/yG8UabcCLL|
155659213|602922945|1129625473414131713|will perform like lionel messi scoring a goal sitaram yechury - News18 Hindi India 😂😂😂😂 https://t.co/jPHkqJlppH|
155659213|602922945|1129623892450955265|Gujarat: Woman PUBG-addict wants to ‘leave husband, live in with gaming partner’https://t.co/36wiCkxhxT|
155659213|602922945|1128995100028051456|Muslims object to Gayatri Mantra being played in Rajasthan labour rooms https://t.co/keXjNjRmQP|
155659213|602922945|1128939284814151682|जब हर 'नेता' सरकार बनाने में व्यस्त है उस वक्त धर्मेंद्र प्रधान कहां हैं? - Hindustan Opinion https://t.co/kAeDybzR52|
155659213|602922945|1128888052359680000|In Subtle Message to Partners, Ghulam Nabi Azad Says Congress Has No Issues If It Doesn't Get PM Posthttps://t.co/llTn1MHzs1|
155659213|602922945|1128849432101834752|Dhruv Tyagi Murder: How ‘Outsiders’ Are Making Locals Feel Vulnerable In Moti Nagar https://t.co/rpNukgWpQq|
155659213|602922945|1128688278440296448|Message undelivered: Weak election campaign hurts Congress https://t.co/xDxjvyjdP7|
155659213|602922945|1128623152085397505|Wing Commander Abhinandan's squadron gets 'Falcon Slayer' patches to mark F-16 killhttps://t.co/4t4fftZBpe|
155659213|602922945|1128176598350360576|Kamal Nath government suspends lecturer for Facebook post predicting big win for BJP in Lok Sabha polls - The Financial Express https://t.co/kei5yM9UB4|
155659213|602922945|1128176018076852224|BJD praises BJP govt at Centre for its support to tackle Cyclone Fani https://t.co/rHSEHoFBAV|
155659213|602922945|1127892515334393856|विदेशी प्रतिनिधिमंडल को भायी ईवीएम की पारदर्शिता, 22 देशों के चुनाव अधिकारियों ने किया निरीक्षण  https://t.co/NgULTEeUEy|
155659213|602922945|1127885432614576128|J&amp;K: Udhampur village gets its first road since Independence https://t.co/jGC6ftNRo5|
155659213|602922945|1127837116623253504|4 terror camps in PoK shut down fearing attack by Indian Army - India News https://t.co/IaNebxIGAf|
155659213|602922945|1127369146872655872|Supreme Court Stunned! India Has 31 Lakh NGOs, And Only 10% Have Filed Their Accounts https://t.co/kZAVcA0BRL|
155659213|602922945|1127234352507543553|Pakistan urges India to reduce tension along LoC, Ready to withdraw Special Service Group (SSG) | https://t.co/adR8xwRxOV|
155659213|602922945|1127226817352388608|Terrorists storm 5-star hotel in Pakistan's Balochistan, gunshots heard https://t.co/r5GOnDEeZK|
155659213|602922945|1127180583207968770|Modi visited Tiger Hill when he had no official post to boost Army morale: Kargil war veteran - Elections News https://t.co/sjb7Bzxb3l|
155659213|602922945|1127163531621593088|AAP candidate's son claims father paid Rs 6 crore to Arvind Kejriwal for West Delhi ticket - Elections News https://t.co/VFLyqZbtkj|
155659213|602922945|1126771509484089344|सत्तर दावों में 67 में फेल हुई दिल्ली सरकार, फ्री वाई-फाई की शुरुआत तक नहींः पीपीआरसी रिपोर्ट    - Amar Ujala Hindi News Live https://t.co/Yrmj6dPGZB|
155659213|602922945|1126407167907491840|‘Dynastic politics’ a problem in India, says Rahul Gandhi - The Hindu https://t.co/1OEn1cdDGs|
155659213|602922945|1124885270426312705|BJP समर्थकों ने लगाए राम के नारे तो ममता बोलीं- नतीजों के बाद भुगतोगे अंजाम  https://t.co/APkSta52M9|
155659213|602922945|1124102265378197504|'पीएम मोदी के कार्यकाल में 10 में से 7 भारतीय ने खुद को बताया सुरक्षित'https://t.co/qELPCJoyoo|
155659213|602922945|1123429031913738241|https://t.co/e4drOxgjEt|
155659213|602922945|1121562582114942976|Kerala IS cells played a role in Lanka blasts? Probe on https://t.co/FB3OBq0eZg|
155659213|602922945|1120982434479263744|Pakistan offers counter-terrorism assistance to Sri Lanka.Next Joke Please  https://t.co/qZHttWZ81x|
155659213|602922945|1120480330769735680|PMO looks beyond May 23, asks depts for 100-day action plan of new govt.Even ⁦@narendramodi⁩ ji knows #AayegaTohModiHi  https://t.co/bKTG6FX0uh|
155659213|602922945|1120205966883078144|Urgent RequirementNeed A+ Blood donor.Anil Sharma8130103091Max hospital, Saket Delhi|
155659213|602922945|1119937000826658818|'Liberals' bully Air Vistara into deleting their tweet honouring decorated Kargil War soldier onboard - Opindia News https://t.co/hmaxL1dAkh|
155659213|602922945|1119782746644189184|The special election observer for Bengal, Ajay Nayak, compared the law and situation in Bengal to that of Bihar 15 years back and said people had lost faith in the state police force.  https://t.co/6DtzlFOGBh|
155659213|602922945|1119780689862385666|Congress MLA rapes widow for 2 years in Alwar, films act But bhand media will not report this https://t.co/LgMScAjQyj|
155659213|602922945|1114544662931484674|@ani_digital @ANI All nationalist people join @BJP4India only anti national and tukde tukde gang joins @INCIndia|
155659213|602922945|1113832113462284290|अगस्ता केस: ED की चार्जशीट में खुलासा, AP यानी ⁦@ahmedpatel⁩ , FAM मतलब फैमिली https://t.co/H0Fv1AtUEi|
155659213|602922945|1113649726577160192|Supreme Court tells Supreme Court to shield from Supreme Court from RTI https://t.co/XaeeITS8zT|
155659213|602922945|1112559732739457024|@akhileshsharma1 #PappuDiwas par bhaut accha joke mara sir #AprilFools|
155659213|602922945|1107205127738396672|⁦⁦@priyankagandhi⁩ ka asarIn Uttar Pradesh, the third Modi wave is as strong as 2014 and 2017 #ChowkidarPhirSe  https://t.co/htF9hgbv4K|
155659213|602922945|1104318844682883073|https://t.co/VJDvJIiO4l|
155659213|602922945|1103249270336045056|National interest of Pakistan??? https://t.co/pKOB8DdQqp|
155659213|602922945|1103212148715606017|Afzal Guru's son blasts media for painting him 'proud Indian', says his 'propaganda' was just to get a passport for studying abroad https://t.co/LGd0DIH3cF|
155659213|602922945|1100314175681769472|Shaugand mujhe is mitti ki mai desh ni mitne dunga😻😻😻 #SurgicalStrike2|
155659213|602922945|1097783796399771648|Yeah he is right - India is responsible for terrorism After all we have only elected these people as our leaders Yeah it is another matter that this guy became CM by openly selling himself and his party to madam and her son https://t.co/Ft01z2QQL2|
155659213|602922945|1097675538204905473|Modi is building Bullet trains and also buying bullet proof vestsHow many did his dad buy when he was defence minister of India?A joker who thinks a bullet proof vest can save you from 350 kg RDX blast doesn’t even deserve to be a chaprasi let alone CM of India’s biggest state. https://t.co/fZB73SF8nr|
155659213|602922945|1096797131883663360|After MFN, trade. Customs duty on all goods imported from Pakistan raised to 200% 💕|
155659213|602922945|1096747904507744256|Dara hua MusalmaanTranslation :- We've killed only 40 in Kashmir, we would kill 80 in Tundla(UP). https://t.co/VKrY9152yJ|
155659213|602922945|1096729874654547968|Later truth came out and the rapist priest was jailed. And today local court convicted rapist priest on POSCO ActThe priest was the girls teacher in school and kept on railing her for years and when she got pregnant he admitted her in the church hospital &amp; got the delivery done https://t.co/j58dacO4UY|
155659213|602922945|1096729860242898944|A Kerala priest Fr Robin raped a 16 year old girl and made her pregnant. When he was caught he terrorized the girls parents and compelled the girls father to take the crimson his head. That hapless dad accepted that he raped his own daughter and impregnated her to save the priest|
155659213|602922945|1096725869949865984|This is again another form of TERROR HAS NO RELIGION kind of lies Aadil Dar was from Kashmir and he belonged to the same ideology He clearly told in his video that he is dying for his religion and asked his family and friends to celebrate it He told he wants to kill Indians https://t.co/ZQYWhImfds|
155659213|602922945|1096721086220251136|@ArvindKejriwal Phele Modi ji thae ab Supreme Court aap hamesha cry baby rahoge|
155659213|602922945|1096598365037645824|Rmbr this guy’s son was the covert who gave info to David Headley in 26/11 after 26/11 he said it was RSS Kaa SaazishThese are d blokes who r more dangerous than likes of Masood Azhar of JeM Masood lives in neighbouring country But These guys live in India &amp; work for neighbours https://t.co/CH8n43hT3c|
155659213|602922945|1096569353061965825|This is how these Karachi wine and Lahore Gosht loving liberals will try to put the blame of the death of our own Govt rather than their favourite neighbourhood nation and the peacefuls in it in no time will go back and hug them and wine and dine with them https://t.co/qMB7agQhAd|
155659213|602922945|1096568820444086278|Over Rs 506.75 crore were spent on the security cover of 1472 political activists including Kashmiri separatists leaders in the J&amp;K state from 2011 to 2015. Now, security cover given to Separatists and hard-line HC leaders who are getting funds from Pak and ISI is to be removed|
155659213|602922945|1096568607167926273|Kirti Azad has decided to join Congress 😂😂😂|
155659213|602922945|1096568341353979904|दिल में एक सिसक और आँखों में अंगार लिए हुए ये जो सन्नाटा पसरा है, वो आने वाले तूफ़ान से पहले की आहट है और ये निश्चित है कि 'भारतवर्ष' के वीर जवानों की शहादत का भयावह इंतकाम दुनिया देखेगी /\ॐ शांति /\ जय हिन्द !#PulwamaRevenge #WantRevengeOnBloodyPakistan https://t.co/FJ2p3Uhexx|
155659213|602922945|1096440978695696386|One more Digital Jehadi got fired for celebrating Terrorism. Indian companies are on surgical strike mode https://t.co/0bq0oMaYM4|
155659213|602922945|1096440828187369474|FIR Registered against this scumbag for saying "happy about Aaj chiken dinner hoga" quoting Pulwama Terror attackTho after FIR he deleted the post &amp; Apologized. could be arrested anytime now https://t.co/6z3t7b32sS|
155659213|602922945|1096430841612328960|Son of Congress ex-CM Gujarat. Most Modi detractors won't admit this but deep in their minds they think Pulwama is a false flag attack to give Modi another opportunity at nationalist grandstanding just before the elections. https://t.co/UZvEYhkdz5|
155659213|602922945|1096426772818808833|Even Congress Govt in Rajasthan was not able to save assets of their beloved Robert Vadra.Now this Land grabber needs to be arrested ASAP else he too will ran away like Zakir Naik &amp; Mallya. https://t.co/2HvOJQV6mX|
155659213|602922945|1096406978748956672|@ndtv She should be sacked @Nidhi I hope you agree on this|
155659213|602922945|1096406658077638657|BIG BIG BREAKING @PMOIndia #  प्रधानमंत्री जी आपका बहुत-बहुत धन्यवाद MNF का दर्जा पाकिस्तान से लेने के बाद हुर्रियत नेताओं की सुरक्षा भारत सरकार ने वापिस ली यह बहुत बड़ी खबर है और विदेश मंत्रालय में कई बड़े देशों के साथ भारत सरकार मीटिंग कर रही है पाक को चौतरफा धेरने की तैयारी https://t.co/h4IznEXbHH|
155659213|602922945|1096371880381034498|The AMU insect is suspended &amp; and an FIR has been registered. Just a start. He is going to see far worse things, in the coming days.https://t.co/hLItl12KTP https://t.co/WlDHuA7id7|
155659213|602922945|1096361277151215621|Here comes the victimhood story "Headmaster ka beta II" 😡 https://t.co/5MH9znnA5s|
155659213|602922945|1096360010257453056|India calls back its Pakistan High Commissioner.#PulwamaAttack|
155659213|602922945|1096357829521432576|Special people will call this a political stunt. But for me, this is profound, no matter the reason. I have never seen a Home Minister of India carrying the casket of a fallen hero. I repeat, never.#JaiHind #JaiHindKiSena #RIPBraveSoldiers #CRPFJawans #Pulawama https://t.co/woSERT7N5B|
155659213|602922945|1096347530772795392|गृहमंत्री जी ने जवान के पार्थिव शरीर को कंधा  दिया https://t.co/ex1sQ5KE63|
155659213|602922945|1096330396399210498|"The dreams for which they (44 soldiers) have sacrificed their lives, I promise that I will devote every moment of my life to fulfil them. I seek blessings from the departed souls of the bravehearts."- PM Narendra Modi|
155659213|602922945|1096315349035859969|@priyankachopra And HATE towards India Hindus led to such attacks jitna jaldi samajhoge utna accha hoga|
155659213|602922945|1096296877576912896|Pulwama terror attack: India withdraws Most Favored nation status to PakLiberals - You May remove official MFN status from the books but you can’t remove MFN status for Pakistan from our hearts We love Azaadi We Love Aman Ki Asha We love Karachi wine and we eat Lahore ghost|
155659213|602922945|1096279593978351616|@kanhaiyakumar Tum toh sabse khush hue hoge dil pe phathar rakh ke yeah tweet kiya hoga|
155659213|602922945|1096277672546705410|Will @ndtv take action such #AntiNational people or hating India loving Pakistan is a criteria for hiring @Nidhi https://t.co/SfYXutn0Zy|
155659213|602922945|1096255740220788736|@SethShruti Peace talks are being done for last 70 years what we have got ??? Dead bodies of my brothers (not using our coz I doubt you’re being Indian). I Would request you to stop this Aman ke Asha ka Tamasha we need revenge &amp; full end to this terrorism by finishing terror state Pak https://t.co/7IwCLARxuD|
155659213|602922945|1096234336322576384|@ndtv Scorpio SUV rams into CRPF busOhhDidn't know it was some accident where an SUV rammed into busThis is d kind of reporting NDTV is doing. It f***king can't even call it an ATTACK, forget calling it a dastardly Terrorist attack &amp; then they ask y we call them anti-nationals https://t.co/fgBIFOJrlK|
155659213|602922945|1096233372224053248|तुम peace peace करते रहना वो piece piece करते रहेंगे https://t.co/JNjZwWvyyH|
155659213|602922945|1096230699823255553|He is bigger Naxalite than those who live in Jungle. How can Supreme Court's judgement be unconstitutional? This is nothing, but a clear case of contempt of Court. https://t.co/9KvlSoSnCa|
155659213|602922945|1096079274312941568|Before blowing himself. Adil dhir of jaish e Mohammad made this video. 1- He talk about jannat 72 hoors. 2- He clearly refer to finish Hindus ( cow urine drink). 3- he claimed that it is religious war( jihad) #KeepAlert #Its_A_Religious_War #PulawamaTerrorAttack https://t.co/h7fKdNZrQ6|
155659213|602922945|1096076271052865543|#Pulwama ये वे लोग हैं जिन पर और जिनकी पिछली दो पीढ़ियों के पुरखों पर पिछले साठ-सत्तर साल से हमारे देश की सभी(हाँ सभी) सरकारों ने लाखों करोड़ Rs सब्सिडी और सहायता के रूप में फ्री में लुटाए हैं इनकी ह*%मखोरी को बढ़ावा दिया हैऔर हाँ आतंक का कोई धर्म नहीं होता(केवल मज़हब होता है) https://t.co/jLdca7tdtd|
155659213|602922945|1096063486952685568|Absolutely 100% behind the govt &amp; PM @narendramodi in any action they wish to take after today's event. Human rights are for humans. Not parasites. Time to teach them that, in a language they understand.#Pulwama #PulawamaTerrorAttack|
155659213|602922945|1096057268565655552|Any terror apologist is a terrorist... anyone who tries to explain away, find excuses for or uses tolerance to prevent us from retaliating is our enemy and must be treated as such...|
155659213|602922945|1096055823170760705|@ReallySwara @republic this basim hilal from AMU supporting #KashmirTerrorAttack  #Pulwama https://t.co/nYB2XQJWQj|
155659213|602922945|1096054208179171329|This one studies in AMU, on our taxes. Realizing that he is now marked, his own "jaish" went out the window. Deactivated the handle, and ran away like the cockroach that he is. But these people forget, there is still going to be a tomorrow. #Pulwama https://t.co/oa8GBreEKL|
155659213|602922945|1096049552153628672|Dear PMI hv full faith on u dt sacrifices of our brave security personnel shall not go in vain.The action, retaliation &amp; msg must be much more intense,strong &amp; unprecedented.Let the surgical strike post URI be just a trailerEntire country stands together at this moment of grief https://t.co/CHyqZlfnja|
155659213|602922945|1096036415878713345|@priyankac19 Madam please don’t do politics on this it’s a humble request #PulwamaAttack #PulwamaTerrorAttack|
155659213|602922945|1096015794557849600|This is why nobody trusts them anymore. The sheer scale of these lowlifes is mindboggling. So much so, that generalization doesn't even feel like generalization anymore. #Pulwama #PulwamaTerrorAttack #CRPF https://t.co/w6tgenKUDA|
155659213|602922945|1096014880996577280|PM Modi will ensure revenge on right time in nasty manner. Keep calm. Porky Blood will flow freely #PulwamaTerrorAttack #Pulwama #CRPF|
155659213|602922945|1096013178364940288|CRPF टुकड़ी के 1500 जवान हो स्थानानतरण के तहत जा रहे थे,पर जेश ए मोहमद का आतंकी हमला,16 जवान शहीदइस हमले की सबसे बड़ी दोषी मात्र मेहबूबा मुफ्ती है #Pulwama #CRPF|
155659213|602922945|1096007304921731073|One of the many small things PM #Modi has done to bring huge effects in our citizens' lives: https://t.co/q2uAbSgyKx https://t.co/mHbEEsyInc|
155659213|602922945|1095984552823136256|Print did not run the interview live. Hence, this portion could have been edited out, but they chose to run it@ShekharGupta the editor-in-chief also heads the Editors Guild of India has not yet condemned a former minister trying to intimidate his employee https://t.co/e9udDFuNCN|
155659213|602922945|1095984043668180992|Next big tender coming-up. Indian Army is looking for 814 number of Self Propelled Truck Mounted Howitzer 52 cal (155 mm shell) Artillery. Defence Acquisition Council (DAC) has already approved in November 2014 a budget of $2.5 billion for 814 of truck-mounted artillery|
155659213|602922945|1095978502845853697|Behen ji or Bua ji, CAG ka full from Kya hai 😛#MayawatiAurConstitutionalTalk...aur itna English! Kaun sa rapid course?Country is worried? My little toe, you guys are worried &amp; scared. Country is enjoying the show. https://t.co/JrzoYDd7iM|
155659213|602922945|1095932765072211968|Patna to get its metro soon. $2 billion approved by Modi govt today.#MyPMRocks|
155659213|602922945|1095932502726848512|There has been a distinct change in business culture: ⁦@sanjeevsanyal⁩  https://t.co/lMOQm0ljC0|
155659213|602922945|1095931850449711105|As the chit funds scam investigations heat up, murders will become the order of the day in TMC ruled West Bengal. https://t.co/LLVZhVyZK5|
155659213|602922945|1095866569614336001|We hold you in the locked chamber of our hearts, Shall NEVER let you go.... Happy Valentine's Day India #HappyValentinesDay https://t.co/Egl9wKEOAX|
155659213|602922945|1095833816424435713|Thankful to Prime Minister and Union Cabinet for approving Patna Metro Project, it will give a new dimension to city and commuters will enjoy hassle free journey within the city. https://t.co/uWSPkIxr1V|
155659213|602922945|1095833658999607296|CNG is a cost effective fuel, it will reduce pollution of the city. https://t.co/ZNeC4FinPF|
155659213|602922945|1095713129680568320|Another masterstroke by PM ModiDay after signing deal for 72,400 Sig Sauer 716 gen 2 assault rifles, India clears JV with Russia to make 700,000+ AK-103 assault rifles in India. Inter Govt Agreement shortly for 49.5-50.5 partnership between Kalashnikov-OFB JV #Modi4NewIndia|
155659213|602922945|1095712932405669888|Pakistani Handler. Beware of such profiles. https://t.co/xc6sQjNPo8|
155659213|602922945|1095705769759129600|अखिलेश भैया राइट नाउ. https://t.co/2lAwHaog76|
155659213|602922945|1095696178514182146|Bajrang Dal Diwas ki agrim subh kaamnaayein. Pradhan Mantri Awas Yojna ka laav uthayein aur jo kar na ho apne ghar par hi karein. St. Valentine ji ki kripa aap par bani rhegi.Namaskaar 🙏 #HappyValentinesDay|
155659213|602922945|1095693546584190976|@ani_digital @ANI So ab CAG @RahulGandhi se approval Lena padega #RahulGandhiPagalhai #RahulGandhiPagalHai|
155659213|602922945|1095642650819084289|Rahul BSDK.... please explain where’s the SCAM #RahulGandhiPagalHai https://t.co/B14UEYEOwo|
155659213|602922945|1095636935111032834|उम्मीद करता हूँ कि सारे माननीय सदस्य जीत कर दोबारा आएँ। प्रधानमंत्रीजी सबको साथ लेकर चले हैं। प्रधानमंत्रीजी आप फिर बनें प्रधानमंत्री यही हमारी कामना है: मुलायम सिंह यादव #M https://t.co/KwzwGgGbkv|
155659213|602922945|1095627791327002624|After finding fault with the Hon'ble Supreme Court verdict debunking fake propaganda on Rafale fighter-jet,  now the Charasi Retard of dubious DNA will find CAG also to be a Bhakt 😂🤣🤣🤣 #RahulGandhiPagalHai https://t.co/l81OlnNosl|
155659213|602922945|1095627704827809793|@autumnrainwish Madam iss tweet ek chiz missing hai|
155659213|602922945|1095618433474064384|Tuesday✔ Pappu Ji: CAG report is bogus.✔ Sane People: You asked for CAG to investigate. Took the whole gang to CAG office in September asking for it to prepare report. Now that they have, it's bogus?Wednesday...to be continued...#PappuChorHai #RahulGandhiPagalHai|
155659213|602922945|1095618431020351498|Monday✔ Pappu Ji: Modi govt dropped anti-corruption clause in Rafale✔ Sane People: No it didn't. It followed the inter-govt agreement made by AK Anthony &amp; UPA govt in 2013.#RahulGandhiPagalHai|
155659213|602922945|1095616539036913665|#Kumbh2019Gone are the days of stampedes, deaths and injuries due to stampedes, unhygienic facilities, shoddy arrangements and inefficient running of the mega-event! In 2019, there has not been a single case of mismanagement even when #Prayagraj is brimming with 12 Crore+ people https://t.co/XOHvaSvTtV|
155659213|602922945|1095613565392830471|Sadly We Didn't Discussed Much On 10% EWS Quota for General Class5 Lac Tax Exemption for Middle Class3,000 Pension for Unorganised WorkersYearly grant of 6,000 to Poor Farmers.5 Lac Medical Insurance Cover to BPLPaid Media &amp; Opp always Succeeded in Diverting our Attention|
155659213|602922945|1095613206700146688|Indian Airforce is looking to Acquire 18 - 'Sukhoi-30 MKI' &amp; 21 - 'Mig-29 UPG' from Russia. While Request for 18 Sukhoi-30s is already been send to Russia, team has inspected 21 Mig-29s skeletons &amp; found in good condition. This will Add to 2 Squadrons of IAF. https://t.co/kKRYl9E5sJ|
155659213|602922945|1095612936939290625|CPI (M) वाले लिख रहे हैं की #RafaleDeal में India Specific Changes क्यों करवाए, मेरा कहना है की हरामखोरों अब ये #IndianAirforce बताएगी कि लड़ाकू जहाज़ में क्या चाहिए और क्या नहीं कि लाल चड्डी वाले CPI (M) के जोकर,लड़ाकू जहाज़ किसको उड़ाना है#RafaleCAGReport #RahulGandhiPagalHai|
155659213|602922945|1095612520507891712|आज ये हालत है कि अंधविरोध और व्यक्तिगत द्वेष के चलते RG नीचता कि पराकाष्ठा तो पार कर ही चुके हैं अपितु जनता के बीच अपना विश्वास भी पूरी तरह खो चुके हैं, स्पष्ट है कि वो एक नंबर का महाझुट्ठे इंसान हैं जिसकी किसी भी बात पर भरोसा नहीं किया जा सकता #RahulGandhiPagalHai|
155659213|602922945|1095612147487391744|Rahul Gandhi बता बे महाझुट्ठे, उस समय की #MMRCA डील में किसको 27,000 करोड़ का फायदा पहोचाना चाहती थी #UPA सरकार ?#CAGslapsPappu|
155659213|602922945|1095598317013291008|After Supreme Court's clean chit, officials statements, CAG report is out on Rafale, but Crown Prince is targetting all institutions, whom does crown prince trust except lobbyist of Eurofighter Typhoon? #RafaleCongSelfGoal #RafaleCAGReport https://t.co/WTI0pzeJvB|
155659213|602922945|1095595426139521025|141-page CAG report CLEARS Rafale deal. Calls it 3% cheaper than UPA's. Also states that Modi govt managed to save 17% money on India specific enhancements.Pappu Ji's lies, busted. Again!#RafaleDeal #RahulRafaleFakeNews #RafaleCAGReport|
155659213|602922945|1095594265978253312|Kapil Sibal along with VP Singh used to chant during Bofors -"गली गली में शोर है, राजीव गाँधी चोर है". He switched the side and now Kapil Sibal sings songs in praise of Sonia Gandhi &amp; Rahul Gandhi Can a son join hand wid a leader who used to abuse his father and call him theive? https://t.co/1BZ2afgxLe|
155659213|602922945|1095591953968828416|अखिलेश यादव के खिलाफ खनन घोटाले की जाँच की माँग मायावती ने की थी!मायावती के खिलाफ मूर्ति घोटालो की जाँच को लेकर सपा नेता कोर्ट गए।ममता बनर्जी के खिलाफ चिट फंड घोटाले की जाँच की माँग कांग्रेस के बंगाल के प्रेसिडेंट अधीर रंजन चौधरी ने की थी!और ये सब अब विलाप कर रहे हैं।|
155659213|602922945|1095591533817053184|Hindus are in minority in 8 states, but they do not get any benifts like other minority groups get all over India. It's good that Supreme Court has taken cognizance of petition, and asked National Minority Commision to examine it. https://t.co/U8zNApNrVM|
