155659213|1221365126|1188308509642780673|This festive season, let’s recognize the contribution of the Unsung Heroes of Highway! #SadakSurakshaJeevanRaksha https://t.co/kWFzx2cMnw|
155659213|1221365126|1188280915824234496|सड़कों को साफ रखें।#SadakSurakshaJeevanRaksha https://t.co/7j5tFMoq2P|
155659213|1221365126|1187928279950356481|Follow road safety rules!#SadakSurakshaJeevanRaksha https://t.co/46NsE8Igwr|
155659213|1221365126|1187643653012910080|हेलमेट पहने, सुरक्षित रहें।#SadakSurakshaJeevanRaksha https://t.co/C34W4iwugK|
155659213|1221365126|1187626167894831107|Be a Good Samaritan!#SadakSurakshaJeevanRaksha https://t.co/Wm5tVSebl6|
155659213|1221365126|1187320818604232704|Be a Good Samaritan!#SadakSurakshaJeevanRaksha https://t.co/jclPst7fWC|
155659213|1221365126|1186948711005356032|Why the need for Good Samaritan law? #SadakSurakshaJeevanRaksha https://t.co/DK7WnwqFX4|
155659213|1221365126|1186845975416995842|What is Good Samaritan law?#SadakSurakshaJeevanRaksha https://t.co/WR9cofy2zW|
155659213|1221365126|1186602923871965185|Who is a Good Samaritan?#SadakSurakshaJeevanRaksha https://t.co/1hjbiZiU4O|
155659213|1221365126|1186486402600423424|सीट बेल्ट पहने, सुरक्षित रहें।#SadakSurakshaJeevanRaksha https://t.co/Pv4hEhXhjl|
155659213|1221365126|1186225198137139201|Do not use mobile phones while driving!#SadakSurakshaJeevanRaksha https://t.co/WSCOclTQmu|
155659213|1221365126|1186143086851710978|गाड़ी का दरवाज़ा, जल्द बाज़ी में न खोलें। दुर्घटना से बचें।#SadakSurakshaJeevanRaksha https://t.co/ZXxwZopyjp|
155659213|1221365126|1185150823875203074|FASTag to become mandatory for toll payments at NH fee plazas w.e.f. 1st December, 2019. https://t.co/9ESUApc6zX|
155659213|1221365126|1185040067389116417|Drive safe!#SadakSurakshaJeevanRaksha https://t.co/jmqdaF3wG4|
155659213|1221365126|1184763587920683009|Plastic Waste Free Campaign: #SwachhataHiSeva by MoRTH. https://t.co/PWsS6mnuB5|
155659213|1221365126|1184670731038101504|Be alert, drive safe!#SadakSurakshaJeevanRaksha https://t.co/NHJxuD3KTj|
155659213|1221365126|1184425752818675712|Drive safe!#SadakSurakshaJeevanRaksha https://t.co/J0TpbFACsT|
155659213|1221365126|1184309212878270465|Don't use mobile phones while driving!#SadakSurakshaJeevanRaksha https://t.co/KVUuiRKeMw|
155659213|1221365126|1184062045219540992|FASTags to become mandatory for toll payments at NH Fee Plazas w.e.f 1st December, 2019. https://t.co/slCX9Nqz9n|
155659213|1221365126|1183941526457442306|Do not use mobile phones while driving. #SadakSurakshaJeevanRaksha https://t.co/W3UtvIXdfB|
155659213|1221365126|1183672473595740160|FASTags to become mandatory for toll payments at NH Fee Plazas w.e.f 1st December, 2019. https://t.co/IKJ1mN8Jum|
155659213|1221365126|1183647153601691650|Hon'ble Minister, Shri @nitin_gadkari inaugurated the conference on One Nation One FASTag today, in New Delhi. MoUs were signed paving way for a unified electronic tolling solution across the country, in the presence of Shri Gadkari. https://t.co/YOCjtgXMS0|
155659213|1221365126|1183624717040619520|Conference on One Nation One FASTag to be inaugurated by Hon'ble Minister, Shri @nitin_gadkari today, in New Delhi. https://t.co/UXXIcoD5D3|
155659213|1221365126|1183575368919179266|वाहन का बीमा ज़रूर करवाएं।#SadakSurakshaJeevanRaksha https://t.co/O7FqtjagS2|
155659213|1221365126|1183377889053462528|https://t.co/DbElvik8zZ|
155659213|1221365126|1182485164384874496|अनावश्यक रूप से या मौन क्षत्र में हॉर्न ना बजाएं।#SadakSurakshaJeevanRaksha https://t.co/OquC4FHhFg|
155659213|1221365126|1182228488759074816|शराब पीकर वाहन ना चलाएं।#SadakSurakshaJeevanRaksha https://t.co/8gmy143sDR|
155659213|1221365126|1182156899996692481|आपातकालीन वाहनों को रास्ता दें।#SadakSurakshaJeevanRaksha https://t.co/4O0xBCN6GC|
155659213|1221365126|1181857501832069120|MoRTH utilizes Plastic Waste on a large scale. #SwachhataHiSeva https://t.co/09pKeTaIPM|
155659213|1221365126|1181818795876184064|नाबालिक व्यक्ति को वाहन न चलने दें और ना ही प्रोत्साहित करें।#SadakSurakshaJeevanRaksha https://t.co/0VjFyX5IQ0|
155659213|1221365126|1181773172963594240|#SwachhataHiSeva : MoRTH encourages the use of Waste Plastic in constructing roads! https://t.co/rqC9ekPr1U|
155659213|1221365126|1181076264154611717|MoRTH encourages the use of Waste Plastic in constructing Sustainable roads! #SwachhataHiSeva https://t.co/H0oD3R5Pqm|
155659213|1221365126|1181051813190963200|हेलमेट पहने, सुरक्षित रहें।#SadakSurakshaJeevanRaksha https://t.co/N10d9GVJoE|
155659213|1221365126|1180083750945738753|#SwachhataHiSeva : Advantages of using plastic waste for constructing roads. https://t.co/MNlaCrHfGj|
155659213|1221365126|1180029573297131520|A glimpse of the on-going #SwachhataHiSeva campaign. https://t.co/uTdSAePVcS|
155659213|1221365126|1179969629696823296|Give way to emergency vehicles!#SadakSurakshaJeevanRaksha https://t.co/zZ5yrJQfl5|
155659213|1221365126|1179701832949436418|Wear a helmet. #SadakSurakshaJeevanRaksha https://t.co/E6DI7BVHwj|
155659213|1221365126|1179631642047995904|Progress of #SwachhataHiSeva by MoRTH. https://t.co/6sKKJAoEZD|
155659213|1221365126|1179602288660205568|Be safe!#SadakSurakshaJeevanRaksha https://t.co/RSPdhFmEVi|
155659213|1221365126|1179409123152150528|MoS, MoRTH, @Gen_VKSingh administered the Swachhata pledge to the officials of the Ministry, today. Secretary, Shri Sanjeev Ranjan with Chairman, NHAI, Shri Nagendra Nath Sinha &amp; other officials did the shramdaan on the occasion. https://t.co/5g1ieUxJOj|
155659213|1221365126|1179399410654093312|Experience road safety like never before at Stall No. 28, Paryatan Parv, 2019.|
155659213|1221365126|1179399407206375424|MoRTH has organised a stall to promote road safety through engaging activities for public including skids &amp; hazards, learning first responder training, participating in traffic signs quiz, experiencing drunk buster goggle &amp; seat belt convincer at the Paryatan Parv 2019, Rajpath. https://t.co/743PpDJ65M|
155659213|1221365126|1179345777371570179|#SwachhataHiSeva: Marking the 150th Anniversary of Mahatma Gandhi. https://t.co/6xUl45ncw5|
155659213|1221365126|1179237565813198848|#SwachhataHiSeva: Celebrating the 150th Anniversary of Mahatma Gandhi. https://t.co/qLX6V40T6t|
155659213|1221365126|1179231735474802688|Celebrating the 150th Birth Anniversary of Mahatma Gandhi. https://t.co/YejXLYFquF|
155659213|1221365126|1179018293987819520|#SwachhataHiSeva: Refuse the use of single-use plastic! https://t.co/LFkIHpqYgk|
155659213|1221365126|1178917058060308480|Swachhata Hi Seva 2019: Use of Plastic Waste in building Green and Sustainable Roads https://t.co/oaIppdlETN List of Plastic Waste Collection Centers &amp; designated Nodal Officers is available on https://t.co/GsajxaPInP...#SwachhataHiSeva|
155659213|1221365126|1178850178066870273|Say NO to Single-use Plastic!#SwachhataHiSeva https://t.co/XsNxo1l0Ig|
155659213|1221365126|1178847630866018304|List of Plastic Waste Collection Centers &amp; designated Nodal Officers is available on https://t.co/b6Zm9RVB7W#SwachhataHiSeva https://t.co/KUtGMJ66HU|
155659213|1221365126|1178631074173186053|Hon'ble Minister, Shri @nitin_gadkari, alongwith MoS, Shri @Gen_VKSingh &amp; Shri @kpmaurya1, Deputy CM, U.P., inaugurated Package-3 of the Delhi-Meerut Expressway which connects Dasna (Ghaziabad) to Hapur. https://t.co/MO8QG3Cec6|
155659213|1221365126|1178614683873374208|Hon'ble Minister, Shri @nitin_gadkari, alongwith MoS, Shri @Gen_VKSingh &amp; Shri @kpmaurya1, Deputy CM, U.P., flagged off the laying of bituminous concrete mixed with recycled plastic for road construction of Delhi-Meerut Expressway, today. https://t.co/4TZEGjBkJh|
155659213|1221365126|1178513775470600192|Delhi-Meerut Expressway (Package-3) to be inaugurated by Hon'ble Minister, Shri @nitin_gadkari, today. (4/4) https://t.co/bqRJhXA0qz|
155659213|1221365126|1178513689323769856|Delhi-Meerut Expressway (Package-3) to be inaugurated by Hon'ble Minister, Shri @nitin_gadkari, today. (3/4) https://t.co/tKFTz9BUhh|
155659213|1221365126|1178513585405710336|Delhi-Meerut Expressway (Package-3) to be inaugurated by Hon'ble Minister, Shri @nitin_gadkari, today. (2/4) https://t.co/GikJQMIFg4|
155659213|1221365126|1178513464496517122|Delhi-Meerut Expressway (Package-3) to be inaugurated by Hon'ble Minister, Shri @nitin_gadkari, today. (1/4) https://t.co/2X7HioJMku|
155659213|1221365126|1178512979651776512|https://t.co/sOxXPXKBg7|
155659213|1221365126|1177778094817591297|प्लास्टिक कचरे को मिटाएं, देश को स्वच्छ बनाएं। https://t.co/oPNCvE3yq2|
155659213|1221365126|1177535124369375233|Seatbelt is a must because safety first!#SadakSurakshaJeevanRaksha https://t.co/sc63EH1hFl|
155659213|1221365126|1177436020033277952|Do not drive drowsy!#SadakSurakshaJeevanRaksha https://t.co/aNnqdO7FCE|
155659213|1221365126|1177145518457262081|Don't use mobile phones while driving!#SadakSurakshaJeevanRaksha https://t.co/4xcEh0IxWC|
155659213|1221365126|1177110105319362561|MoRTH is committed to the Plastic Waste Free Campaign - Swachhata Hi Seva 2019. https://t.co/7ZKFVdZqsg|
155659213|1221365126|1177060261112373248|Know the rules!#SadakSurakshaJeevanRaksha #RoadSafety https://t.co/LoCYYiyMlA|
155659213|1221365126|1176820284763934720|Do not jump the red light!#SadakSurakshaJeevanRaksha https://t.co/jHl6eprPEz|
155659213|1221365126|1176739902412795904|Drive within the speed limits!#SadakSurakshaJeevanRaksha #RoadSafety https://t.co/VXWnxaG6Lp|
155659213|1221365126|1176702061511139329|Give way to emergency vehicles!#SadakSurakshaJeevanRaksha https://t.co/hTvxS80Lhl|
155659213|1221365126|1176360924313112576|DigiLocker - Your Documents, Anytime, Anywhere. https://t.co/LGhrLyYNMu|
155659213|1221365126|1176354332402274304|mParivahan - Complete Transport Solution for Citizens. https://t.co/Z7pD1iC6zU|
155659213|1221365126|1176119875367866373|https://t.co/o2eDWdp8xu|
155659213|1221365126|1176027108725817345|Be safe!#SadakSurakshaJeevanRaksha https://t.co/O6OYnhx4HK|
155659213|1221365126|1175973543202263040|Always wear a helmet while riding a two-wheeler!#SadakSurakshaJeevanRaksha https://t.co/c44KkNR4bA|
155659213|1221365126|1175027960673267713|https://t.co/fp1LZuQ7CE|
155659213|1221365126|1174999862753972224|Last date for submission of applications: 22nd September, 2019. https://t.co/oySRwVGjUr|
155659213|1221365126|1174904816822128641|Do not use mobile phones while driving!#SadakSurakshaJeevanRaksha https://t.co/wMfqXAfDuh|
155659213|1221365126|1174737289504673792|https://t.co/tVlouULZED|
155659213|1221365126|1174657143930179584|Do not use mobile phones while driving!#SadakSurakshaJeevanRaksha https://t.co/myIrrKbV1K|
155659213|1221365126|1174540149373333506|Always buckle up!#SadakSurakshaJeevanRaksha https://t.co/LL1mOVd4hz|
155659213|1221365126|1174170892735340544|Drive within the speed limits!#SadakSurakshaJeevanRaksha https://t.co/H33sQJEnUA|
155659213|1221365126|1173865031676522496|Do not jump the traffic lights!#SadakSurakshaJeevanRaksha https://t.co/3ZvZskjJd7|
155659213|1221365126|1173540192084381696|Do not use mobile phones while driving!#SadakSurakshaJeevanRaksha https://t.co/Ifjobbaglb|
155659213|1221365126|1173539270297960448|Categories of the National Highways Excellence Awards 2019. https://t.co/zXdrEA3Af3|
155659213|1221365126|1173487181236592640|The last date for submitting the applications for the National Highways Excellence Awards 2019 has been extended till 22nd September 2019. https://t.co/i0ejJ684hP|
155659213|1221365126|1173476047955714048|https://t.co/VsxUTxYIfi|
155659213|1221365126|1173446820900458496|Don't drink &amp; drive!#SadakSurakshaJeevanRaksha https://t.co/qnKrMJz69g|
155659213|1221365126|1172461111301459968|सड़क सुरक्षा, जीवन रक्षा! https://t.co/zsfkUZHOGn|
155659213|1221365126|1172396049689792512|First 100 Days of MoRTH. https://t.co/U5BVTYJ5wa|
155659213|1221365126|1172350472247595008|Drive safe!#SadakSurakshaJeevanRaksha https://t.co/PAZzNGkxTn|
155659213|1221365126|1172097415983157249|Drive safe!#SadakSurakshaJeevanRaksha https://t.co/CDwpa3dTyf|
155659213|1221365126|1171976756644855808|Be safe!#SadakSurakshaJeevanRaksha https://t.co/uOoJZgHLRs|
155659213|1221365126|1171746388322861056|Drive safe!#SadakSurakshaJeevanRaksha https://t.co/wh1fZr8aKA|
155659213|1221365126|1171651134789967873|Be safe!#SadakSurakshaJeevanRaksha https://t.co/otMGwRRVA3|
155659213|1221365126|1171387318655041538|Know the rules!#SadakSurakshaJeevanRaksha https://t.co/64dz4SeK6c|
155659213|1221365126|1171297218805911552|सड़क सुरक्षा, जीवन रक्षा! https://t.co/mbWmn4pYzL|
155659213|1221365126|1171062927190740992|सड़क सुरक्षा, जीवन रक्षा! https://t.co/hKM11ZhrQR|
155659213|1221365126|1170935386895372289|Drive Sensibly!#SadakSurakshaJeevanRaksha https://t.co/4Rrr1nMQ8V|
155659213|1221365126|1170593712746815488|Penalties under the Motor Vehicles (Amendment) Act 2019. (2/2) https://t.co/k6A3WMDMNx|
155659213|1221365126|1170591233112018944|Penalties under the Motor Vehicles (Amendment) Act 2019. (1/1) https://t.co/JtVDcGbfRz|
155659213|1221365126|1170010852730105856|The prizes were received by the respective ROs on Swachchhta Sahyog Divas in New Delhi, today.|
155659213|1221365126|1170010850670727168|Three toll plazas of NHAI have been awarded as the "Cleanest Toll Plazas" by the Ministry of Jal Shakti. Tamalwadi Toll Plaza under RO Mumbai, Korlapahad Toll Plaza under RO Hyderabad &amp; Kheda Toll plaza under RO Gujarat have been awarded the 1st, 2nd &amp; 3rd positions respectively.|
155659213|1221365126|1169931974342897664|Know the rules!#SadakSurakshaJeevanRaksha https://t.co/N5VrZwjaVe|
155659213|1221365126|1169453924291493888|Don't drink &amp; drive!#SadakSurakshaJeevanRaksha https://t.co/vWV2fIafv6|
155659213|1221365126|1169194311952424960|Don't drink &amp; drive!#SadakSurakshaJeevanRaksha https://t.co/YaPquApLZk|
155659213|1221365126|1169091929193295873|Be safe!#SadakSurakshaJeevanRaksha https://t.co/MGsqgrexha|
155659213|1221365126|1168861149363720195|#SadakSurakshaJeevanRaksha https://t.co/6KYSMC0L28|
155659213|1221365126|1168727910590533632|Know the rules!#SadakSurakshaJeevanRaksha https://t.co/w9HyNn6Gi6|
155659213|1221365126|1168469508773662722|Categories of the National Highways Excellence Awards 2019. https://t.co/DJHFpmzigO|
155659213|1221365126|1168379987663052800|Don't drink &amp; drive!#SadakSurakshaJeevanRaksha https://t.co/h7X7BByBw6|
155659213|1221365126|1167363945612472320|Drive sensibly!#SadakSurakshaJeevanRaksha https://t.co/cIZOJyJ9gh|
155659213|1221365126|1166962234699833344|Know the rules!#SadakSurakshaJeevanRaksha https://t.co/Ty4FUk9Qkc|
155659213|1221365126|1166880029600448513|MoRTH has notified some provisions of the Motor Vehicles Amendment Act 2019. These will be applicable w.e.f. 1st Sept 2019. They include enhanced penalties for violation. Know more: https://t.co/BSEWVwQNNp|
155659213|1221365126|1166674781548105728|FASTags to become mandatory for toll payments at NH Fee Plazas w.e.f 1st December 2019. https://t.co/6x77ijYr8V|
155659213|1221365126|1166298303362826245|Categories of the National Highways Excellence Awards 2019. (2/2) https://t.co/Wny8p71jMk|
155659213|1221365126|1166298263294603264|Categories of the National Highways Excellence Awards 2019. (1/2) https://t.co/EOiBip2sSW|
155659213|1221365126|1166196741768507392|FASTags to become mandatory for toll payments at NH Fee Plazas w.e.f 1st December 2019. https://t.co/T71myAJMDl|
155659213|1221365126|1165944353400840194|Drive slow!#SadakSurakshaJeevanRaksha https://t.co/QgleSzPvbH|
155659213|1221365126|1165835486104969216|FASTags to become mandatory for toll payments at NH Fee Plazas w.e.f 1st December 2019. https://t.co/yj4P649d95|
155659213|1221365126|1164836240618741763|Hon'ble Minister, Shri @nitin_gadkari addressing the audience &amp; discussing about the future of transport at the Annual Mindmine Summit 2019 today, at New Delhi. https://t.co/CEpdwCCh9A|
155659213|1221365126|1164805837858021377|Hon'ble Minister, Shri Nitin Gadkari addressing the audience at the Annual Mindmine Summit 2019 today, in New Delhi. https://t.co/yMduDpmUCA|
155659213|1221365126|1164768054586122240|Be careful!#SadakSurakshaJeevanRaksha https://t.co/nfxazG1E3Z|
155659213|1221365126|1164426697975799808|https://t.co/D9QVcHvACy|
155659213|1221365126|1164426583848865792|https://t.co/HDa24sjK4c|
155659213|1221365126|1164379787349114881|Award Categories for the National Highways Excellence Awards 2019. https://t.co/vU4ve52ZQi|
155659213|1221365126|1164143101205549056|The new website of MoRTH, launched by Hon'ble Minister, Shri @nitin_gadkari today, has a dashboard that gives data about highways construction, land acquisition, FASTags etc along with state wise, month wise data on registration of vehicles in the country.|
155659213|1221365126|1164044238985687041|Hon'ble Minister, Shri @nitin_gadkari launched the revamped website of MoRTH today, in New Delhi. https://t.co/pwikwkDOr7|
155659213|1221365126|1164027469663334400|Know the rules!#SadakSurakshaJeevanRaksha https://t.co/TllIlQjoSN|
155659213|1221365126|1163782999567024130|Drive sensibly!#SadakSurakshaJeevanRaksha https://t.co/FMrFL3tcvH|
155659213|1221365126|1163677197543989250|MoRTH invites applications for the National Highways Excellence Awards 2019. https://t.co/n8xxjx2sxQ|
155659213|1221365126|1163653226383548417|Drive sensibly!#SadakSurakshaJeevanRaksha https://t.co/our0fCqz8S|
155659213|1221365126|1163390061854916610|Drive safe!#SadakSurakshaJeevanRaksha https://t.co/U3be679FYb|
155659213|1221365126|1163288873922748417|Drive safe!#SadakSurakshaJeevanRaksha https://t.co/xrZu5ODuOX|
155659213|1221365126|1162330094838272000|Drive safe!#SadakSurakshaJeevanRaksha https://t.co/VTIFCW1Y0y|
155659213|1221365126|1162205529566920705|Know the rules!#SadakSurakshaJeevanRaksha https://t.co/FWv4d7ADwA|
155659213|1221365126|1161964712730304512|Drive safe!#SadakSurakshaJeevanRaksha https://t.co/Wgd2JAAIbx|
155659213|1221365126|1161890012629045248|Be safe!#SadakSurakshaJeevanRaksha https://t.co/HrqnALkJQB|
155659213|1221365126|1161873231382323200|सीटबेल्ट पहने, सुरक्षित रहें। #SadakSurakshaJeevanRaksha https://t.co/63Vf13BRNH|
155659213|1221365126|1161822005189984256|#SadakSurakshaJeevanRaksha https://t.co/yRxr3dmd4q|
155659213|1221365126|1161562880149315584|Know the rules!#SadakSurakshaJeevanRaksha https://t.co/6oQRVDHw5p|
155659213|1221365126|1161478364965851136|Know the rules!#SadakSurakshaJeevanRaksha https://t.co/y6CSRuQklj|
155659213|1221365126|1161116399210655744|Know the rules!#SadakSurakshaJeevanRaksha https://t.co/ZKewtbhvwZ|
155659213|1221365126|1159665630049533954|Know the rules!#SadakSurakshaJeevanRaksha https://t.co/d1kHTkycNC|
155659213|1221365126|1159398756468420608|Know the rules!#SadakSurakshaJeevanRaksha https://t.co/muZHk1XETf|
155659213|1221365126|1159302364278341632|Know the rules!#SadakSurakshaJeevanRaksha https://t.co/qyoT3DncSy|
155659213|1221365126|1158666899380551682|Know the rules!#SadakSurakshaJeevanRaksha https://t.co/mUxvSsguaH|
155659213|1221365126|1158595729012641792|Know the rules!#SadakSurakshaJeevanRaksha https://t.co/mvCcXwC7PX|
155659213|1221365126|1158215544073363457|Know the rules!#SadakSurakshaJeevanRaksha https://t.co/RCPNuRYlVd|
155659213|1221365126|1157258243581722625|MoRTH issues a notification exempting the armoured &amp; other specialized vehicles of Indian armed forces/paramilitary forces from the vehicular emission norms (BS-VI). https://t.co/m4WvSCk4SC|
155659213|1221365126|1157225064753852416|Know the rules!#SadakSurakshaJeevanRaksha https://t.co/ErftYvMQFH|
155659213|1221365126|1157123447853477888|Know the rules!#SadakSurakshaJeevanRaksha https://t.co/FNsL4XTFqK|
155659213|1221365126|1156606948990582784|The bill mainly focuses on issues relating to improving road safety, citizens’ facilitation while dealing with the transport department, strengthening rural transport, last mile connectivity &amp; public transport, automation &amp; computerization &amp; enabling online services.|
155659213|1221365126|1156606947208024065|The Motor Vehicles (Amendment) Bill, 2019 was passed by Rajya Sabha, today. To read more, click here: https://t.co/OzAfZL1c5V|
155659213|1221365126|1156596064696225792|The bill mainly focuses on issues relating to improving road safety, citizens’ facilitation while dealing with the transport department, strengthening rural transport, last mile connectivity &amp; public transport, automation &amp;  computerization &amp; enabling online services.|
155659213|1221365126|1156402360232468480|Know the rules!#SadakSurakshaJeevanRaksha https://t.co/SKytC9oUS6|
155659213|1221365126|1156143567506509824|Know the rules!#SadakSurakshaJeevanRaksha https://t.co/phudkaQz3u|
155659213|1221365126|1156040784006619136|Know the rules!#SadakSurakshaJeevanRaksha https://t.co/cRHwpcWvS0|
155659213|1221365126|1155817508537946112|MoRTH has issued a draft notification  allowing motor vehicles &amp; their parts to be affixed with permanent microdots. To read more, click here: https://t.co/pHMOJwPDCp|
155659213|1221365126|1155680070884712448|Know the rules!#SadakSurakshaJeevanRaksha https://t.co/nJGPongEXq|
155659213|1221365126|1154694053981638657|Drivers Training for Safe Driving by MoRTH. (2/2) https://t.co/PkJ8Fb6CJM|
155659213|1221365126|1154693689303638016|Drivers Training for Safe Driving by MoRTH. (1/2) https://t.co/oilckKAXPn|
155659213|1221365126|1154589540150992896|Know the rules!#SadakSurakshaJeevanRaksha https://t.co/2bwR9Sw8ss|
155659213|1221365126|1154339762548776960|Know the rules!#SadakSurakshaJeevanRaksha https://t.co/0VSLVDAt5n|
155659213|1221365126|1153864651131609088|Know the rules!#SadakSurakshaJeevanRaksha https://t.co/KS0oSajtbe|
155659213|1221365126|1153664295877533696|The Motor Vehicles (Amendment) Bill, 2019 passed by Lok Sabha, today. https://t.co/yexty8Zvsm|
155659213|1221365126|1153576265514803200|Target for completion of Highways. https://t.co/n1wrxEgxmD|
155659213|1221365126|1153575935666348033|Construction of Bridge over Brahmaputra to link Dhubri in Assam with Phulbari in Meghalaya. https://t.co/waX1il9gHt|
155659213|1221365126|1153575260052045824|Trauma Care Centers for Road Accident Victims. https://t.co/ysywtwMevc|
155659213|1221365126|1153574907696963584|Development of Corridors/Road Stretches under BharatMala Pariyojana Phase-I. https://t.co/8xZhP4ZDxO|
155659213|1221365126|1153574124133871616|Conversion of State Highways as NHs. https://t.co/zReByHZX10|
155659213|1221365126|1153498014536724480|Know the rules! #SadakSurakshaJeevanRaksha https://t.co/jHkWOSM9On|
155659213|1221365126|1153236105967239169|MoRTH to declare all Lanes in all Toll Fee Plazas on NHs across the country as dedicated 'FASTag Lanes' from 1st December, 2019. (2/2) https://t.co/XRHoQybTcd|
155659213|1221365126|1153225899522682880|MoRTH to declare all Lanes in all Toll Fee Plazas on NHs across the country as dedicated 'FASTag Lanes' from 1st December, 2019. (1/2) https://t.co/NOEUdv6ydj|
155659213|1221365126|1153138570493718528|Know the rules!#SadakSurakshaJeevanRaksha https://t.co/xUGuV1ZdV0|
155659213|1221365126|1152131619311910914|Under BharatMala Pariyojana, 5,067 Km length of roads has been identified for providing connection to Backward, Religious &amp; Tourist places in North Bengal. Read more: https://t.co/Wo1vuHFZKc https://t.co/kVqlm6j9lB|
155659213|1221365126|1152130961011646464|In order to enhance the capacity of NHs in Jammu &amp; Kashmir, MoRTH has undertaken 17 major road development projects of aggregate length of 1,554 km. https://t.co/JmEEOKvfXq|
155659213|1221365126|1152052002274152448|Know the rules!#SadakSurakshaJeevanRaksha https://t.co/9bq97LU7lT|
155659213|1221365126|1151768074971779073|Know the rules!#SadakSurakshaJeevanRaksha https://t.co/ryg3OIxYcW|
155659213|1221365126|1151691421713235968|Know the rules!#SadakSurakshaJeevanRaksha https://t.co/2ja3zfoekc|
155659213|1221365126|1151459728582565888|Know the rules!#SadakSurakshaJeevanRaksha https://t.co/jaB5zXhXSD|
155659213|1221365126|1151328824031756293|Know the rules!#SadakSurakshaJeevanRaksha https://t.co/mNDY3poHod|
155659213|1221365126|1151100106327728128|Lok Sabha passed the demands for grants under Road Transport and Highways for 2019-20 by voice vote today. Read more: https://t.co/6iRauSQIhM https://t.co/rrXL57pyGM|
155659213|1221365126|1151039949199872000|Know the rules!#SadakSurakshaJeevanRaksha https://t.co/RHzCQVhH2a|
155659213|1221365126|1150979677059596288|MoRTH has issued guidelines for use of plastic waste in wearing course of NH on pilot basis. The plastic waste has been used in the state of Tamil Nadu for about 11 Km length &amp; about 1 Km length in the state of Kerala. https://t.co/LE7hYZXfGo|
155659213|1221365126|1150977902126592000|MoRTH has issued guidelines in pursuance of order dated 29.10.2014 in W.P. No. 235 of 2012 of Hon’ble Supreme Court of India to protect the Good Samaritans in case of road accidents. https://t.co/9Ck4nnJuO2|
155659213|1221365126|1150964328637460480|Know the rules!#SadakSurakshaJeevanRaksha https://t.co/4ulXwsx4mT|
155659213|1221365126|1150620638651936768|Know the rules!#SadakSurakshaJeevanRaksha https://t.co/oe55aGeQmY|
155659213|1221365126|1149682016129957888|Hon'ble Minister, Shri @nitin_gadkari inaugurated a 3-lane underpass at Parade Road junction near Manekshaw Centre on NH 8 in New Delhi today. This will make the movement of traffic from Airport to DhaulaKuan, signal free. The underpass is completed in a record time of 112 days. https://t.co/Mqs6xgzu80|
155659213|1221365126|1149621596748800002|Know the rules!#SadakSurakshaJeevanRaksha https://t.co/HQkXxMBCcS|
155659213|1221365126|1149535368317820929|Know the rules!#SadakSurakshaJeevanRaksha https://t.co/2PFnL7DoqR|
155659213|1221365126|1149149892469637120|Know the rules!#SadakSurakshaJeevanRaksha https://t.co/PaAUChx9OP|
155659213|1221365126|1148897806284812288|Know the rules!#SadakSurakshaJeevanRaksha https://t.co/YQbYf0stNP|
155659213|1221365126|1148817492715794432|Know the rules! #SadakSurakshaJeevanRaksha https://t.co/tql0uVvh2f|
155659213|1221365126|1148527191568740352|Know the rules!#SadakSurakshaJeevanRaksha https://t.co/1vcpvCzK44|
155659213|1221365126|1148489420942692352|NH Projects under Bharatmala Pariyojana Phase - I. https://t.co/YjGzecxUBw|
155659213|1221365126|1148488359917965312|Wayside amenities along Expressways. https://t.co/SIwdXZ3GqH|
155659213|1221365126|1148428446600585216|Know the rules!#SadakSurakshaJeevanRaksha https://t.co/FAJvocI8UX|
155659213|1221365126|1148249872769773569|This is to clarify that the said letter is totally false and fake. No such letter has been issued by the Ministry of Road Transport &amp; Highways. The Ministry has filed an FIR and sought investigation in the matter.|
155659213|1221365126|1148249870601342976|The letter says that if any truck is caught overloaded, then its driver will be imprisoned for a minimum of six months, his DL will be cancelled for 3 years, FIR will be lodged against the owner and driver, and the consigner and consignee will be heavily penalized.|
155659213|1221365126|1148249866516275207|A fake letter is being circulated on WhatsApp and in certain sections of the media causing panic among truck drivers and owners. https://t.co/jZC2aiYkCR|
155659213|1221365126|1148246330533302273|Signing of MoU between NHAI and the National Investment and Infrastructure Fund (NIIF) in the presence of Hon'ble Minister, Shri @nitin_gadkari. https://t.co/KoHGqpBNd4|
155659213|1221365126|1148211268173455362|Hon'ble Minister, Shri @nitin_gadkari to attend the Signing of MoU between NHAI and the National Investment and Infrastructure Fund (NIIF).|
155659213|1221365126|1148155368482074626|Know the rules!#SadakSurakshaJeevanRaksha https://t.co/NyFJ2P5SuL|
155659213|1221365126|1148061134055854081|Know the rules!#SadakSurakshaJeevanRaksha https://t.co/5aNQqqYfj4|
