155659213|403374589|1177600216150626305|No singleUsePlasticSolar EnergyToilets Homes Loans|
155659213|403374589|1177599662393417730|JanBhagiDari se JankalyanJankalyan se Jagkalyan#ModiUNGASpeech|
155659213|403374589|1177599155859968000|Yudh nahi Buddh . Peace &amp; Harmony . #ModiUNGASpeech|
155659213|403374589|1177206056239288320|@Chandramohanbjp ॐ शांति|
155659213|403374589|1177188794832846849|@ImranKhanPTI great ! I hope you cover the #HinduGenocide for the past 1000 years in your movies. Genocide in Bangladesh just before 71 Indo-Pak war is still to be properly documented &amp; facts told as is The latest episode of killing/rape &amp; exodus of #KashmiriPandits of your favourite Kashmir|
155659213|403374589|1177163538261037056|@singhomshiv @myntra something seems wrong in this transaction !! Was the product delivered at all ? If yes then where ? Were there any phone communications with you regarding the delivery as normally courier people call up at the time of delivery. If you dont mind please share details|
155659213|403374589|1177085577331535873|What happened to Mandi ? 😃|
155659213|403374589|1177055611089051648|Is a real estate price correction coming ? @dixit600 @Indorie_|
155659213|403374589|1176912751794327552|@indiatvnews Apparently she seems to be advocating 'non-violent jihad' whatever that is.|
155659213|403374589|1176891619561230336|@TimesNow @UniversePragati @ImranKhanPTI @thenewshour Imran Khan sahab, the world is not reacting because it has understood that you and the Pakistani establishment are lying and have being lying for decades. All you guys are good at is exporting Terrorists in the name of 'Islam'. Now go back and wait for #FATF decision in Oct|
155659213|403374589|1176873082251665410|@priyankagandhi This is because of the real-estate bubble created due to the shameless greed of Politicians-builders-MAFIA nexus of Mumbai during the DF govt consisting of #INC &amp; #NCP . आप  निश्चिन्त रहें। इन कुकर्मों की सजा आपकी पार्टी और पवार साहब की पार्टी को मिल रही है और मिलती रहेगी|
155659213|403374589|1176431933972070400|@swamiiii @SplendidlyDull could be Egyptian Vultures|
155659213|403374589|1176431354721918978|@swamiiii @SplendidlyDull which part of India ?|
155659213|403374589|1176404163409743878|@Cold_Peace_ The mistake was the use of  'Islam &amp; jihad' to motivate these Mujahadeen. Soviet invasion should have been treated like any other invasionOnce invaders left things would returned to normalcy. But the jihadi indoctrination had raised a Frankenstein which is uncontrollable now|
155659213|403374589|1176401183285501953|@mystiquememoir @A31X64Vijay @narendramodi @AmitShah @NDRFHQ @Dev_Fadnavis @BSYBJP @CMOTamilNadu @ChouhanShivraj @NitishKumar @myogiadityanath what do you mean 'devastated' ??|
155659213|403374589|1176400606182821888|@dipti_o @iamshinerk Please connect if any assistance needed|
155659213|403374589|1176374827889725440|@NooriBadat @Sootradhar @gauravcsawant @rahulkanwal @AartiTikoo lets not get fooled by these 'innocent' utterings from IK. Whatever he is saying has been in public domain for a long time so it hardly matters. Most likely these are blackmail tactics. IK is trying to armtwist US threatening to release some 'sensational past information'|
155659213|403374589|1176346581387210752|Simple &amp; Straight ! https://t.co/dO66Lc7uhO|
155659213|403374589|1176338840845344768|@KhushiViews @iamshinerk @Uppolice @kaushambipolice|
155659213|403374589|1176136132020457473|@Andromeda_JY this might be just sulking as payments stopped for now !|
155659213|403374589|1176002568595492864|@DharmicFundoo @ProfMKay correct ! and we have already seen that in the past during 65/71 wars. And very carefully the Russia-China-India alliance is in the works So #ALLIN|
155659213|403374589|1175999632834355200|@DharmicFundoo @ProfMKay perfect analysis ! And the gambit if at all is a well calculated one. Not much to loose even if things go totally wrong in US elections|
155659213|403374589|1175998296822673408|@JagranNews @narendramodi @BJP4India @INCIndia मोदीजी की विदेश नीती #INC की समझ के बाहर की बात है। मोदीजी को पूरे भारत का समर्थन है क्यूंकि ये विश्वास है कि वो जो करेंगे भारत के हित में करेंगे। कांग्रेसी नेताओं को सुझाव है - चिदंबरम से मिल लें तिहाड़ में। मालकिन और कठपुतली भी जा रहे हैं। पता नहीं कौन कौन बलि का बकरा बनेगा।|
155659213|403374589|1175985607572459520|@noconversion i would love to be part of your campaign|
155659213|403374589|1175984175800709120|@sunandavashisht @balamy Right Maam . Only the fortunate get to witness such Pivotal moments of History|
155659213|403374589|1175981957160697856|@BeadsGras @peterpobjecky @Russ_Warrior Thanks for the kind words Sir|
155659213|403374589|1175980185352462336|@BeadsGras @peterpobjecky @Russ_Warrior Well Done. US is up ahead in the renewable / alternate energy curve plus it has its own reserves.. the rest of the world is catching up. In India we have planned to have ZERO new cars running on petrol/diesel by 2030|
155659213|403374589|1175850963195715584|@realDonaldTrump Thank you Sir for the kind words for our beloved PM Modi ji. And double thank you for standing strong in the fight against 'Islamic Terrorism'|
155659213|403374589|1175849604899733504|What we have witnessed today is simply ExtraOrdinary and  cannot be defined in words. The next few years will spell out the immense Power that this day has generated. So brace yourselves and enjoy#HarHarMahadev #HowdyMody|
155659213|403374589|1175817188864708609|@srini_hariharan coming soon -&gt; #MandirWahinBanayenge|
155659213|403374589|1175783651906162689|@realDonaldTrump Thank You for the honour Sir|
155659213|403374589|1175753300999688192|@peterpobjecky @Russ_Warrior a small hiccup in Oil supplies to the World gave a nightmare to all last week.. A full scale war with KSA &amp; Iran involved .. Imagine the situation.. No Oil|
155659213|403374589|1175751994218180616|@USGOVIgnorance @Russ_Warrior 🙂 . You are dead right there. But years of war was bad for the Vietnamese too specially when all those bombs were exploding in there towns/villages/cities killing innocent people and destroying valuable infrastructure.|
155659213|403374589|1175737178158030850|@Russ_Warrior whether the US can win a far against Iran or not.. Iran will be destroyed just like Iraq Afghanistan Syria parts of Turkey etc So this is hardly a case of showing Ego or OneUpManShip|
155659213|403374589|1175692845954416640|'Silence of the Good' is that one weakness of any society which leads to the inevitable collapse of all systems within it https://t.co/RW4paz6XN5|
155659213|403374589|1175653451138662400|@saket71 @gauravcsawant Yep :-) https://t.co/P8FnVy8JW1|
155659213|403374589|1175652919498039297|@saket71 @gauravcsawant Sir another photo of rains in Houston in the last 2 days.. https://t.co/wq2Otawkqh|
155659213|403374589|1175650328345108480|@saket71 @gauravcsawant https://t.co/GReOZ93eFw|
155659213|403374589|1175468901951401984|#WordsOfWisdom https://t.co/IfbSUXsqNC|
155659213|403374589|1175452037821001728|@gunjitsingh @Tambi_Dude @KZalmay next month #FATF meet may hurry up the 'Gernail coming'|
155659213|403374589|1175403517013397504|@anonBrook fantastic|
155659213|403374589|1175377036061237248|India gifts 1 MIllion USD worth Solar Panels to the @UN and PM #Modi will inaugurate this 'Gandhi Solar Park' at #UN HQ in the coming week #HowdyModi https://t.co/KBZxcr16CO|
155659213|403374589|1175293604442468352|@_ugra_ @SplendidlyDull Trolling this celebrity is one thing, but should we not be alarmed if this is the state of common knowledge of seemingly educated &amp; well-off people of our society ? Something might be going terribly wrong somewhere. Maybe too many Soap-Operas &amp; junk on TV|
155659213|403374589|1175291274682757121|यहाँ मच्छरों की समस्या है और बिजली की भी लेकिन आज़ादी है और हम सुरक्षित महसूस करते हैं। यहाँ हमसे कोई धर्म बदलने को नहीं कहता  - दिल्ली के शिविरों में रहते पाकिस्तान से आये हुए हिन्दू शरणार्थी https://t.co/NJh0X54K9V|
155659213|403374589|1175287949778243584|Its the turn of Indian INC now . The stage is set The future beckons and the aim -&gt; 5 Trillion USD #NirmalaBoostsMarket #HowdyIndianEconomy|
155659213|403374589|1174963790846124038|@SuPriyoBabul @rvaidya2000 This incident is highly condemnable but hardly surprising for anyone who has seen SFI &amp; other leftwing student bodies operating specially in their campuses. Such incidents are stepping stones to success in in-campus and later out-of-campus politics and are seen as bravado|
155659213|403374589|1174937610982023168|@dixit600 @Indorie_ @narendramodi Of course ! The confidence of the fastest growing economy and a small +ve step has such remarkable results proving it beyond doubt the potential underlying the 'Volcano' of possible economic growth in the coming years|
155659213|403374589|1174929256394055680|@dixit600 @Indorie_ ab umeed hai thodi shanti milegi kuch aatmaon ko jo mandi mandi mandi ki rat lagakar dimag ka dahi kar rahe the|
155659213|403374589|1174921966949560321|@dixit600 @Indorie_ ye point to kal hi leak ho gaya tha|
155659213|403374589|1174921881654198272|@dixit600 @Indorie_ it should fly now.. irrespective of Gulf-oil problems / US-China deal / Kashmir issue|
155659213|403374589|1174921163799052289|@Indorie_ @dixit600 https://t.co/XC53LzOQMq|
155659213|403374589|1174917856699379713|@dixit600 @Indorie_ lo ji .. ho gayi|
155659213|403374589|1174880099306373120|@Patriqtscott @SplendidlyDull A virus transcends all boundaries oceans mountains ..  its the virus's job|
155659213|403374589|1174879409183944704|@Kaushikyegnan @ShaileshTewarie my goregaon friend still insists its nothing but rumour|
155659213|403374589|1174870429879504896|Amazing idea which should be replicated across the country https://t.co/jIDQGbmMMx|
155659213|403374589|1174869614389428230|kuch to hua tha kal. and just last week Rajnath ji had mentioned #BioWpns @ShaileshTewarie @kaushikyegnan https://t.co/1gKS5OrUp0|
155659213|403374589|1174761723355492352|@Kaushikyegnan @ShaileshTewarie could have been a drill|
155659213|403374589|1174756932537552896|@Kaushikyegnan @ShaileshTewarie nothing in regional news anywhere yet .. lets hope it must be some localised matter|
155659213|403374589|1174752340764549120|@Kaushikyegnan @ShaileshTewarie i just talked to a friend in Piramal Ngr, Goregaon (W) .. he / family havent heard any of this yet|
155659213|403374589|1174735671010852864|@GuptaG_  your answer https://t.co/mzFXJdUGcs|
155659213|403374589|1174690979036708864|@GuptaG_ @BajpayeeManoj whose manager ? you mean the social media account manager of shri Manoj Bajpayee ji ?|
155659213|403374589|1174689929290498051|@dixit600 @Indorie_ the contracts must be run monday to friday in my opinion|
155659213|403374589|1174689660062392320|@dixit600 @Indorie_ intraday games should not be played by retailers anymore without understanding the technicals.. specially this weekly expiry has changed the nature drastically .. Thursday to Thursday contracts is a crime if you ask me .. with a 2 day holiday ... so many retailers get jacked|
155659213|403374589|1174682656199585792|@BajpayeeManoj Used to have lot of respect for you but Unfortunate to see you join this gang and talking so irrationally|
155659213|403374589|1174678880730275841|@dixit600 @Indorie_ many of these midcaps may not be worth there salt. Even the promoters dont want the share price maintained it looks like|
155659213|403374589|1174652393058783233|@Indorie_ @dixit600 hmm .. Yes &amp; No .. maybe the idea earlier was to sort of keep the share holders apprised of the financial status .. but in this age of 24X7 technology .. each day becomes a result season .. Owner get cold and prices go down.. Owner has a kid and prices go up :-)|
155659213|403374589|1174641468603916289|@SplendidlyDull that is the crux of it.. . Family rule &amp; stranglehold is finished for good.  + CJI Gogoi has been a revelation|
155659213|403374589|1174636762032824320|@Indorie_ @dixit600 plus anyway on a 2-5 year horizon things are very positive|
155659213|403374589|1174636540913283073|@Indorie_ @dixit600 yep .. but DIIs buying big time .. Oct Results season may be bullish and they will mint|
155659213|403374589|1174635843069202433|@Indorie_ @dixit600 isi baat par kal 200+ rally in Nifty..|
155659213|403374589|1174610499624787968|@farmerinexile @Indorie_ @dixit600 Stock Market|
155659213|403374589|1174601446076993536|Ram Naam Satya hai  @indorie_ @dixit600|
155659213|403374589|1174578811309977603|@AmitoshJaiswal @_antithesis_1 great ! i come to Palia very often.. we stop there at PWD guest house in the night and in the venture in the forests during the day|
155659213|403374589|1174559557298708480|@AmitoshJaiswal @_antithesis_1 you are from Lakhimpur / Palia side ?|
155659213|403374589|1174559353627561985|@AmitoshJaiswal @_antithesis_1 ptr abhi bani hai .. over all administration abhi bhi Dudhwa ke under hi aata hai.. Mailani Katarniya Ghat Pilibhit Chuka Sonaripur|
155659213|403374589|1174512188964229120|@CestMoiz Good Morning Sir, can Amnesty reports be trusted at Face Value ? It rarely shows the other side of the coin|
155659213|403374589|1174510171940241409|ॐ नमः शिवाय https://t.co/Kv1MHOAAgJ|
155659213|403374589|1174263934469181442|@profpaVarghese thanks for the kind words Professor !|
155659213|403374589|1174224755429449728|@HMOIndia @DefenceMinIndia @rajnathsingh Sirs please take note of this 'propaganda' warefare on Social Media by our 'dearest neighbour' https://t.co/J98mJKSfET|
155659213|403374589|1174224191111012352|@MahiHerambha Ram Ram Mahesh ji|
155659213|403374589|1174129976766943237|Powerful #Crooks getting away from the clutches of the Law leads the society astray from the path of righteousness and dubious paths to success are considered 'OK' . The Judiciary must think about the bigger role it has in society as a cleanser and beacon of 'the Good' https://t.co/JCjDn9oylD|
155659213|403374589|1174128113980035079|are Hydrogen fueled vehicles better off than Electrical vehicles which take hours to charge ? China/Japan/Korea seem to be  moving towards them -&gt; https://t.co/9rlRGAKpG4@PMOIndia|
155659213|403374589|1174126148134957056|@RitaPanahi @kantikshah @theheraldsun But Pakistan, the great ally of the West specially the UK &amp; US, is the garden of Eden itself.|
155659213|403374589|1174125408201003009|@rtehrani its horrible|
155659213|403374589|1173956917892280321|Now what ? @indorie_ @dixit600 https://t.co/VozJSHbR1K|
155659213|403374589|1173955179902726144|@indorie_ @dixit600 https://t.co/MNvxRQUIoz|
155659213|403374589|1173914557695160320|@Indorie_ @dixit600 @Cawnporiaah Wishful thinking - Statement by Saudi Govt that all is Ok and the facility will be restored in 3-4 weeks+Trump-Rouhani meeting &amp; Iran's oil starts coming + China-US reach some understanding + some new product(s) drive consumption .. + rainfall has been good|
155659213|403374589|1173913144411836416|@Indorie_ @dixit600 @Cawnporiaah yep right ! many +ves -ves at the same time|
155659213|403374589|1173912189385576449|@TimesNow अब राम मंदिर निर्माण जैसा शुभ कार्य भी मोदी जी के हाथों से ही होना है तो ऐसे ही सही जय श्री राम #HappyBirthdayPMModi|
155659213|403374589|1173900851808571393|@dixit600 @Cawnporiaah is it just cyclic / range bound ? 10700/10800-11100 or something more sinister.. @Indorie_|
155659213|403374589|1173882610482696192|Sir. @narendramodi  A very happy birthday to youAlternate Energy sources &amp; The Electrical Vehicles project should be given more impetus now.  This madness in the Oil producing world may lead to a huge crisis. Those who want to live in StoneAge let them but we should move on|
155659213|403374589|1173792979267358721|The only wish &amp; prayer to Mahadev is to give you good health for years &amp; years as India need a sculpture like you#HappyBdayPMModi|
155659213|403374589|1173693288588537857|@electivenow 1/4 ? seems unlikely. Canada is already seeing signs of radicalisation with certain so called 'reformists' providing covering fire|
155659213|403374589|1173680680091275264|@artistrishika @narendramodi @NileshShah68 @prasanta_verma @SonunigamsingH @BeingAmitBajpai @modivanibharat @harshmadhusudan @DPM_Vipul @anuraag_saxena @shivkmishr @Shravanjhaji @actormanojjoshi @HindustaniTweet @ImDrARB Very Nice.|
155659213|403374589|1173615440767139840|@aveeksen whats your take ? who is behind it ?|
155659213|403374589|1173603801120460801|@loosebool it seems she in the 'Millionaire club'|
155659213|403374589|1173603507556868099|@BBCHindi Genocide for a thousand years with a latest chapter being Kashmiri Pandits .. Please do an article on the real silent sufferers of Jammu &amp; Kashmir sometime -&gt; https://t.co/XxGaFJ54P0|
155659213|403374589|1173601541871132672|@_antithesis_1 could a local variation in the name.  We had spotted the Himalayan pied HornBill there years back. the trip was -&gt; Delhi-&gt;Kotdwar then bus to Rathua Dhaab .. Hathi Chaud Haldu Padao|
155659213|403374589|1173598320343670784|@_antithesis_1 If UP is Ok . then try  Chooka .. part of Dudhwa Tiger reserve .. the Sharda reservoir is there.  Pristine forests and hardly any tourist goes there .. en route to Nepal via Madho-Tanda|
155659213|403374589|1173597576496476162|@_antithesis_1 sorry that was HalduPadao for tiger sighting .. Kotdwar is the route|
155659213|403374589|1173596908717133826|@_antithesis_1 RathuaDhaab too... + Kotdwar great for Tiger sighting|
155659213|403374589|1173539613538844672|@dixit600 @gopimaliwal @Cawnporiaah @gopimailwal ji whose "Mission Accomplished" ? The CIA is on the lookout|
155659213|403374589|1173359545185226753|There seems to be a desperate attempt to blame Iran for the #droneattack .. sounds similar to the WMD din created before invading Iraq https://t.co/tDj5WDt6dS|
155659213|403374589|1173358227683037185|Brent up by 12 % .|
155659213|403374589|1173290756171108352|@parkash_heerani If possible they should shift to India at the earliest|
155659213|403374589|1173290143576231937|@rao_nava @56perumal the surcharge seems to be for cash withdrawls/deposits at the banks .. not on ATM withdrawls|
155659213|403374589|1173239141087080449|@Aanjaneyaa1 @deepscribble @MinerwaU 😤|
155659213|403374589|1173234268954214406|@dubeyvivek85 @NavroopSingh_ @MinerwaU Interesting Observation - just last week Trump showed willingness to talk to Tehran without any pre-conditions .. and now this attack ...  #AmericanArmsLobby controls foreign policy|
155659213|403374589|1173225306867429376|@dixit600 @Indorie_ Fuel prices have already zoomed .. Petrol is 74 + in Lucknow today|
155659213|403374589|1173220655711412224|@ahindu_ you mean Joint Family system ..|
155659213|403374589|1173209847979892736|@NavroopSingh_ @MinerwaU Conspiracy Theory - Its Pakistan .. not happy with Aramco's 75 billion USD investment in India .. + Iran under sanctions Saudi Oil supply cut .. Fuel prices in India will rocket disturbing the economy|
155659213|403374589|1173209033940983809|@itstheASK @akshaychat every idea cannot succeed .. even VCs invest in 'n' ventures knowing that 'x' will flop but 'n-x' will recover the losses and provide the profits .. so the money has to move around. Hoarding in cash hurts no doubt but in banks or MFs or FDs is money moving around|
155659213|403374589|1173201265754398720|@deepscribble @MinerwaU These scars are yet to be noticed let alone healed .. The world has very craftily brushed it under the carpet Those who do acknowledge it term it as Pakistan Vs Bengali issue subtracting the Hindu genocide very quietly|
155659213|403374589|1173199788537339905|गयी भैंस पानी में @Indorie_ @dixit600 https://t.co/p5uFjNX5kn|
155659213|403374589|1173198857586372608|@gopesh2009 @_antithesis_1 Pune is a different Zone + geographical location .. Deccan plateau / Sahyadris may be a reason|
155659213|403374589|1173192007398776833|@_antithesis_1 number of trains/flights has increased mani-fold no doubt but just too many people.. specially in Mumbai-Lucknow sector|
155659213|403374589|1173191256446365697|@_antithesis_1 we are so used to facing this trouble that we hardly care .. its part of life for those who live away from hometowns|
155659213|403374589|1173180639811518464|#DroneAttack in Saudi Arabia will pass us by like the Asteroids or will it cause a major Disruption ? @dixit600 @Indorie_|
155659213|403374589|1173169147783434240|@itstheASK @akshaychat Well said. Money moving around is a win-win|
155659213|403374589|1173167658050572290|@akshaychat Its a tricky question ! A few points to pondera) Who exactly is bleeding ? VC Evaluator Merchant-Banker Promoter Employee Customer Vendor Govt .. b) What is the source of this seemingly 'infinite' money ? c) Why cry when Evaluations/VC funding is the business model|
155659213|403374589|1173124634822115328|"Shut oil output in Saudi Arabia ??? " https://t.co/SWmIbhbbCx|
155659213|403374589|1173123009940353024|@rishibagree Such real estate scams are the bread &amp; butter of many politicians in India .. specially at the state level. Of course #Amravati is at a different level with the 'honourable' CBN involved|
155659213|403374589|1173116316409970689|@Francesgracella @Cawnporiaah Can we dare to imagine the thoughts &amp; feelings of these guys who are actually involved in this heinous act ?  Do they take drugs ? How do they go back home to their children ?|
155659213|403374589|1172929258798235648|@dixit600 @TarekFatah @ShaileshTewarie @Raptors @Nike providing covering fire|
155659213|403374589|1172926849233502208|@TarekFatah @ShaileshTewarie @Raptors @Nike Role of the 'Islam Reformists' in destroying Canada will get evident soon|
155659213|403374589|1172923883722137600|@dixit600 @Cawnporiaah + predicting any movement for Mon morning on a Sat eve is what it is|
155659213|403374589|1172922724177469441|@dixit600 yaar i only trade in nifty options ( intra-day/week/month )  .. other than of course long term stocks BTW your depth of understanding in how things happen is very profound|
155659213|403374589|1172835124901105666|@LevinaNeythiri @A31X64Vijay please connect if you are still experiencing problems with your blogsite.|
155659213|403374589|1172767798298206208|If only we could imbibe 10 % of this niceness in us the world would be a heaven https://t.co/jgBCphwBpl|
155659213|403374589|1172748424963190784|@indiatvnews Disgusting to say the least. Should and will be opposed tooth and nail|
155659213|403374589|1172735873118392320|The stature of India rises https://t.co/del9VXYe2U|
155659213|403374589|1172567063212118016|@dubeyvivek85 People like Shahid Afridi are destroying any hopes that might still be there for reconciliation with Pakistan|
155659213|403374589|1172565739003236352|@TarekFatah @BJP4India @iamthedrifter This disease has found its cure and soon will be eradicated|
155659213|403374589|1172543659809525760|@KiranKS 100 % is a bit too much|
155659213|403374589|1172468363609554945|@_antithesis_1 🙃|
155659213|403374589|1172459893753729024|@dixit600 @Indorie_ Yes. lots of positives all around + many negatives disappeared suddenly|
155659213|403374589|1172452656704417794|@_antithesis_1 the amounts are too huge.. they should be reduced that's all.  common man not used to paying those kind of penalties.|
155659213|403374589|1172452053462896640|@TarekFatah @swaroopvaidya78 @IndiaToday Whats new in this Sir. They have doing this for decades|
155659213|403374589|1172451755717562369|@vikasbha @SaffronSangh @Chh_Udayanraje @Dev_Fadnavis @BJP4India NCP mein koi bacha hai kya ? sahab ke alawa  😁|
155659213|403374589|1172451032409890817|it can be safely said that the downward movement over now. @dixit600 @Indorie_|
155659213|403374589|1172450398587650049|@_antithesis_1 ground reaction is not good.|
155659213|403374589|1172394569150763008|@shivkmishr Future/Options trading allowed honi chahiye. Insurance should also be allowed.|
155659213|403374589|1172394220688039937|@netblocks @sreeniv51294598 Why will Pak shut down Internet services when the protests are against India ?? talk some sense|
155659213|403374589|1172393041056825344|@vikashroy @Cawnporiaah @deepkhan82 @EconomicTimes in 2010/11 there was an E-comm firm called Burpp in restaurants evaluation/feedback segment and had lot of 'data'. a certain employee stole that data and gave to another firm and then later joined it too|
155659213|403374589|1172390199663329280|@manakgupta @swaroopvaidya78 Bhaktiyar Khilji used similar logic to burn down Nalanda University. He argued - why are 3 MIllion books needed.. there is only 1 book which is relevant|
155659213|403374589|1172389160205684739|@ethan_mi7 ye kya bakwaas spread kar rahe ho aap ?  Brahmin Vs Sikh . UP vs Punjab ..  karna kya chahte ho ?|
155659213|403374589|1172386801480192001|@turrant Too much 'incentivisation' of the scientific community has lead to countless 'pharma frauds' / fear-mongering like 'Global Warming'  and if i may say so.. 'WMDs'|
155659213|403374589|1172209484275445761|@DizisSANDY @ShaileshTewarie @BloodDonorsIn @BloodAid city ?|
155659213|403374589|1172190800068767745|The developed world whose 'development &amp; industrialisation' has been financed to a large extent by the loot accumulated by the British from India  @crimesofbrits https://t.co/0A7UotafNZ|
155659213|403374589|1172178263684157444|@dixit600 @Indorie_ https://t.co/JSEVAYYD7G|
155659213|403374589|1171986082965016576|@ProfMKay same thing became true for homes long back. Saturation. All those who could get home loans have already got them and very very few can take a 2nd one.  + home prices are definitely not encouraging for common people to buy|
155659213|403374589|1171616887207186432|@TOLOnews @sreeniv51294598 thats bad news for peace in the Sub-Continent !! but worst for Pakistan whose plate of sweets seems to have overturned suddenly|
155659213|403374589|1171448075442782209|@Being_Vinita @ssingapuri 7/25 is HUGE https://t.co/KxvfIidYes|
155659213|403374589|1171440713587838979|@Indorie_ @dixit600 @Cawnporiaah https://t.co/71kGqva9Di|
155659213|403374589|1171439056045006848|Trend reversal in Markets ? Or just a temporary phase The support at 10800/10850 has been rock solid@dixit600 @Indorie_ @Cawnporiaah|
155659213|403374589|1171402439339204608|@Cawnporiaah @EconomicTimes The parking area cost is also very discouraging in Metros for the 2nd car|
155659213|403374589|1171310769301966848|@VinayakHarsh7 @PiyushSingh83 @SUHRUTH2007 @RealMediaCrooks @onetiponehand_ @KapilMishra_IND @CharuPragya @kapil73vats @meghdootindia @Aadishakti_101 @narendrapjoshi @Kashmir_suneel @vinirish attend RSS Shakha every morning|
155659213|403374589|1171296602142588928|@narendrapjoshi @PiyushSingh83 @SUHRUTH2007 @RealMediaCrooks @onetiponehand_ @KapilMishra_IND @CharuPragya @kapil73vats @meghdootindia @Aadishakti_101 @Kashmir_suneel @vinirish Nobody's daughter/sister/family must be publicly ridiculed like this. Naxal or Not.|
155659213|403374589|1171294865763622912|@PiyushSingh83 @SUHRUTH2007 @RealMediaCrooks @onetiponehand_ @KapilMishra_IND @CharuPragya @kapil73vats @meghdootindia @Aadishakti_101 @narendrapjoshi @Kashmir_suneel @vinirish Dragging people's families and sharing there profiles across public platforms is disgusting to say the least|
155659213|403374589|1170580392014778368|@desertfox61I @MinhazMerchant well summed Sir ! They too realise that and hence are threatening 'nuclear suicide' every now-n-then hoping that the world will get scared and bail them out yet again|
155659213|403374589|1170578146560634881|@coolfunnytshirt lovely ! tfs|
155659213|403374589|1170562837049036800|@samikm_2003 Yes. Thats what it looks like. But there are no easy formulae available for 'fixing' Pak . Whatever done will be long &amp; painful|
155659213|403374589|1170554575549427713|Sri Lankan cricket players refuse to visit Pakistan for their upcoming series and rightly so in the backdrop of the #EasterBombings whose wounds have not healed yethttps://t.co/YAEEtyc9Gd|
155659213|403374589|1170553341216055296|the definition of peace for the likes of #Taliban and other Pakistani bred jihadi groups is very different from what the Oxford dictionary says. First &amp; Foremost the Jihadi factories in Pakistan have to be shut down otherwise this violence will never stop https://t.co/r2HiLC1Ho1|
155659213|403374589|1170394940683083776|@dixit600 all ok ? khatarnaak mood|
155659213|403374589|1170394764140670977|@Capilbhargava :-) . The results of the research of Vikram &amp; Chandrayaan-2 are/were awaited by the entire world. The entire launch was on live broadcast with other space agencies keeping track|
155659213|403374589|1170393746392801280|@TVMohandasPai @nitin_gadkari @PMOIndia @narendramodi @sanjeevsanyal @SubramanianKri Agree ! The new fine structure is grossly unfair and is bound to increase the common man's headaches + cause rampant rise of malpractices like using fake registration plates|
155659213|403374589|1170355698003144705|Mind Boggling research work that #Chandrayaan2 will carry out in the coming months https://t.co/O3SzrUFFoc|
155659213|403374589|1170351001372463105|@vetriii @news18dotcom those with genuine IDs cannot be excluded..|
155659213|403374589|1170348245790314496|@news18dotcom @vetriii The concern is genuine but not withstanding as these Hindus will get Indian citizenship via the CAB bill.|
155659213|403374589|1170300102432264192|@Dr_Uditraj @isro Are you real ?|
155659213|403374589|1170223195934248960|#WordsOfWisdom https://t.co/z7PtZ89QwP|
155659213|403374589|1170214613092167681|@indiatvnews Thanks India for choosing well.|
155659213|403374589|1170094537819078656|It can be safely concluded that :- A parallel success of the #Chandrayan2 mission is the inspiration that it has given to countless children and youth to pursue the path of Science|
155659213|403374589|1170078629813874688|@anonBrook not just that.. i feel the next mission budget has been Okayed in principle .|
155659213|403374589|1170077728319492096|@anonBrook great gesture from Modi ji .|
155659213|403374589|1170077561281339392|@anonBrook yeaah .. 😂|
155659213|403374589|1170076059787640833|@anonBrook Yahoo !!!|
155659213|403374589|1170074581287104512|@anonBrook yep.. well #Apollo mission had many failures before it succeeded .. we have almost reached in the 1st attempt itself|
155659213|403374589|1170072760711647232|@anonBrook kuch gadbad lagti hai ... #Hollywood movie climax jaisa hai|
155659213|403374589|1170071528777469952|Tense|
155659213|403374589|1170025980695441408|As #IndiaMakesHistory by conquering the skies, #Pakistan stares at a further downward slide in its ,already in tatters, economy https://t.co/po8g39zsO8|
155659213|403374589|1169561508243595264|What peace is the US trying to find with such people  @POTUS . Can the taliban even control there cadre who understand only militant jihad ?     https://t.co/i7mJCRrr3C|
155659213|403374589|1169300592688160769|@ThAlkaSingh @Rajput_Ramesh @sardanarohit @manakgupta @chitraaum @anjanaomkashyap Strange ! if she can make a video and upload on the internet she should also be able to communicate with the police @Uppolice|
155659213|403374589|1169297890931433473|All the best ! https://t.co/26OcXz9gKH|
155659213|403374589|1169263445050417152|@asadowaisi What if the persecution itself is based on religion ? Which seems to be the case with Hindus Sikhs Xtians Parsis Buddhists Jains etc in Pakistan &amp; Bangladesh ..|
155659213|403374589|1169191162558595072|@sujitmohan88 @Bhuvan_Bam @IndiaWeatherMan @SkymetWeather @mumbaitraffic @Suparna_Singh shit ! this is bad|
155659213|403374589|1169091618428706817|@Cawnporiaah theatre of the absurd|
155659213|403374589|1168849122033451008|Will Pakistan try to re-fuel the #Khalistan movement ? https://t.co/1GOre5Nqhp|
155659213|403374589|1168729736928870401|@WeekendInvestng @colkt @nitin_gadkari thats true|
155659213|403374589|1168706626485776385|@TarekFatah Why are so many people commenting over a 2016 article ?|
155659213|403374589|1168702430781091840|@pGurus1 @NewsX @rvaidya2000 1.Cut in payments made to rouge countries like Pakistan2. The Myth that - 'Civilisation was brought to the world by Islam' as is written &amp; sadly still 'believed' by most western writers/thinkers who till date havent heard of the Indian or the Chinese ancient cultures|
155659213|403374589|1168701532860076032|@WeekendInvestng @colkt @nitin_gadkari The verification process will be a nightmare. An observer's  position may not be able to capture the full scenario hence justification of a violation may not be possible.Also most cities are covered or getting covered by CCTV now|
155659213|403374589|1168590784150396929|@geonews_english what a joke|
155659213|403374589|1168574779202265088|The desperation of certain biz channels hell bent to prove that 'doomsday' is coming as far as the economy is concerned is nauseating|
155659213|403374589|1168372580203413504|#GanpatiBappaMorya|
155659213|403374589|1168372459994632192|@AartiUSingla Vultures get attracted to the smell of carrion and death. Health &amp; Liveliness hardly reaches our MetroCentric MSM|
155659213|403374589|1168207297073446913|@IsraeliPM All the best Sir. Its is well known that Israel knows how to deal with such elements &amp; we in India are confident that you will emerge victorious|
155659213|403374589|1168045929682759680|@MajorPoonia Sir, hardly anyone takes #DiggiRaja seriously now. Not even the die-hard Congressmen. MP Congress wanted him to stay away from campaigning during 2019 GE as #INC lost votes where ever he went|
155659213|403374589|1168025425643110401|@AkhilaPadhi Many govt Loan schemes for establishment of small businesses/shops etc were floated for certain 'specific castes'|
