155659213|2957682932|1177590023354384389|हमने दुनिया को युद्ध नहीं, बुद्ध दिया है @narendramodi #UNGA2019 ......|
155659213|2957682932|1177580486463377408|@manojkumarmukul Wah|
155659213|2957682932|1177245724171366401|आपको जाकर पीड़ित परिवार से मुलाकात करनी चाहिये.अभी तो चुनाव भी नहीं है,आप खाली होंगी मायावती जी- जिनकी जान गई है वो युवक नहीं, बच्चे हैं.. https://t.co/mDIQSpqMt3|
155659213|2957682932|1177177067454001152|एक समाज के तौर पर हम कितने खोखले हैं,उसकी तस्दीक़ कर रही है ये खबर..छोटे बच्चों पर लाठियों से हमला.सिर्फ इसलिये की खुले में शौच के सवाल पूछने पर वो चुप थे.डर गये थे.जानवर जैसा व्यवहार करने वाले ऐसे लोगों के खिलाफ बिलकुल सख्त कारवाई होनी चाहिये.घृणा से भर देने वाली ये खबर है.😞 https://t.co/z0UjKcdnav|
155659213|2957682932|1177058918024921088|राहुल गांधी 2 अक्टूबर को महाराष्ट्र के वर्धा के गांधी आश्रम से पद यात्रा की शुरुआत करेंगे. महाराष्ट्र कांग्रेस के नेताओं को इस कार्यक्रम की तैयारियों के लिए कहा गया है. इसके साथ ही महात्मा गांधी की 150 वीं जयंती पर कांग्रेस पूरे देश में पद यात्रा निकाल रही है,21 को यहाँ चुनाव है.|
155659213|2957682932|1177058629486141440|महान समाज सुधारक, शिक्षाशास्त्री एवं स्वाधीनता सेनानी ईश्वर चंद्र विद्यासागर जी की जयंती पर शत्-शत् नमन।🙏🏻🙏🏻|
155659213|2957682932|1177040081682481152|हजारों जवाबों से अच्छी है मेरी खामोशी, ना जाने कितने सवालों की आबरु रखी..इस शेर के जरिये मीडिया के सवालों का जवाब देने वाले पूर्व PM डॉ मनमोहन सिंह जी को जन्मदिन की शुभकामनायें.हम सब कामना करते हैं कि आप स्वस्थ्य रहें,दीर्घायु हों💐🎂 https://t.co/PpINCLViJU|
155659213|2957682932|1176846172792573953|https://t.co/HcS2mIin0q|
155659213|2957682932|1176840691617427457|इतिहास के 50 वायरल सच- इस किताब के लिये #विष्णु_शर्मा जी को बहुत बधाई..यकीनन इसके जरिये ना सिर्फ इतिहास की सही जानकारी मिलेगी,बल्कि गलत तथ्यों को भी दुरुस्त कर ये हमारा मार्गदर्शन करेगी. 💐👏🏼 https://t.co/uhWO38FHxU|
155659213|2957682932|1176516994809520128|रात 10 बजे से लगातार .......आजतक पर https://t.co/R6e9EPufHa|
155659213|2957682932|1176515271441338369|भगवान #राम का हमारे जीवन में क्या महत्व है,गांधी के राम कैसे थे? जरुर सुनें @rashtrapatibhvn को....(अब तो फैसला भी आने वाला है ☺️☺️) https://t.co/xif54RK0mO|
155659213|2957682932|1176501152554242049|कुछ लोग पुरस्कार की शोभा बढ़ाते हैं. @SrBachchan #दादा_साहेब_फाल्के_अवॉर्ड के लिये बहुत सारी बधाई सर.💐💐☺️☺️आप दीर्घायु हों और हमेशा स्वस्थ्य रहें. https://t.co/cVriT5gVOu|
155659213|2957682932|1176474151227289600|प्याज़ जितना महँगा है उसे देखते हुये रुमाल में ही ख़रीदना पड़ेगा..बाक़ी सांसद को तो मोल भाव वैसे भी नहीं करना चाहिये..मोलभाव तो उनके लिये है जो हर रोज़ थोड़ा कमाते और ख़र्च करते हैं ... https://t.co/8tJYkelzek|
155659213|2957682932|1176470951552118785|इतना घटिया कैसे सोच लेते हैं आप? आपकी पार्टी आपकी गंदी सोच से कत्तई इत्तफाक नहीं रखेगीआतंकी हमला?अरे इस देश की सुरक्षा/हिफाजत के लिये जान देना सीखा है मैंने NCC मेंइतनी गंदगी फैलायेंगे मुझे टैग करके, तुरंत ब्लॉक करूंगी आपको.@bhupeshbaghel अपने घटिया प्रवक्ता को संभालें https://t.co/IWRBreyS7r|
155659213|2957682932|1176450693370003457|और आप लोग? https://t.co/IIQVjGpQoB|
155659213|2957682932|1176423352476393480|सिर्फ एक सरकार ही जिम्मेदार क्यों? केंद्र-राज्य की खींचतान में आम महिलाओं की सुरक्षा की पोल खोलती ये तस्वीर है.क्यों ना माना जाये कि दोनों ही एक जैसे हैं? https://t.co/fSJlQXXDgd|
155659213|2957682932|1176154492229709829|Makeup is not a mask-Makeup is art.Makeup is passion.Makeup is expression.#Aajtak #MakeupRoom https://t.co/ON9GKsN08V|
155659213|2957682932|1176140627441938432|कल बीजेपी-शिवसेना की प्रेस कॉन्फ्रेंस होगी. देवेंद्र फडणवीस और उद्धव ठाकरे मीडिया से बात करेंगे. गठबंधन पर फैसला फाइनल हो सकता है. सीटों के बंटवारे की तस्वीर भी साफ हो जायेगी.सवाल ये कि दोनों बराबरी पर लड़ेंगी या शिवसेना को बीजेपी कम सीट देगी? @Dev_Fadnavis @AUThackeray|
155659213|2957682932|1176116655933382657|अबकी बार घाटी में मंदिर बनेंगे 50 हजार,कश्मीर में मंदिर बनायेंगे,देश को संख्या भी बतायेंगे,अनुच्छेद 370 के बाद सरकार का बड़ा फैसलाशाम 7 बजे @aajtak पर मेरे साथ देखिये- https://t.co/o2Cm0EspGQ|
155659213|2957682932|1175963909150236673|ख़बर है कि कांग्रेस अध्यक्ष सोनिया गांधी और पूर्व प्रधानमंत्री मनमोहन सिंह आज तिहाड़ जेल जा कर पी चिदंबरम से मिलेंगे.चिदम्बरम INX मीडिया मामले में न्यायिक हिरासत में है.|
155659213|2957682932|1175875726236479488|ट्रंप- इस्लामिक आतंकवाद का ख़ात्मा ज़रूरी है..#आतंकवाद_का_धर्महिंदुस्तान में इसको लेकर कंफ्यूजन की स्थिति थी,ट्रंप ने बता दिया. #HowdyModi|
155659213|2957682932|1175872464166871040|जो वृक्ष सबसे ज्यादा फलदार होता है,उसकी शाखा जमीन की ओर झुकी होती हैं.पहली तस्वीर यही बता रही है..#HowdyModi भारत चुनौतियों को टाल नहीं रहा,बल्कि उनसे टकरा रहा है- @narendramodi 👏🏼👏🏼 https://t.co/ljYcxyzstJ|
155659213|2957682932|1175869945663479808|#अद्भुत_अविश्वसनीय_अद्वितीय_अकल्पनीय_अविस्मरणीय_अनोखा_अपनापन_अपना_नेता_आत्मविश्वासी @narendramodi का वैश्विक मंच से शानदार भाषण हर हिंदुस्तानी को गर्व से भर देता है.यकीनन ये भरोसा देश को नई पहचान देता है.वो जो मुश्किलों का अंबार है,वही तो मेरे हौसलों की मीनार है.#HowdyModi https://t.co/7O3Sdxrfho|
155659213|2957682932|1175833113282236417|दस भाषाओं/बोलियों में पीएम ने बताया सब ठीक है- #HowdyModi https://t.co/AUrakDrgI2|
155659213|2957682932|1175809889580400642|#HowdyModi https://t.co/ZkgYZB9hqW|
155659213|2957682932|1175803039472476161|हर तरफ- #HowdyMody 👏🏼👏🏼 https://t.co/nX5f7Z9svz|
155659213|2957682932|1175784231248646144|डोनाल्ड ट्रंप भी मानते हैं @IndiaToday ग्रुप की ताकत. हमारी खबर को रीट्विट करते हुये ट्रंप ने की है @narendramodi के लिये दिल की बात- 👏🏼👏🏼☺️☺️ https://t.co/sPLezNHIFP|
155659213|2957682932|1175780178804400130|@manojkumarmukul @girirajsinghbjp 😀|
155659213|2957682932|1175777527521923072|शानदार वीडियो 👏🏼👏🏼💐💐 https://t.co/DLzXBYZ8ky|
155659213|2957682932|1175278577324945408|@DrKumarVishwas @SonyTV @KapilSharmaK9 @Krushna_KAS @BajpayeeManoj @TripathiiPankaj @JadeBlueFashion Wowwww👏🏼👏🏼|
155659213|2957682932|1175265413749297152|दो घंटे बाद महाराष्ट्र और हरियाणा के चुनावों की तारीखों का ऐलान होना है..दोपहर 12:00 बजे चुनाव आयोग करेगा प्रेस कॉन्फ्रेंस....#विधानसभा_चुनाव|
155659213|2957682932|1175107821840420864|बेहद निंदनीय है,पुलिस वालों को चोर/बदमाश और आम लोगो में कोई फर्क नजर नहीं आता क्या? एक पत्रकार को इस तरह से क्यों पीटा गया? उसने कौन सी गलती कर दी? @Uppolice @dgpup https://t.co/JKml47dMiY|
155659213|2957682932|1174990005875265536|जादवपुर यूनिवर्सिटी से LIVE शाम 4 बजे से मेरे साथ - #कोलकाता https://t.co/rtWtgUxB31|
155659213|2957682932|1174874039766016000|आपने #राम_भक्त कहा,उसे मैं विनम्रता से स्वीकार करती हूं,क्योंकि अयोध्या से मेरा पीढ़ियों का नाता रहा है.कांग्रेस अगर गांधी के विचार जिंदा रखती तो आज देश में नन्हीं सी ये पार्टी नजर क्यों आती? जिस कांग्रेस के अध्यक्ष खुद महात्मा गांधी रहे हों, वहां अध्यक्ष पर सूखा पड़ा है. https://t.co/JtDXiZs4bX|
155659213|2957682932|1174688738175328257|बच्चे की स्पीच शानदार है,लेकिन कुछ सवाल हैं-गांधी के #हे_राम से डर नहीं लगता था,लेकिन राम के देश में उनके मंदिर से इतना डर क्यों? किताबों से गांधी की कहानी/विचारों को कम किसने किया? 15Aug/26Jan/2Oct को स्कूलों में छुट्टी क्यों की जाती है?कट्टरपंथ की सियासत किसने शुरु की? https://t.co/VYIP6Z9k6x|
155659213|2957682932|1174654145157980160|@awasthis @LambaAlka @AamAadmiParty @Saurabh_MLAgk चुन-चुन कर फोटो लगाई है आपने 👌☺️|
155659213|2957682932|1174615492390047744|👏🏼👏🏼 https://t.co/oGosSeVfyn|
155659213|2957682932|1174614840691683329|मुस्कान में कड़वाहट नहीं है...☺️👏🏼 https://t.co/BYs7Wkv7n3|
155659213|2957682932|1174587970453569536|शुक्रिया सर, ऐसे ही लोगों की मदद आप लोग करते रहें.यकीनन सावित्री देवी को बहुत अच्छा लगा होगा.. https://t.co/zlkAhGbMXc|
155659213|2957682932|1174566214263279616|@tehseenp @mvadera Happy Birthday to your Dad @tehseenp 🎂💐|
155659213|2957682932|1174563530990739461|प्लीज मदद करें- ट्रेन से बच्चे को बाहर फेंकने का मामला है- @Uppolice @myogiadityanath @dgpup https://t.co/saqwDfsz9p|
155659213|2957682932|1174366311100502016|महिला कहाँ है? बच्चे की कोई फ़ोटो है? https://t.co/uaHVZ9Gcs4|
155659213|2957682932|1174287622098669568|पंकज जी को जन्मदिन की शुभकामनायें 🎂💐परसों आप अहमदाबाद वाली फ़्लाइट में ही थे,लेकिन मुलाक़ात नहीं हो पाई...@pankajjha_|
155659213|2957682932|1174286720700805120|करेक्शन- त्रेतायुग.. https://t.co/RZZv6dyozl|
155659213|2957682932|1174286192205955072|@DineshK56854293 अच्छा ...|
155659213|2957682932|1174275359459557377|सतयुग में जैसे 14 सालों का वनवास खत्म हुआ था,वैसे ही लग रहा है कि सदियों का वनवास अब कलयुग में खत्म होने वाला है.#जयश्रीराम #अयोध्या #सुप्रीमफैसले_का_इंतजार|
155659213|2957682932|1173983226437652480|रात 10 बजे गुजरात के वडोदरा से खास पेशकश मेरे साथ #आजतक पर,जरुर देखियेगा. https://t.co/vd0V8JR0rq|
155659213|2957682932|1173770737133314048|तैयारी है पूरी....#सरदार_सरोवर_बांधजिस बांध की आधारशिला पं नेहरु ने रखी, उसका उद्घाटन @narendramodi ने 2017 में किया.आज जन्मदिन पर उसी बांध पर करने वाले हैं मां नर्मदा की #महाआरती #गुजरात https://t.co/rNf58HX2TV|
155659213|2957682932|1173767335833784321|प्रधानमंत्री @narendramodi जी को जन्मदिन की अनेकानेक शुभकामनायें 💐आप स्वस्थ रहें और दीर्घायु हों,इसकी हम सब कामना करते हैं.. https://t.co/R5NUuvPyS5|
155659213|2957682932|1173641444189335553|https://t.co/pqMbIXViFK|
155659213|2957682932|1173554483919343617|प्रधानमंत्री के जन्मदिन पर गुजरात में जश्न की तैयारी- #अहमदाबाद मोदी सरकार के दो फ़ैसलों की गुजरात के लोग जमकर कर रहे हैं तारीफ़-1- अनुच्छेद 370 का हटाया जाना2- नया मोटर व्हीकल एक्ट https://t.co/jYq72W20lR|
155659213|2957682932|1173505693292191746|इन लाइनों में तो सारे रिश्ते समा जायेंगे👏🏼☺️ https://t.co/4QwMsQNy94|
155659213|2957682932|1173499537203138561|सरकार ध्यान दे- ट्रैफिक पुलिस जो घंटो खुले आसमान के नीचे धूल-धुएँ के बीच खड़ी रहती है उनके लिये #मास्क_पहनना अनिवार्य कर दिया जाये. दूसरों की सड़क सुरक्षा का ध्यान रखने वाले ये लोग गाड़ी के काले धुएँ से बीमारी का शिकार हो रहे हैं..@nitin_gadkari|
155659213|2957682932|1173497420627369985|😂😂 https://t.co/EZEAdUQtNr|
155659213|2957682932|1173134095141851137|@_SrivastavDisha @Kavi_Nirbheek @IpsAshish Badhai Disha :)|
155659213|2957682932|1172841710038245376|आज शाम 6 बजे #हल्ला_बोल में मेरे साथ-राष्ट्रभाषा हिंदी की मांग पर हायतौबा क्यों? मोती लाल नेहरु ने भी 1928 में राष्ट्रभाषा बनाये जाने की वकालत की थी.हिंदी का प्रभुत्व,क्षेत्रीय भाषा का अस्तित्व खत्म कर देगा? हिंदी पर हिंदुस्तानी लड़ेंगे,फिर दूसरों का मुकाबला कैसे करेंगे? https://t.co/bCPPZaMfiv|
155659213|2957682932|1172780019677945856|राष्ट्रभाषा हिंदी, बनेगी क्या? https://t.co/Cfwrc12K0A|
155659213|2957682932|1172772438926450688|सत्ता के शीर्ष पर बैठे लोग जिस भाषा को अहमियत देते हैं,उसी का प्रचार-प्रसार ज्यादा होता है.यकीनन पुरानी सरकारों के मुकाबले @narendramodi जी या फिर अटल जी ने हिंदी को जो मान/सम्मान/स्वाभिमान दिलाया,वो अभूतपूर्व है.अपनी भाषा में भावनाओं की अभिव्यक्ति मन की बात कहती है. #हिंदी_दिवस https://t.co/w8y7p4RPZr|
155659213|2957682932|1172482551643959296|@pandeymukul319 @vikrantgupta73 @cricketaakash @journopriyanka5 Congratulations Mukul 💐💐|
155659213|2957682932|1172360843217920000|ये वीडियो कब का है? @GauravDikshit4 अगर हाल-फिलहाल का है तो पुलिस की करतूत बेहद शर्मनाक है.लड़के के साथ छोटा बच्चा है.पुलिस वाले इतने निर्लज्ज और संवेदनहीन बन गये हैं कि उसके सामने युवक को लात-जूतों से पीटते जा रहे हैं.बेहद शर्मनाक,बेहद दुर्भाग्यपूर्णं @dgpup @Uppolice https://t.co/Xg4EqI4EgZ|
155659213|2957682932|1172354263911034880|@raaushanyadav @NitishKumar @Jduonline @aajtak @PrashantKishor @RajivRanjanJDU जी,जरुर।|
155659213|2957682932|1172341853120692224|पाकिस्तान को अलग से इंटरटेंनमेंट वालों की जरुरत नहीं पड़ती होगी,मंत्री ने ही लोगों को ठहाके मारकर हँसाने का काम ले रखा है.😂😂 https://t.co/Fj5xYTWyUy|
155659213|2957682932|1172337279093706752|देश में 21 करोड़ वाहन में दो पहिया वाहन 14 करोड़ से ज्यादा है.बाइक वाले कई बार सस्ता हेलमेट सड़क किनारे लगी दुकानों से खरीदते हैं जिनकी गुणवत्ता ठीक नहीं होती.हेलमेट खरीदते समय हमेशा ISI मार्क का ध्यान रखें.कपड़े थोड़े सस्ते पहन लें,लेकिन अपने सिर की सुरक्षा से खिलवाड़ ना करें 🙏🏻 https://t.co/TdpRWqXhHM|
155659213|2957682932|1172189080236392451|नितिन गडकरी जी की बातों को ध्यान से सुनें.... https://t.co/6LnrcS77G7|
155659213|2957682932|1172188064279490561|हमारा देश भी गजब का है.पहले मेंढक-मेंढकी की शादी कराते हैं,फिर दोनों का तलाक़🙄 https://t.co/5Lxm5HILMU|
155659213|2957682932|1172187247698792448|सारी कहानी तो इसी तस्वीर में छिपी है. @girirajsinghbjp जी वैसे भी @NitishKumar विरोधी रहे हैं.अभी के माहौल में @BJP4India खुद के लिये बिहार में ज्यादा संभावना देख रही है. @RSSorg के लिये भी यही मुफ़ीद है,ताकि वो अपने हिंदुत्व के एजेंडे को बिहार में तेजी से फैला सकें. #2020_बिहार https://t.co/lGeY2PK7NG|
155659213|2957682932|1172130044371619843|इंद्रजीत जी,सच बोलूं तो मैंने अपनी गाड़ी के सारे पेपर चेक किये हैं. मैं चाहती हूं कि हम सभी लोग नये ट्रैफिक नियम का कायदे से पालन करें.ये ड्राइविंग लाइसेंस तो पुरानी फाइल में था,चूंकि इस समय माहौल ऐसा है तो ट्वीट कर दिया. https://t.co/F7oJS2ubjN|
155659213|2957682932|1172068596622581761|अरे लेटेस्ट ही है,फोटो ही उस कैमरे से ऐसी आई है 🤭 https://t.co/wIdyXfoEwX|
155659213|2957682932|1172067282240950272|आधार कार्ड की फोटो भी ऐसी ही है.😉 https://t.co/zXgUJy6zvv|
155659213|2957682932|1172065925262000129|पापा ने ही गाड़ी खरीदी थी ☺️ मैंने तो अपने पापा को बैठा कर भी टु-व्हिलर चलाई है. https://t.co/wtazA3tsQX|
155659213|2957682932|1172064654702432256|उस समय हमारे पास हेलमेट नहीं था.प्रयागराज कुंभ में शूट के दौरान की फोटो है.#हेलमेट हर किसी को गाड़ी चलाते समय जरुर पहनना चाहिये..ट्रैफिक नियम का सौ फीसदी पालन जरुरी है.. https://t.co/39znr9T6mp|
155659213|2957682932|1172029035536207872|गोरखपुर में 2005 का बना मेरा पहला ड्राइविंग लाइसेंस ☺️पुरानी फाइल में पन्नों के बीच सिमटा हुआ आज मिल गया..⁦ https://t.co/QXUzgIP01v|
155659213|2957682932|1172007092200194048|😉 https://t.co/swZlW37otr|
155659213|2957682932|1172005194084712448|भाई पीयूष,इसको खबर का विश्लेषण कहते हैं.प्रवक्ता होना नहीं. https://t.co/LPcDEDfZg0|
155659213|2957682932|1172001158031740928|बीजेपी को अगर CM बनाने का मौका मिलेगा तो चेहरा कोई और होगा,सुशील मोदी नहीं होंगे.ऐसे में व्यक्तिगत तौर पर उनके लिये मौजूदा स्थिति बेहतर है.वैसे कल @girirajsinghbjp PM के बगल में जिस तरह सहज थे,वो बिहार में हिंदुत्व का झंडा बुलंद कर सकते हैं.उनके पास केंद्र-राज्य का अनुभव भी है. https://t.co/W1dIb6gTiV|
155659213|2957682932|1171999583649456128|तेजस्वी  @BJP4India की @Jduonline से रिश्ता तोड़ना चाहते हैं,ऐसे में @RJDforIndia फायदे में आ सकती है.वैसे BJP के नेता इसी फेर में हैं कि अगर ग्राउण्ड रिपोर्ट मोदी के नाम पर #बिहार जीतने का इशारा दे तो फिर नीतीश के नाम को लेकर पार्टी आगे नहीं बढ़ेगी.बिहार में BJP इस बार मजबूत है. https://t.co/4eGhS1K84h|
155659213|2957682932|1171828805041704960|आज रात 10:30 बजे ⁦@aajtak⁩ पर मेरे साथ देखिये- गैय्या मोरी....तुम्हीं विकास करायो...⁦@narendramodi⁩ का मिशन गाय मातादेश की तरक्की में गो माता का योगदान गो वंश को लेकर हिंदुस्तान का इतिहास https://t.co/ifWGezezfp|
155659213|2957682932|1171773691887120384|बात होगी तो सिर्फ POK पर- शाम 7 बजे आजतक पर https://t.co/3BWsdcsKqu|
155659213|2957682932|1171732190524166146|यया सर्वमिदं व्याप्तं जगत् स्थावरजङ्गमम्।तां धेनुं शिरसा वन्दे भूतभव्यस्य मातरम्॥#गइया_मोरी https://t.co/y6hULDtZ3z|
155659213|2957682932|1171525613850484743|@ManuTeotia1 ☺️|
155659213|2957682932|1171456306030399488|रात 10:30 बजे #विशेष, आजतक पर... https://t.co/RLSzMZOVdz|
155659213|2957682932|1171455685986410502|@ShivAroor @narendramodi @PMOIndia @rahulsinghx @swatichopra1 @SandeepUnnithan @PenguinIndia Congratulations @ShivAroor|
155659213|2957682932|1171441295761403911|@iAnkurSingh @abhisar_sharma Thanks Ankur..|
155659213|2957682932|1171441231135563778|मोदी विरोध में इतना गिर जायेंगे अभिसार @abhisar_sharma इसकी उम्मीद नहीं थी.वैसे धान से गेहूँ निकालने वाला इंसान गर्त की पत्रकारिता ही कर सकता है.गधों की तरह बोलने के पहले फ़ैक्ट चेक करते की जो तस्वीर आप वायरल कर रहे हैं उसकी हक़ीक़त क्या है?बीमार हैं आप,अपना इलाज कराइये. https://t.co/2IFIV4JO20|
155659213|2957682932|1171439317446610945|अब ऐसा ही होगा, नया स्टूडियो है हमारा ☺️☺️ https://t.co/8x35xuXoXL|
155659213|2957682932|1171438887714975750|बच्चे को बहुत सारा प्यार....🤗🙏🏻 https://t.co/38QYAL2SkN|
155659213|2957682932|1171409475170947076|पूरे एक घंटे @aajtak पर मेरे साथ देखिये आज की हर बड़ी खबर- शाम 7 बजे- मौत का चालान!शाम 7:30 बजे- बाढ़,बेबसी और बर्बादी https://t.co/Odvf5DfcaJ|
155659213|2957682932|1171374416766226432|राजनीति में बिना संघर्ष के एंट्री,दूसरे नेताओं की मेहनत पर पानी फेर तुरंत टिकट मिल जाना,असफल होने पर पार्टी को मजबूत करने की बजाय उसकी कमी निकालना,फिर पार्टी छोड़ देनामौजूदा राजनीति का शग़ल है..जो पार्ट टाइम नेता बनेंगे वो ऐसा ही करेंगे,पार्टी चाहें कोई भी हो. https://t.co/HQQimQTAaD|
155659213|2957682932|1171059201017180160|ऐसे में तो नीतीश बीजेपी ही छोड़ देंगे.... https://t.co/A3H5KryPHW|
155659213|2957682932|1170729800308117504|100 दिन के मैन ऑफ द मैच #अमित_शाह @AmitShah आज रात 10 बजे मेरे साथ देखिये @aajtak आजतक पर-|
155659213|2957682932|1170704394888679424|@ajitanjum @JhaSanjay आप तो बहुत अच्छा गाते हैं @JhaSanjay जी👏🏼|
155659213|2957682932|1170660021555740672|शाम 6 बजे हल्ला बोल में आज - 100 दिन की सरकार, विपक्ष लाचार! https://t.co/cCbrOx2V1W|
155659213|2957682932|1170456332798853120|यह देख,गगन मुझमें लय हैयह देख,पवन मुझमें लय है,मुझमें विलीन झंकार सकलमुझमें लय है संसार सकल,अमरत्व फूलता है मुझमेंसंहार झूलता है मुझमें,सौभाग्य न सब दिन सोता हैदेखें, आगे क्या होता है....#दिनकर @isro https://t.co/8Sr73TYGXP|
155659213|2957682932|1170451149771591680|अपना टाइम आयेगा....... https://t.co/3koYJtIrBQ|
155659213|2957682932|1170295195637649408|https://t.co/ItLnwvL9Wr|
155659213|2957682932|1170267306573697025|एक-एक शब्द के बड़े मायने हैं... https://t.co/seC8gtgHZJ|
155659213|2957682932|1170262314768986113|लाल बहादुर शास्त्री ने कहा-पेट पर रस्सी बांधो,साग-सब्जी ज्यादा खाओ,एक दिन एक वक्त उपवास करो,देश को अपना मान दो.पूर्व PM के कहने पर लोगों ने हफ्ते में एक दिन/वक्त का खाना छोड़ दिया था.हम तो ऐसे मुल्क के हैं.आपस में वैचारिक मतभेद भले हो लेकिन राष्ट्र के तौर पर हम एक हैं,एक रहेंगे. https://t.co/VoPbrUMrNk|
155659213|2957682932|1170255686178983936|हम साथ-साथ हैं....🙏🏻🙏🏻 #इसरो https://t.co/WLgieLqg7Z|
155659213|2957682932|1170253718907834369|ये तस्वीरें हम सबको भावुक कर रही हैं,PM का कंधा सवा अरब के मुल्क के प्रतिनिधि का कंधा है सिवान सर,आपकी सालों की मेहनत की कामयाबी पर अगर हम जश्न मनाते तो इस मुश्किल घड़ी में भी हम सब साथ हैं.@narendramodi जी ने सही कहा-कि उतार-चढ़ाव जीवन का हिस्सा है.हम और तेज़ी से आगे बढ़ेंगे. https://t.co/r85klyprcq|
155659213|2957682932|1170121131681910784|ये तस्वीर बहुत कुछ कहती है.जब आप संघर्ष कर रहे हो और पीछे से आपका अभिभावक आपका मनोबल बढ़ाये तो तकलीफ ना सिर्फ आधी हो जाती है बल्कि भविष्य की नई उम्मीदें भी जन्म लेती हैं.भावनात्मक क्षणों में आज प्रधानमंत्री @narendramodi ने जिस तरह से हौसला बढ़ाया वो अभूतपूर्व है. @isro https://t.co/jtJymOkXZG|
155659213|2957682932|1170119850208854016|संपर्क टूटा है,हौसला नहीं...पूरे देश को आप पर,हमारे वैज्ञानिकों पर नाज़ है...कामयाबियों के किस्से नये सिरे से लिखे जायेंगे....#जयहिंद @isro @MarsOrbiter #इसरो_चीफ https://t.co/C5liPkpdFO|
155659213|2957682932|1170080477530619905|इसरो में @narendramodi ने वैज्ञानिकों की हौसलाआफजाई की.देश अपने वैज्ञानिकों के उपर गर्व करता है...उनकी बदौलत हमें आज लाइव वो तस्वीरें देखने को मिली जिसके गवाह हम शायद ही कभी बनते.यकीनन देश को इसरो चीफ पर,हमारे वैज्ञानिकों पर बहुत नाज है,फख्र है,गर्व है. @isro @MarsOrbiter|
155659213|2957682932|1170004205211279360|अपने चांद के साथ सेल्फी भी मुझे टैग कीजिये,मैं रीट्विट करुंगी..और उसके साथ कुछ प्यारी लाइन जरुर लिखें देश के वैज्ञानिकों के लिये..चांद के साथ बचपन की यादें भी....आइये गर्व करें अपनी उपलब्धियों पर..देश के वैज्ञानिकों पर.. https://t.co/2ClJrnOkjZ|
155659213|2957682932|1170002962258640896|चंद्रयान के साथ रात भर जगना है आप सभी को..याद है ना☺️मेरे साथ रात 11 बजे से लगातार सुबह होने तक आप देखेंगे #चांदतक की बड़ी कवरेज @aajtak पर-|
155659213|2957682932|1169880102114492417|चंद्रमा पर उतरकर #तिरंगे की छाप छोड़ेगा आज हमारा #चंद्रयान वैज्ञानिक शक्ति के आगे दुनिया होगी नतमस्तक चंदा मामा की मिट्टी को जब छूयेगा इंडिया..तो हो जाइये तैयार,आजतक @aajtak के साथ लगातार आज पूरी रात जश्न मनाने के लियेक्योंकि ऐसा मौका बार-बार नहीं आता..#चन्द्रयान_2 https://t.co/SoffoguD4q|
155659213|2957682932|1169878829348737031|तैयारी कर लीजिये,आजतक के साथ पूरी रात जगने और इतिहास का साक्षी बनने के लिये -चन्द्रमा पर उतरने वाला है चन्द्रयान -दुनिया देख रही है हमारे वैज्ञानिकों का दम -लाखों-लाख किलोमीटर चांद पर फहरेगा तिरंगा - @aajtak के साथ आज जागेगा #पूरा_इंडिया #चन्द्रयान_2 पर महाकवरेज लगातार.. https://t.co/6b2AORS2ZM|
155659213|2957682932|1169806994187776000|मैंने जिस सरकारी कॉलेज/यूनिवर्सिटी से पढ़ाई की है उनमें ज्यादातर टीचर्स को खुद बुलाने जाना पड़ता था कि क्लास में चलेंकुछ टीचर्स तो बीस साल पुराने नोट्स का इस्तेमाल करते हैं आज की तारीख में भीमहिला टीचर्स को तो जाड़े में स्वेटर बुनने से फुर्सत नहीं थी(सभी के उपर लागू नहीं है) https://t.co/DCED1olo2d|
155659213|2957682932|1169792107835351041|देश के मानवसंसाधन मंत्री @DrRPNishank से राजधानी दिल्ली के विज्ञान भवन में बातचीत..निशंक जी को किताबों से प्यार है,कई लिख भी चुके हैं.उनके साथ देश के वो 46 शिक्षक हैं जिन्हें राष्ट्रपति ने शिक्षक दिवस पर सम्मानित किया.. https://t.co/oBxleo2FGH|
155659213|2957682932|1169692607145857026|मैंने गौर किया है कि हेलमेट के बिना शायद ही कोई टु व्हिलर वाला मुझे सड़क पर अब बाइक चलाता दिखता हो.. https://t.co/CcPzOFJHQV|
155659213|2957682932|1169619854216708096|राजधानी दिल्ली में देश के अलग-अलग हिस्सों से आये कुल 46 शिक्षकों को @rashtrapatibhvn रामनाथ कोविंद जी ने सम्मानित किया.शि़क्षक राष्ट्र निर्माण के सबसे बड़े माध्यम हैं.इन सभी शिक्षकों को बधाई और उम्मीद यही कि जो बड़ी जिम्मेदारी इनके कंधों पर है उसका ये सफलतापूर्वक निर्वहन करेंगे. https://t.co/592LM8h4n9|
155659213|2957682932|1169340714087354369|@sahukarangad @SrBachchan @aajtak पुल|
155659213|2957682932|1169337360980381696|Thank you @arunshesh 🙏🏻☺️ #KBC https://t.co/bobPAFlxOd|
155659213|2957682932|1169336962496356352|वाराणसी के रहने वाले अभिषेक ने जब अमिताभ बच्चन के सामने मेरे शो की तारीफ की☺️ #KBC https://t.co/JIhFoUEnvt|
155659213|2957682932|1169335079182585856|मुझे बहुत खुशी हुई जब नेहा जी ने मेरे सही उत्तर देने पर 6 लाख 40 हजार रुपये जीते:) नेहा जी ने हरियाणा का मान बढ़ाया है @SonyTV https://t.co/tnnqSriD2M|
155659213|2957682932|1169334721391644672|☺️ https://t.co/0kFGcZee4b|
155659213|2957682932|1169334716035502080|Thank you @SonyTV 🙏🏻☺️ https://t.co/fmEomEagM2|
155659213|2957682932|1169334709022642177|जब बेहद कठिन सवाल का सामना मुझे करना पड़ा...#KBC https://t.co/PO8IGuaMhz|
155659213|2957682932|1169327191051497472|सदी के महानायक @SrBachchan के साथ आज स्क्रीन शेयर करने का मौका मिला.KBC में एक्सपर्ट के तौर पर शामिल होकर सवाल के जवाब दिये🙏🏻☺️ #KBC #कौनबनेगाकरोड़पति @aajtak https://t.co/w2zAbGQYnS|
155659213|2957682932|1169239532111220737|https://t.co/cJ8UwyQ53f|
155659213|2957682932|1169085244927963136|नौनिहालों के हक में जब सिस्टम की डकैती पड़ेDM बोले कि पत्रकार प्रिंट मीडिया का था वीडियो बनाया.इसलिये मामला दर्ज हुआ.सड़े-गले सरकारी तंत्र की बदबूदार तस्वीर.लेकिन मत पूछो बच्चों का पैसा किसने डकारा?(मासूमों का ही दोष है कि ग़रीब घर में पैदा हुये) https://t.co/JdwzIS4TgJ|
155659213|2957682932|1169078831921037312|यकीन नहीं होता कि एक भारतवासी ऐसी पोस्ट कैसे कर सकता है..शर्म आ रही है ... https://t.co/ljAAC96Ulk|
155659213|2957682932|1169076570142605312|बढ़ती जनसंख्या और गरीबी इस देश की सबसे बड़ी समस्या है..ठूँस कर ट्रेन मैं बैठे हैं लोग😳एक से दूसरी जगह जाने के लिये एक दूसरे के उपर से चढ़कर निकलेंगे. https://t.co/gFLLRXmio4|
155659213|2957682932|1169073635341979648|59000 का चालान😳 इतने में तो दुपहिया नई गाड़ी आ जायेगी. https://t.co/Zyfwx3ciBL|
155659213|2957682932|1168919042238947330|🤭🤭 https://t.co/zs9g0705K4|
155659213|2957682932|1168831875831320577|स्कूटी चालक दिनेश मैदान का तेईस हजार(23000) का चालान कटा.अगला नंबर आपका भी हो सकता है..इसलिये नियम ध्यान से पढ़े और सारे पेपर साथ में लेकर ही गाड़ी चलायें- DL-5000RC-5000TPI- 2000VAP-10000H-1000Total- 23000 https://t.co/cduGQEpxS8|
155659213|2957682932|1168717865014329345|इसकी तारीफ करुंगी... https://t.co/RHmiVnffdk|
155659213|2957682932|1168555157363163136|https://t.co/e6zLQFItf7|
155659213|2957682932|1168545317182038016|ये कहां की फोटो है 😳 https://t.co/QOvA1JfoHs|
155659213|2957682932|1168541481612611584|God Bless her :) https://t.co/bv0BKjTaGN|
155659213|2957682932|1168541169308946432|पत्रकार के खिलाफ कारवाई बेहद दुर्भाग्यपूर्णं और शर्मनाक है... https://t.co/4NJUSw5uMn|
155659213|2957682932|1168347023654846464|जय देव जय देव, जय मंगल मूर्तिदर्शनमात्रे मनःकामना पूर्तिजय देव जय देवऊं गणेशाय नम:🙏🏻🙏🏻 #गणेशोत्सव https://t.co/jbFjorULWb|
155659213|2957682932|1168150865921753088|🙏🏻☺️ https://t.co/QzTxt1R5aP|
155659213|2957682932|1168149979044540416|शाम 7 बजे आजतक पर- https://t.co/EtojBSxJbL|
155659213|2957682932|1168144020301680640|ठीके तो है- इससे ऐसा लग रहा है कि दूसरा ऑप्शन नहीं तब तक इन्हीं से काम चला लो 😉 https://t.co/Xplkndstmq|
155659213|2957682932|1168141203289726976|Q- What makes a women look beautiful? Ans- A Simple Bindi on her Forehead ☺️#Bindi https://t.co/lzaZULq4E5|
155659213|2957682932|1168120805059788800|शाम 5 बजे दंगल में @aajtak पर- https://t.co/jPqdsi8JWG|
155659213|2957682932|1168047658004443136|अरे वाह 🙏🏻 https://t.co/TS1ckyRM9n|
155659213|2957682932|1168047133846466560|सर,ट्रेन में कन्फर्म टिकट मिलता नहीं,फ़्री ज़ेटा के ज़माने में वाई-फ़ाई लेकर लोग क्या करेंगे.पहले तो टिकट और ट्रेन में साफ़ शौचालय की व्यवस्था कराये.वाई-फ़ाई नहीं कन्फर्म टिकट दें.. https://t.co/WjRBAE9yfX|
155659213|2957682932|1168044005323493376|@News18India एक बार क्रॉस चेक कर लें,आरिफ़ मो खान मुस्लिमों के मामले में सरकार की दखलअंदाजी से नाराज़ थे,इसलिये इस्तीफ़ा दिया था.मुस्लिम महिलाओं के हिमायती नहीं थे.|
155659213|2957682932|1167872289460764672|😳 https://t.co/AcI6pPPG4L|
155659213|2957682932|1167813675836510209|@ajit_media महिला विरोधी बयान 😡|
155659213|2957682932|1167772264172937218|बहुत बहुत शुक्रिया सर 🙏🏻☺️ https://t.co/LGJi5mzqUn|
155659213|2957682932|1167771385986338816|सर आपका बहुत-बहुत धन्यवाद.मुझे यकीन है जिस उम्मीद के साथ उन्होंने आपसे मुलाकात की होगी वो जरुर पूरी होगी.आप #सांसद हैं,आपकी एक कोशिश उसे बड़ी राहत देगी.#अम्मा #अयोध्या @LalluSinghBJP @narendramodi @myogiadityanath https://t.co/C81npgHN07|
155659213|2957682932|1167770443333263362|https://t.co/dvNFK3iZxl|
155659213|2957682932|1167756552058503168|आपको मोदी जी से ये सवाल पूछने के लिये मेरा ही सहारा है? खुद की हैसियत भी पहचाने,सीधे आप ही सवाल पूछ लें.बिना मेरे सहारे भी कुछ करें.. https://t.co/TQp08MpwcU|
155659213|2957682932|1167691585468948480|@AwanishSharan Congratulations ☺️|
155659213|2957682932|1167691435908296705|BJP @BJP4India 8th Largest Population in the World... https://t.co/kHkECO0Owo|
155659213|2957682932|1167411367998980101|बहुत शुक्रिया सर,आपकी मदद निश्चित तौर पर उनके लिये काफी राहत लायेगी. 🙏🏻 https://t.co/UG4PZ5fwdt|
155659213|2957682932|1167367853248434182|😀😀 https://t.co/msq8VIEYLU|
155659213|2957682932|1167362369405669376|बहुत शुक्रिया 🙏🏻 https://t.co/OnN9L9Jo5J|
155659213|2957682932|1167359220921982977|@DeepakLahri3 @Uppolice +91 78002 69801|
155659213|2957682932|1167358734584012800|@Anubhavsin_ABVP @narendramodi @MlaGorakhnath @dmayodhya @FaizabadDm +91 78002 69801|
155659213|2957682932|1167357381451243521|प्लीज मदद करें-@Uppolice https://t.co/uEI9KvgQuW|
155659213|2957682932|1167356698874413056|निवेदन है कि एक बूढ़ी महिला जिसके आगे पीछे कोई नहीं है,प्लीज उसकी मदद करें76 साल की उम्र में कोई रोये,ये ठीक नहींफोन रखते हुये भी यही बोली दूसरे के नंबर से फोन किये हैं.@narendramodi से बोलना इसी नंबर पर फोन कर लेंगे.फिर रोने लगीं@myogiadityanath @kpmaurya1 @LalluSinghBJP https://t.co/VulkSvbPek|
155659213|2957682932|1167353646004109314|अयोध्या की सावित्री देवी.डेढ साल पहले राम मंदिर पर इन्होंने अपनी बात मुझसे भोजपुरी में की.जिसके करोड़ों व्यूज मिले.रोते हुये अम्मा का आज फोन आया-बहिनी ⁦@narendramodi⁩ से बात करा दो.हम बहुत परेशान हैं.मेरा घर अधिकारी ले रहे हैं,हम सड़क पर कैसे रहें? https://t.co/Ea1wDNBujj|
155659213|2957682932|1166759657823584257|आप सभी का सहयोग के लिये शुक्रिया 🙏🏻 योगेन्द्र जी मिल गये... https://t.co/YLyrhDkZyl|
155659213|2957682932|1166754687032233984|Shukriya . https://t.co/qZJCwNNtLs|
155659213|2957682932|1166729249367060480|Last phone call trace (around 9 pm) - Tulsipur, Mahmoorganj, Varanasi Wearing light blue half shirt and  white pajama. Contact number +919711905858इनके बारे में प्लीज कोई जानकारी हो तो जरुर दें,घर वाले बहुत परेशान हैं.@myogiadityanath @Uppolice @dgpup @drdineshbjp @kpmaurya1 https://t.co/8M0RuecfQ7|
155659213|2957682932|1166728806616354816|Yogendra Prasad75 Years5 feet 3 inchesHometown_ Daltonganj, JharkhandAddress - New L-10, Hyderabad Colony, BHU (Varanasi) or Near Madan Mandir ( Jailhata), DaltonganjMissing since yesterday evening (4.30 pm)  from BHU, Varanasi. https://t.co/QsrOfPoiPO|
155659213|2957682932|1166696731267854342|शाम 7 बजे- @aajtak पर https://t.co/BKyZEpt1Qg|
155659213|2957682932|1166675343307984896|👌🏻👌🏻☺️☺️ https://t.co/BZYtK8VCxD|
155659213|2957682932|1166567294417481729|शिक्षा की बदहाली और नौनिहालों के भविष्य पर सवाल करती एक और खबर- https://t.co/cK3t15Vc4h|
155659213|2957682932|1166562176783527937|आज की तारीख़ में कम से कम महागठबंधन में @yadavtejashwi का क़द बड़ा है.उनके पास एक मुश्त यादवों का वोटबैंक भी है.युवा और करिश्माई चेहरा हैं,लेकिन उनकी लड़ाई @NitishKumar और @narendramodi से है.जो बेहद कठिन है.वैसे नीतीश को लेकर @BJP4India के अंदर भी बहुत कुछ चल रहा है. #बिहार https://t.co/Ixs90YUfVi|
155659213|2957682932|1166558066621464578|ये चाय तो तुमको तब घर पर पिलाई थी जब तुम बहुत छोटे थे 😀☕️ https://t.co/T7l0Yuquqt|
155659213|2957682932|1166555470317928448|देश की पुलिस के बीच का सर्वे- https://t.co/R6ogKTLRs1|
155659213|2957682932|1166547164413059072|हां, ओम मेरे बेटे का नाम है ☺️ https://t.co/UpcGqxrlCA|
155659213|2957682932|1166547044309196802|@sanjay_65549 हां|
155659213|2957682932|1166546808027398144|इसका ट्रायल आप पर ही हुआ था शायद 😉☕️ https://t.co/fwdMRhqwaq|
155659213|2957682932|1166542302044549120|चाय का तो इंसान पर ही ☕️😀 https://t.co/9KmI8csdZE|
155659213|2957682932|1166429231057784832|सिर्फ कुछ मसाले- जैसे दालचीनी,तेजपत्ता,कालीमिर्च,छोटी इलायची,लौंग डाल सकते हैं ☺️☕️इनको एक साथ डालकर भी चाय बना सकते हैं.इनमें से किसी एक मसाले को डालकर भी फ़्लेवर ला सकते हैं😉 https://t.co/P7IBsc0Ac1|
155659213|2957682932|1166418465114058752|@Atheist_Krishna वैसे मैं 15 तरीक़े से अलग फ़्लेवर का चाय बना सकती हूँ @Atheist_Krishna|
155659213|2957682932|1166417472951480320|😀☕️Thank You @Atheist_Krishna https://t.co/yZevya1g2V|
155659213|2957682932|1166416625639157760|यही जुनून बनाकर रखना,देश सबसे पहले..और तुम बहुत अच्छा बोलती हो.पाकिस्तान परस्त को सबसे बेहतर जवाब शाबास @Nidaahmad78 https://t.co/MhoZuzx7fj|
155659213|2957682932|1166331508174405635|शाम 7 बजे देखिये ⁦@aajtak⁩ पर- https://t.co/U9sVAB2MUK|
155659213|2957682932|1166290253457420289|एक आदमी 31 साल से दो विभागों में तीन सरकारी पदों पर नौकरी कर रहा है..वेतन पा रहा है,पदोन्न्ति हो रही है. #बिहार की बदहाल व्यवस्था के चिथड़े उड़ाती इस खबर पर एक नजर जरुर डालें- @NitishKumar @girirajsinghbjp @SushilModi @narendramodi @yadavtejashwi @AmitShah https://t.co/vZgUawOTmn|
155659213|2957682932|1166273699982372866|😳 https://t.co/oQgJWYVK8G|
155659213|2957682932|1166036806405505027|@vivekpandey_oo7 नहीं बदलता.थोड़ी सी डालना.|
155659213|2957682932|1166036278107750402|चाय का कलर शानदार है.👌🏻 जो लोग कम पत्ती वाली चाय पीते हैं वो उबालते समय थोड़ी सी हल्दी डाल सकते हैं.चाय का कलर ऐसा ही हो जायेगा...☕️ मेरी दोस्त ने सिखाया था ☺️ https://t.co/BMzQJcfVhA|
155659213|2957682932|1166017342297427968|😀😀 https://t.co/iPTQq2FL20|
155659213|2957682932|1165899819094642688|🙏🏻 https://t.co/azeFIXAEWQ|
155659213|2957682932|1165345034612264960|😞😞 https://t.co/REhamh9Aqf|
155659213|2957682932|1165302078681600001|भारतीय समुदाय के लोगों के बीच @narendramodi ने अपने दोस्त अरुण जेटली को दी श्रद्धांजलि, कहा कि कल्पना नहीं कर सकता कि मैं इतनी दूर यहां बैठा हूं और मेरा दोस्त चला गया..ये दुविधा कर्तव्य और दोस्ती के बीच है, इसलिए बहरीन से श्रद्धांजलि दे रहा हूं..PM ने परिवार को लेकर संवेदना जताई|
155659213|2957682932|1165293693143678976|बहरीन से प्रधानमंत्री- https://t.co/zR83aj8Leb|
155659213|2957682932|1165279217086423040|31 दिसंबर साल 2000,जब 24 घंटे का चैनल बना आजतक,अरुण जेटली थे मुख्य अतिथिउन्होंने आपके चैनल को किया था लांचदिबांग उस समय कर रहे थे एंकरिंग19 साल पुरानी तस्वीर- ⁦@aajtak⁩ ⁦@supriyapd⁩ ⁦@dibang⁩ ⁦ https://t.co/EV85KhVbCG|
155659213|2957682932|1165264062936039424|https://t.co/dfDK6gOtLj|
155659213|2957682932|1165159034258776064|अरुण जेटली जी नहीं रहे...|
155659213|2957682932|1164947033649635329|चमकता चांद हकीकत नहीं! Chandrayaan-2 ने तस्वीर भेजकर दिए ये सबूत via @aajtak https://t.co/zkifUxTKX3|
155659213|2957682932|1164730088627138560|👏🏻👏🏻☺️☺️ https://t.co/dKQzXknq1e|
155659213|2957682932|1164729845021941760|😍😍 https://t.co/pvLLEJaO1z|
155659213|2957682932|1164729035093446656|ये टिकटॉक भी😉😳..... https://t.co/2ET9diihkS|
155659213|2957682932|1164728751675985921|सरकारी सिस्टम को अपनी बपौती समझने वालों के खिलाफ सख्त कारवाई होनी चाहिये.मिड डे मील के लिये अच्छा खासा पैसा खर्च किया जाता है और बच्चों को मिल रहा है नमक रोटी..हैरान हूं कि टीचर और सुपरवाइजर को जरा भी डर नहीं लगा कि नौकरी चली जायेगी इस हरकत पर.दोनों के खिलाफ सख्त एक्शन हो. https://t.co/a8jrz68Adg|
155659213|2957682932|1164725529334829057|@Kirtishbhat 😃|
155659213|2957682932|1164568883941953537|सुप्रिय सर के सान्निध्य में ही मैंने अपने करियर के पहले नेशनल चैनल में 2007-2010 तक काम किया.उस वक्त इंडस्ट्री में नई थी.आपने ना सिर्फ सिखाया बल्कि कई बड़ी खबर पर आगे बढ़ने का/खुद को साबित करने का मौका दिया.मेरी पहली आउटडोर एंकरिंग रात 9:30 बजे LIVE मुझसे सुप्रिय सर ने करवाई थी. https://t.co/8Da0DiL2wP|
155659213|2957682932|1164566824014319618|आजतक चैनल के हेड/टीवी टुडे नेटवर्क के न्यूज डायरेक्टर @supriyapd सुप्रिय प्रसाद को इस साल के हिंदी अकादमी पत्रकारिता सम्मान के लिए चुना गया है.आजतक न्यूज चैनल से ही उन्होंने अपनी पहली नौकरी शुरू की थी.TRP गुरु और 24 सालों से पत्रकारिता में सक्रिय सुप्रिय सर को बहुत बधाई💐☺️ https://t.co/ATBpkFQVNC|
155659213|2957682932|1164561841655148545|अटारी-वॉघा बॉर्डर पर देश ने देखा सबसे ज्यादा #आजतकउरी पिक्चर दिखाकर दर्शकों को बहलाने का मकसद नहीं हुआ कामयाबजब बॉर्डर पर LIVE हो देश की भक्ति..जब सामने पाकिस्तान हो,तो उबलते खून और गरजती आवाज की सबसे बड़ी पिक्चर आपको दिखाई #आजतक ने आप सभी दर्शकों का शुक्रिया 🙏🏻☺️ https://t.co/V72M827PzO|
155659213|2957682932|1164158710492438529|शाम 7 बजे @aajtak पर मेरे साथ देखिये- आज की हर बड़ी खबर https://t.co/ACzsvj1QYO|
155659213|2957682932|1164024386531102720|🤗 Thank you Bhai:) https://t.co/Mzul0fkjSA|
155659213|2957682932|1164020575850782720|सुझाव-1-सरकारी नौकरी के लिये आवेदन करने वाले हर व्यक्ति के पास कम से कम दो साल सरकारी स्कूल में पढ़ने का सर्टिफिकेट हो.2-प्राइवेट के मुकाबले यूनिवर्सिटी में एडमिशन के लिये सरकारी स्कूल के बच्चों को वेटेज मिले.3-हिंदी/अंग्रेजी अनिवार्य और इसके लिये अच्छे टीचर हों @narendramodi https://t.co/K5D3hbZ6zI|
155659213|2957682932|1164017785170608129|@AnkitCh20442128 @NitishKumar @SushilModi स्कूल का पूरा पता.|
155659213|2957682932|1164017154741510144|स्कूल का पूरा नाम पता बताइये.प्रिंसिपल का डिटेल भी दें . @myogiadityanath @drdineshbjp @PrakashJavdekar @narendramodi https://t.co/0YSZZc9IXS|
