155659213|858377408|1176753353663008774|Well said . @DrMohanBhagwat ji. 🙏🏻🙏🏻🙏🏻🙏🏻🙏🏻🇮🇳🇮🇳🇮🇳🇮🇳 https://t.co/KDjfhMsMko|
155659213|858377408|1176541476366405632|@Rajsapcota @Indianrailway18 @PiyushGoyal @sarbanandsonwal Request if the @RailMinIndia @PiyushGoyalOffc @DRM_RNY @RailNf can do something to help the students of The College of Veterinary sciences, Guwahati , Assam. A bogie to accommodate 85 students can be attached to any train coming to Assam. @PiyushGoyal . Pls intervene. 🙏🏻🇮🇳🇮🇳🙏🏻|
155659213|858377408|1176510014283862017|With the most simple central minister who gave an ordinary citizen like me access to reserved lounge at the guwahati railway station in Assam. Thank you sir.  🙏🏻🇮🇳. Jai hind. That’s  BJP . A party with a difference. @narendramodi @AmitShah https://t.co/Y3tXxvDSnc|
155659213|858377408|1175262047702933505|@ipsvipul_ All the very very best to your son Sir. 🙏🏻🇮🇳. He will excell in his ss exam. 👍|
155659213|858377408|1174547223721308161|Good food/Breakfast Provided at Satabdi 12087. PNR no. 6334649054. Well done all. @DRM_RNY @irctceastzone @IRCTCofficial @RailMinIndia @PiyushGoyalOffc|
155659213|858377408|1173826690931290112|Wishing our Dearest  Prime Minister, @narendramodi ji a very very happy birthday. Wish you the Best of good health and success in your endeavour &amp; pursuit of taking our nation to greater heights. 🙏🏻🙏🏻🙏🏻🙏🏻🙏🏻. Pic:-. Wax statue at Madame Tussaud’s ( Bangkok). 🇮🇳 https://t.co/xjUxlQRGMT|
155659213|858377408|1172932334049316864|@drsangitareddy @drharshvardhan And I have a name suggestion for u. name it.  APOLLO INSTITUTE OF Medical SCIENCES. ( AIMS). 🙏🏻🙏🏻🇮🇳🇮🇳🇮🇳🇮🇳|
155659213|858377408|1172931740098158593|@drsangitareddy Mam” u r the leader in the quality health care industry . Ur hospitals have been providing excellent service to this sector. My suggestion to u is why don’t u foray into medical education . U can make the best doctors and it will be a great service to humanity. @drharshvardhan|
155659213|858377408|1171423353506168833|@himantabiswa @AmitShah @narendramodi We are proud of u Dada. Ur true leadership is being recognised at the highest level. LEADERSHIP DIGNIFIED. We pray to God to give u good health and Blessings to lead us to Greater Achievements. 🇮🇳🇮🇳🇮🇳🇮🇳@narendramodi @AmitShah|
155659213|858377408|1169214620722028545|@Claritymay16 @MahindraBolero @Jaguar @anandmahindra This needs the attention of @anandmahindra .  That’s real make in india and for India 🇮🇳 🙏🏻🇮🇳.  Bolero is the best pick for rural Indian roads . @GoenkaPk|
155659213|858377408|1168423071964782592|@SaikiaPranjit Actually schools should have been closed these hot days. It’s very very hot and school children will be relieved. @SBhttachrya @himantabiswa|
155659213|858377408|1165974947111436290|Good Food provided at the Satabdi. 12088. Staff all good . Pnr no. 6233657285. @DRM_RNY @IRCTCofficial @irctceastzone @RailMinIndia @PiyushGoyalOffc . Keep it up. 🙏🏻🇮🇳|
155659213|858377408|1165931852386844672|@SangmaConrad @smritiirani @PoshanAbhiyaan Mr. Conrad Sangma is a Promising, Effective, Excellent &amp; Performance Oriented CM of the North East. More power to u Sir. 🙏🏻🙏🏻🇮🇳🇮🇳|
155659213|858377408|1164752706390466560|TOI exclusive: Amit Shah reveals what separates Modi from other Indian PMs. ⁦@narendramodi⁩ ⁦@AmitShah⁩ ⁦@sarbanandsonwal⁩ ⁦@himantabiswa⁩ ⁦@BJP4India⁩ ⁦@BJP4Assam⁩ .  https://t.co/RiCPlck6aq|
155659213|858377408|1164750170728226818|@himantabiswa .👏👏👏👏👏 wow. Assam roads under ur leadership are going to be the best in any state. Well done Sir. 🇮🇳🇮🇳🇮🇳🙏🏻🙏🏻🙏🏻|
155659213|858377408|1163352157006884864|@himantabiswa The Pavoi -Biswanth Ghat Road is like an air-strip. At night if one is driving the Patch from Boys Hr.Sec. School to Gorehagi area the side lights illuminate and it’s a superb sight. Thanks 🙏🏻🇮🇳🇮🇳|
155659213|858377408|1162582305015123968|@himantabiswa Thank you very much Sir for the visit. And I hope and am confident also that with your visit the internal roads of the town/District headquarter will improve immensely. Thank u once again. 🙏🏻🙏🏻🙏🏻🙏🏻🇮🇳🇮🇳🇮🇳🇮🇳. @himantabiswa|
155659213|858377408|1162580724987228161|@himantabiswa That’s wow. 🙏🏻🙏🏻🙏🏻🙏🏻🇮🇳🇮🇳🇮🇳🇮🇳|
155659213|858377408|1162076393007484928|@himantabiswa With u at the helm of Roads in Assam, the State knows that very soon all the roads will be superb to drive on . Keep up your hard work Sir for the people of Assam. God bless . 🙏🏻🇮🇳|
155659213|858377408|1151323696130228224|@nsitharamanoffc @SangmaConrad @nsitharaman @PIB_India @MIB_India @FinMinIndia One of the most Promising, Effective and Hard Working CM of the North East. 🙏🏻🙏🏻🇮🇳🇮🇳|
155659213|858377408|1150278094155993088|Indian media’s communal violence reportage needs to be consistent, not just show one angle | ThePrint. ⁦@narendramodi⁩ ⁦@AmitShah⁩ ⁦@himantabiswa⁩  https://t.co/dktCLWtCHF|
155659213|858377408|1150244498414264320|@_AdilHussain What a great spirit Adil da.  The celebration of going to work on a rainy day. 🙏🏻. This is actually women empowerment.|
155659213|858377408|1149152122128064512|@BhaskarGogoi @sarbanandsonwal Pls recommend him for the Republic Day Bravery award. Formalities to be kindly instructed to the DM pls. @himantabiswa @AmitShah 🙏🏻🇮🇳|
155659213|858377408|1148128775965511680|@SangmaConrad @PMOIndia @narendramodi @DrJitendraSingh @MDoNER_India Well done @SangmaConrad . Meghalaya is destined to Grow under your leadership. 🙏🏻🇮🇳|
155659213|858377408|1146615197307555841|@DRM_RNY @PiyushGoyalOffc @PiyushGoyal @pallablochandas @PemaKhanduBJP @RailNf @RailMinIndia Thanks for the prompt reply. Request to take it up with the higher authorities sir. Occupancy is rising and will be a big boon for the people of Naharlagun Area and North Lakhimpur/ Viswanath etc. pls . 🙏🏻🇮🇳.|
155659213|858377408|1146610099013554176|Satabdi 12087/12088 Naharlagun/Ghy. Should be made daily. Will immensely benefit passengers from Arunachal and Assam. Pls look into this. @PiyushGoyalOffc @PiyushGoyal @DRM_RNY . @pallablochandas and @PemaKhanduBJP to kindly request the RM pls. @RailNf @RailMinIndia 🙏🏻🇮🇳|
155659213|858377408|1142865532510539777|.@shahidkapoor . Just watched Kabir Singh. What a blockbuster performance from u Shahid. Well done. U are a super duper star now. U were actually always. But man what a performance. 🙏🏻🙏🏻🙏🏻🙏🏻🙏🏻🙏🏻|
155659213|858377408|1140998581748301824|Congratulations to Sri @JPNadda ji on assuming the Post of Working President of the BJP. An Impeccable Gentleman, a Perfectionist, a Silent and Effective Karyakarta, We believe u will steer BJP to much more Accomplishments. @narendramodi @AmitShah @BJP4India JAI HIND. 🙏🏻🙏🏻🇮🇳🇮🇳|
155659213|858377408|1137993190554853378|@ARanganathan72 The Range shows 341 kms. Seems u need to refuel . 🙏🏻. The most intelligent guy on National TV. @ARanganathan72 🙏🏻🙏🏻|
155659213|858377408|1136985411123728384|@SangmaConrad @nppmeghalaya Congrats . 🙏🏻|
155659213|858377408|1135432445669462016|@himantabiswa The Man on a Mission. We are fortunate to have a leader , a visionary like u. Keep going Sir. 🙏🏻 @narendramodi @AmitShah @BJP4Assam .|
155659213|858377408|1134514516480290816|Never has any Prime Minister enthused so much trust and belief that we know our Great Country is in the best hands of NARENDRA MODI. God bless u sir and give u and your Team To take us to great heights of growth and success . @narendramodi @AmitShah @BJP4India @RajatSethi86|
155659213|858377408|1134513383678533632|Blessed we are to be born in the Modi Era. It will go down in History as one of the best years of India’s rise as a great Superpower. NARENDRA MODI will be one of the greatest Leaders of Modern India. Yes blessed we are to experience India’s growth story. @narendramodi @AmitShah|
155659213|858377408|1134350796273799168|. @narendramodi @AmitShah @BJP4India . God Bless u Sir for and excellent second innings. May God give u strength and Blessings for achieving the same. We love u. 🇮🇳🇮🇳🇮🇳🙏🏻🙏🏻🙏🏻@rishibagree @RajatSethi86 https://t.co/ScqFY5puzH|
155659213|858377408|1134153936812748800|#NewProfilePic https://t.co/dE2sN0QVpd|
155659213|858377408|1134152030086242304|@rishibagree Not only goosebumps @rishibagree but eyes were moist. This was a dream and want to see it again in 2024. “ MAI NARENDRA DAMODARDAS MODI”” 🙏🏻🙏🏻🙏🏻🙏🏻🙏🏻🇮🇳🇮🇳🇮🇳🇮🇳🇮🇳🇮🇳🇮🇳🇮🇳@narendramodi @AmitShah @BJP4India|
155659213|858377408|1134130933198540800|Here’s wishing all the very best to the new team India 🇮🇳. Next stop is 2024.  @narendramodi @AmitShah @BJP4India U have the blessings of all Indians to make India a Superpower. Jai Hind. 🇮🇳🙏🏻🙏🏻🙏🏻🙏🏻 God Bless u Sir @narendramodi 🙏🏻|
155659213|858377408|1133658298132000768|All the very best for a wonderful tenure . @PemaKhanduBJP . I am confident that u will do great and ensure all round development for the Beautiful state of Arunachal Pradesh. Jai hind Sir. 🙏🏻🙏🏻🙏🏻🙏🏻🇮🇳🇮🇳🇮🇳🇮🇳|
155659213|858377408|1131970120459251712|@himantabiswa @RahulGandhi @IndiaToday @rahulkanwal @smritiirani Rightly predicted . Prophetic. 🙏🏻🙏🏻🙏🏻🙏🏻@narendramodi @AmitShah @BJP4India|
155659213|858377408|1131879004019937280|@himantabiswa @narendramodi @BJP4India @AmitShah @NEDAIndia It’s your hard work, Excellent planning, good Candidates and ur tireless campaign. May God give u more strength to do more for our Country 🇮🇳🇮🇳. Jai Hind 🙏🏻🙏🏻🙏🏻🙏🏻|
155659213|858377408|1131622368411918336|Shri @narendramodi. Sir. Please accept my hearty congratulations on your historic and exemplary win. The verdict reflects the dreams and aspirations of all Indians , under your leadership. Make India Great Again. And May God bless u with strength and good health always 🙏🏻🇮🇳🇮🇳🇮🇳🙏🏻|
155659213|858377408|1131598191109988353|#NewProfilePic https://t.co/okujGGSgL1|
155659213|858377408|1131589685975797761|Congrats @smritiirani . Very very proud of u. The most loved Bahu of india. U are an inspiration to all karyakartas of BJP. 🇮🇳🇮🇳🇮🇳🙏🏻🙏🏻🙏🏻🙏🏻🙏🏻 @narendramodi @AmitShah and what a befitting reply to @priyankagandhi and @RahulGandhi u are and have been always a STAR. God bless u. 🙏🏻🙏🏻|
155659213|858377408|1131555766559596545|India Victorious. 🇮🇳🇮🇳🇮🇳🇮🇳🇮🇳🇮🇳🇮🇳🇮🇳🇮🇳🇮🇳⁦@narendramodi⁩ ⁦@AmitShah⁩ ⁦@himantabiswa⁩ ⁦@sarbanandsonwal⁩ ⁦@BJP4Assam⁩ ⁦@BJP4India⁩ https://t.co/F2q6YvNqar|
155659213|858377408|1131544607974612992|#NewProfilePic https://t.co/tdiLQ6gmxu|
155659213|858377408|1131543912680546304|#NewProfilePic https://t.co/PEWnLjTUTo|
155659213|858377408|1131488695163338755|@narendramodi Yes sir. 🙏🏻🙏🏻🙏🏻🙏🏻🙏🏻🙏🏻🇮🇳🇮🇳🇮🇳🇮🇳🇮🇳🇮🇳🇮🇳🇮🇳.|
155659213|858377408|1131481793314476032|Congratulations our dearest PM @narendramodi and @AmitShah for the spectacular victory. 🙏🏻🙏🏻🙏🏻🙏🏻🙏🏻🇮🇳🇮🇳🇮🇳🇮🇳🇮🇳. India First.|
155659213|858377408|1131460824596246528|@imVkohli India has won now u all win. 🙏🏻the very best to u guys.|
155659213|858377408|1131263183493058560|@SangitaApollo @ApolloHospitals God Bless u @SangitaApollo . 🙏🏻🙏🏻|
155659213|858377408|1130745067419815937|@rishibagree 🙏🏻🙏🏻🙏🏻🙏🏻🙏🏻|
155659213|858377408|1130173067806662657|All India Tally BJP 300 ± 14 Seats                  NDA 350 ± 14 SeatsCong 55 ± 9 Seats                    UPA 95 ± 9 SeatsOthers 97 ± 11 Seats . I believe this only. My country will be in The Good Hands of @narendramodi God bless our PM. 🇮🇳🇮🇳🇮🇳🇮🇳🇮🇳🙏🏻🙏🏻🙏🏻🙏🏻🙏🏻|
155659213|858377408|1127050696694460416|Time as fake as ever. I have never in my lifetime purchased this magazine. All sold and agenda driven to defame India. But #AyegaToModiHi @narendramodi @AmitShah @sarbanandsonwal @himantabiswa @RajatSethi86 @republic @Republic_Bharat Arnab can u take it up. https://t.co/pehF3o1mcN|
155659213|858377408|1126503358699692033|Saw the movie #TheTashkentFiles yesterday at PVR guwhati , Assam. @vivekagnihotri u have done a wonderful job of exposing the great cover up and showing to the new generation the reality. I recommend it should be shown in all colleges and universities across India 🇮🇳 god bless u.|
155659213|858377408|1125951704053084160|@himantabiswa @BJP4Bengal @DilipGhoshBJP Prayers for your safety. Pls take care. U are toooo precious for us . 🇮🇳🇮🇳🇮🇳🙏🏻🙏🏻🙏🏻🙏🏻🙏🏻|
155659213|858377408|1124629152861057029|@rahulkanwal That’s the Gandhi style of development. @narendramodi @AmitShah @sarbanandsonwal @himantabiswa @RajatSethi86 @rammadhavbjp|
155659213|858377408|1124521781992103939|@choga_don This is good. Jai Bajrangbali. 🙏🏻🙏🏻🙏🏻🙏🏻🙏🏻🙏🏻🙏🏻🇮🇳🇮🇳🇮🇳🇮🇳🇮🇳🇮🇳💪🏻💪🏻💪🏻💪🏻💪🏻💪🏻💪🏻🇮🇳|
155659213|858377408|1123548345111179264|@pradip103 How many seats are balance to vote.|
155659213|858377408|1123462322134056960|@amitmalviya Goosebumps. 🙏🏻🙏🏻🙏🏻🙏🏻🙏🏻🙏🏻🙏🏻🙏🏻#AbkiBaarPhirModiSarkar @narendramodi|
155659213|858377408|1123167500286382085|@_pallavighosh Have u joined INC.|
155659213|858377408|1121813570646310912|We all Indians are Blessed to witness the Growth and Transformation of our Country 🇮🇳under the Great Leadership of @narendramodi May God give him more Strength and Good Health to serve our Nation for many many years to come. 🙏🏻|
155659213|858377408|1121761597758660608|@rishibagree That’s a dream come true . One Road Show. 🙏🏻|
155659213|858377408|1121722917102841856|@himantabiswa @narendramodi U deserve the respect , Adulation , Recognition, importance and Love for your service to the State of Assam and Later in the days to come for India. We bless u with great Pride and strength to be successful in all your endeavours to serve the Nation. @narendramodi @AmitShah 🙏🏻🇮🇳|
155659213|858377408|1121379523696582656|ABKI baar Phir Modi Sarkar. ⁦@narendramodi⁩  https://t.co/6eWvQlJB3B|
155659213|858377408|1121378710412648448|My Prime Minister . Pls make sure that he is the PM till 2029. ⁦@narendramodi⁩ ⁦@AmitShah⁩ ⁦@himantabiswa⁩ #votebjp #AbkiBaarPhirModiSarkar  https://t.co/jbUfYjkhBN|
155659213|858377408|1121378075688595457|That’s our PM. He can make things happen. ⁦@narendramodi⁩  https://t.co/OOY1A1R9Ba|
155659213|858377408|1121130123825074176|@rammadhavbjp Should be NEAR not BEAR. Pls correct.|
155659213|858377408|1120597174968995840|@smitaprakash @centerofright What’s your view. @sardesairajdeep @sagarikaghose @BDUTT @Nidhi @rajeev_mp . Very very racist comment from hardik Patel. Not acceptable.|
155659213|858377408|1120596726610415616|@smitaprakash @centerofright @HardikPatel_ shows complete lack of worldview, total bigotry. In your mind Nepali = चौकिदार Besides being among India's closest friends, Nepal is also homeland of some of the bravest troops of @adgpi  the Gurkhas. गँवार comes to mind in your contexthttps://t.co/87t77wSv3H…|
155659213|858377408|1119940541758595074|@Claritymay16 @himantabiswa A true Rock Star Politician. 🙏🏻.|
155659213|858377408|1119936978013679623|@himantabiswa @narendramodi Himanta dada u are the most most Popular and Loved leader in Assam. God Bless u with good health and prosperity to serve the people of Assam and India . U are the Real Hero like our Beloved PM. The Real sons of the Nation. 🇮🇳🇮🇳🇮🇳🇮🇳🇮🇳. U both give us great positive energy . 🙏🏻🙏🏻🙏🏻|
155659213|858377408|1119833500679413760|@vivekagnihotri @INOXMovies @_PVRCinemas @IndiaCinepolis @Cinemax Thanks . And more power to u. 🙏🏻.  Today’s show is almost house full. Now they have to run it for a week . #thetashkantfilesviewersempowerment.|
155659213|858377408|1119829219687579648|Cinépolis Show today. Thanks . ⁦@vivekagnihotri⁩ ⁦@IndiaCinepolis⁩ https://t.co/yasw0sOiQn|
155659213|858377408|1119278173810638848|@vivekagnihotri But boss it’s not released in guwahati. Assam. What is the issue.|
155659213|858377408|1119140486365581314|@desiboho I am an ex-Tea Planter having worked for 13 years with Williamson Magor. Initially it’s  Head Office was in London. Now I am a Tea Industrialist. 29 years in Tea industry Went to a Convent School. But a Great Fan of Our PM Modi.He is the true son of India#AbkibaarphirModiSarkaar|
155659213|858377408|1119092405771194368|Why are there no shows of your excellent movie #thetashkantfiles at Guwahati,Assam. I don’t find any shows. Pls do something. @vivekagnihotri|
155659213|858377408|1118870359044870144|@vivekagnihotri Excited to watch the movie but it seems it’s not released at Guwahati, Assam. Pls can something be done about it. It’s a must watch actually. @vivekagnihotri pls kuch karo bhai. 🙏🏻🙏🏻🇮🇳🇮🇳🇮🇳🇮🇳🇮🇳🇮🇳|
155659213|858377408|1118782607498432513|Folks Please cast your vote, did you? Your future depends on your vote! Every voter should vote. And specially Bangaloreans pls go out and vote . Don’t stay back indoors #votebjp #abkibaarfirmodisarkar @Tejasvi_Surya @narendramodi @AmitShah @rammadhavbjp @rajeev_mp @RajatSethi86|
155659213|858377408|1118545375227305985|Barack Obama writes on Modi, calls him India's reformer-in-chief - One year of Modi News. ⁦@narendramodi⁩ ⁦@AmitShah⁩ ⁦⁦@sarbanandsonwal⁩ ⁦@himantabiswa⁩ ⁦@rammadhavbjp⁩ ⁦@RajatSethi86⁩ #AbkiBaarPhirModiSarkar https://t.co/nsvWI65XhE|
155659213|858377408|1118102371161104385|Our Prime Minister Rocks. @narendramodi @AmitShah @sarbanandsonwal @himantabiswa @rammadhavbjp #VoteKar #abkibaarfirmodisarkar #votebjp https://t.co/19eFuZtF14|
155659213|858377408|1118094752786681857|@Claritymay16 @ArvindKejriwal @RahulGandhi The so called neutral and secular media at work.|
155659213|858377408|1117820202438119424|@rahulkanwal @himantabiswa @BJP4India U can call him Messi, Ronaldo etc etc. @himantabiswa is a star. Everyone loves  him . He is a Performer also. Excellent track record of all his departments. True son of the soil. 🇮🇳🙏🏻🙏🏻🙏🏻🙏🏻🙏🏻🇮🇳🇮🇳🇮🇳🇮🇳🇮🇳. Massively Loved by all. God bless him with good health always to serve us. 🙏🏻|
155659213|858377408|1116239918223593472|Vote For Development. Vote for BJP. I did my Job. U all do please. For a Better India, Powerful India 🇮🇳 Make @narendramodi the next PM . #votekar #abkibarphirmodisarkar @sarbanandsonwal @himantabiswa @rammadhavbjp @RajatSethi86 @BJP4Assam https://t.co/HdugSgwe3f|
155659213|858377408|1115910270646411267|@himantabiswa 👍👍👍👍👍👍|
155659213|858377408|1114880591722242048|@pradip103 #AskPradeep . Assam projections .|
155659213|858377408|1114813088149069825|Mai Bhi CHOWKIDAR . @narendramodi @AmitShah @sarbanandsonwal @himantabiswa @rammadhavbjp https://t.co/NWgMtVKy4m|
155659213|858377408|1114811591503908869|MAI BHI CHOWKIDAR. #AbkiBaarPhirModiSarkar #VoteKar ⁦@narendramodi⁩ ⁦@AmitShah⁩ ⁦@sarbanandsonwal⁩ ⁦@himantabiswa⁩ ⁦@rammadhavbjp⁩  https://t.co/5qS95ug3yC|
155659213|858377408|1114806486465568769|Narendra Modi set to return as Prime Minister in 2019: Jan Ki Baat's latest opinion poll – Opindia News. ⁦@narendramodi⁩ ⁦@AmitShah⁩ ⁦@sarbanandsonwal⁩ ⁦@himantabiswa⁩ ⁦@rammadhavbjp⁩  https://t.co/pibyrNCC5Z|
155659213|858377408|1114452351572561920|Got my #NamoAgain T-Shirt. ⁦@narendramodi⁩ #AbkiBaarPhirModiSarkar #VoteKar . https://t.co/CrP15zODtM|
155659213|858377408|1114379384226336768|That’s our Courageous PM who can take on the Biased Media with Great Clarity. Proud Sir. 🙏🏻🙏🏻🙏🏻⁦@narendramodi⁩ 🙏🏻⁦@AmitShah⁩ ⁦@sarbanandsonwal⁩ ⁦@himantabiswa⁩ ⁦@rammadhavbjp⁩ #AbkiBaarPhirModiSarkar #VoteKar VOTE FOR BJP VOTE FOR DEVELOPMENT https://t.co/BUecCJSzoR|
155659213|858377408|1114376898358857729|This was deliberately Blacked out yesterday it seems . This is for all to watch. Don’t we need a Courageous PM like ⁦@narendramodi⁩ . So vote BJP. ⁦@sarbanandsonwal⁩ ⁦@himantabiswa⁩ ⁦⁩ ⁦@AmitShah⁩ ⁦@rammadhavbjp⁩ #AbkiBaarPhirModiSarkar https://t.co/YlZw7AyyGq|
155659213|858377408|1114343366034989056|What are your predictions for Assam. @jankibaat1 @pradip103|
155659213|858377408|1114236453595168768|NDA gets a full majority of 304 to 316 seats in ‘Jan ki Baat’ polls. ⁦@narendramodi⁩ All set to become our PM once again . #AbkiBaarPhirModiSarkar ⁦@AmitShah⁩ ⁦@sarbanandsonwal⁩ ⁦@himantabiswa⁩ ⁦@BJP4Assam⁩ . Jai Hind. 🇮🇳 https://t.co/EbKCVingLe|
155659213|858377408|1113740431064358912|Congratulations to our PM. @narendramodi https://t.co/B1tEyY4ZxH|
155659213|858377408|1113302961961152512|That’s our PM. #AbkiBaarFirModiSarkar #VoteKar 🇮🇳🙏🏻@PiyushGoyal @sarbanandsonwal @himantabiswa @AmitShah @BJP4Assam https://t.co/Nq1pCcyvb0|
155659213|858377408|1113301705188270081|@Tejasvi_Surya @AmitShah All the Very very Best dearest Bro. The electorate of South Bangalore and will bless u with a great Victory. U will be the voice of the Emerging youth. God bless u. 🙏🏻🇮🇳🇮🇳🙏🏻#VoteKar #abkibarphirmodisarkaar|
155659213|858377408|1113250056574865408|ABKI Bar Phir Modi Sarkar. 🇮🇳🇮🇳🇮🇳🇮🇳🇮🇳🙏🏻🙏🏻🙏🏻🙏🏻🙏🏻 https://t.co/GttLrezqMj|
155659213|858377408|1113249936160645120|ABKI Bar phir Modi Sarkar. 🇮🇳🇮🇳🇮🇳🇮🇳🙏🏻🙏🏻🙏🏻🙏🏻 https://t.co/BNbb1X9sqf|
155659213|858377408|1113249498262695937|ABKI Bar Phir Modi Sarkar. 🇮🇳🇮🇳🇮🇳🇮🇳🇮🇳. Mai Desh Nahi Jhukne Dunga. 🙏🏻🙏🏻🙏🏻🙏🏻 https://t.co/yYumtnkqXc|
155659213|858377408|1113247394932486144|The Best CHOWKIDAR India 🇮🇳has ever had. Jai Hind. MODI PM FOR 2019. #AbkiBaarPhirModiSarkar #votekar  https://t.co/eRWSkOu36J|
155659213|858377408|1112974173129793536|Women Empowerment at Sootea, Assam. Great Initiative taken by @padma_hazarika the Respected and Popular MLA. Worth a visit. The world famous Asomiya Gamocha being made . @narendramodi @AmitShah @sarbanandsonwal @himantabiswa @BJP4Assam @rammadhavbjp @RajatSethi86 https://t.co/dcwPykkWM8|
155659213|858377408|1112905287747289088|PM Modi rescues Hyderabad woman who was held captive by her in-laws in Somalia - India News. ⁦@narendramodi⁩ ⁦@sarbanandsonwal⁩ ⁦@himantabiswa⁩ ⁦@SushmaSwaraj⁩  https://t.co/KV8Jo4RR2u|
155659213|858377408|1112639295049756674|@TheVikasKhanna That’s the best. Women power . 🙏🏻🙏🏻🙏🏻🙏🏻🙏🏻🇮🇳🇮🇳🇮🇳🇮🇳|
155659213|858377408|1111926322316505089|Thanks @himantabiswa for mentioning Late Chabilal Upadhyaya’s Name for the Engineering College in Behali. Thank you. 🙏🏻🙏🏻🙏🏻🙏🏻🙏🏻🇮🇳🇮🇳|
155659213|858377408|1111896311270240256|Welcome to Assam @narendramodi Sir. Thank u for Blessing Assam with Development , Growth , Progress and Lots of Love. #AbkiBaarPhirModiSarkar #VoteKar @sarbanandsonwal @himantabiswa vote for Development , Vote for #bjp 🙏🏻🙏🏻🙏🏻🙏🏻🇮🇳🇮🇳🇮🇳🇮🇳🇮🇳🇮🇳🇮🇳|
155659213|858377408|1111137752957911041|Hey, New York Times, F**k you, again – Opindia News. Worth a read. ⁦@narendramodi⁩ ⁦@AmitShah⁩ ⁦@sarbanandsonwal⁩ ⁦@himantabiswa⁩ ⁦@BJP4Assam⁩ ⁦@rishibagree⁩  https://t.co/892YLpiMto|
155659213|858377408|1110801087039074304|Salute Salute to the True Son of our Country 🇮🇳. #spacesuperpower Jai Hind. 🇮🇳 @narendramodi @nitin_gadkari @AmitShah @sarbanandsonwal @himantabiswa WE ARE A SPACE SUPER POWER. USA,RUSSIA,CHINA AND NOW MY BHARAT. 🇮🇳 Well done DRDO. , Scientists and all who were involved salute.|
155659213|858377408|1110778846377213952|Nyuntam Aay Yojana: View: Congress' Nyuntam Aay Yojana simply doesn’t work | Congress. ⁦@sarbanandsonwal⁩ ⁦@himantabiswa⁩ ⁦@arunjaitley⁩ ⁦@jayantsinha⁩ ⁦⁦@AmitShah⁩  https://t.co/Wg0tzWOALM|
155659213|858377408|1110704524723798018|BJP walks the no-dynasty talk, denies tickets to retirees’ kin.  https://t.co/2P10hWjnml|
155659213|858377408|1110419715589963776|@rajeev_mp @Tej_AnanthKumar @Tejasvi_Surya @AmitShah @narendramodi @sarbanandsonwal @himantabiswa And Most Importantly TALENT. Any Karyakarta can Think , Dream and work hard for the Country and Aspire to Become the PM, National Party President. That’s BJP. By the way we know who are the Future Presidents of the Grand Old Party . @rishibagree @RajatSethi86 @nitin_gadkari|
155659213|858377408|1110418588106518529|@rajeev_mp @Tej_AnanthKumar @Tejasvi_Surya @AmitShah @narendramodi That’s BJP. Pehla Desh. Phir Sangathan, Aur Last main Byakti. Dynasty ka to koi baat hi nahi hai. 🙏🏻🇮🇳@narendramodi @AmitShah @sarbanandsonwal @himantabiswa VOTE FOR NEW INDIA. A progressive India. #VoteKar|
155659213|858377408|1110162454820999170|What a Trailer. 🙏🏻🙏🏻🙏🏻🙏🏻🙏🏻🇮🇳🇮🇳🇮🇳👍👍🇮🇳#TheTashkentFilesTrailer well done @vivekagnihotri|
155659213|858377408|1110079857801592833|Worth a read. @narendramodi @sarbanandsonwal @himantabiswa https://t.co/ByLdY21gE7|
155659213|858377408|1110028063973097473|Sir 🙏🏻 @narendramodi THANK YOU SIR FOR THE FOLLOW BACK. I will strive my best to be a Good and Loyal CHOWKIDAR for My Country 🇮🇳. And Pray that u are bestowed with Good Health to be our PM for the next decade. Jai Hind.🙏🏻. 🙏🏻🙏🏻🙏🏻@AmitShah @sarbanandsonwal @himantabiswa @BJP4Assam|
155659213|858377408|1110011812643168256|@narendramodi THANK YOU SIR FOR THE FOLLOW BACK. I will strive my best to be a Good and Loyal CHOWKIDAR for My Country 🇮🇳. And Pray that u are bestowed with Good Health  to be our PM for the next decade. Jai Hind.🙏🏻. 🙏🏻🙏🏻🙏🏻@AmitShah @sarbanandsonwal @himantabiswa @BJP4Assam|
155659213|858377408|1109863305399562240|@TajinderBagga @MajorPoonia #votekar|
155659213|858377408|1109861554869067776|@narendramodi @manoramaonline @AmarUjalaNews VOTE KAR. Electronic Media also should aggressively participate to encourage voters to #VoteKar 🙏🏻@himantabiswa @sarbanandsonwal|
155659213|858377408|1109371422621655040|My New India. @sarbanandsonwal @himantabiswa @RajatSethi86 @narendramodi @AmitShah @amitmalviya @smritiirani|
155659213|858377408|1109370150719905793|This is New India. @rishibagree @arunjaitley @smritiirani @rahulroushan @himantabiswa @sarbanandsonwal https://t.co/1zwn9SGDsf|
155659213|858377408|1109369611516960769|Difference Betweem New India and Congress India. https://t.co/V8SYauP4JS|
155659213|858377408|1109356876263653376|Warmest Happy Birthday wishes to the Strongest Women @smritiirani . Mam” May God bestow upon u good health always to serve our Great Country. 🇮🇳. And Mam” u are winning Amethi. Congratulations in Advance. Save tweet. 🙏🏻|
155659213|858377408|1109354283340689409|Any comments Sir. @VoiceOfAxom @rahulroushan @rishibagree @arunjaitley|
155659213|858377408|1109353407586820096|@mgvkbhanu Respected Sir Can have a look. @RahulGandhi 🙏🏻🙏🏻🙏🏻🙏🏻 https://t.co/tpRs6aSIDD|
155659213|858377408|1108752080066351104|@himantabiswa @AmitShah @narendramodi I hope the Tezpur LS seat is given to a very very deserving candidate.|
155659213|858377408|1106864575914229765|I am proud to join #MainBhiChowkidar movement. As a citizen who loves India, I shall do my best to defeat corruption, dirt, poverty &amp; terrorism and help create a New India which is strong, secure &amp; prosperous.|
155659213|858377408|1103859757616586752|. @SushmaSwaraj  if you could please intervene.|
155659213|858377408|1103853104401969152|@ScottMorrisonMP If you could help out. Thanks and Namaskar from India. 🙏🏻. The above tweets could be please reviewed and request considered. Namaskar Again. 🙏🏻.|
155659213|858377408|1103850814471319557|. @SushmaSwaraj @Gen_VKSingh @JuliaGillard @TwitterAU . No revert as of now . 🙏🏻|
155659213|858377408|1103708801641918465|. @TwitterAU Attaching a prayer if you could give a kind hearing. Three screenshots. Yours is a beautiful country and we Indians would love to visit. The application could be reconsidered. 🙏🏻@JuliaGillard @SushmaSwaraj @Gen_VKSingh . 🙏🏻🙏🏻🙏🏻🙏🏻🙏🏻🙏🏻🙏🏻🙏🏻🙏🏻🙏🏻🙏🏻@TwitterAU https://t.co/hXeh6UPc98|
155659213|858377408|1103574508936417280|. @TwitterAU Attaching a prayer if you could give a kind hearing. Three screenshots. Yours is a beautiful country and we Indians would love to visit. The application could be reconsidered. 🙏🏻@JuliaGillard @SushmaSwaraj @Gen_VKSingh . 🙏🏻🙏🏻🙏🏻🙏🏻🙏🏻🙏🏻🙏🏻🙏🏻🙏🏻🙏🏻🙏🏻@TwitterAU https://t.co/BSr5cTNTsP|
155659213|858377408|1103574026859905025|Pls revert @Gen_VKSingh @SushmaSwaraj @TwitterAU @JuliaGillard 🙏🏻🙏🏻🙏🏻🙏🏻🙏🏻🙏🏻🙏🏻|
155659213|858377408|1103532867517263872|@TwitterAU Attaching a prayer if you could give a kind hearing. Three screenshots. Yours is a beautiful country and we Indians would love to visit. The application could be reconsidered. 🙏🏻@JuliaGillard @SushmaSwaraj @Gen_VKSingh . 🙏🏻🙏🏻🙏🏻🙏🏻🙏🏻🙏🏻🙏🏻🙏🏻🙏🏻🙏🏻🙏🏻 https://t.co/91OUC3ScoM|
155659213|858377408|1103338442459475968|@mkoirala Graceful as always. 🙏🏻|
155659213|858377408|1102199560728788992|@sarbanandsonwal This is Great News. Well done Sir. 🙏🏻|
155659213|858377408|1102143593504858112|@BhaskarGogoi @ajaydevgn @akshaykumar . Will be my choice. But AD will also be fine. 👍|
155659213|858377408|1101819734813622273|@mrinalt1 Yes excellent organic vegetables. Requested for a Ghy outlet. https://t.co/BZtsX30Hi3|
155659213|858377408|1101744612710871040|@mkoirala Manisha Di, Bahut ramro and graceful as always. God bless and be in the best of health always. 🙏🏻.|
155659213|858377408|1101034071818362880|@rishibagree Is this respected lady carrying an Indian Passport. Just asking actually. 🙏🏻|
155659213|858377408|1100298030027202561|https://t.co/piM65aTIV2|
155659213|858377408|1099975901524066306|@Sandeepkhaitan @ANI @KirenRijiju @PemaKhanduBJP Yes , Assamese Actor Kapil Sarma had dropped by and he told me the horror. Only two Lathi wala police were to be seen.|
155659213|858377408|1099974884677939201|@Sandeepkhaitan @ANI @KirenRijiju What was the local police doing . @PemaKhanduBJP u are an efficient, affable and Good CM. That’s our perception. Pls ensure strictest of punishment to the vandalisers. I met an actor on his way back and what I could learn puts your beautiful state in poor light. Pls correct. 🙏🏻🙏🏻|
155659213|858377408|1099908890173497344|We Pray that u be the Prime Minister till 2029. India is Blessed. Let the divine bestow u with good health always. @narendramodi @AmitShah @himantabiswa @sarbanandsonwal @rishibagree @RajatSethi86 🙏🏻🙏🏻🇮🇳🇮🇳🇮🇳🇮🇳🇮🇳🇮🇳 https://t.co/XNpV4VNjRj|
155659213|858377408|1098104841639841792|@seemasingh1971 @ShefVaidya @TajinderBagga @rahulroushan @UnSubtleDesi @Being_Humor @AskAnshul @squintneon @ippatel @rishibagree @theskindoctor13 @Shehzad_Ind @KapilMishra_IND Seems they are very less paid. 😜.  Now seema ji this contract is for five years or renewable every year. But some should have been in the 15 CR bracket. But at least We are good pay masters unlike ur bosses. Business Class travel is also included . 🙏🏻😜. U sound to be jealous.|
155659213|858377408|1097386628085993472|How’s the Josh. Very high sir. Jai Hind. 🇮🇳. @crpfindia @adgpi . Bharat Mata Ki Jai. 🇮🇳🇮🇳🇮🇳🇮🇳🇮🇳🇮🇳🇮🇳🇮🇳🇮🇳🇮🇳🇮🇳🇮🇳🇮🇳🇮🇳🇮🇳🇮🇳🇮🇳🇮🇳. Got this forward in Facebook. Excellent idea. @narendramodi @nsitharaman @PMOIndia https://t.co/l7R7QuzaS6|
155659213|858377408|1097134204012224513|@Sanju_Verma_ Good one. Crisp and clear. 🙏🏻|
155659213|858377408|1096610536807030784|@ndtv Shameless guys in ndtv. She should be sacked.|
155659213|858377408|1094503824427966464|@PemaKhanduBJP @one_by_two  For your information. Now say sorry and apologise. Atul Khatri u were critical of this Headgear na.  That’s the pride of Arunachal and North East. Next time do some research before commenting on such issues. #proudnortheastheadgears @KirenRijiju|
155659213|858377408|1094258628800860160|@TDasKumar @Claritymay16 @narendramodi @himantabiswa @one_by_two Asking the Prime Minister who is this reflects your cheap mental state .Wah bhai Atul . Ur jokes have become terribly stale. ( phika). This is a proud traditional attire of our freinds from Arunachal. Say sorry now. 🙏🏻. And we in the north east are proud of that.|
155659213|858377408|1094156850629468160|@shawansen @BhatSakal @sneheshphilip Cropping season going on na. 😜. 👍|
155659213|858377408|1093469780869181441|@passportsevamea Ok. Thanks. Will follow up.|
155659213|858377408|1093403025266229249|@vivekagnihotri @_pallavighosh @_pallavighosh Should change your bio as Not senior editor, politics. My suggestion is. SENIOR CONSULTANT, Priyanka”s politics. 🙏🏻|
155659213|858377408|1093402222996516864|@Ish_Bhandari Even I was thinking of it yesterday. Narendra Modi ji should contest from West Bengal. And I tell u Mamata di Di will be rattled as she is of now and WB May end up giving BJP 20 seats . Save tweet.|
155659213|858377408|1093336308120936450|@ETNOWlive @TiEMumbai @BJP4India @narendramodi @AmitShah 🙏🏻🙏🏻🙏🏻🙏🏻🙏🏻🙏🏻🙏🏻🙏🏻|
155659213|858377408|1092421861667827713|@shenoy70 @Nidhi Who watches that channel. Ha ha . They will watch themselves and the so called Lutyens. 🙏🏻|
155659213|858377408|1092268666496835584|@one_by_two U stand up comedians try to make fool of everyone. Stick to comedy only. Serious discussions do after some home work.  @ShefVaidya|
155659213|858377408|1091914395951624192|@Republic_Bharat What’s the channel number in Tata Sky.|
155659213|858377408|1091912154352037888|Madame @SushmaSwaraj . Earlier it used to be prompt action regarding passport. complaints. Pls can u take it up. Please 🙏🏻🙏🏻🙏🏻🙏🏻🙏🏻🙏🏻🙏🏻🙏🏻|
155659213|858377408|1091706681296183296|@TataSky why can’t I connect to Tata sky thru telephone . This no. 1800 208 6633. Waiting for quite some time. Pls help|
155659213|858377408|1091539641621045248|@rishibagree Jury kaun he bhai. 🤔|
155659213|858377408|1090510016447012865|@pradip103 Come to guwhati . Assam.|
155659213|858377408|1090505312153423872|@VoiceOfAxom @sarbanandsonwal The governments all good and developmental works will be shadowed by this pathetic action on the child. Sir pls tweet an apology . 🙏🏻🙏🏻🙏🏻🙏🏻🙏🏻.|
155659213|858377408|1090220221271465985|@BhaskarGogoi @sarbanandsonwal @himantabiswa pls intervene. 😔|
155659213|858377408|1090072510937231361|@97Harshadpatel @Lisaraniray Mr. Patel u r not fit to be in Twitter. Pls tweet an unconditional apology to Lisa Ray. @Lisaraniray is a fighter , an inspiration, a role model to many. Now pls say sorry to her.|
155659213|858377408|1089387186456150018|@pradip103 @Ram_Guha @narendramodi Guha has lost his credibility. No one takes him seriously Baring the ones he praises and what’s the term. Oh yes “ Darbari”. 🙏🏻|
155659213|858377408|1088400397092286464|@squintneon @ShefVaidya That’s the training they are given. Pathetic. Once upon a time used to admire these news agencies. @anjanaomkashyap Mam’ 🙏🏻🙏🏻. @RajatSethi86|
155659213|858377408|1088390124587499520|@ShefVaidya @ndtv doing its job. In today’s digital world all the so-called journalists are exposed. There was a time when we used to be great fans of NDTV &amp; Co. now we know what they are up to. A narrative they want . That’s the Eco system we talk about and it needs many many years to build|
155659213|858377408|1088361269499838464|@PankajPachauri First Change ur BIO as Congress Spokesperson. Or write Congress leaning So-called Journalist. How did India Lose 5 years. 🤔 .  Samjha nahi boss. 🙏🏻🤔🤔🤔|
155659213|858377408|1088317064954077185|@vivekagnihotri This newspaper hardly sells. Stopped reading this since last four years. Shameless Guys. They should rename the paper as “THE CONGRESS TELEGRAPH. “|
155659213|858377408|1088286087988924418|@himantabiswa @thedoonschool Our blessing always. 🙏🏻|
155659213|858377408|1087537868518506497|@one_by_two In fact your Comedy is very boring . Same types repetition. Take some time out and study how India has moved forward. It’s surpassing China. And u guys will want India to be behind only so that u can make jokes out of it and earn your living. Watch URI. Jai Hind. 🇮🇳🇮🇳🇮🇳🇮🇳|
155659213|858377408|1087534196459884544|@SushmaSwaraj|
155659213|858377408|1087212365332934656|@SushmaSwaraj . Applied for Passport in the 17th. September 2018. Police verification also done. It’s been four months passport hasn’t been received. Could u pls look into. 🙏🏻. @passportsevamea https://t.co/XanswCKr00|
155659213|858377408|1086260228427894785|@DRM_RNY @PiyushGoyalOffc @PiyushGoyal . Excellent Food at the Satabdi. 12088. Ghy to VNE. PNR no. 6624517836 . Food and the staff behaviour was par excellent. 👍👍👍👍|
155659213|858377408|1085950974261248000|@ARanganathan72 @Nitin_Rivaldo @RahulGandhi @Iyervval This video should be full time viral . @amitmalviya|
155659213|858377408|1085487676763959296|@anandmahindra Name it BLACK PANTHER.|
155659213|858377408|1084284560181870592|@vickykaushal09 Very High Sir. Watched ur movie. URI. All Indians must watch. Five stars ✨.|
155659213|858377408|1083752124561813505|. @AnupamPKher @vivekagnihotri @ashokepandit . Watched movie The Accidental PM. Superb Movie. Everyone must watch.  Hall was semi-Full. Young crowd. All clapped when @narendramodi was seen in the last scene and All Laughed and Giggled as Rahul G. appeared on scene. MOOD OF NEW 🇮🇳|
155659213|858377408|1083614759298027520|@AnupamPKher @vivekagnihotri @ashokepandit . Watched movie The Accidental PM. Superb Movie. Everyone must watch.  Hall was semi-Full. Young crowd. All clapped when @narendramodi was seen in the last scene and All Laughed and Giggled as Rahul G. appeared on scene. MOOD OF NEW 🇮🇳|
155659213|858377408|1083434929612980224|@ashokepandit . First Day First Show. Tickets done. All the best. It will a HIT. 🙏🏻@AnupamPKher https://t.co/8LWf3vqgz3|
155659213|858377408|1083348962784927744|@AnupamPKher . Advance booking done. Can’t wait to see. All the best Sir. 🙏🏻 https://t.co/kZyBwV7sni|
155659213|858377408|1082211815667380224|@Claritymay16 @narendramodi 🙏🏻🙏🏻🙏🏻🙏🏻🙏🏻🙏🏻|
155659213|858377408|1082181815513669632|@himantabiswa Can’t we have a Medical College at Biswanth Chariali also Pls 🙏🏻🙏🏻.|
155659213|858377408|1081137991941115906|https://t.co/7JJFbVdW8q @AmitShah @narendramodi @sarbanandsonwal @himantabiswa @BhaskarGogoi @rammadhavbjp .kindly go thru the link. @padma_hazarika Sootea MLA has done tremendous work in the constituency. From Organic Farming to Fisheries/Milk/M.Oil/Toilets. It’s worth Visiting|
155659213|858377408|1080362263834284033|@mkoirala . Wanted to read this. Purchased at the Kolkata Airport. Great Fan of Manisha Koirala. Should be a great inspirational timeline . All the best to You and God Bless and be in Good Health always. 🙏🏻 @FcKoirala https://t.co/cWacsFQAPI|
155659213|858377408|1079574553389555712|@BhaskarGogoi @sarbanandsonwal @narendramodi Yes No stopping of vehicles please. After the Child’s Accident NO STOPPING PLS. District Admins pls ensure Heavy Penalties on Stopping vehicles. 🙏🏻@assampolice @BJP4Assam @himantabiswa|
155659213|858377408|1078664581344505856|@atanubhuyan @sarbanandsonwal @himantabiswa @BhaskarGogoi @assampolice @assampolice PLS PLS ENSURE THAT PARKING AND TAKING PICTURES IN THE MIDDLE OF THE BRIDGE IS A PUNISHABLE OFFENCE WITH HEAVY PENALTY/FINE. Pls 🙏🏻🙏🏻🙏🏻🙏🏻🙏🏻🙏🏻🙏🏻.|
155659213|858377408|1078664029718011910|@atanubhuyan @sarbanandsonwal @himantabiswa @BhaskarGogoi . This is most tragic. Request Not to upload such videos. Rather make it Blur so that we don’t see such a horrific Video. Also request @assampolice to ensure that parking in the middle of the bridge not allowed VERY VERY STRICTLY.|
155659213|858377408|1076902833188786176|@RailNf @RailMinIndia Oh wow. Thanks. Can we have a train connecting Tezpur and DIBRUGARH VIA Viswanath Chariali. (VNE) . A Rajdhani from Dibrugarh to Delhi via boghibheel bridge to Rangia not touching GHY.  But stoppage at VNE. @PiyushGoyal @PiyushGoyalOffc|
155659213|858377408|1071997665049636864|@himantabiswa . 🙏🏻🙏🏻. https://t.co/3k3alPSAz7|
155659213|858377408|1071985652210720768|@premasridevi @shawansen @zayyd I am attending the Shillong Reception on 12th.  Blessings to both.|
155659213|858377408|1069248178493353985|What a fall from Grace @sherryontopp . I used to repeatedly watch ur interview in Aap Ki Adalat Wherein u speak and give very good insight to life’s experiences. I still watch and get lots of motivation. U have demeaned both the PM’s. MMS &amp; NAMO. @rishibagree @ARanganathan72|
155659213|858377408|1069245806559916032|@_anujsinghal Rikyinjai resort it seems.|
155659213|858377408|1069144463925108737|@priyankachopra @ARanganathan72 @rishibagree @republic @TimesNow @IndiaToday . The versatile Actress who pulled out great Performances in BARFI and As Kasi Bai in Bajirao makes her credibility questioned. Could have avoided . Should have stuck to Laddos and sweets &amp; NO fireworks|
155659213|858377408|1069142516266483713|@PiyushGoyal Pls give us Satabdi from Tezpur to Dibrugarh via Boghibheel. 2 mins stoppage at VNE. @PiyushGoyalOffc|
155659213|858377408|1067081507867480066|@capt_amarinder @capt_amarinder AN OFFICER, A GENTLEMAN AND A GREAT/TALL POLITICIAN. Rare. VERY RARE. Sir u impress and inspire always. Once a solider always a soldier. 🙏🏻🙏🏻🙏🏻🙏🏻🙏🏻.|
155659213|858377408|1066529389788053504|@arvinddamani @himantabiswa @benjaminyeptho2 @himantabiswa IS THE MOST POPULAR LEADER IN THE WHOLE OF NORTH EAST. May God Bless him with Energy, Vigour, Good Health &amp; Great Vision to serve the State and Nation. 🇮🇳🙏🏻.|
155659213|858377408|1065450186606960640|@rishibagree This Man is the next Deputy P.M. very very clear in his vision. 🙏🏻|
155659213|858377408|1064771956489080832|@Claritymay16 @jack @TwitterIndia INTOLERANCE.|
155659213|858377408|1063083819262083072|@republic Hey guys . When did Mr. H. Patel become the Karnataka CM.|
155659213|858377408|1062359482699673600|@mkoirala All the best for your New Book. I am sure this book will give courage and inspiration to millions .|
