155659213|2293315159|1177686715076677638|A sweet take on workforce development, this Chicago business is helping returning citizens learn new skills and build the confidence they need to re-enter the workforce.  See how Sweet Beginnings's honey-infused @beelovebuzz products are putting people back on their feet: https://t.co/HVyJtYUI2W|
155659213|2293315159|1177311441969471488|When @BarackObama was elected, Wylene Patterson went out and bought five copies of the newspaper for her kids. She held on to this special edition of @Essence, her #ObamaKeepsake, for the same reason. “I didn’t want a computer copy. I wanted the originals to give to them.” https://t.co/hdwOdGf1Zm|
155659213|2293315159|1177245472827858944|The date is set! @BarackObama and @MichelleObama will join us this October in Chicago for an #ObamaSummit focused on the power of place. Join us as we prepare for the event—show us the place that shaped who you are and share how it gives you purpose here: https://t.co/7VdNzQqky8 https://t.co/n1VbCidm0Z|
155659213|2293315159|1176879412052135937|Yesterday in Cape Town, several of our #ObamaLeaders met with The Duke and Duchess of Sussex at a reception celebrating young people who are building a brighter future for the continent. https://t.co/LMxxq2p2vq|
155659213|2293315159|1176578672595275777|“You can opt out of the act of voting, but you can’t opt out of the outcome.” On #NationalVoterRegistrationDay, meet Tiana Epps-Johnson and her team at @HelloCTCL. By making voting more accessible, they’re boosting voter turnout in the U.S. https://t.co/btXdJ9H04I|
155659213|2293315159|1175064479228485632|From the @BudParade to Chicago Pride and numerous festivals in between, we spent our summer celebrating the diversity and spirit of our hometown. Take a look at the highlights from a Chicago summer spent alongside our neighbors: https://t.co/QjDggB9Nr9|
155659213|2293315159|1174710145894551552|We’re on the lookout for unique items for potential acquisition and possible display in the Obama Presidential Center Museum. Have an #ObamaKeepsake for us to consider? Share your information here: https://t.co/5AHpo319ej|
155659213|2293315159|1174710140475518976|“It’s the history of how we got here.” Mike added buttons, signs, and stickers to his jacket over the course of @BarackObama’s career. https://t.co/P89M1eAHmq|
155659213|2293315159|1174710132866985985|At our community collections event in Chicago this summer, we asked Chicagoans to share an #ObamaKeepsake with us. And Mike Smith of Woodlawn walked in wearing his. https://t.co/WqAtdfmgrT|
155659213|2293315159|1174434354346561537|“We are doctors for the healthcare system.” As one of our 2019 #ObamaFellows and CEO of Shamseya, @sabaeayman is increasing access to healthcare across Egypt, and putting people at the center of solutions. https://t.co/Gz5ozSURwD|
155659213|2293315159|1174054301372731392|Our future will be shaped by the next generation—and @GretaThunberg isn't waiting to get started. At 16, Greta is a leading voice in the fight to save our planet. Yesterday, she sat down with @BarackObama for a conversation about how no one is too young to change the world. https://t.co/7qnIXyUY8P|
155659213|2293315159|1173675874085982215|209 years ago, Father Miguel Hidalgo y Costilla called on his community to join together and rise up against inequality. Today, we celebrate that relentless pursuit of independence. To all of the communities celebrating across the world, Happy #MexicanIndependenceDay! https://t.co/N7RK71deIs|
155659213|2293315159|1172234257852485632|We’re on the lookout for unique items for potential acquisition and possible display in the Obama Presidential Center Museum. Have an #ObamaKeepsake for us to consider? Share your information here: https://t.co/5AHpo319ej|
155659213|2293315159|1172234254304055297|“Everything they did and worked on was so important to our country and to the world...is an important part of our history.” When Diane Nelson teaches her students about the former first family, she shares this #ObamaKeepsake: White House Easter Eggs. https://t.co/HreiSZPbHA|
155659213|2293315159|1171904233567936512|9/11 changed the trajectory of Sasha Fisher’s life, as it did for so many others. Her response to tragedy was to do whatever she could to create a better world. Today as we remember those we lost, we honor their lives through service. https://t.co/UBKrgxVHM3|
155659213|2293315159|1171504807988715520|“The mind is so powerful that it can be going through its own challenges, but still tell you nothing is wrong.” On #WorldSuicidePreventionDay, meet Hauwa Ojeifo of @SheWritesWoman, which helps Nigerian women struggling with mental health challenges feel less alone. #ObamaLeaders https://t.co/AvJgdmuGcn|
155659213|2293315159|1169738573626712065|We’re looking for artifacts that relate to @BarackObama’s career for potential acquisition and possible display at the Obama Presidential Center Museum. Do you have an item you’d like to share for consideration? Tell us about your #ObamaKeepsake: https://t.co/5AHpo319ej|
155659213|2293315159|1169738571164651521|“It shows the evolution of @BarackObama from a community organizer to a Senator to President.” Lazerick Vaughen hung onto four of these yard signs for years, keeping them in his home attic in the Chatham neighborhood on Chicago’s South Side. https://t.co/5296HEcyvI|
155659213|2293315159|1167465543995154432|Chicago is a city of broad shoulders and grassroots change—the one where @BarackObama got his start. Before they immerse themselves in an academic program that will help them expand their global impact, we brought the new #ObamaScholars to our hometown to share its story. https://t.co/chUnvZ7PPw|
155659213|2293315159|1167192299425718272|Have an #ObamaKeepsake that might help us preserve the Obamas' legacy for generations to come? Submit your artifact here: https://t.co/5AHpo319ej|
155659213|2293315159|1167192296426803210|These Obama nesting dolls are a small part of Kathryn Annerino’s #ObamaKeepsake collection. Sent to her as gifts, Kathryn finds hope in these items. “It made me extremely proud that my country elected somebody with such character...it still just really, really stays with me.” https://t.co/RdivYbZbuX|
155659213|2293315159|1166043174722310145|Leaders require mentorship. As a success coach to our #CommunityLeadership Corps, Rupa Ramadurai is providing feedback and support to young leaders throughout their six-month journey to create change in Chicago. Read more about her experience: https://t.co/Vk2c0RGQOL https://t.co/ZwxhhKL8Fp|
155659213|2293315159|1164988319840788486|Representation matters—every child should see themselves in the careers they want to pursue.  Through mentoring and clinical experiences, @IAMABEL_FND is showing minority students in Chicago the careers in medicine that are possible. https://t.co/BtTEvuoeHD|
155659213|2293315159|1164609058487377920|Over the next few months, we’ll be featuring an #ObamaKeepsake every Thursday—memorabilia that connect us to special moments in @BarackObama and @MichelleObama’s story and that will help us preserve their legacy for generations to come. Submit yours here: https://t.co/5AHpo2JxPJ|
155659213|2293315159|1164609055614210048|What’s your #ObamaKeepsake? For Marieth Mitchell of Chicago, it’s this t-shirt from a street vendor in Grant Park the night @BarackObama was elected. It connects her to the spirit of that historical night. “I just want to have that memory, that history.” https://t.co/KHrlvnwyAn|
155659213|2293315159|1164249809055866880|When we bridge the gap between generations, we learn life’s most important lessons. On #SeniorCitizensDay, meet Alex Smith and his team @TheCaresFamily, who are connecting young professionals and their older neighbors to reduce loneliness in cities across the U.K. https://t.co/JLaH4nNfyS|
155659213|2293315159|1163933718727331840|Where you are born shouldn’t hold you back from getting a quality education. That’s the belief at the core of @IndusAction, an organization developed by one of our 2019 #ObamaFellows that has helped thousands of families understand and leverage their right to education in India. https://t.co/xkdr1idvyY|
155659213|2293315159|1161739791844696065|Some of America’s most inspiring stories are nestled in the communities of rural towns. One of our #ObamaFellows is using community theatre to bring these stories to life—and shift the narrative about what it means to live and work outside of big cities. https://t.co/ttLEVfn8Zj|
155659213|2293315159|1161391627350339584|South Side southpaw. Happy #LeftHandersDay! https://t.co/kp0RGvI5wY|
155659213|2293315159|1158858761248878592|“What can I do where I am?”  As we remember Toni Morrison, we think of how her words changed lives. See how Morrison inspired our neighbor, Candice Washington, to create an initiative that educates children on black culture through art, literature, and cultural programming. https://t.co/bHGfv1pA9C|
155659213|2293315159|1158761819063955456|#ObamaLeaders: Asia-Pacific is a year-long leadership development and civic engagement program that will inspire, empower, and connect emerging leaders from across the region.  Apply now at https://t.co/cg38Am7Jqn https://t.co/pjSZGT2MI3|
155659213|2293315159|1157383391223980035|In honor of President @BarackObama’s birthday, we’re hosting a 44-Hour fundraiser!  Make his birthday the most special one yet by helping us preserve his legacy for years to come: https://t.co/bdzmlgpMPV https://t.co/2Dl5gBcM5w|
155659213|2293315159|1156659448783548417|“It’s always my hope to show the beauty and richness of Africa, one design at a time.”  Meet @tshumaosmond, the Zimbabwean artist behind the logo and spatial designs for #ObamaLeaders: Africa: https://t.co/lmKyG20S4A https://t.co/UFVLhCqtA8|
155659213|2293315159|1156280659348008961|Could a school garden help grow the next generation of conservationists?  One of our 2019 #ObamaFellows started @greenourplanet2 to find out. See how Ciara Byrne’s organization is teaching ecology, math, and business in an unexpected way: gardening. https://t.co/v7YSjzkeI0|
155659213|2293315159|1155964789157351431|Inauguration tickets. Old newspapers. Obama family nesting dolls. What’s your #ObamaKeepsake?This weekend, Chicagoans shared items that will help us tell the story of @BarackObama’s legacy for generations to come. Tell us about your Obama memorabilia: https://t.co/5AHpo2JxPJ https://t.co/dj2DXxLEux|
155659213|2293315159|1155137272326631424|2,922 paintings. That’s how many portraits Rob Pruitt created of President @BarackObama—one for every day of his two terms.  Read how Pruitt’s project immortalized this historic presidency—and will continue to tell the story for generations to come: https://t.co/Op6cW3bGvj https://t.co/wsFPvL4FEp|
155659213|2293315159|1154489694341804032|Leaders: Africa may have ended, but 200 inspiring #ObamaLeaders returned to their homes with the new connections and fresh perspectives that will help them change the future. https://t.co/7CTavugKd7 https://t.co/Bm7VgpjTRO|
155659213|2293315159|1154105451434389504|Imagination. Passion. Values. Courage. Resilience.According to @FredSwaniker, these are five traits every leader should have—and what we saw in the 200 #ObamaLeaders from across Africa. See more from their week-long event: https://t.co/7CTavugKd7 https://t.co/Xc6VUBav6s|
155659213|2293315159|1151890840660402179|Leading through service is what #MandelaDay is all about. Last week in Johannesburg, #ObamaLeaders helped touch up a local school and shared why stepping up in their community is such a vital part of leadership: https://t.co/QMZZe18q7D|
155659213|2293315159|1151622008104529920|You saw yesterday’s @BarackObama surprise, but what did our interns think? Hear the Obama Youth Job Corps interns reflect on a Tuesday they’ll never forget. https://t.co/aXguqB8rfN|
155659213|2293315159|1151277902186582017|They may have just graduated high school, but these @UrbanAlliance interns have dedicated their summers to working hard—and @BarackObama dropped by to share some encouragement. https://t.co/1PwcnTrSOT|
155659213|2293315159|1150879352848097281|They’re ready to take their civic leadership to the next level. They’re ready to change the world.  Congratulations to the 200 #ObamaLeaders returning to their homes across Africa after a week of leadership development, connection, and empowerment. https://t.co/7CTavugKd7 https://t.co/dWluenR5b7|
155659213|2293315159|1149718785290637314|.@MichelleObama’s inspiring message to #ObamaLeaders: Africa—a convening of leaders from across the continent who are building Africa’s future today: https://t.co/7CTavugKd7 https://t.co/m8DnLAbDWE|
155659213|2293315159|1149219473792077824|Today at 1:30pm SAST, we’re going live from #ObamaLeaders: Africa as Trevor Manuel and @TheRealNozi take the mainstage to talk about what it takes to lead effectively. Don’t miss it. Tune in at https://t.co/7CTavugKd7.|
155659213|2293315159|1148970058951090177|For these #ObamaLeaders, it’s just beginning. Today kicks off Obama Leaders: Africa in Johannesburg. Learn more about the leaders, and tune into our live streams at https://t.co/7CTavugKd7. https://t.co/ZtJaeUalTK|
155659213|2293315159|1146794826819604481|An Independence Day favorite from our archives. Happy Fourth of July! https://t.co/OVotIqA2CA|
155659213|2293315159|1146455123759194113|Together, we can create the world we want to see. Read more from our CEO, @d_simas, in our 2018 Annual Report: https://t.co/sLY4LG3qNx https://t.co/RxaoE23nZ8|
155659213|2293315159|1145743177590157312|Proud to call Chicago our home. https://t.co/K4G6zwmZ8m|
155659213|2293315159|1144720604949598208|Fifty years ago, an uprising sparked the modern LGBTQ+ rights movement in the United States. Today, we’re proud to share the thoughts, struggles and inspirations of the leaders from our programs who carry on the fight for equality. https://t.co/PSWIsXnIVM|
155659213|2293315159|1144688596852596739|Together, we can change the world. From the South Side of Chicago to South Africa, our second year introduced us to hundreds of inspiring leaders all over the globe. Read some of their stories—and learn more about ours—in our 2018 Annual Report. https://t.co/sLY4LG3qNx https://t.co/9oeyal1jqM|
155659213|2293315159|1143268045105897476|A Center for the community—designed with the community. https://t.co/3M9Zuqj2JC|
155659213|2293315159|1142176940494925827|Every girl should be able to leave her mark on the world. The women at @CompileHer want to make sure of that—with the help of computer science: https://t.co/xP5B1vkZJn|
155659213|2293315159|1141811202328281094|After a scholarship changed his life, he went on to form @tiHopeMalawi, a non-profit that provides opportunities for refugees to escape poverty and become self-reliant through leadership development, vocational training, and advocacy.|
155659213|2293315159|1141811199740452866|On #WorldRefugeeDay, meet Innocent Magambi, a member of the 2018 #ObamaLeaders: Africa program. When Innocent was just a teenager, war broke out in Congo. As a result, he spent much of his adolescence in refugee camps across Eastern and Southern Africa. https://t.co/p3wCxZnYSc|
155659213|2293315159|1141452162326835203|#Juneteenth marks the day when the effects of the Emancipation Proclamation were finally felt by slaves in Texas. In a video from our archives, learn about the painting @BarackObama kept outside the Oval Office—a reminder that even in the darkest hours, there is cause to hope. https://t.co/4tblXx3qQd|
155659213|2293315159|1141073310823997440|Not all museums are about the past.The Obama Presidential Center: Coming to historic Jackson Park on Chicago's South Side https://t.co/aFVJX52k4S|
155659213|2293315159|1140718780563230721|A huge congrats to all the @Columbia and @UChicago graduates of the inaugural #ObamaScholars program. We’re so excited to see how you take your experiences back home and shape your world for the better! https://t.co/5tvfadku2f|
155659213|2293315159|1140284964635910144|On Father's Day, see how one of our #ObamaFellows, Charles Daniels, and his team at @FathersUplift is helping dads in the Boston area overcome systemic challenges to engage in their children’s lives and be the best parents they can be. https://t.co/MeLbpctqsf|
155659213|2293315159|1139956723249221634|This place will be more than a look into a president's past. It will be a glimpse into a community's future. https://t.co/dRL9XC5clM|
155659213|2293315159|1139636426730029057|These young people want to take action and make a change. Through the #CommunityLeadership Corps in Chicago and Hartford, we’re going to help them see it through: https://t.co/CWda5O8X4O|
155659213|2293315159|1139219115959365632|“You learn life skills, you learn business skills, and the biggest thing I’ve learned is to always wear a helmet. Always.” @blackstonebikes is more than a bike shop—it’s a project giving back to the South Side Community. https://t.co/WzOIpzTODs|
155659213|2293315159|1138935671803043840|Hope has a new home base. https://t.co/t7EbXh7G9x https://t.co/dFNkmwxzbx|
155659213|2293315159|1138853277796319232|We’re headed back to Johannesburg this July for #ObamaLeaders: Africa—a gathering of 200 emerging leaders from 45 countries across the continent to explore new ways to take on the biggest challenges in their communities. https://t.co/7CTavugKd7 https://t.co/2T180J0W1u|
155659213|2293315159|1137087800564731905|Last week, @BarackObama sat down with young leaders from around the world who were in Ottawa for the @OpenGovPart Summit. From Kyrgyzstan to Argentina, these leaders are committed to creating a better world. Get to know them and the work they're doing: https://t.co/OFnkAz4116 https://t.co/vjX8ddl9h8|
155659213|2293315159|1136742708456886272|Courage is contagious. Watch some of the courageous students who won our first-ever Civic Action Recognition Awards, hosted with @ChiPubSchools. They’re showing us that you’re never too young to lead: https://t.co/zTnG8dlOtl https://t.co/yrAuqac4qx|
155659213|2293315159|1136663542277521408|“Whenever the world makes you cynical, stop and think of these men. Whenever you lose hope, stop and think of these men.” #DDay https://t.co/vqUAlEIWqH|
155659213|2293315159|1136387208854855680|Don’t give up. Have hope. These were some of President @BarackObama’s words to eleven of Colombiaʻs most inspiring emerging leaders at our roundtable in Bogotá last week. See highlights from their conversation: https://t.co/AxZTmBDo9v|
155659213|2293315159|1136003110831296515|Eid marks a time where friends and family gather to reflect on the bonds of community. To all those celebrating, Eid Mubarak! https://t.co/jj3borVBWM|
155659213|2293315159|1135930024140447744|With a special grant from the @macfound, the future Obama Presidential Center will house the 82nd branch of the @chipublib—including a @YOUmediaChicago Lab that will give teens on the South Side an opportunity to reach their full potential through music, art, and science. https://t.co/lR5aRAzEc2|
155659213|2293315159|1135660919361560578|For these leaders in Chicago, this weekend was just the beginning. Over 100 young people from around the city began their six-month journey in the Community Leadership Corps—where they’ll learn how to tackle the challenges they care about most. https://t.co/tMEl5Vqh8D https://t.co/tCW2TYYJ4v|
155659213|2293315159|1134126381506469889|Brian and Sandra met and fell in love on @BarackObama’s 2008 campaign trail. Now, after Brian was given a life-threatening diagnosis, they’re starting a movement to stop a disease with no known cure.This ALS Awareness Month, meet the courageous founders of @iamalsorg. https://t.co/ezuIvFrugZ|
155659213|2293315159|1133852881315160066|Inside and outside of the classroom, these Chicagoans are making a positive impact on our hometown. Congratulations to all the winners of the first-ever civic action awards! https://t.co/uUIpyy94pS|
155659213|2293315159|1133482467606913024|It takes courage to make an impact. Tomorrow, with the help of @ChiPubSchools, we’re recognizing the courageous students, schools, teachers, and organizations making their voices heard to improve the city of Chicago. Stay tuned. https://t.co/E0XNzgGtnW|
155659213|2293315159|1133043477015597056|Humbled. Proud. Grateful. #MemorialDay https://t.co/ds5iRQCRhI|
155659213|2293315159|1131670409764581382|Low-income and first-generation college students deserve to land their dream job after graduation. One of our #ObamaFellows found a way to help them stand out through @coop_cx. Meet Kalani Leifer: https://t.co/zocgDWpRsh https://t.co/C0uU8nRv9k|
155659213|2293315159|1130602351943913479|Congratulations on the inauguration of @ChicagosMayor Lori Lightfoot, Treasurer Melissa Conyears-Ervin, @ChiCityClerk Anna Valencia, and the new City Council.Watch President @BarackObama's message to Chicagoans on this historic day. https://t.co/NF9vXP3HSi|
155659213|2293315159|1130522868566167553|"Chicago's best days are still ahead." A message of congratulations from President @BarackObama to @LightfootForChi and the new @ChiCouncil members on their inauguration today: https://t.co/x4bzde3rBt|
155659213|2293315159|1128749171354238977|Big change starts with one small step. That’s why Erin Barnes started @ioby—a digital platform for passionate people looking for new ways to organize and create change in their neighborhoods. Learn more about one of our #ObamaFellows: https://t.co/PldHDxWVpN https://t.co/J2SfxhHaS8|
155659213|2293315159|1127610823046770688|Moms make the world a better place. Happy Mother’s Day! https://t.co/f60Yml8dk4|
155659213|2293315159|1127340608690040832|Preethi Herman is one of the #ObamaFellows. This year, she’s celebrating her first Mother’s Day as a mom. “My daughter’s been the biggest blessing. She pushes me to dip into all of my reserves of love, happiness, and patience, while making me realize how much I have to give.” https://t.co/fqXxEznAHt|
155659213|2293315159|1126930295297646592|“You can’t be perfect, the most important thing is to make progress.”  Working in child advocacy. Caring for her 4-year-old daughter. Studying as one of the @HarrisPolicy #ObamaScholars. Edem Dorothy Ossai does it all. This Mother’s Day, we’re celebrating moms like her. https://t.co/qSSlRLLBAk|
155659213|2293315159|1126915853444886535|.@MBK_Alliance is helping improve the lives of boys and young men of color.With our support, @ThriveChi has developed an action plan to help these youth in @BarackObama's hometown. https://t.co/9BCP8Z6pOt|
155659213|2293315159|1126512538089283584|Moms change the world. Dr. Mwansa K. Lubeya is one of them.  In Zambia, Dr. Lubeya is working to improve the health of other mothers, while caring for her own five children. This week, we're celebrating moms like her around the world:  https://t.co/volTuHDU8O https://t.co/7H8hJPipiT|
155659213|2293315159|1125870403765919745|A true education includes identity, history, and healing. As the CEO of @AnseyePouAyiti and one of our #ObamaFellows, Nedgine Paul Deroly is blending cultural tradition with new classroom techniques to close the education gap in her home country of Haiti. https://t.co/loE8vC0Jg4 https://t.co/QgqN1yja20|
155659213|2293315159|1124056548408549377|Here are 20 reasons to be hopeful this week: we just announced our new class of #ObamaFellows—civic leaders embarking on transformational change. From championing restorative justice to growing gardens in deserts, meet our inspiring new class: https://t.co/qMfnPqTw9f|
155659213|2293315159|1123253482230878210|Get inspired. Meet the rest of the class at https://t.co/qMfnPqTw9f|
155659213|2293315159|1123253479613583361|I bridge the gap between education and meaningful careers for the next generation of African leaders. - Esther Mwaniki, #ObamaFellows https://t.co/9LkbQNz59U https://t.co/8EgZRuVfYY|
155659213|2293315159|1123253472537796610|I lead the nation's first rural, social settlement school in Kentucky, focusing on education, foodways, and cultural heritage. - Brent Hutchinson, #ObamaFellows https://t.co/KyRFlqfkfP https://t.co/UwKnvohoQq|
155659213|2293315159|1123253465197752322|I support disadvantaged communities in India by raising awareness about their rights and enabling female community leaders to drive local campaigns. - Tarun Cherukuri, #ObamaFellows https://t.co/kaCbMl25ZY https://t.co/QdGKlEh2Uo|
155659213|2293315159|1123253455873822721|We just announced the newest #ObamaFellows—civic leaders from every region of the globe working to make the world a better place through social justice, sustainability, economic development, and more. See what they’re doing to change the world: https://t.co/qMfnPqTw9f https://t.co/YKyNhfESyW|
155659213|2293315159|1123225606676676608|They’re here: Meet the inspiring educators, organizers, problem-solvers, and entrepreneurs from around the world who are the 2019 #ObamaFellows. https://t.co/qMfnPqTw9f https://t.co/KdiVfSZDKo|
155659213|2293315159|1121896313409495040|The celebration of the 100th year since Nelson Mandela’s birth continues! We’re welcoming a new class to our Leaders: Africa program this July, and we’re highlighting a few of our #ObamaLeaders who are making his life’s work of change their own: https://t.co/25KMie7cYI https://t.co/sVwh2u0DgC|
155659213|2293315159|1121156027758665729|People celebrated Earth Day around the world by improving their communities. We spent the day in Chicago with our friends at @ChicagoParks and @HoneycombCHI, picking up litter, planting native species, and beautifying Jackson Park. https://t.co/ESm9z3Ik8Q|
155659213|2293315159|1120784551192727552|As the head of @ChicagoScholars and one of our #ObamaFellows, @djtspeaks is helping students across Chicago get to and through college and reach their dreams: https://t.co/XprRMy05gK https://t.co/Mhj83eEttU|
155659213|2293315159|1120008371460034561|On Bo-half of all of us at the Obama Foundation, Happy Easter! https://t.co/pn4Avb3rGZ|
155659213|2293315159|1119351758113968130|To all those celebrating Passover tonight, Chag Sameach! https://t.co/2T55GWii2q|
155659213|2293315159|1118629218357739520|.@mezmalz is bridging tech and American Sign Language to create a reading experience for deaf children that’s fun and accessible. See how one of our #ObamaFellows and her team at @MotionLightLab are committed to expanding literacy for deaf children: https://t.co/JvTP0IKnfI|
155659213|2293315159|1117886982749925378|.@NavdeepKangPsyD is changing the way we treat—and talk about—addiction. Through his work at @mercy_health, he’s changing the narrative around substance use disorders and saving lives. Meet one of the inaugural #ObamaFellows: https://t.co/TefIyM6zbq https://t.co/vlKtSUMT1Y|
155659213|2293315159|1116460272594694144|When Maria, Julia, and Yomi met at the #ObamaTownHall Europe, they discovered they were all working towards equality for women in different sectors and connected over what guides them: a vision and a mission to see women fully standing in their power. https://t.co/yCFmfX9QpJ|
155659213|2293315159|1116079300074266625|The #ObamaTownHall Europe connected hundreds of leaders from 37 countries for a conversation about the opportunities and challenges they face carrying out good work across the continent. See highlights from the conversation with @BarackObama: https://t.co/ZZCyWAMByA|
155659213|2293315159|1114622524539564033|"We are collectively, all of us, going to have to find ways in which we improve the conversation on the internet and in social media. It is going to be difficult to do." —@BarackObama answers a question about the consequences of the internet and social media on people’s lives. https://t.co/tAeaXGGnBV|
155659213|2293315159|1114577563513319425|How do we navigate between the world as it is and the world as it ought to be? @BarackObama answers @Kuebra’s question during the #ObamaTownHall with young civic leaders in Berlin. https://t.co/NiZd18baxQ|
155659213|2293315159|1114542047971631104|“You can’t organize a community if you don’t have a community.”  President @BarackObama on the important role family dinners played during his time in the White House: https://t.co/I6eugqkmVX|
155659213|2293315159|1114537602219008000|At the #ObamaTownHall Europe, President @BarackObama shares the advice he would give his younger self as a community organizer, and the importance of taking care of yourself while carrying out meaningful work: https://t.co/2LC0R2Ke4O|
155659213|2293315159|1114526973966016514|“If we teach our children to love and listen instead of hate, then our societies can work better. “ At #ObamaTownHall Europe, @BarackObama talks with young leaders from across the continent about creating a better future. https://t.co/YGoezeRdW7|
155659213|2293315159|1114522696937889793|“The biggest impact I could have would be to support and convene and engage and partner with the next generation of leaders.” @BarackObama opens the #ObamaTownHall Europe in Berlin. Tune in now at https://t.co/mA9MSHmi7o.|
155659213|2293315159|1114516881870872577|WATCH LIVE: The #ObamaTownHall Europe is now streaming at https://t.co/mA9MSHmi7o. Tune in now to see President @BarackObama answer questions from young leaders and share advice on ways to expand good work across Europe. https://t.co/RTjLGEi2Qi|
155659213|2293315159|1114448424194203648|Nima Tisdall is making it easier and more affordable to buy fresh, locally sourced fish in Denmark—making the industry more sustainable and accessible to non-industrial fishermen. https://t.co/iuUnscdyoC https://t.co/BVqy4F5ete|
155659213|2293315159|1114448420121600001|Philipp von der Wippel founded ProjectTogether—a nonprofit that motivates young people to put their civic engagement ideas into action through free online coaching and pairs them with philanthropies to support them. https://t.co/k3XMVe6FR6 https://t.co/SaEqzkzKzv|
155659213|2293315159|1114448416514478085|Aminata Touré was a young refugee in Germany who wanted to make sure the voices of people who looked like her had a seat at the table—so she decided to run for office and became the youngest and first black member of Parliament in Schleswig-Holstein, Germany. https://t.co/cZDiqtWT7s|
155659213|2293315159|1114448415461658624|Today, we’re hosting the #ObamaTownHall Europe with hundreds of young leaders from across the region with @BarackObama. Tune in at 3:15pm local, 8:15am CT to watch live at https://t.co/mA9MSHmi7o and meet some of the leaders here ⬇️:|
155659213|2293315159|1114216750206345216|As a native of a small fishing town in Denmark, Nima Tisdall got hooked on making fish farming fresh and sustainable. She co-founded Blue Lobster to make it easier and more affordable to buy fresh, locally sourced fish. See her work in pictures at https://t.co/l5fYVMdZCb https://t.co/JXjiatkZE4|
155659213|2293315159|1113845778009735168|Today marks 51 years since Dr. Martin Luther King, Jr. was killed. Last year, @BarackObama and @repjohnlewis sat down with a few young men from @MBK_Alliance to honor Dr. King’s legacy and talk about the courage it takes to stand up for what you believe in. https://t.co/04GghwCZI9|
155659213|2293315159|1113464321957400576|As the youngest member of Parliament in Schleswig-Holstein, @aminajxx makes sure the voices of young people are heard. This Saturday, she'll join us at the #ObamaTownHall Europe with hundreds of civic leaders working towards a better future across Europe: https://t.co/MCmSdcMebi https://t.co/IC2YBy0zIX|
155659213|2293315159|1111743427815854084|Nedgine Paul Deroly and Celina de Sola started @AnseyePouAyiti and @GlasswingInt to empower people in Haiti and El Salvador. See how these #ObamaFellows are helping their communities break free of systemic poverty and inequality: https://t.co/46JgOTWfsb https://t.co/HYQVsFHtJ7|
155659213|2293315159|1111030606408884229|She started by taking mobile libraries to underserved communities in Nigeria. Now, Edem Dorothy Ossai is working to bridge opportunity gaps for women and girls throughout Africa. See how Edem, one of our #ObamaScholars, is expanding economic inclusion: https://t.co/LjtDzkZKO9 https://t.co/sr5PS3cGYT|
155659213|2293315159|1110587628489977857|Rain or shine. Sleet or snow. Michael Airhart is making sure Chicagoans in need can enjoy a hot meal every day of the year through Taste for the Homeless, his initiative to serve the city of Chicago. https://t.co/LKWDDTZODQ|
155659213|2293315159|1110292265547845632|“Love is vital because it’s the one force that can heal all pain and save lives.” At #MBKRising, Emanuel Milton and a few others shared the ways they’re building a brighter future for the next generation. Meet them at https://t.co/U51Wps2hDo. https://t.co/3tRxXFuvzD|
155659213|2293315159|1109191537169186816|One year ago today, we teamed up with @UrbanAlliance to bring the Obama Youth Jobs Corps to life—a program that provides talented high school students like then-seniors Jada, Makiah, and Andre with the skills, experiences, and opportunities they need to succeed. https://t.co/CgFdwr6MNW|
155659213|2293315159|1108758002864140290|.@BarackObama’s 2019 NCAA picks are live at https://t.co/aGSLPSV4Fe. How do your brackets match up? https://t.co/tNnZHKbbIe|
155659213|2293315159|1108388008963829761|When she was just a child, @ZarlashtH and her family were forcibly displaced from Kabul. Now, as an adult, she’s dedicated her life to helping other refugees get the psychosocial support they need: https://t.co/aQXVJCxQOw https://t.co/sJfvwOtlDz|
155659213|2293315159|1108078929007595521|.@BarackObama is heading to Berlin for a town hall with hundreds of emerging European leaders for a conversation about how we can best support their good work. Don’t forget to tune in on April 6—sign up for a livestream reminder here: https://t.co/451dgBh2YA https://t.co/LwpURFzyWc|
155659213|2293315159|1107739692622143490|Koketso Moeti founded @AmandlaMobi—a mobile platform that empowers marginalized communities to take collective action on issues ranging from public safety to women’s rights. Get to know one of the inaugural #ObamaFellows and her inspiring work: https://t.co/TPANQWk7Vn https://t.co/ILs9fiwF8U|
155659213|2293315159|1107298402868625408|Happy St. Patrick’s Day ☘️ https://t.co/KZnuWL9pRG|
155659213|2293315159|1105945948725919751|“If you don’t have a seat at the table...create a table and look for people to join it.” Quamiir Trice reflects on @rasjbaraka’s words at #MBKRising as an educator and a young man of color: https://t.co/unDQWgLEmO https://t.co/BYetTNUgn0|
155659213|2293315159|1104120019523457026|The @GirlsAlliance is lifting up the inspiring stories of adolescent girls around the world who have overcome insurmountable obstacles to access education.  On #InternationalWomensDay, watch Diana’s story. https://t.co/xebjmiP455|
155659213|2293315159|1103787611078967297|.@PreethiHerman leads @changeorgfound to empower women to jumpstart change in India and beyond. Ahead of #internationalwomensday, read how one of our #ObamaFellows is helping women changemakers unleash their potential: https://t.co/xcKaFxz9yD https://t.co/Lc4NQzzie2|
155659213|2293315159|1103733219265036289|When it came to #MBKRising, we wanted to create art that showed the joy in the world of boys and young men of color—and the people who advocate on their behalf. Read more about the artist and how he brought that vision to life: https://t.co/pH5ggEQ8C4 https://t.co/I66j1CSg1c|
155659213|2293315159|1101243560727330817|We’re hosting the Community Leadership Corps in Chicago, IL and Hartford, CT—a six-month program that includes in-person trainings, online coaching, and project funding to help empower young people to make a difference in their community. Apply here: https://t.co/cdHFHs3Fe3 https://t.co/4SrkdFxN4J|
155659213|2293315159|1100907891026989058|Five years ago today, @BarackObama announced the My Brother’s Keeper initiative to expand opportunities for boys and young men of color. Read his reflections on the work of @MBK_Alliance and the young leaders he met at #MBKRising last week: https://t.co/uPujyVHetX https://t.co/YQ0tRKMQYa|
155659213|2293315159|1100887765116469248|Do you know an emerging leader in Africa? February 28th is the last day to apply for the next class of Obama Foundation Leaders: Africa—a year-long program for young leaders to create the change they want to see in their community and their continent. https://t.co/cDcjsOX02C https://t.co/3dFmFcnlRS|
155659213|2293315159|1099106169212289024|#MBKRising brought together leaders and young people from around the country all working to hard to help boys and young men of color achieve their dreams. Watch some of our favorite moments with @BarackObama, @StephenCurry30, @JohnLegend, and more: https://t.co/CrC08SlnXt https://t.co/StvUwZEp5H|
155659213|2293315159|1098726969699680256|"You are the ones who are going to make a difference and make an impact." In their town hall at #MBKRising, @BarackObama and @StephenCurry30 shared their advice with young men of color from @MBK_Alliance communities across the country. Take a look: https://t.co/xWt5vsxQOH|
155659213|2293315159|1098407500364181510|"Strive to be 1% better than you were yesterday." —@KaramoTo close out #MBKRising, Karamo Brown shared life advice with the young men in the room and around the world https://t.co/4FgQgVJNK1|
155659213|2293315159|1098387590372151296|"Build with your peers. Build with your friends." @MichaelBJordan talks collaboration at #MBKRising https://t.co/6ZRGMJg8Rh|
155659213|2293315159|1098380271177461765|"It's about relationships and strengthening communities." At #MBKRising, we're lifting up the work happening in communities like this one. https://t.co/NlI9OyMehm|
155659213|2293315159|1098375699805556741|"It takes courage to be who you really are."—@AjaLBrown discusses overcoming toxic masculinity at #MBKRising. https://t.co/mT9ISe1n5G|
155659213|2293315159|1098318778650120192|Our own @StrautMike shared his story of mentorship today at #MBKRising. Check it out—and sign up to become a mentor at https://t.co/VXcPe5OIDA. https://t.co/hwNamL1BKk|
155659213|2293315159|1098299710819844096|"I want to be present. It wasn't just about lending my name and walking away."At #MBKRising, @TeamVic talks about how being a mentor has changed his life. Sign up to become a mentor at https://t.co/VXcPe5OIDA  #iammbk https://t.co/Uwj34RWM9o|
155659213|2293315159|1098293815041912833|“It is a privilege to get to know my own people.”Zinnia Alejandro is the Executive Director of San Juan’s @tsalud—a program working to send trained peacemakers into communities to prevent shootings. At #MBKRising, she shares why this work means so much: https://t.co/QcRuU8vxgW|
155659213|2293315159|1098283299074523136|"Don't accept somebody else's narrative." New York Times best-selling author and advocate, @ShakaSenghor shares his powerful story at #MBKRising. https://t.co/blijhoWiCh|
155659213|2293315159|1098281851787997184|We're just getting today started at #MBKRising. Tune in now at https://t.co/aGSLPSDtgE. https://t.co/s7Qvzwpgcf|
155659213|2293315159|1098239971184410624|#MBKRising today: Ryan Coogler, @michaelb4jordan, @TeamVic, @aliciagarza, and more. Don’t miss it: Join us at 9:30am PST at https://t.co/mA9MSHDSYW https://t.co/DaLezXPpqv|
155659213|2293315159|1098052477805506560|Don't miss out on a chance to win a commemorative #MBKRising notebook signed by @JohnLegend by making a one-time or monthly donation. Donate here: https://t.co/fNYindaiiNAnd find contest rules here: https://t.co/9MdKLmnF6E https://t.co/o8ZaseV0AO|
155659213|2293315159|1098027537861464064|"Most great music is not done in isolation. Most great music is done in collaboration."  —@BarackObama answers a question from a young musician about the role of music in his own life and what we can learn from great music at #MBKRising. https://t.co/dqowsjTP3O|
155659213|2293315159|1098014168198701056|"For those of you who don't know me, I'm Michelle's husband." Guess who just took the stage at #MBKrising? Tune in now at https://t.co/aGSLPSDtgE.|
155659213|2293315159|1098013913239572480|Watch @JohnLegend perform "What's Going On" at #MBKRising: https://t.co/3GL1rUl9bY|
155659213|2293315159|1098011527678808065|"You are good enough. You are smart enough. You are wise enough." —@RepLucyMcBath's message for young people at #MBKRising https://t.co/Gr3dfZUvQU|
155659213|2293315159|1098009502320754688|Watch @SybrinaFulton, mother of Trayvon Martin, deliver powerful opening remarks at #MBKRising: https://t.co/ViqWW2uxqw|
155659213|2293315159|1098005719733792768|Watch Now: @JohnLegend joins a conversation with mothers whose young sons were tragically killed and who are honoring their lives through advocacy and social action, including Sybrina Fulton, Rep. Lucy McBath, and Rev. Wanda Johnson: https://t.co/aGSLPSDtgE|
155659213|2293315159|1097997090221969413|We’re live from #MBKRising. Tune in now to see the opening session with @BarackObama and @StephenCurry30: https://t.co/mA9MSHmi7o. https://t.co/MCKFImDxo7|
155659213|2293315159|1097973854016684032|Be part of #MBKRising wherever you are. Make a one-time or monthly donation and you could win a commemorative notebook signed by @johnlegend.Donate here: https://t.co/fNYindaiiNAnd find contest rules here: https://t.co/9MdKLmnF6E https://t.co/azf9xdWV6i|
155659213|2293315159|1097962621339238401|Harry Grammer of @NewEarthLife is one of our #ObamaFellows joining us at #MBKRising. His work helps people get a second chance. See how: https://t.co/D5sZIaybVF https://t.co/m7DU65Alni|
155659213|2293315159|1097954791240609792|It's here. Don't miss your chance to tune in live.Join us at 3:10pm PST for the #MBKRising Opening Session with @BarackObama, @StephenCurry30, @JohnLegend, and more at https://t.co/aGSLPSDtgE. https://t.co/H4gbodciEe|
155659213|2293315159|1097940403377004544|Are you following along with #MBKRising? Don't miss out on what's happening at @MBK_Alliance's national convening that's bringing together hundreds of leaders working to break down barriers that leave boys and young men of color at a disadvantage. https://t.co/VwrgdzqXUl|
155659213|2293315159|1097658113778343936|#MBKRising is all about communities advocating for boys and young men of color. Today, we kicked off the convening with a day of service across the Bay Area—cleaning up schools, painting murals, and sprucing up gardens. Follow @MBK_Alliance for more. https://t.co/kIr7RWt8FY|
155659213|2293315159|1097585568953688064|Ahead of #MBKRising and in honor of Black History Month, @BarackObama shared a nonfiction reading list that can help to provide some essential context about the challenges that many people of color face every day. Take a look, then tune in tomorrow: https://t.co/kHMnQPh1NC|
155659213|2293315159|1097257912353738752|This week at #MBKRising we’re celebrating communities making a measurable impact in the lives of boys and young men of color. See how the Nepperhan Community Center in Yonkers, NY, helps young people identify and reach their goals. https://t.co/4onADuBTfK|
155659213|2293315159|1096499834964623360|Next week, @MBK_Alliance is celebrating the movement working to ensure our boys and young men of color succeed. Don’t miss appearances by @StephenCurry30, @JohnLegend, @michaelb4jordan, and @BarackObama at #MBKRising. Sign up to watch the livestream: https://t.co/miw8cTTNDd https://t.co/yvGnQK8S9Z|
155659213|2293315159|1096188009089826816|A lovely little spot on the South Side—the site of @BarackObama and @MichelleObama’s first date. Happy Valentine’s Day from the Obama Foundation! https://t.co/Eq3XLhARtR|
155659213|2293315159|1095805516767477760|Harry of @NewEarthLife and Keith of @UnCommLaw will join us at #MBKRising, a national convening celebrating the progress that’s been made for boys and young men of color. Here’s how these two #ObamaFellows are helping people get a second chance: https://t.co/gMDeNpVMjG https://t.co/TMW8qjVtO1|
155659213|2293315159|1093943697627058176|Step onto the campus of the future Obama Presidential Center—a world-class museum and gathering space on the South Side of Chicago, honoring the legacy of the first African American President and First Lady: https://t.co/t7EbXh7G9x https://t.co/CV0Y7BCgQa|
155659213|2293315159|1093181480774393859|.@BarackObama, @JohnLegend, and @StephenCurry30 are joining @MBK_Alliance at #MBKRising, a national convening in Oakland to celebrate the progress that’s been made in improving the lives of boys and young men of color. Sign up to watch the livestream: https://t.co/miw8cTTNDd https://t.co/g6a8wR34S4|
155659213|2293315159|1092565660734050305|We asked people what they were doing to support boys and young men of color for a chance to join us at MBKRising! Their stories inspired us. Check them out—and stay tuned for a special announcement about the event tomorrow: https://t.co/sSHjXqKxDG https://t.co/EBwxh896bf|
155659213|2293315159|1091458562566565894|“What’s so inspiring about these young people and their generation is that they don’t see black history as a relic; it's not something to study in a book. They don’t see themselves as distant from that history—they are participants.” —@BarackObama on Black History Month in 2016 https://t.co/HEnuY8fbUY|
155659213|2293315159|1091078673074192385|Ten years ago, @BarackObama became the 44th President of the United States. We’re reliving that cold January day through the memories you share. Add your stories to our collection before we close our call for submissions tomorrow: https://t.co/xQQZYWKJib https://t.co/LU4hJxnQ2v|
155659213|2293315159|1090683939587608576|Want to help a young person reach their full potential? Become a mentor.  @MBK_Alliance is partnering with @MENTORnational to expand mentoring opportunities across the country. Sign up before National Mentoring Month comes to an end: https://t.co/YfrfTjqd5Z https://t.co/pHqUFcFtAi|
155659213|2293315159|1090007315124768770|Decades ago, two women from different continents had to overcome all odds to pursue an education. Today, their granddaughters are ensuring every child in their communities won’t face the same obstacles. Meet the #ObamaFellows, Clarissa and Veronica: https://t.co/7qeytR6Ykj https://t.co/DRwAK3fyt7|
155659213|2293315159|1088839648665833472|When Robert and Vanessa met at the #ObamaSummit in Chicago, they decided to collaborate. By bringing her Singapore-based initiative, Freedom Cups, to his SOM Chess Academy in Uganda, they're helping ensure women don’t have to miss school when they get their period: https://t.co/hBk2FIQnrh|
155659213|2293315159|1088135683569528835|At the end of 2018, President Obama asked us to commit to making a difference in our communities in the new year. See what people around the world are doing to help their neighbors, support each other, and build a better world: https://t.co/H5N8J56THU https://t.co/UPDiHNGVQ2|
155659213|2293315159|1087450866938986496|Today we’re honoring the legacy of Martin Luther King, Jr. by lending a hand to Teen Living Programs on the South Side of Chicago—an organization that assists youth experiencing homelessness by providing them a safe, welcoming space.What are you doing for others today? https://t.co/HZZ9EgtVvU|
155659213|2293315159|1087043430209998848|10 years ago today, President @BarackObama was sworn in as the 44th President of the United States. Add your memories from Inauguration Day 2009 to our archive before February 1st: https://t.co/xQQZYWKJib https://t.co/W7oclK3CQS|
155659213|2293315159|1086016362525413377|Looking for a way to make a difference? Mentoring relationships can reduce barriers, tackle inequality, and expand opportunity for young people. On #InternationalMentoringDay, sign up to become a mentor: https://t.co/YfrfTjqd5Z https://t.co/9y4p6LpWUn|
155659213|2293315159|1085964097420701696|Big hugs to our favorite girl from the South Side on her birthday. Happy Birthday, @MichelleObama! https://t.co/vNgQW04wD1|
155659213|2293315159|1085615825527148544|As one of our inaugural #ObamaFellows and founder of @HelloCTCL, Tiana Epps-Johnson is making voting more accessible—and boosting voter turnout in the U.S.: https://t.co/dbipCtLywd https://t.co/oYaKQ37TGU|
155659213|2293315159|1085223126802284546|“Life's most persistent and urgent question is, 'What are you doing for others?’"Today would have been Dr. Martin Luther King, Jr.’s 90th birthday. To honor one of history’s greatest changemakers, commit to serve your community on MLK Day: https://t.co/sRK8nbxjc5 https://t.co/WG4noYsuR2|
155659213|2293315159|1083502089337298944|“We do not have a crime problem in Detroit. We have a relationship problem.” See how Black Family Development, one of our @MBK_Alliance National Impact Communities, uses restorative practices to reduce violence in the Motor City. https://t.co/XkVrN4yaqD|
155659213|2293315159|1082766836431835136|This weekend, President @BarackObama collaborated with young leaders from countries across the Asia Pacific to shape our next #ObamaLeaders program. Learn more about the convening: https://t.co/ejs3OZhwSh https://t.co/ClbkWehcsU|
155659213|2293315159|1082408795844820992|We hit the ground running in 2019, gathering leaders from across the Asia-Pacific region to help us co-design our new #ObamaLeaders program. Take a closer look at how we’re bringing this program to life. https://t.co/ejs3OZhwSh https://t.co/X2mVwQbmhx|
155659213|2293315159|1080164734274555910|Here’s to another year of building a better world together, Happy New Year! What will you commit to improving in your community in 2019? https://t.co/tMPSgUBlFB https://t.co/akaslL4Cup|
155659213|2293315159|1078751231928135681|November 2018 marked our second #ObamaSummit—a gathering of hundreds of community leaders from #ObamaScholars to #ObamaFellows. Our favorite moments included inspiring conversations with @Karamo, @JanelleMonae, and President @BarackObama: https://t.co/t1BAFkXQp8|
155659213|2293315159|1078399684111151105|Though we faced challenges, your support helped make 2018 a year full of hope and possibility. Take a look: https://t.co/cOerty8eZg|
155659213|2293315159|1077979006891372544|For the Global @GirlsAlliance, 2018 was just the beginning. This October, @MichelleObama announced the launch of our program aimed at giving adolescent girls around the world the access to education they deserve. https://t.co/BPh6zInDaT|
155659213|2293315159|1077597328637394946|The holiday season is a time to celebrate and give back to the communities we call home. On behalf of the Obama Foundation, Merry Christmas! https://t.co/dmHt5MomFa|
155659213|2293315159|1076983549893505024|This year, we brought together young people in Chicago, Phoenix, and Columbia to learn how to create the world they want to live in by taking on an issue in their own community. See how our six-month program helped our Community Leadership Corps members spark change: https://t.co/Ffn0lN8zgY|
155659213|2293315159|1076921700137271297|200 #ObamaLeaders. 44 countries. 5 days. Earlier this year, we launched the Leaders: Africa program to help emerging leaders across the African continent explore new ways to take on the biggest challenges in their region. https://t.co/cIAdYuELtg|
155659213|2293315159|1076611633160638464|When we announced our class of #ObamaFellows in the spring of 2018, we introduced the world to 20 civic leaders who are working towards a better world in communities from Budapest to Bamako to Brooklyn. See more of their inaugural year: https://t.co/YOeYdKJnVh|
155659213|2293315159|1076565286449569792|April 2018 marked 50 years since Dr. Martin Luther King, Jr. was killed. To honor his legacy, @BarackObama and @RepJohnLewis sat down with a group of young men for an @MBK_Alliance roundtable to talk about the courage it takes to stand up for what you believe in: https://t.co/SDkNtN0GsA|
155659213|2293315159|1076263387556970497|In our 2018 holiday card, we celebrated the common hopes that bind us together. From our community to yours, happy holidays! https://t.co/zTs8g6n3Do https://t.co/RbhfUASVTI|
155659213|2293315159|1076220348620779522|Relive one of our favorite moments of 2018: @BarackObama surprised thousands of Chicagoans at our community meeting to share his vision for the Obama Presidential Center in Jackson Park. https://t.co/AA7vbufFnr|
155659213|2293315159|1075892416937426945|In February of 2018, @BarackObama and @MichelleObama became the first presidential couple to be painted by African American artists. Take a look back at the day the portraits were unveiled and hear directly from the artists about their process: https://t.co/lTnI9YzidT|
155659213|2293315159|1075852828118269952|Yesterday, Santa Obama stopped by @ChildrensHealth to spread a little Christmas cheer and remind us what the holiday season is all about—giving back to the communities that we call home: https://t.co/ATC2ksdNOO|
155659213|2293315159|1075500358556897281|From announcing our inaugural class of #ObamaFellows to hosting our second #ObamaSummit, 2018 was a year filled with meaningful connections between inspiring young leaders from around the globe. Check out our best moments of the past year. https://t.co/gB6P74rtY6 https://t.co/tW6SrhuuoR|
155659213|2293315159|1075428966926872576|Do you remember where you were the night of @BarackObama’s historic election? To mark the 10 year anniversary of election night, we asked people around the world to share their photos, videos, and memories of that night with us. Add your own: https://t.co/YImvVJJYKR. https://t.co/mRwPoJbGJ1|
155659213|2293315159|1075139632533291008|As part of our #ObamaScholars program, @OmezzineKel is studying vulnerabilities of young people to better understand root causes of violence, radicalization, and marginalization in Tunisia. Meet the other Scholars, and apply for the 2019 cohort here: https://t.co/EqgfsPbNw4 https://t.co/tPslAM4Ucl|
155659213|2293315159|1074779951176527873|Sudden disappearances of education records and historic buildings caused these two #ObamaFellows to jumpstart anti-corruption efforts in their communities. See how Moussa and Sandor are fighting for a more transparent future for their countries: https://t.co/qJn9YFBwUl https://t.co/qYYvlUuc5i|
155659213|2293315159|1072923682283102209|Are you interested in learning more about our work to support boys and young men of color? Tune into the @MBK_Alliance Town Hall at 2pm ET today: https://t.co/irSmHV98sK|
155659213|2293315159|1072923523591626753|This year, @MBK_Alliance launched a national competition to invest in communities like @NISNetwork, an education initiative that celebrates cultural identity to make sure boys and young men of color get the opportunities they deserve. https://t.co/reVzMu0fiX|
155659213|2293315159|1072589595211120640|The Cares Family reaches across generational divides to reduce loneliness in the U.K. Hear more from Alex Smith, founder and one of our #ObamaFellows: https://t.co/mC2aQN3gW9 https://t.co/x3h9FTiJy8|
155659213|2293315159|1071125002152484869|On his 100th birthday, get to know Timuel Black, a lifelong friend and mentor of @BarackObama and a legendary organizer and historian who embodies the spirit of the South Side: https://t.co/G4r5QjIyRc|
